الشركة,الصنف,الوصف,رمز المستودع,اسم المستودع,الرصيد,قيمة المخزون,كلفة الوحدة,سعر البيع,الربح,هامش الربح,Column1
SHK,1151111,شيخ الكار بيض طازج 1920 غم فأكثر 1*1,FGWH,مستودع البضاعة الجاهزة,1312,2848.623,2.057643646,0,-2.057643646,#DIV/0!,#N/A
SHK,1151111,شيخ الكار بيض طازج 1920 غم فأكثر 1*1,112,مستودع الموقر تجاري,3032,6089.781,2.057643646,0,-2.057643646,#DIV/0!,#N/A
SHK,1151100,قشطة قرشلة وكعك بأنواعه محلى او سادة 1 كغم,FGWH,مستودع البضاعة الجاهزة,2402.5,3406.627,1.387766717,0,-1.387766717,#DIV/0!,#N/A
SHK,1151100,قشطة قرشلة وكعك بأنواعه محلى او سادة 1 كغم,112,مستودع الموقر تجاري,1254,1667.742,1.387766717,0,-1.387766717,#DIV/0!,#N/A
SHK,1151066,قشطة خبز شراك,FGWH,مستودع البضاعة الجاهزة,3632,471.9,0.129966718,0,-0.129966718,#DIV/0!,#N/A
SHK,1151066,قشطة خبز شراك,112,مستودع الموقر تجاري,4180,543.4,0.129966718,0,-0.129966718,#DIV/0!,#N/A
SHK,1151116,لويال سائل لغسيل الايدي 500 ملم *1,FGWH,مستودع البضاعة الجاهزة,3022,1972.907,0.674652769,0,-0.674652769,#DIV/0!,#N/A
SHK,1151116,لويال سائل لغسيل الايدي 500 ملم *1,112,مستودع الموقر تجاري,48,98.277,0.674652769,0,-0.674652769,#DIV/0!,#N/A
SHK,1031016,ميار شعيرية 300 غم 1*24,102,مستودع عمار عنبة,0.001,1.477,0.127940986,0.192,0.064059014,0.3336407,4
SHK,1031016,ميار شعيرية 300 غم 1*24,FGWH,مستودع البضاعة الجاهزة,93,-5.795,0.127940986,0.192,0.064059014,0.3336407,4
SHK,1031016,ميار شعيرية 300 غم 1*24,IRBID,مستودع أربد,486,59.022,0.127940986,0.192,0.064059014,0.3336407,4
SHK,1031016,ميار شعيرية 300 غم 1*24,106,مستودع يوسف أحمد,93,11.717,0.127940986,0.192,0.064059014,0.3336407,4
SHK,1031016,ميار شعيرية 300 غم 1*24,EXPWH,مستودع التوالف,197,25.551,0.127940986,0.192,0.064059014,0.3336407,4
SHK,1031016,ميار شعيرية 300 غم 1*24,108,مستودع يزن حمدان,246,32.62,0.127940986,0.192,0.064059014,0.3336407,4
SHK,1031016,ميار شعيرية 300 غم 1*24,112,مستودع الموقر تجاري,480,79.474,0.127940986,0.192,0.064059014,0.3336407,4
SHK,1091004,ميار محضر غذائي بالدسم النباتي 250 غم *24,102,مستودع عمار عنبة,0.001,3.425,0.370865807,0.55,0.179134193,0.325698533,16
SHK,1091004,ميار محضر غذائي بالدسم النباتي 250 غم *24,106,مستودع يوسف أحمد,33,12.66,0.370865807,0.55,0.179134193,0.325698533,16
SHK,1091004,ميار محضر غذائي بالدسم النباتي 250 غم *24,FGWH,مستودع البضاعة الجاهزة,22486,8310.229,0.370865807,0.55,0.179134193,0.325698533,16
SHK,1091004,ميار محضر غذائي بالدسم النباتي 250 غم *24,MOHWH,مستودع محمد البستنجي - الكرك,240,113.227,0.370865807,0.55,0.179134193,0.325698533,16
SHK,1091004,ميار محضر غذائي بالدسم النباتي 250 غم *24,IRBID,مستودع أربد,0.001,0.015,0.370865807,0.55,0.179134193,0.325698533,16
SHK,1091004,ميار محضر غذائي بالدسم النباتي 250 غم *24,EXPWH,مستودع التوالف,52,19.627,0.370865807,0.55,0.179134193,0.325698533,16
SHK,1091004,ميار محضر غذائي بالدسم النباتي 250 غم *24,108,مستودع يزن حمدان,72,27.34,0.370865807,0.55,0.179134193,0.325698533,16
SHK,1071001,شيخ الكار سردين بالفلفل الحار 125 غم 1*50,FGWH,مستودع البضاعة الجاهزة,101360,28515.438,0.2811368,0.46,0.1788632,0.388833043,0
SHK,1071001,شيخ الكار سردين بالفلفل الحار 125 غم 1*50,102,مستودع عمار عنبة,0.001,-0.94,0.2811368,0.46,0.1788632,0.388833043,0
SHK,1071001,شيخ الكار سردين بالفلفل الحار 125 غم 1*50,IRBID,مستودع أربد,223.001,62.748,0.2811368,0.46,0.1788632,0.388833043,0
SHK,1071001,شيخ الكار سردين بالفلفل الحار 125 غم 1*50,MOHWH,مستودع محمد البستنجي - الكرك,1600,431.946,0.2811368,0.46,0.1788632,0.388833043,0
SHK,1071001,شيخ الكار سردين بالفلفل الحار 125 غم 1*50,106,مستودع يوسف أحمد,138,38.79,0.2811368,0.46,0.1788632,0.388833043,0
SHK,1071001,شيخ الكار سردين بالفلفل الحار 125 غم 1*50,108,مستودع يزن حمدان,228,64.092,0.2811368,0.46,0.1788632,0.388833043,0
SHK,1071001,شيخ الكار سردين بالفلفل الحار 125 غم 1*50,112,مستودع الموقر تجاري,8774,2466.398,0.2811368,0.46,0.1788632,0.388833043,0
SHK,1071001,شيخ الكار سردين بالفلفل الحار 125 غم 1*50,EXPWH,مستودع التوالف,158,44.077,0.2811368,0.46,0.1788632,0.388833043,0
SHK,1081001,سكر 50 كعم 20*50,FGWH,مستودع البضاعة الجاهزة,4.68,1868.718,399.2987179,0,-399.2987179,#DIV/0!,#N/A
SHK,1131003,شيخ الكار ذرة حلوة 340 غم 1*24,102,مستودع عمار عنبة,0.001,0,0.372999753,0.615,0.242000247,0.393496336,16
SHK,1131003,شيخ الكار ذرة حلوة 340 غم 1*24,FGWH,مستودع البضاعة الجاهزة,2123,791.879,0.372999753,0.615,0.242000247,0.393496336,16
SHK,1131003,شيخ الكار ذرة حلوة 340 غم 1*24,EXPWH,مستودع التوالف,17,6.341,0.372999753,0.615,0.242000247,0.393496336,16
SHK,1131003,شيخ الكار ذرة حلوة 340 غم 1*24,IRBID,مستودع أربد,288,107.424,0.372999753,0.615,0.242000247,0.393496336,16
SHK,1131003,شيخ الكار ذرة حلوة 340 غم 1*24,MOHWH,مستودع محمد البستنجي - الكرك,0.001,0,0.372999753,0.615,0.242000247,0.393496336,16
SHK,1131003,شيخ الكار ذرة حلوة 340 غم 1*24,108,مستودع يزن حمدان,48,17.904,0.372999753,0.615,0.242000247,0.393496336,16
SHK,1131003,شيخ الكار ذرة حلوة 340 غم 1*24,106,مستودع يوسف أحمد,42,15.666,0.372999753,0.615,0.242000247,0.393496336,16
SHK,1131003,شيخ الكار ذرة حلوة 340 غم 1*24,112,مستودع الموقر تجاري,503,187.619,0.372999753,0.615,0.242000247,0.393496336,16
SHK,1151115,لويال سائل للجلي 2 لتر *1,FGWH,مستودع البضاعة الجاهزة,1735,2482.224,1.430676657,0,-1.430676657,#DIV/0!,#N/A
SHK,1151015,"شيخ الكار برغل 1 كغم (ناعم,خشن)",FGWH,مستودع البضاعة الجاهزة,14,7.827,0.559459918,0,-0.559459918,#DIV/0!,#N/A
SHK,1151015,"شيخ الكار برغل 1 كغم (ناعم,خشن)",112,مستودع الموقر تجاري,2930,1639.223,0.559459918,0,-0.559459918,#DIV/0!,#N/A
SHK,1151021,شيخ الكار حمص حب (نمرة 11) 1 كغم,FGWH,مستودع البضاعة الجاهزة,30,37.69,1.262352066,0,-1.262352066,#DIV/0!,#N/A
SHK,1151021,شيخ الكار حمص حب (نمرة 11) 1 كغم,112,مستودع الموقر تجاري,1785,2253.479,1.262352066,0,-1.262352066,#DIV/0!,#N/A
SHK,1151031,شيخ الكار رب البندورة 1350 غم تركيز 26 %,FGWH,مستودع البضاعة الجاهزة,56,11.2,0.2,0,-0.2,#DIV/0!,#N/A
SHK,1151082,غدير لانشون 800 غم 1*1,FGWH,مستودع البضاعة الجاهزة,984,939.689,0.958578297,0,-0.958578297,#DIV/0!,#N/A
SHK,1151082,غدير لانشون 800 غم 1*1,112,مستودع الموقر تجاري,1200,1153.846,0.958578297,0,-0.958578297,#DIV/0!,#N/A
SHK,1151099,فريشي مسحوق شراب نكهات مختلفة 750 غم 1*1,FGWH,مستودع البضاعة الجاهزة,178,1912.513,10.74445506,0,-10.74445506,#DIV/0!,#N/A
SHK,1151034,ميار طحينية 900 غم 1*1,FGWH,مستودع البضاعة الجاهزة,36,79.056,2.196,0,-2.196,#DIV/0!,#N/A
SHK,1071006,شيخ الكار سردين بالزيت النباتي 125 غم 1*50,FGWH,مستودع البضاعة الجاهزة,31079,8917.525,0.279145581,0.46,0.180854419,0.393161781,0
SHK,1071006,شيخ الكار سردين بالزيت النباتي 125 غم 1*50,IRBID,مستودع أربد,350.001,98.33,0.279145581,0.46,0.180854419,0.393161781,0
SHK,1071006,شيخ الكار سردين بالزيت النباتي 125 غم 1*50,EXPWH,مستودع التوالف,84,23.124,0.279145581,0.46,0.180854419,0.393161781,0
SHK,1071006,شيخ الكار سردين بالزيت النباتي 125 غم 1*50,MOHWH,مستودع محمد البستنجي - الكرك,1400,148.654,0.279145581,0.46,0.180854419,0.393161781,0
SHK,1071006,شيخ الكار سردين بالزيت النباتي 125 غم 1*50,108,مستودع يزن حمدان,153,42.704,0.279145581,0.46,0.180854419,0.393161781,0
SHK,1071006,شيخ الكار سردين بالزيت النباتي 125 غم 1*50,106,مستودع يوسف أحمد,150,41.864,0.279145581,0.46,0.180854419,0.393161781,0
SHK,1071006,شيخ الكار سردين بالزيت النباتي 125 غم 1*50,112,مستودع الموقر تجاري,9219,2573.342,0.279145581,0.46,0.180854419,0.393161781,0
SHK,1151092,قشطة قرشلة مطحونة ناعم أو خشن او حار 1 كغم,FGWH,مستودع البضاعة الجاهزة,11,16.768,1.456555556,0,-1.456555556,#DIV/0!,#N/A
SHK,1151092,قشطة قرشلة مطحونة ناعم أو خشن او حار 1 كغم,112,مستودع الموقر تجاري,7,9.45,1.456555556,0,-1.456555556,#DIV/0!,#N/A
SHK,1151119,سيترس مبيض الغسيل للملابس (كلور) 1 لتر *1,FGWH,مستودع البضاعة الجاهزة,420,100.38,0.330068,0,-0.330068,#DIV/0!,#N/A
SHK,1151119,سيترس مبيض الغسيل للملابس (كلور) 1 لتر *1,112,مستودع الموقر تجاري,80,64.654,0.330068,0,-0.330068,#DIV/0!,#N/A
SHK,1151129,لويال مادة تلميع الاثاث 500 ملم *1,FGWH,مستودع البضاعة الجاهزة,938,606.96,0.647078891,0,-0.647078891,#DIV/0!,#N/A
SHK,1151120,لويال منظف أرضيات 2.4 لتر *1,FGWH,مستودع البضاعة الجاهزة,1500,2267.67,1.51178,0,-1.51178,#DIV/0!,#N/A
SHK,1151028,بردى بينكغ باودر 200 غم *1,FGWH,مستودع البضاعة الجاهزة,80,29.394,0.367425,0,-0.367425,#DIV/0!,#N/A
SHK,1151018,شيخ الكار عدس حب 1 كغم,FGWH,مستودع البضاعة الجاهزة,3022.92,2290.513,0.757716059,0,-0.757716059,#DIV/0!,#N/A
SHK,1151018,شيخ الكار عدس حب 1 كغم,112,مستودع الموقر تجاري,1032,781.965,0.757716059,0,-0.757716059,#DIV/0!,#N/A
SHK,1151072,شيخ الكار عدس مجروش 1 كغم,FGWH,مستودع البضاعة الجاهزة,50,35.369,0.690853072,0,-0.690853072,#DIV/0!,#N/A
SHK,1151072,شيخ الكار عدس مجروش 1 كغم,112,مستودع الموقر تجاري,2652,1831.316,0.690853072,0,-0.690853072,#DIV/0!,#N/A
SHK,1151126,فاين كير حفاظات للكبار كبير 16 فوطة *1,FGWH,مستودع البضاعة الجاهزة,200,955.6,4.986125,0,-4.986125,#DIV/0!,#N/A
SHK,1151126,فاين كير حفاظات للكبار كبير 16 فوطة *1,112,مستودع الموقر تجاري,3000,15000,4.986125,0,-4.986125,#DIV/0!,#N/A
SHK,1151114,لايف وايف مزيل للدهون بخاخ 600 ملم *1,FGWH,مستودع البضاعة الجاهزة,124,6.073,0.048975806,0,-0.048975806,#DIV/0!,#N/A
SHK,1151130,لويال شامبو شعر للكبار 800 ملم *1,FGWH,مستودع البضاعة الجاهزة,300,498.862,1.662873333,0,-1.662873333,#DIV/0!,#N/A
SHK,1071008,ميار تونا 120 غم بالزيت النباتي 1*48,FGWH,مستودع البضاعة الجاهزة,218893,72156.204,0.329581756,0.5,0.170418244,0.340836488,0
SHK,1071008,ميار تونا 120 غم بالزيت النباتي 1*48,IRBID,مستودع أربد,200,57.819,0.329581756,0.5,0.170418244,0.340836488,0
SHK,1071008,ميار تونا 120 غم بالزيت النباتي 1*48,MOHWH,مستودع محمد البستنجي - الكرك,2108,689.306,0.329581756,0.5,0.170418244,0.340836488,0
SHK,1071008,ميار تونا 120 غم بالزيت النباتي 1*48,106,مستودع يوسف أحمد,123,50.575,0.329581756,0.5,0.170418244,0.340836488,0
SHK,1071008,ميار تونا 120 غم بالزيت النباتي 1*48,108,مستودع يزن حمدان,188,67.748,0.329581756,0.5,0.170418244,0.340836488,0
SHK,1071008,ميار تونا 120 غم بالزيت النباتي 1*48,EXPWH,مستودع التوالف,50,16.217,0.329581756,0.5,0.170418244,0.340836488,0
SHK,1071008,ميار تونا 120 غم بالزيت النباتي 1*48,112,مستودع الموقر تجاري,2520,815.47,0.329581756,0.5,0.170418244,0.340836488,0
SHK,1071007,ميار تونا 120 غم بالفلفل الحار 1*48,FGWH,مستودع البضاعة الجاهزة,63380,19092.644,0.311929679,0.5,0.188070321,0.376140641,0
SHK,1071007,ميار تونا 120 غم بالفلفل الحار 1*48,IRBID,مستودع أربد,412,172.301,0.311929679,0.5,0.188070321,0.376140641,0
SHK,1071007,ميار تونا 120 غم بالفلفل الحار 1*48,106,مستودع يوسف أحمد,120,57.798,0.311929679,0.5,0.188070321,0.376140641,0
SHK,1071007,ميار تونا 120 غم بالفلفل الحار 1*48,102,مستودع عمار عنبة,0.001,-30.291,0.311929679,0.5,0.188070321,0.376140641,0
SHK,1071007,ميار تونا 120 غم بالفلفل الحار 1*48,MOHWH,مستودع محمد البستنجي - الكرك,1444,412.403,0.311929679,0.5,0.188070321,0.376140641,0
SHK,1071007,ميار تونا 120 غم بالفلفل الحار 1*48,108,مستودع يزن حمدان,204,77.213,0.311929679,0.5,0.188070321,0.376140641,0
SHK,1071007,ميار تونا 120 غم بالفلفل الحار 1*48,Bonded,مستودع بضاعة في البوندد,48,683.748,0.311929679,0.5,0.188070321,0.376140641,0
SHK,1071007,ميار تونا 120 غم بالفلفل الحار 1*48,112,مستودع الموقر تجاري,1752,545.732,0.311929679,0.5,0.188070321,0.376140641,0
SHK,1071007,ميار تونا 120 غم بالفلفل الحار 1*48,EXPWH,مستودع التوالف,50,15.632,0.311929679,0.5,0.188070321,0.376140641,0
SHK,1151036,شيخ الكار مرقة الدجاج مكعبات 20 غم 1*1,FGWH,مستودع البضاعة الجاهزة,621,16.146,0.026,0,-0.026,#DIV/0!,#N/A
SHK,1151070,قشطة خبز حمام 1 كغم,FGWH,مستودع البضاعة الجاهزة,3579.46,1797.945,0.507540366,0,-0.507540366,#DIV/0!,#N/A
SHK,1151070,قشطة خبز حمام 1 كغم,112,مستودع الموقر تجاري,2435.5,1254.89,0.507540366,0,-0.507540366,#DIV/0!,#N/A
SHK,1151065,قشطة خبز قمح أسمر(لمرضى السكري صغير),FGWH,مستودع البضاعة الجاهزة,2893,1101.902,0.387694554,0,-0.387694554,#DIV/0!,#N/A
SHK,1151065,قشطة خبز قمح أسمر(لمرضى السكري صغير),112,مستودع الموقر تجاري,1422,571,0.387694554,0,-0.387694554,#DIV/0!,#N/A
SHK,1151071,قشطة خبز كماج صغير 1 كغم,FGWH,مستودع البضاعة الجاهزة,32840.046,12246.162,0.369065286,0,-0.369065286,#DIV/0!,#N/A
SHK,1151071,قشطة خبز كماج صغير 1 كغم,112,مستودع الموقر تجاري,22900,8325.554,0.369065286,0,-0.369065286,#DIV/0!,#N/A
SHK,1151090,قشطة خبز مسخن طحين زيرو,FGWH,مستودع البضاعة الجاهزة,84,8.4,0.1,0,-0.1,#DIV/0!,#N/A
SHK,1151104,قشطة قطايف 1 كغم,FGWH,مستودع البضاعة الجاهزة,33.5,33.078,0.987402985,0,-0.987402985,#DIV/0!,#N/A
SHK,1151081,أكسترا لحمة بقرية 340 غم 1*1,FGWH,مستودع البضاعة الجاهزة,116,179.565,1.558515719,0,-1.558515719,#DIV/0!,#N/A
SHK,1151081,أكسترا لحمة بقرية 340 غم 1*1,112,مستودع الموقر تجاري,1538,2398.22,1.558515719,0,-1.558515719,#DIV/0!,#N/A
SHK,1151059,شيخ الكار زيتون أسود 1 كغم,FGWH,مستودع البضاعة الجاهزة,370,607.271,1.641272973,0,-1.641272973,#DIV/0!,#N/A
SHK,1151122,لويال ملين ملابس 1.5 لتر *1,FGWH,مستودع البضاعة الجاهزة,320,592.742,1.85231875,0,-1.85231875,#DIV/0!,#N/A
SHK,1151064,شيخ الكار زيتون أخضر 1 كغم,FGWH,مستودع البضاعة الجاهزة,461,777.027,1.684510204,0,-1.684510204,#DIV/0!,#N/A
SHK,1151064,شيخ الكار زيتون أخضر 1 كغم,112,مستودع الموقر تجاري,29,48.383,1.684510204,0,-1.684510204,#DIV/0!,#N/A
SHK,1151118,لويال سائل غسيل ملابس 5 لتر *1,FGWH,مستودع البضاعة الجاهزة,585,3143.485,5.373478632,0,-5.373478632,#DIV/0!,#N/A
SHK,1151131,سوبر كريستال قشاطة أرضية 60-70 سم *1,FGWH,مستودع البضاعة الجاهزة,75,9.45,0.126,0,-0.126,#DIV/0!,#N/A
SHK,1151033,شيخ الكار سمسم حب مقشور ني  1 كغم,FGWH,مستودع البضاعة الجاهزة,477,763.2,1.6,0,-1.6,#DIV/0!,#N/A
SHK,1151109,شيخ الكار هال حب 1 كغم,FGWH,مستودع البضاعة الجاهزة,82,401.334,4.761320988,0,-4.761320988,#DIV/0!,#N/A
SHK,1151109,شيخ الكار هال حب 1 كغم,112,مستودع الموقر تجاري,80,370,4.761320988,0,-4.761320988,#DIV/0!,#N/A
SHK,1151135,شيخ الكار ملح ليمون 1 كغم,FGWH,مستودع البضاعة الجاهزة,8,5.567,0.695875,0,-0.695875,#DIV/0!,#N/A
SHK,1151055,استريكو خميرة افرنجية جافة 100 غم *1,FGWH,مستودع البضاعة الجاهزة,8149,1083.253,0.134667523,0,-0.134667523,#DIV/0!,#N/A
SHK,1151055,استريكو خميرة افرنجية جافة 100 غم *1,112,مستودع الموقر تجاري,23,17.25,0.134667523,0,-0.134667523,#DIV/0!,#N/A
SHK,1111002,شيخ الكار جميد سائل 1 كغم 1*8,FGWH,مستودع البضاعة الجاهزة,2360,2767.03,1.226357153,2.169,0.942642847,0.434597901,5
SHK,1111002,شيخ الكار جميد سائل 1 كغم 1*8,106,مستودع يوسف أحمد,23,30.08,1.226357153,2.169,0.942642847,0.434597901,5
SHK,1111002,شيخ الكار جميد سائل 1 كغم 1*8,MOHWH,مستودع محمد البستنجي - الكرك,88,107.035,1.226357153,2.169,0.942642847,0.434597901,5
SHK,1111002,شيخ الكار جميد سائل 1 كغم 1*8,EXPWH,مستودع التوالف,340,418.509,1.226357153,2.169,0.942642847,0.434597901,5
SHK,1111002,شيخ الكار جميد سائل 1 كغم 1*8,IRBID,مستودع أربد,123.001,139.159,1.226357153,2.169,0.942642847,0.434597901,5
SHK,1111002,شيخ الكار جميد سائل 1 كغم 1*8,108,مستودع يزن حمدان,31,43.525,1.226357153,2.169,0.942642847,0.434597901,5
SHK,1111002,شيخ الكار جميد سائل 1 كغم 1*8,112,مستودع الموقر تجاري,10334,12803.987,1.226357153,2.169,0.942642847,0.434597901,5
SHK,1121004,شيخ الكار معجون طماطم 1350 غم 26-24 1*6,IRBID,مستودع أربد,78,92.532,1.184791264,1.667,0.482208736,0.289267388,2
SHK,1121004,شيخ الكار معجون طماطم 1350 غم 26-24 1*6,FGWH,مستودع البضاعة الجاهزة,16617,19671.42,1.184791264,1.667,0.482208736,0.289267388,2
SHK,1121004,شيخ الكار معجون طماطم 1350 غم 26-24 1*6,106,مستودع يوسف أحمد,24,28.442,1.184791264,1.667,0.482208736,0.289267388,2
SHK,1121004,شيخ الكار معجون طماطم 1350 غم 26-24 1*6,MOHWH,مستودع محمد البستنجي - الكرك,12,14.629,1.184791264,1.667,0.482208736,0.289267388,2
SHK,1121004,شيخ الكار معجون طماطم 1350 غم 26-24 1*6,108,مستودع يزن حمدان,23,27.257,1.184791264,1.667,0.482208736,0.289267388,2
SHK,1121004,شيخ الكار معجون طماطم 1350 غم 26-24 1*6,EXPWH,مستودع التوالف,155,198.628,1.184791264,1.667,0.482208736,0.289267388,2
SHK,1121004,شيخ الكار معجون طماطم 1350 غم 26-24 1*6,112,مستودع الموقر تجاري,1636,1939.046,1.184791264,1.667,0.482208736,0.289267388,2
SHK,1121001,شيخ الكار كاتشب 800 غم 1*12,IRBID,مستودع أربد,12.001,3.951,0.483153494,0.75,0.266846506,0.355795342,16
SHK,1121001,شيخ الكار كاتشب 800 غم 1*12,106,مستودع يوسف أحمد,69,33.304,0.483153494,0.75,0.266846506,0.355795342,16
SHK,1121001,شيخ الكار كاتشب 800 غم 1*12,FGWH,مستودع البضاعة الجاهزة,20696,10000.202,0.483153494,0.75,0.266846506,0.355795342,16
SHK,1121001,شيخ الكار كاتشب 800 غم 1*12,MOHWH,مستودع محمد البستنجي - الكرك,318,156.747,0.483153494,0.75,0.266846506,0.355795342,16
SHK,1121001,شيخ الكار كاتشب 800 غم 1*12,108,مستودع يزن حمدان,62,29.954,0.483153494,0.75,0.266846506,0.355795342,16
SHK,1121001,شيخ الكار كاتشب 800 غم 1*12,EXPWH,مستودع التوالف,38,18.639,0.483153494,0.75,0.266846506,0.355795342,16
SHK,1121001,شيخ الكار كاتشب 800 غم 1*12,112,مستودع الموقر تجاري,3360,1621.045,0.483153494,0.75,0.266846506,0.355795342,16
SHK,1121001,شيخ الكار كاتشب 800 غم 1*12,101,مستودع قصي ذيب,0.001,-0.007,0.483153494,0.75,0.266846506,0.355795342,16
SHK,1031019,ميار معكرونة بيني 300 غم 1*24,IRBID,مستودع أربد,93,12.474,0.127458803,0.192,0.064541197,0.336152067,5
SHK,1031019,ميار معكرونة بيني 300 غم 1*24,106,مستودع يوسف أحمد,72,9.155,0.127458803,0.192,0.064541197,0.336152067,5
SHK,1031019,ميار معكرونة بيني 300 غم 1*24,MOHWH,مستودع محمد البستنجي - الكرك,144,22.812,0.127458803,0.192,0.064541197,0.336152067,5
SHK,1031019,ميار معكرونة بيني 300 غم 1*24,108,مستودع يزن حمدان,180,22.904,0.127458803,0.192,0.064541197,0.336152067,5
SHK,1031019,ميار معكرونة بيني 300 غم 1*24,112,مستودع الموقر تجاري,25342,3225.016,0.127458803,0.192,0.064541197,0.336152067,5
SHK,1031019,ميار معكرونة بيني 300 غم 1*24,EXPWH,مستودع التوالف,69,8.822,0.127458803,0.192,0.064541197,0.336152067,5
SHK,1031022,ميار معكرونة كوع 300 غم 1*24,IRBID,مستودع أربد,192,24.09,0.129314105,0.192,0.062685895,0.326489035,5
SHK,1031022,ميار معكرونة كوع 300 غم 1*24,MOHWH,مستودع محمد البستنجي - الكرك,216,36.301,0.129314105,0.192,0.062685895,0.326489035,5
SHK,1031022,ميار معكرونة كوع 300 غم 1*24,106,مستودع يوسف أحمد,82,10.441,0.129314105,0.192,0.062685895,0.326489035,5
SHK,1031022,ميار معكرونة كوع 300 غم 1*24,108,مستودع يزن حمدان,177,23.057,0.129314105,0.192,0.062685895,0.326489035,5
SHK,1031022,ميار معكرونة كوع 300 غم 1*24,112,مستودع الموقر تجاري,6431,824.036,0.129314105,0.192,0.062685895,0.326489035,5
SHK,1031022,ميار معكرونة كوع 300 غم 1*24,EXPWH,مستودع التوالف,27,3.438,0.129314105,0.192,0.062685895,0.326489035,5
SHK,1051002,ميار شاي 100 ميدالية 1*24,IRBID,مستودع أربد,144,103.125,0.716653082,0.917,0.200346918,0.218480827,0
SHK,1051002,ميار شاي 100 ميدالية 1*24,FGWH,مستودع البضاعة الجاهزة,6178,4444.196,0.716653082,0.917,0.200346918,0.218480827,0
SHK,1051002,ميار شاي 100 ميدالية 1*24,106,مستودع يوسف أحمد,25,17.908,0.716653082,0.917,0.200346918,0.218480827,0
SHK,1051002,ميار شاي 100 ميدالية 1*24,MOHWH,مستودع محمد البستنجي - الكرك,456,313.164,0.716653082,0.917,0.200346918,0.218480827,0
SHK,1051002,ميار شاي 100 ميدالية 1*24,108,مستودع يزن حمدان,24,17.189,0.716653082,0.917,0.200346918,0.218480827,0
SHK,1051002,ميار شاي 100 ميدالية 1*24,EXPWH,مستودع التوالف,7,4.998,0.716653082,0.917,0.200346918,0.218480827,0
SHK,1051002,ميار شاي 100 ميدالية 1*24,112,مستودع الموقر تجاري,5999,4296.229,0.716653082,0.917,0.200346918,0.218480827,0
SHK,1131001,شيخ الكار فطر مقطع 300 غم 1*24,IRBID,مستودع أربد,528,88.98,0.195382754,0.312,0.116617246,0.373773225,16
SHK,1131001,شيخ الكار فطر مقطع 300 غم 1*24,106,مستودع يوسف أحمد,193,38.136,0.195382754,0.312,0.116617246,0.373773225,16
SHK,1131001,شيخ الكار فطر مقطع 300 غم 1*24,FGWH,مستودع البضاعة الجاهزة,113156,22112.917,0.195382754,0.312,0.116617246,0.373773225,16
SHK,1131001,شيخ الكار فطر مقطع 300 غم 1*24,EXPWH,مستودع التوالف,322,62.693,0.195382754,0.312,0.116617246,0.373773225,16
SHK,1131001,شيخ الكار فطر مقطع 300 غم 1*24,108,مستودع يزن حمدان,69,13.634,0.195382754,0.312,0.116617246,0.373773225,16
SHK,1131001,شيخ الكار فطر مقطع 300 غم 1*24,112,مستودع الموقر تجاري,4320,853.69,0.195382754,0.312,0.116617246,0.373773225,16
SHK,1031021,ميار معكرونة سباغيتي 300 غم 1*24,IRBID,مستودع أربد,144.001,18.29,0.127078778,0.192,0.064921222,0.338131363,5
SHK,1031021,ميار معكرونة سباغيتي 300 غم 1*24,106,مستودع يوسف أحمد,86,10.931,0.127078778,0.192,0.064921222,0.338131363,5
SHK,1031021,ميار معكرونة سباغيتي 300 غم 1*24,EXPWH,مستودع التوالف,926,117.665,0.127078778,0.192,0.064921222,0.338131363,5
SHK,1031021,ميار معكرونة سباغيتي 300 غم 1*24,MOHWH,مستودع محمد البستنجي - الكرك,648,82.257,0.127078778,0.192,0.064921222,0.338131363,5
SHK,1031021,ميار معكرونة سباغيتي 300 غم 1*24,108,مستودع يزن حمدان,131,16.648,0.127078778,0.192,0.064921222,0.338131363,5
SHK,1031021,ميار معكرونة سباغيتي 300 غم 1*24,112,مستودع الموقر تجاري,40080,5093.424,0.127078778,0.192,0.064921222,0.338131363,5
SHK,1131006,شيخ الكار فول حب 400 غم (73) 1*24,IRBID,مستودع أربد,286.001,56.738,0.198074513,0.26,0.061925487,0.238174949,2
SHK,1131006,شيخ الكار فول حب 400 غم (73) 1*24,106,مستودع يوسف أحمد,48,9.521,0.198074513,0.26,0.061925487,0.238174949,2
SHK,1131006,شيخ الكار فول حب 400 غم (73) 1*24,FGWH,مستودع البضاعة الجاهزة,60,7.175,0.198074513,0.26,0.061925487,0.238174949,2
SHK,1131006,شيخ الكار فول حب 400 غم (73) 1*24,MOHWH,مستودع محمد البستنجي - الكرك,24,9.314,0.198074513,0.26,0.061925487,0.238174949,2
SHK,1131006,شيخ الكار فول حب 400 غم (73) 1*24,EXPWH,مستودع التوالف,143,28.372,0.198074513,0.26,0.061925487,0.238174949,2
SHK,1101003,جولدن أرز بسمتي ذهبي 10 كيلو (1121) *4,FGWH,مستودع البضاعة الجاهزة,3,21.861,7.287,10,2.713,0.2713,#N/A
SHK,1101003,جولدن أرز بسمتي ذهبي 10 كيلو (1121) *4,EXPWH,مستودع التوالف,6,43.722,7.287,10,2.713,0.2713,#N/A
SHK,1131004,شيخ الكار ذرة حلوة 130 غم 1*24,FGWH,مستودع البضاعة الجاهزة,25868,4408.975,0.177500233,0.3,0.122499767,0.408332556,16
SHK,1131004,شيخ الكار ذرة حلوة 130 غم 1*24,IRBID,مستودع أربد,408,7.004,0.177500233,0.3,0.122499767,0.408332556,16
SHK,1131004,شيخ الكار ذرة حلوة 130 غم 1*24,106,مستودع يوسف أحمد,276,65.09,0.177500233,0.3,0.122499767,0.408332556,16
SHK,1131004,شيخ الكار ذرة حلوة 130 غم 1*24,MOHWH,مستودع محمد البستنجي - الكرك,1368,466.711,0.177500233,0.3,0.122499767,0.408332556,16
SHK,1131004,شيخ الكار ذرة حلوة 130 غم 1*24,108,مستودع يزن حمدان,282,63.893,0.177500233,0.3,0.122499767,0.408332556,16
SHK,1131004,شيخ الكار ذرة حلوة 130 غم 1*24,EXPWH,مستودع التوالف,19,4.141,0.177500233,0.3,0.122499767,0.408332556,16
SHK,1131004,شيخ الكار ذرة حلوة 130 غم 1*24,112,مستودع الموقر تجاري,14663,2596.106,0.177500233,0.3,0.122499767,0.408332556,16
SHK,1131005,شيخ الكار ذرة حلوة 300 غم 1*24,FGWH,مستودع البضاعة الجاهزة,22236,7960.488,0.357999985,0.594,0.236000015,0.397306422,16
SHK,1131005,شيخ الكار ذرة حلوة 300 غم 1*24,108,مستودع يزن حمدان,56,20.048,0.357999985,0.594,0.236000015,0.397306422,16
SHK,1131005,شيخ الكار ذرة حلوة 300 غم 1*24,112,مستودع الموقر تجاري,2135,764.33,0.357999985,0.594,0.236000015,0.397306422,16
SHK,1131005,شيخ الكار ذرة حلوة 300 غم 1*24,MOHWH,مستودع محمد البستنجي - الكرك,0.001,0,0.357999985,0.594,0.236000015,0.397306422,16
SHK,1131005,شيخ الكار ذرة حلوة 300 غم 1*24,EXPWH,مستودع التوالف,5,1.79,0.357999985,0.594,0.236000015,0.397306422,16
SHK,1131009,شيخ الكار شرائح الاناناس 565 غم *24,FGWH,مستودع البضاعة الجاهزة,31122,23563.346,0.757128307,1.25,0.492871693,0.394297354,16
SHK,1131009,شيخ الكار شرائح الاناناس 565 غم *24,IRBID,مستودع أربد,216,163.54,0.757128307,1.25,0.492871693,0.394297354,16
SHK,1131009,شيخ الكار شرائح الاناناس 565 غم *24,106,مستودع يوسف أحمد,66,49.97,0.757128307,1.25,0.492871693,0.394297354,16
SHK,1131009,شيخ الكار شرائح الاناناس 565 غم *24,MOHWH,مستودع محمد البستنجي - الكرك,486,367.964,0.757128307,1.25,0.492871693,0.394297354,16
SHK,1131009,شيخ الكار شرائح الاناناس 565 غم *24,108,مستودع يزن حمدان,48,36.341,0.757128307,1.25,0.492871693,0.394297354,16
SHK,1131009,شيخ الكار شرائح الاناناس 565 غم *24,EXPWH,مستودع التوالف,43,32.556,0.757128307,1.25,0.492871693,0.394297354,16
SHK,1131009,شيخ الكار شرائح الاناناس 565 غم *24,112,مستودع الموقر تجاري,862,652.648,0.757128307,1.25,0.492871693,0.394297354,16
SHK,1131008,شيخ الكار حمص حب 400 غم (73) 1*24,FGWH,مستودع البضاعة الجاهزة,1603,451.421,0.282506022,0.385,0.102493978,0.266218125,2
SHK,1131008,شيخ الكار حمص حب 400 غم (73) 1*24,IRBID,مستودع أربد,456,128.825,0.282506022,0.385,0.102493978,0.266218125,2
SHK,1131008,شيخ الكار حمص حب 400 غم (73) 1*24,106,مستودع يوسف أحمد,27,7.628,0.282506022,0.385,0.102493978,0.266218125,2
SHK,1131008,شيخ الكار حمص حب 400 غم (73) 1*24,EXPWH,مستودع التوالف,3,0.849,0.282506022,0.385,0.102493978,0.266218125,2
SHK,1131008,شيخ الكار حمص حب 400 غم (73) 1*24,112,مستودع الموقر تجاري,2784,786.503,0.282506022,0.385,0.102493978,0.266218125,2
SHK,1131008,شيخ الكار حمص حب 400 غم (73) 1*24,MOHWH,مستودع محمد البستنجي - الكرك,192,55.667,0.282506022,0.385,0.102493978,0.266218125,2
SHK,1031015,شيخ الكار نودلز 70 غم دجاج 1*5*8,102,مستودع عمار عنبة,0.001,-0.075,0.408498453,0.706,0.297501547,0.421390293,5
SHK,1031015,شيخ الكار نودلز 70 غم دجاج 1*5*8,MOHWH,مستودع محمد البستنجي - الكرك,80,28.423,0.408498453,0.706,0.297501547,0.421390293,5
SHK,1031015,شيخ الكار نودلز 70 غم دجاج 1*5*8,EXPWH,مستودع التوالف,6.8,2.907,0.408498453,0.706,0.297501547,0.421390293,5
SHK,1031015,شيخ الكار نودلز 70 غم دجاج 1*5*8,106,مستودع يوسف أحمد,24,10.535,0.408498453,0.706,0.297501547,0.421390293,5
SHK,1031015,شيخ الكار نودلز 70 غم دجاج 1*5*8,IRBID,مستودع أربد,24,13.276,0.408498453,0.706,0.297501547,0.421390293,5
SHK,1031013,شيخ الكار نودلز 70 غم كاري 1*5*8,FGWH,مستودع البضاعة الجاهزة,40,9.589,0.333350785,0.706,0.372649215,0.527831749,5
SHK,1031013,شيخ الكار نودلز 70 غم كاري 1*5*8,EXPWH,مستودع التوالف,20.4,9.561,0.333350785,0.706,0.372649215,0.527831749,5
SHK,1031013,شيخ الكار نودلز 70 غم كاري 1*5*8,112,مستودع الموقر تجاري,16,6.318,0.333350785,0.706,0.372649215,0.527831749,5
SHK,1031003,الموسم مكعبات مرقة الدجاج 20 غم 1*24*24,FGWH,مستودع البضاعة الجاهزة,105,64.338,0.599915559,1,0.400084441,0.400084441,16
SHK,1031003,الموسم مكعبات مرقة الدجاج 20 غم 1*24*24,106,مستودع يوسف أحمد,33,19.787,0.599915559,1,0.400084441,0.400084441,16
SHK,1031003,الموسم مكعبات مرقة الدجاج 20 غم 1*24*24,IRBID,مستودع أربد,311,186.512,0.599915559,1,0.400084441,0.400084441,16
SHK,1031003,الموسم مكعبات مرقة الدجاج 20 غم 1*24*24,MOHWH,مستودع محمد البستنجي - الكرك,318,192.546,0.599915559,1,0.400084441,0.400084441,16
SHK,1031003,الموسم مكعبات مرقة الدجاج 20 غم 1*24*24,112,مستودع الموقر تجاري,9553,5730.974,0.599915559,1,0.400084441,0.400084441,16
SHK,1031003,الموسم مكعبات مرقة الدجاج 20 غم 1*24*24,101,مستودع قصي ذيب,0.001,-3.027,0.599915559,1,0.400084441,0.400084441,16
SHK,1031003,الموسم مكعبات مرقة الدجاج 20 غم 1*24*24,EXPWH,مستودع التوالف,2,1.199,0.599915559,1,0.400084441,0.400084441,16
SHK,1031020,ميار معكرونة فوسيلي 300 غم 1*24,FGWH,مستودع البضاعة الجاهزة,4,-3.667,0.127505739,0.192,0.064494261,0.335907607,5
SHK,1031020,ميار معكرونة فوسيلي 300 غم 1*24,IRBID,مستودع أربد,552,70.031,0.127505739,0.192,0.064494261,0.335907607,5
SHK,1031020,ميار معكرونة فوسيلي 300 غم 1*24,106,مستودع يوسف أحمد,78,9.976,0.127505739,0.192,0.064494261,0.335907607,5
SHK,1031020,ميار معكرونة فوسيلي 300 غم 1*24,MOHWH,مستودع محمد البستنجي - الكرك,840,111.6,0.127505739,0.192,0.064494261,0.335907607,5
SHK,1031020,ميار معكرونة فوسيلي 300 غم 1*24,EXPWH,مستودع التوالف,7,0.896,0.127505739,0.192,0.064494261,0.335907607,5
SHK,1031004,شيخ الكار شوربة 80 غم فريكة 1*12*6,FGWH,مستودع البضاعة الجاهزة,936,102.885,0.110024247,0.312,0.201975753,0.647358183,16
SHK,1031004,شيخ الكار شوربة 80 غم فريكة 1*12*6,112,مستودع الموقر تجاري,17,1.878,0.110024247,0.312,0.201975753,0.647358183,16
SHK,1031004,شيخ الكار شوربة 80 غم فريكة 1*12*6,MOHWH,مستودع محمد البستنجي - الكرك,0.001,0.066,0.110024247,0.312,0.201975753,0.647358183,16
SHK,1031004,شيخ الكار شوربة 80 غم فريكة 1*12*6,EXPWH,مستودع التوالف,156,17.188,0.110024247,0.312,0.201975753,0.647358183,16
SHK,1121002,شيخ الكار كاتشب 4500 غم 1*4,FGWH,مستودع البضاعة الجاهزة,422,3326.635,6.880182245,3.312,-3.568182245,-1.077349712,16
SHK,1121002,شيخ الكار كاتشب 4500 غم 1*4,IRBID,مستودع أربد,36.001,249.832,6.880182245,3.312,-3.568182245,-1.077349712,16
SHK,1121002,شيخ الكار كاتشب 4500 غم 1*4,106,مستودع يوسف أحمد,13,86.185,6.880182245,3.312,-3.568182245,-1.077349712,16
SHK,1121002,شيخ الكار كاتشب 4500 غم 1*4,MOHWH,مستودع محمد البستنجي - الكرك,88.001,192.891,6.880182245,3.312,-3.568182245,-1.077349712,16
SHK,1121002,شيخ الكار كاتشب 4500 غم 1*4,EXPWH,مستودع التوالف,2,4.253,6.880182245,3.312,-3.568182245,-1.077349712,16
SHK,1091008,ميار محضر غذائي بالدسم النباتي 1700 غم *6,EXPWH,مستودع التوالف,69,212.416,2.326947956,3.4,1.073052044,0.315603542,16
SHK,1091008,ميار محضر غذائي بالدسم النباتي 1700 غم *6,FGWH,مستودع البضاعة الجاهزة,14156,32897.81,2.326947956,3.4,1.073052044,0.315603542,16
SHK,1091008,ميار محضر غذائي بالدسم النباتي 1700 غم *6,103,مستودع أحمد أبو حشيش,0.001,-9.389,2.326947956,3.4,1.073052044,0.315603542,16
SHK,1061005,ميار دبس تمر 700 غم 1*12,MOHWH,مستودع محمد البستنجي - الكرك,24,13.8,0.575,0.792,0.217,0.273989899,16
SHK,1061005,ميار دبس تمر 700 غم 1*12,EXPWH,مستودع التوالف,537,308.775,0.575,0.792,0.217,0.273989899,16
SHK,1091003,ميار محضر غذائي بالدسم النباتي 700 غم 1*12,FGWH,مستودع البضاعة الجاهزة,14831,14178.192,0.959715137,1.45,0.490284863,0.338127492,16
SHK,1091003,ميار محضر غذائي بالدسم النباتي 700 غم 1*12,MOHWH,مستودع محمد البستنجي - الكرك,246,283.282,0.959715137,1.45,0.490284863,0.338127492,16
SHK,1091003,ميار محضر غذائي بالدسم النباتي 700 غم 1*12,106,مستودع يوسف أحمد,20,20.351,0.959715137,1.45,0.490284863,0.338127492,16
SHK,1091003,ميار محضر غذائي بالدسم النباتي 700 غم 1*12,IRBID,مستودع أربد,36,32.698,0.959715137,1.45,0.490284863,0.338127492,16
SHK,1091003,ميار محضر غذائي بالدسم النباتي 700 غم 1*12,103,مستودع أحمد أبو حشيش,0.001,6.522,0.959715137,1.45,0.490284863,0.338127492,16
SHK,1091003,ميار محضر غذائي بالدسم النباتي 700 غم 1*12,EXPWH,مستودع التوالف,18,19.6,0.959715137,1.45,0.490284863,0.338127492,16
SHK,1031002,شيخ الكار مكعبات مرقة الدجاج 20 غم 1*24*24,MOHWH,مستودع محمد البستنجي - الكرك,264,161.396,0.686304292,1.042,0.355695708,0.341358645,16
SHK,1031002,شيخ الكار مكعبات مرقة الدجاج 20 غم 1*24*24,EXPWH,مستودع التوالف,57.417,39.336,0.686304292,1.042,0.355695708,0.341358645,16
SHK,1031002,شيخ الكار مكعبات مرقة الدجاج 20 غم 1*24*24,106,مستودع يوسف أحمد,44,28.573,0.686304292,1.042,0.355695708,0.341358645,16
SHK,1031002,شيخ الكار مكعبات مرقة الدجاج 20 غم 1*24*24,IRBID,مستودع أربد,192,127.731,0.686304292,1.042,0.355695708,0.341358645,16
SHK,1031002,شيخ الكار مكعبات مرقة الدجاج 20 غم 1*24*24,108,مستودع يزن حمدان,24,16.207,0.686304292,1.042,0.355695708,0.341358645,16
SHK,1031002,شيخ الكار مكعبات مرقة الدجاج 20 غم 1*24*24,112,مستودع الموقر تجاري,2777,1931.653,0.686304292,1.042,0.355695708,0.341358645,16
SHK,1031010,شيخ الكار معكرونة سباغتي 300 غم 1*24,EXPWH,مستودع التوالف,352,47.872,0.135999963,0,-0.135999963,#DIV/0!,#N/A
SHK,1031010,شيخ الكار معكرونة سباغتي 300 غم 1*24,FGWH,مستودع البضاعة الجاهزة,3283,446.488,0.135999963,0,-0.135999963,#DIV/0!,#N/A
SHK,1031010,شيخ الكار معكرونة سباغتي 300 غم 1*24,MOHWH,مستودع محمد البستنجي - الكرك,0.001,0,0.135999963,0,-0.135999963,#DIV/0!,#N/A
SHK,1031009,شيخ الكار معكرونة فوسلي 300 غم 1*24,EXPWH,مستودع التوالف,84,11.319,0.127477102,0,-0.127477102,#DIV/0!,#N/A
SHK,1031009,شيخ الكار معكرونة فوسلي 300 غم 1*24,112,مستودع الموقر تجاري,9019,1147.36,0.127477102,0,-0.127477102,#DIV/0!,#N/A
SHK,1031009,شيخ الكار معكرونة فوسلي 300 غم 1*24,MOHWH,مستودع محمد البستنجي - الكرك,480.001,62.96,0.127477102,0,-0.127477102,#DIV/0!,#N/A
SHK,1031009,شيخ الكار معكرونة فوسلي 300 غم 1*24,108,مستودع يزن حمدان,96,12.212,0.127477102,0,-0.127477102,#DIV/0!,#N/A
SHK,1091002,شيخ الكار حليب كامل الدسم (حيواني) 700 غم *12,EXPWH,مستودع التوالف,16,0,2.485096892,2.833,0.347903108,0.12280378,#N/A
SHK,1091002,شيخ الكار حليب كامل الدسم (حيواني) 700 غم *12,112,مستودع الموقر تجاري,2052,5142.802,2.485096892,2.833,0.347903108,0.12280378,#N/A
SHK,1091002,شيخ الكار حليب كامل الدسم (حيواني) 700 غم *12,IRBID,مستودع أربد,96,235.672,2.485096892,2.833,0.347903108,0.12280378,#N/A
SHK,1091002,شيخ الكار حليب كامل الدسم (حيواني) 700 غم *12,106,مستودع يوسف أحمد,24,58.918,2.485096892,2.833,0.347903108,0.12280378,#N/A
SHK,1151128,بيبي ماجيك شامبو شعر للأطفال 250ملم *1,FGWH,مستودع البضاعة الجاهزة,2248,1409.686,0.62708452,0,-0.62708452,#DIV/0!,#N/A
SHK,1151022,بردى كسترد 300 غم *1,FGWH,مستودع البضاعة الجاهزة,205,77.784,0.379434146,0,-0.379434146,#DIV/0!,#N/A
SHK,1151091,شيخ الكار سمن بلدي 1 كغم,FGWH,مستودع البضاعة الجاهزة,19,160.061,8.424263158,0,-8.424263158,#DIV/0!,#N/A
SHK,1111001,شيخ الكار جميد مستورد,FGWH,مستودع البضاعة الجاهزة,76.4,183.602,2.231196075,0,-2.231196075,#DIV/0!,#N/A
SHK,1111001,شيخ الكار جميد مستورد,EXPWH,مستودع التوالف,160.04,343.942,2.231196075,0,-2.231196075,#DIV/0!,#N/A
SHK,1061002,ميار تمر مطحون 700 غم 1*12,FGWH,مستودع البضاعة الجاهزة,880,133.76,0.152,0.596,0.444,0.744966443,2
SHK,1061002,ميار تمر مطحون 700 غم 1*12,EXPWH,مستودع التوالف,215,32.68,0.152,0.596,0.444,0.744966443,2
SHK,1061002,ميار تمر مطحون 700 غم 1*12,112,مستودع الموقر تجاري,900,136.8,0.152,0.596,0.444,0.744966443,2
SHK,1151049,قشطة خبز فرنسي زنجر بسمسم او سادة,FGWH,مستودع البضاعة الجاهزة,2547,960.275,0.377021987,0,-0.377021987,#DIV/0!,#N/A
SHK,1031018,ميار معكرونة صدف كبير 300 غم 1*24,EXPWH,مستودع التوالف,1,0.127,0.122997523,0.192,0.069002477,0.359387902,5
SHK,1031018,ميار معكرونة صدف كبير 300 غم 1*24,108,مستودع يزن حمدان,132,16.669,0.122997523,0.192,0.069002477,0.359387902,5
SHK,1031018,ميار معكرونة صدف كبير 300 غم 1*24,112,مستودع الموقر تجاري,14400,1770.727,0.122997523,0.192,0.069002477,0.359387902,5
SHK,1151048,قشطة خبز طابون,FGWH,مستودع البضاعة الجاهزة,11092,1071.76,0.095237151,0,-0.095237151,#DIV/0!,#N/A
SHK,1151048,قشطة خبز طابون,112,مستودع الموقر تجاري,1010,80.8,0.095237151,0,-0.095237151,#DIV/0!,#N/A
SHK,1151086,عراقي تمر مطحون 10 كغم 1*1,FGWH,مستودع البضاعة الجاهزة,2145,10514.704,4.901959907,6,1.098040093,0.183006682,2
SHK,1151007,بيروتي خضار مشكل 400 غم,FGWH,مستودع البضاعة الجاهزة,48,15.616,0.319924354,0,-0.319924354,#DIV/0!,#N/A
SHK,1151007,بيروتي خضار مشكل 400 غم,112,مستودع الموقر تجاري,2120,677.98,0.319924354,0,-0.319924354,#DIV/0!,#N/A
SHK,1131007,شيخ الكار حمص مطحون 400 غم (73) 1*24,FGWH,مستودع البضاعة الجاهزة,13798,4501.61,0.326906303,0.458,0.131093697,0.28623078,2
SHK,1131007,شيخ الكار حمص مطحون 400 غم (73) 1*24,106,مستودع يوسف أحمد,39,12.75,0.326906303,0.458,0.131093697,0.28623078,2
SHK,1131007,شيخ الكار حمص مطحون 400 غم (73) 1*24,IRBID,مستودع أربد,96,31.385,0.326906303,0.458,0.131093697,0.28623078,2
SHK,1131007,شيخ الكار حمص مطحون 400 غم (73) 1*24,EXPWH,مستودع التوالف,38,12.423,0.326906303,0.458,0.131093697,0.28623078,2
SHK,1131007,شيخ الكار حمص مطحون 400 غم (73) 1*24,112,مستودع الموقر تجاري,8784,2871.58,0.326906303,0.458,0.131093697,0.28623078,2
SHK,1131007,شيخ الكار حمص مطحون 400 غم (73) 1*24,102,مستودع عمار عنبة,0.001,0.085,0.326906303,0.458,0.131093697,0.28623078,2
SHK,1131007,شيخ الكار حمص مطحون 400 غم (73) 1*24,MOHWH,مستودع محمد البستنجي - الكرك,120,48.149,0.326906303,0.458,0.131093697,0.28623078,2
SHK,1121003,ميار هريس طماطم 1050 غم 1*6,EXPWH,مستودع التوالف,16,11.2,0.700013636,1,0.299986364,0.299986364,2
SHK,1121003,ميار هريس طماطم 1050 غم 1*6,MOHWH,مستودع محمد البستنجي - الكرك,6,4.2,0.700013636,1,0.299986364,0.299986364,2
SHK,1121003,ميار هريس طماطم 1050 غم 1*6,FGWH,مستودع البضاعة الجاهزة,0.001,0.001,0.700013636,1,0.299986364,0.299986364,2
SHK,1091001,شيخ الكار حليب كامل الدسم (حيواني) 1700 غم 1*6,EXPWH,مستودع التوالف,75,465.484,10.64502256,6.833,-3.81202256,-0.557884174,#N/A
SHK,1091001,شيخ الكار حليب كامل الدسم (حيواني) 1700 غم 1*6,FGWH,مستودع البضاعة الجاهزة,0.001,0.005,10.64502256,6.833,-3.81202256,-0.557884174,#N/A
SHK,1091001,شيخ الكار حليب كامل الدسم (حيواني) 1700 غم 1*6,112,مستودع الموقر تجاري,783,8947.602,10.64502256,6.833,-3.81202256,-0.557884174,#N/A
SHK,1091001,شيخ الكار حليب كامل الدسم (حيواني) 1700 غم 1*6,IRBID,مستودع أربد,48,287.244,10.64502256,6.833,-3.81202256,-0.557884174,#N/A
SHK,1091001,شيخ الكار حليب كامل الدسم (حيواني) 1700 غم 1*6,106,مستودع يوسف أحمد,12,71.812,10.64502256,6.833,-3.81202256,-0.557884174,#N/A
SHK,1091001,شيخ الكار حليب كامل الدسم (حيواني) 1700 غم 1*6,MOHWH,مستودع محمد البستنجي - الكرك,0.001,0.005,10.64502256,6.833,-3.81202256,-0.557884174,#N/A
SHK,1141005,فستق حلبي,FGWH,مستودع البضاعة الجاهزة,6025,132550,22,0,-22,#DIV/0!,#N/A
SHK,1141002,سمسم خام,FGWH,مستودع البضاعة الجاهزة,2.379,174651.654,73413.89407,0,-73413.89407,#DIV/0!,#N/A
SHK,1151132,كولجيت معجون أسنان 100 ملم,FGWH,مستودع البضاعة الجاهزة,422,226.658,0.537104265,0,-0.537104265,#DIV/0!,#N/A
SHK,1101002,شيخ الكار أرز بسمتي 3 كغم *8,IRBID,مستودع أربد,88,221.32,2.514999684,3.25,0.735000316,0.226153943,0
SHK,1101002,شيخ الكار أرز بسمتي 3 كغم *8,103,مستودع أحمد أبو حشيش,0.001,0.002,2.514999684,3.25,0.735000316,0.226153943,0
SHK,1101002,شيخ الكار أرز بسمتي 3 كغم *8,EXPWH,مستودع التوالف,7,17.605,2.514999684,3.25,0.735000316,0.226153943,0
SHK,1101002,شيخ الكار أرز بسمتي 3 كغم *8,MOHWH,مستودع محمد البستنجي - الكرك,0.001,0.003,2.514999684,3.25,0.735000316,0.226153943,0
SHK,1031001,شيخ الكار شوربة 55 غم خضار 1*12*6,EXPWH,مستودع التوالف,549,103.274,0.188941499,0.312,0.123058501,0.394418271,16
SHK,1031001,شيخ الكار شوربة 55 غم خضار 1*12*6,112,مستودع الموقر تجاري,5280,998.066,0.188941499,0.312,0.123058501,0.394418271,16
SHK,1131002,شيخ الكار فطر كامل 300 غم 1*24,FGWH,مستودع البضاعة الجاهزة,24,-0.26,0.13,0,-0.13,#DIV/0!,#N/A
SHK,1131002,شيخ الكار فطر كامل 300 غم 1*24,MOHWH,مستودع محمد البستنجي - الكرك,96,15.86,0.13,0,-0.13,#DIV/0!,#N/A
SHK,1041003,شيخ الكار زيت شمس 1.3 لتر 1*8,FGWH,مستودع البضاعة الجاهزة,0.001,3.47,2.065733567,5.875,3.809266433,0.648385776,4
SHK,1041003,شيخ الكار زيت شمس 1.3 لتر 1*8,EXPWH,مستودع التوالف,4,4.795,2.065733567,5.875,3.809266433,0.648385776,4
SHK,1051004,شيخ الكار شاي 100 ميدالية 1*24,FGWH,مستودع البضاعة الجاهزة,15.001,17.671,1.177994606,0,-1.177994606,#DIV/0!,#N/A
SHK,1051004,شيخ الكار شاي 100 ميدالية 1*24,EXPWH,مستودع التوالف,18,21.204,1.177994606,0,-1.177994606,#DIV/0!,#N/A
SHK,1071005,شيخ الكار تونا بالفلفل الحار 120 غم 1*48,FGWH,مستودع البضاعة الجاهزة,74,23.582,0.988320156,0,-0.988320156,#DIV/0!,#N/A
SHK,1071005,شيخ الكار تونا بالفلفل الحار 120 غم 1*48,MOHWH,مستودع محمد البستنجي - الكرك,0.001,50.21,0.988320156,0,-0.988320156,#DIV/0!,#N/A
SHK,1071005,شيخ الكار تونا بالفلفل الحار 120 غم 1*48,EXPWH,مستودع التوالف,1,0.333,0.988320156,0,-0.988320156,#DIV/0!,#N/A
SHK,1151093,"شيخ الكار بهارات كبسة (حب , مطحون) 1 كغم",FGWH,مستودع البضاعة الجاهزة,8,19.892,2.469743161,0,-2.469743161,#DIV/0!,#N/A
SHK,1151093,"شيخ الكار بهارات كبسة (حب , مطحون) 1 كغم",112,مستودع الموقر تجاري,650,1605.199,2.469743161,0,-2.469743161,#DIV/0!,#N/A
SHK,1151063,شيخ الكار فريكة ناعمة او خشنة 1 كغم,FGWH,مستودع البضاعة الجاهزة,473,317.355,0.670949987,0,-0.670949987,#DIV/0!,#N/A
SHK,1151063,شيخ الكار فريكة ناعمة او خشنة 1 كغم,112,مستودع الموقر تجاري,3326,2231.584,0.670949987,0,-0.670949987,#DIV/0!,#N/A
SHK,1151046,يارا سمن نباتي 1.7 غم,FGWH,مستودع البضاعة الجاهزة,877.7,1243.347,1.416596787,0,-1.416596787,#DIV/0!,#N/A
SHK,1151069,قشطة خبز كماج كبير 1 كغم,FGWH,مستودع البضاعة الجاهزة,2695.75,1101.238,0.408508949,0,-0.408508949,#DIV/0!,#N/A
SHK,1031008,الموسم مكعبات مرقة دجاج 12*12,EXPWH,مستودع التوالف,103,30.591,0.297,0,-0.297,#DIV/0!,#N/A
SHK,1151027,جلي حيواني 340 غم أكياس 1*1,FGWH,مستودع البضاعة الجاهزة,5,2.91,0.582,0,-0.582,#DIV/0!,#N/A
SHK,1151133,بردى خليط جاتو  جاهز  517غم,FGWH,مستودع البضاعة الجاهزة,234,100.253,0.428431624,0,-0.428431624,#DIV/0!,#N/A
SHK,1151088,شيخ الكار بهارات سمك 1 كغم,FGWH,مستودع البضاعة الجاهزة,68,115.142,1.693264706,0,-1.693264706,#DIV/0!,#N/A
SHK,1151094,شيخ الكار بهارات مشكلة (مطحونة) 1 كغم,FGWH,مستودع البضاعة الجاهزة,4,6.818,1.557596154,0,-1.557596154,#DIV/0!,#N/A
SHK,1151094,شيخ الكار بهارات مشكلة (مطحونة) 1 كغم,112,مستودع الموقر تجاري,100,155.172,1.557596154,0,-1.557596154,#DIV/0!,#N/A
SHK,1071002,ميار سردين 100 غم بالزيت النباتي 1*50,EXPWH,مستودع التوالف,8,0,0,0,0,#DIV/0!,#N/A
SHK,1151103,ميار تمر مطحون 700 غم 1*24,EXPWH,مستودع التوالف,73,12269.172,168.0708493,0.596,-167.4748493,-280.9980693,2
SHK,1101001,شيخ الكار أرز بسمتي 4 كغم  (طن),EXPWH,مستودع التوالف,8,0,0,0,0,#DIV/0!,#N/A
SHK,1151010,الخير معجنات جاهزة مشكلة 1*1,FGWH,مستودع البضاعة الجاهزة,11570,2314,0.2,0,-0.2,#DIV/0!,#N/A
SHK,1091009,الموسم حليب كامل الدسم (نباتي) 250 غم *24,112,مستودع الموقر تجاري,5516,3646.134,0.661010515,1.01,0.348989485,0.345534144,16
SHK,1091006,الموسم حليب كامل الدسم (نباتي) 700 غم *12,112,مستودع الموقر تجاري,1613,2943.725,1.825000108,2.646,0.820999892,0.310279626,16
SHK,1091006,الموسم حليب كامل الدسم (نباتي) 700 غم *12,MOHWH,مستودع محمد البستنجي - الكرك,0.001,0.002,1.825000108,2.646,0.820999892,0.310279626,16
SHK,1091006,الموسم حليب كامل الدسم (نباتي) 700 غم *12,EXPWH,مستودع التوالف,3,5.475,1.825000108,2.646,0.820999892,0.310279626,16
SHK,1031007,شيخ الكار شوربة 70 غم فطر 1*12*6,112,مستودع الموقر تجاري,771,130.967,0.101618033,0.312,0.210381967,0.674301177,16
SHK,1031007,شيخ الكار شوربة 70 غم فطر 1*12*6,MOHWH,مستودع محمد البستنجي - الكرك,0.001,-51.437,0.101618033,0.312,0.210381967,0.674301177,16
SHK,1031007,شيخ الكار شوربة 70 غم فطر 1*12*6,EXPWH,مستودع التوالف,33,2.171,0.101618033,0.312,0.210381967,0.674301177,16
SHK,1031006,شيخ الكار شوربة 70 غم شعرية 1*12*6,112,مستودع الموقر تجاري,72,13.815,0.555605461,0.312,-0.243605461,-0.780786734,16
SHK,1031006,شيخ الكار شوربة 70 غم شعرية 1*12*6,EXPWH,مستودع التوالف,46,13.796,0.555605461,0.312,-0.243605461,-0.780786734,16
SHK,1031006,شيخ الكار شوربة 70 غم شعرية 1*12*6,MOHWH,مستودع محمد البستنجي - الكرك,0.001,37.951,0.555605461,0.312,-0.243605461,-0.780786734,16
SHK,1031005,شيخ الكار معكرونة بيني 300 غم 1*24,112,مستودع الموقر تجاري,9288,1243.141,0.133951637,0,-0.133951637,#DIV/0!,#N/A
SHK,1031005,شيخ الكار معكرونة بيني 300 غم 1*24,MOHWH,مستودع محمد البستنجي - الكرك,0.001,1.007,0.133951637,0,-0.133951637,#DIV/0!,#N/A
SHK,1031005,شيخ الكار معكرونة بيني 300 غم 1*24,EXPWH,مستودع التوالف,40,5.353,0.133951637,0,-0.133951637,#DIV/0!,#N/A
SHK,1031012,شيخ الكار معكرونة كوع 300 غم 1*24,112,مستودع الموقر تجاري,70,9.108,0.163312894,0,-0.163312894,#DIV/0!,#N/A
SHK,1031012,شيخ الكار معكرونة كوع 300 غم 1*24,MOHWH,مستودع محمد البستنجي - الكرك,0.001,6.433,0.163312894,0,-0.163312894,#DIV/0!,#N/A
SHK,1031012,شيخ الكار معكرونة كوع 300 غم 1*24,EXPWH,مستودع التوالف,150,20.388,0.163312894,0,-0.163312894,#DIV/0!,#N/A
SHK,1151096,شيخ الكار هال مطحون 1 كغم,FGWH,مستودع البضاعة الجاهزة,41,765.324,18.6667712,0,-18.6667712,#DIV/0!,#N/A
SHK,1151096,شيخ الكار هال مطحون 1 كغم,112,مستودع الموقر تجاري,820,15306.766,18.6667712,0,-18.6667712,#DIV/0!,#N/A
SHK,1151127,فاين كير حفاظات للكبار وسط 20 فوطة *1,FGWH,مستودع البضاعة الجاهزة,204,860.999,4.221112668,0,-4.221112668,#DIV/0!,#N/A
SHK,1151127,فاين كير حفاظات للكبار وسط 20 فوطة *1,112,مستودع الموقر تجاري,1509,6369.767,4.221112668,0,-4.221112668,#DIV/0!,#N/A
SHK,1151125,بيبي فاين حفاظات أطفال كبير 36 فوطة *1,112,مستودع الموقر تجاري,1312,3736.572,2.847996951,0,-2.847996951,#DIV/0!,#N/A
SHK,1151124,بيبي فاين حفاظات أطفال صغير 52 فوطة *1,112,مستودع الموقر تجاري,1254,3881.883,3.095600478,0,-3.095600478,#DIV/0!,#N/A
SHK,1151123,بيبي فاين حفاظات أطفال وسط 46 فوطة *1,112,مستودع الموقر تجاري,402,1109.529,2.760022388,0,-2.760022388,#DIV/0!,#N/A
SHK,1151019,"شيخ الكار كمون (حب,مطحون) 1 كغم",112,مستودع الموقر تجاري,492,1081.416,2.198,0,-2.198,#DIV/0!,#N/A
SHK,1151097,شيخ الكار زبيب بدون بذور 1 كغم,112,مستودع الموقر تجاري,716,2053.903,2.868579609,0,-2.868579609,#DIV/0!,#N/A
SHK,1151016,شيخ الكار حمص حب (نمرة 7-9) 1 كغم,112,مستودع الموقر تجاري,480,292.543,0.609464583,0,-0.609464583,#DIV/0!,#N/A
SHK,1151023,يارا سمن نباتي 1.7 غم *1,112,مستودع الموقر تجاري,262,471.6,1.8,0,-1.8,#DIV/0!,#N/A
SHK,1151045,الاسرة تمر مع بذور حبة طويلة نخب أول,112,مستودع الموقر تجاري,63,206.764,3.281968254,0,-3.281968254,#DIV/0!,#N/A
SHK,1151113,سرور مربى نكهات مختلفة 400 غم 1*1,112,مستودع الموقر تجاري,81,43.54,0.537530864,0,-0.537530864,#DIV/0!,#N/A
SHK,1151024,بيروتي بازيلاء 400 غم 1*1,112,مستودع الموقر تجاري,662,120.327,0.18176284,0,-0.18176284,#DIV/0!,#N/A
SHK,1151051,شيخ الكار تمر عجوة مطحون 1 كغم,112,مستودع الموقر تجاري,784,470.4,0.6,0,-0.6,#DIV/0!,#N/A
SHK,1151087,قشطة بسكوت سادة مغلف 500 غم,112,مستودع الموقر تجاري,25,78.795,3.1518,0,-3.1518,#DIV/0!,#N/A
SHK,1151052,شيخ الكار جميد بلدي 1 كغم,FGWH,مستودع البضاعة الجاهزة,108,374.727,3.469694444,0,-3.469694444,#DIV/0!,#N/A
SHK,1151053,قشطة خبز برغر طحين زيرو 1 كغم,FGWH,مستودع البضاعة الجاهزة,8720.5,874.891,0.100325784,0,-0.100325784,#DIV/0!,#N/A
SHK,1151032,شيخ الكار حلاوة 800 غم سادة 1*1,FGWH,مستودع البضاعة الجاهزة,84,180.003,2.142892857,0,-2.142892857,#DIV/0!,#N/A
SHK,1151110,شيخ الكار كاري 1 كغم,FGWH,مستودع البضاعة الجاهزة,4,4.752,1.188,0,-1.188,#DIV/0!,#N/A
SHK,1151058,شيخ الكار كركم مطحون 1 كغم,FGWH,مستودع البضاعة الجاهزة,4,7.15,1.7875,0,-1.7875,#DIV/0!,#N/A
SHK,1151035,شيخ الكار معكرونة بجميع الاشكال 300 غم 1*1,FGWH,مستودع البضاعة الجاهزة,299,59.8,0.2,0,-0.2,#DIV/0!,#N/A
SHK,1151112,شيخ الكار ماء زهر 500 ملم 1*1,FGWH,مستودع البضاعة الجاهزة,357,64.013,0.179308123,0,-0.179308123,#DIV/0!,#N/A
SHK,1151030,شيخ الكار سردين بالزيت أو الفلفل 125 غم 1*1,FGWH,مستودع البضاعة الجاهزة,1092,349.44,0.32,0,-0.32,#DIV/0!,#N/A
SHK,1091005,شيخ الكار حليب كامل الدسم (حيواني) 250 غم *24,112,مستودع الموقر تجاري,2976,2806.713,0.9431745,1.042,0.0988255,0.094842131,#N/A
SHK,1091005,شيخ الكار حليب كامل الدسم (حيواني) 250 غم *24,IRBID,مستودع أربد,96,90.623,0.9431745,1.042,0.0988255,0.094842131,#N/A
SHK,1091005,شيخ الكار حليب كامل الدسم (حيواني) 250 غم *24,106,مستودع يوسف أحمد,61,57.573,0.9431745,1.042,0.0988255,0.094842131,#N/A
SHK,1091005,شيخ الكار حليب كامل الدسم (حيواني) 250 غم *24,EXPWH,مستودع التوالف,1,0.943,0.9431745,1.042,0.0988255,0.094842131,#N/A
SHK,1091005,شيخ الكار حليب كامل الدسم (حيواني) 250 غم *24,FGWH,مستودع البضاعة الجاهزة,1,1,0.9431745,1.042,0.0988255,0.094842131,#N/A
SHK,1091005,شيخ الكار حليب كامل الدسم (حيواني) 250 غم *24,MOHWH,مستودع محمد البستنجي - الكرك,0.001,0.001,0.9431745,1.042,0.0988255,0.094842131,#N/A
SHK,1151025,بردى فانيلا باودر 200 غم*1,FGWH,مستودع البضاعة الجاهزة,128,51.289,0.400695313,0,-0.400695313,#DIV/0!,#N/A
SHK,1151102,قشطة خبز ذرة لمرضى حساسية الجلوتين,FGWH,مستودع البضاعة الجاهزة,1,3.5,3.5,0,-3.5,#DIV/0!,#N/A
SHK,1151137,1*12 XL بيض مائدة اوفاليو,FGWH,مستودع البضاعة الجاهزة,0.01,0.002,0.2,0,-0.2,#DIV/0!,#N/A
SHK,1091007,الموسم حليب كامل الدسم (نباتي) 1700 غم 1*6,FGWH,مستودع البضاعة الجاهزة,150,540.449,2.679983457,0,-2.679983457,#DIV/0!,#N/A
SHK,1091007,الموسم حليب كامل الدسم (نباتي) 1700 غم 1*6,MOHWH,مستودع محمد البستنجي - الكرك,0.001,-138.446,2.679983457,0,-2.679983457,#DIV/0!,#N/A
SHK,1091007,الموسم حليب كامل الدسم (نباتي) 1700 غم 1*6,EXPWH,مستودع التوالف,12,32.157,2.679983457,0,-2.679983457,#DIV/0!,#N/A
SHK,1051003,ميار شاي 10 مدالية 1*72,FGWH,مستودع البضاعة الجاهزة,432,64.8,0.15,0,-0.15,#DIV/0!,#N/A
SHK,1151136,بيبي فاين حفاظات أطفال كبير 40 فوطة *1,FGWH,مستودع البضاعة الجاهزة,12114,10750.877,0.8874754,0,-0.8874754,#DIV/0!,#N/A
SHK,1061001,شيخ الكار تمر مطحون 1 كغم 1*16,EXPWH,مستودع التوالف,20,3.46,0.17299135,0.894,0.72100865,0.806497371,2
SHK,1061001,شيخ الكار تمر مطحون 1 كغم 1*16,FGWH,مستودع البضاعة الجاهزة,0.001,0,0.17299135,0.894,0.72100865,0.806497371,2
SHK,1151089,"شيخ الكار جوز هند (ناعم,خشن) 1 كغم",112,مستودع الموقر تجاري,240,602.759,2.511495833,0,-2.511495833,#DIV/0!,#N/A
SHK,1021047,شيخ الكار حلاوة 400 غم سادة دايت 1*12,EXPWH,مستودع التوالف,1,0,0,3,3,1,5
SHK,1021063,شيخ الكار حلاوة 2300 غم فستق 1*4,EXPWH,مستودع التوالف,1,0,0,5.5,5.5,1,5
SHK,1051005,ميار شاي 25 ميدالية 1*48,FGWH,مستودع البضاعة الجاهزة,0.001,0,0.191808192,0,-0.191808192,#DIV/0!,#N/A
SHK,1051005,ميار شاي 25 ميدالية 1*48,EXPWH,مستودع التوالف,1,0.192,0.191808192,0,-0.191808192,#DIV/0!,#N/A
SHK,1151012,شيخ الكار نشا طعام 1 كغم,FGWH,مستودع البضاعة الجاهزة,15,14.64,0.976,0,-0.976,#DIV/0!,#N/A
SHK,1151013,شيخ الكار زنجبيل 1 كغم,FGWH,مستودع البضاعة الجاهزة,3,8.493,2.831,0,-2.831,#DIV/0!,#N/A
SHK,1151095,شيخ الكار بهارات كبسة (مطحون) 1 كغم,FGWH,مستودع البضاعة الجاهزة,523,801.236,1.532,0,-1.532,#DIV/0!,#N/A
SHK,1031014,شيخ الكار نودلز 70 غم خضار 1*5*8,MOHWH,مستودع محمد البستنجي - الكرك,0.001,-0.503,0.289842382,0.706,0.416157618,0.589458383,5
SHK,1031014,شيخ الكار نودلز 70 غم خضار 1*5*8,EXPWH,مستودع التوالف,3.425,1.496,0.289842382,0.706,0.416157618,0.589458383,5
SHK,1041001,شيخ الكار زيت شمس 3.8 لتر 1*4,MOHWH,مستودع محمد البستنجي - الكرك,0.001,0.003,3.295852074,1.769,-1.526852074,-0.863115926,4
SHK,1041001,شيخ الكار زيت شمس 3.8 لتر 1*4,EXPWH,مستودع التوالف,2,6.592,3.295852074,1.769,-1.526852074,-0.863115926,4
SHK,1041002,شيخ الكار زيت شمس 4.5 لتر 1*4,MOHWH,مستودع محمد البستنجي - الكرك,0.001,0.004,4,5.125,1.125,0.219512195,4
SHK,1041004,شيخ الكار زيت شمس 2.6 لتر 1*6,MOHWH,مستودع محمد البستنجي - الكرك,0.001,0.002,2.260739261,3.5,1.239260739,0.354074497,4
SHK,1041004,شيخ الكار زيت شمس 2.6 لتر 1*6,EXPWH,مستودع التوالف,1,2.261,2.260739261,3.5,1.239260739,0.354074497,4
SHK,1071004,شيخ الكار تونا بالزيت النباتي 120 غم 1*48,MOHWH,مستودع محمد البستنجي - الكرك,0.001,19.343,5.177455636,0,-5.177455636,#DIV/0!,#N/A
SHK,1071004,شيخ الكار تونا بالزيت النباتي 120 غم 1*48,EXPWH,مستودع التوالف,4,1.372,5.177455636,0,-5.177455636,#DIV/0!,#N/A
SHK,1051001,شيخ الكار شاي 454 غم 1*20,FGWH,مستودع البضاعة الجاهزة,0.001,0,0,0,0,#DIV/0!,#N/A
SHK,1051001,شيخ الكار شاي 454 غم 1*20,EXPWH,مستودع التوالف,51,0,0,0,0,#DIV/0!,#N/A
SHK,1031011,شيخ الكار شعرية 300 غم 1*24,EXPWH,مستودع التوالف,4,0.54,0.135,0,-0.135,#DIV/0!,#N/A
SHK,1071003,ميار سردين 100 غم بالفلفل الحار 1*50,EXPWH,مستودع التوالف,53,0,0,0,0,#DIV/0!,#N/A
SHK,1151020,كمون مطحون 1 كغم,FGWH,مستودع البضاعة الجاهزة,225,814.715,3.620955556,0,-3.620955556,#DIV/0!,#N/A
SHK,1151040,شعبان سكر 3.5 كغم,FGWH,مستودع البضاعة الجاهزة,115,191.666,1.66666087,0,-1.66666087,#DIV/0!,#N/A
SHK,1151050,شيخ الكار حليب 1800 غم 1*6,EXPWH,مستودع التوالف,1,0,0,0,0,#DIV/0!,#N/A
SHK,1161001,شيخ الكار قمر الدين 350 غم 1*25,EXPWH,مستودع التوالف,5,0,0,0,0,#DIV/0!,#N/A
SHK,1151138,زيت شمس 14 لتر,FGWH,مستودع البضاعة الجاهزة,50,1004.8,20.096,0,-20.096,#DIV/0!,#N/A
SHK,1141006,لوز حبة كاملة,FGWH,مستودع البضاعة الجاهزة,22.68,136.851,6.033994709,0,-6.033994709,#DIV/0!,#N/A
SHK,1141007,كاجو أنصاف,FGWH,مستودع البضاعة الجاهزة,22.68,107.526,4.741005291,0,-4.741005291,#DIV/0!,#N/A
SHK,1151139,بيض وسخ,FGWH,مستودع البضاعة الجاهزة,2160,534.653,0.247524537,0,-0.247524537,#DIV/0!,#N/A
SHK,1151140,لايت ويف سبراي معطر جو بعطر الأوركيدا 300 مل,FGWH,مستودع البضاعة الجاهزة,120,62.1,0.5175,0,-0.5175,#DIV/0!,#N/A
SHK,1151141,لايت ويف سبراي معطر جو بعطر الياسمين 300 مل,FGWH,مستودع البضاعة الجاهزة,120,62.1,0.5175,0,-0.5175,#DIV/0!,#N/A
SHK,1151142,لايت ويف سبراي معطر جو بعطر اللافندر 300 مل,FGWH,مستودع البضاعة الجاهزة,120,62.1,0.5175,0,-0.5175,#DIV/0!,#N/A
SHK,1151143,لايت ويف سبراي معطر جو بعطر البابايا 300 مل,FGWH,مستودع البضاعة الجاهزة,120,62.1,0.5175,0,-0.5175,#DIV/0!,#N/A
SHK,1151144,لايت ويف سبراي معطر جو بعطر نسيم البحر 300 مل,FGWH,مستودع البضاعة الجاهزة,120,62.1,0.5175,0,-0.5175,#DIV/0!,#N/A
MUWAQQAR,1011090,شيخ الكار طحينية 900 غم 1*12 جديد,MOHWH,مستودع محمد البستنجي - الكرك,279,764.237,1.102216498,2.916,1.813783502,0.622010803,5
MUWAQQAR,1011090,شيخ الكار طحينية 900 غم 1*12 جديد,EXPWH,مستودع التوالف,246,323.577,1.102216498,2.916,1.813783502,0.622010803,5
MUWAQQAR,1011090,شيخ الكار طحينية 900 غم 1*12 جديد,106,مستودع يوسف أحمد -كاش,37,38.613,1.102216498,2.916,1.813783502,0.622010803,5
MUWAQQAR,1011090,شيخ الكار طحينية 900 غم 1*12 جديد,IRBID,مستودع أربد,126,169.493,1.102216498,2.916,1.813783502,0.622010803,5
MUWAQQAR,1011090,شيخ الكار طحينية 900 غم 1*12 جديد,FGWH,مستودع البضاعة الجاهزة حسام,67,-244.92,1.102216498,2.916,1.813783502,0.622010803,5
MUWAQQAR,1011090,شيخ الكار طحينية 900 غم 1*12 جديد,108,مستودع يزن حمدان,24,25.401,1.102216498,2.916,1.813783502,0.622010803,5
MUWAQQAR,1011090,شيخ الكار طحينية 900 غم 1*12 جديد,HOSAM,مستودع عبدالله البستنجي موقر,2306,2312.068,1.102216498,2.916,1.813783502,0.622010803,5
MUWAQQAR,1011090,شيخ الكار طحينية 900 غم 1*12 جديد,101,مستودع قصي ذيب,0.001,11.87,1.102216498,2.916,1.813783502,0.622010803,5
MUWAQQAR,1021038,شيخ الكار حلاوة 700 غم شوكولاته 1*12,MOHWH,مستودع محمد البستنجي - الكرك,96,109.489,0.369803653,1.792,1.422196347,0.793636354,16
MUWAQQAR,1021038,شيخ الكار حلاوة 700 غم شوكولاته 1*12,106,مستودع يوسف أحمد -كاش,27,23.562,0.369803653,1.792,1.422196347,0.793636354,16
MUWAQQAR,1021038,شيخ الكار حلاوة 700 غم شوكولاته 1*12,IRBID,مستودع أربد,132,117.392,0.369803653,1.792,1.422196347,0.793636354,16
MUWAQQAR,1021038,شيخ الكار حلاوة 700 غم شوكولاته 1*12,EXPWH,مستودع التوالف,92,83.784,0.369803653,1.792,1.422196347,0.793636354,16
MUWAQQAR,1021038,شيخ الكار حلاوة 700 غم شوكولاته 1*12,FGWH,مستودع البضاعة الجاهزة حسام,28,-205.192,0.369803653,1.792,1.422196347,0.793636354,16
MUWAQQAR,1021038,شيخ الكار حلاوة 700 غم شوكولاته 1*12,108,مستودع يزن حمدان,22,19.757,0.369803653,1.792,1.422196347,0.793636354,16
MUWAQQAR,1021038,شيخ الكار حلاوة 700 غم شوكولاته 1*12,HOSAM,مستودع عبدالله البستنجي موقر,41,13.182,0.369803653,1.792,1.422196347,0.793636354,16
MUWAQQAR,1021039,شيخ الكار حلاوة 700 غم فستق 1*12,MOHWH,مستودع محمد البستنجي - الكرك,44,19.103,0.630178633,1.792,1.161821367,0.648337817,5
MUWAQQAR,1021039,شيخ الكار حلاوة 700 غم فستق 1*12,102,مستودع عمار عنبة,20,14.76,0.630178633,1.792,1.161821367,0.648337817,5
MUWAQQAR,1021039,شيخ الكار حلاوة 700 غم فستق 1*12,106,مستودع يوسف أحمد -كاش,79,64.833,0.630178633,1.792,1.161821367,0.648337817,5
MUWAQQAR,1021039,شيخ الكار حلاوة 700 غم فستق 1*12,IRBID,مستودع أربد,132,98.375,0.630178633,1.792,1.161821367,0.648337817,5
MUWAQQAR,1021039,شيخ الكار حلاوة 700 غم فستق 1*12,EXPWH,مستودع التوالف,85.552,72.651,0.630178633,1.792,1.161821367,0.648337817,5
MUWAQQAR,1021039,شيخ الكار حلاوة 700 غم فستق 1*12,FGWH,مستودع البضاعة الجاهزة حسام,2026,1232.188,0.630178633,1.792,1.161821367,0.648337817,5
MUWAQQAR,1021039,شيخ الكار حلاوة 700 غم فستق 1*12,108,مستودع يزن حمدان,38,34.884,0.630178633,1.792,1.161821367,0.648337817,5
MUWAQQAR,1021039,شيخ الكار حلاوة 700 غم فستق 1*12,HOSAM,مستودع عبدالله البستنجي موقر,98,60.754,0.630178633,1.792,1.161821367,0.648337817,5
MUWAQQAR,1021039,شيخ الكار حلاوة 700 غم فستق 1*12,101,مستودع قصي ذيب,0.001,-7.889,0.630178633,1.792,1.161821367,0.648337817,5
MUWAQQAR,1021043,شيخ الكار حلاوة 300 غم رشة فستق 1*12,MOHWH,مستودع محمد البستنجي - الكرك,396,236.323,0.342888571,0.854,0.511111429,0.598491134,5
MUWAQQAR,1021043,شيخ الكار حلاوة 300 غم رشة فستق 1*12,106,مستودع يوسف أحمد -كاش,87,33.516,0.342888571,0.854,0.511111429,0.598491134,5
MUWAQQAR,1021043,شيخ الكار حلاوة 300 غم رشة فستق 1*12,IRBID,مستودع أربد,96,42.136,0.342888571,0.854,0.511111429,0.598491134,5
MUWAQQAR,1021043,شيخ الكار حلاوة 300 غم رشة فستق 1*12,EXPWH,مستودع التوالف,169,69.874,0.342888571,0.854,0.511111429,0.598491134,5
MUWAQQAR,1021043,شيخ الكار حلاوة 300 غم رشة فستق 1*12,FGWH,مستودع البضاعة الجاهزة حسام,1351,366.689,0.342888571,0.854,0.511111429,0.598491134,5
MUWAQQAR,1021043,شيخ الكار حلاوة 300 غم رشة فستق 1*12,HOSAM,مستودع عبدالله البستنجي موقر,1,-28.472,0.342888571,0.854,0.511111429,0.598491134,5
MUWAQQAR,1021049,شيخ الكار حلاوة 300 غم شوكولاته 1*12,MOHWH,مستودع محمد البستنجي - الكرك,228,125.253,0.321201841,0.854,0.532798159,0.623885432,16
MUWAQQAR,1021049,شيخ الكار حلاوة 300 غم شوكولاته 1*12,106,مستودع يوسف أحمد -كاش,24,9.695,0.321201841,0.854,0.532798159,0.623885432,16
MUWAQQAR,1021049,شيخ الكار حلاوة 300 غم شوكولاته 1*12,102,مستودع عمار عنبة,1,4.252,0.321201841,0.854,0.532798159,0.623885432,16
MUWAQQAR,1021049,شيخ الكار حلاوة 300 غم شوكولاته 1*12,IRBID,مستودع أربد,60,29.968,0.321201841,0.854,0.532798159,0.623885432,16
MUWAQQAR,1021049,شيخ الكار حلاوة 300 غم شوكولاته 1*12,108,مستودع يزن حمدان,11,4.481,0.321201841,0.854,0.532798159,0.623885432,16
MUWAQQAR,1021049,شيخ الكار حلاوة 300 غم شوكولاته 1*12,EXPWH,مستودع التوالف,7,3.027,0.321201841,0.854,0.532798159,0.623885432,16
MUWAQQAR,1021049,شيخ الكار حلاوة 300 غم شوكولاته 1*12,FGWH,مستودع البضاعة الجاهزة حسام,1081,276.861,0.321201841,0.854,0.532798159,0.623885432,16
MUWAQQAR,1021048,شيخ الكار حلاوة 300 غم سادة 1*12,106,مستودع يوسف أحمد -كاش,13,4.776,0.346087983,0.854,0.507912017,0.59474475,5
MUWAQQAR,1021048,شيخ الكار حلاوة 300 غم سادة 1*12,IRBID,مستودع أربد,120,47.687,0.346087983,0.854,0.507912017,0.59474475,5
MUWAQQAR,1021048,شيخ الكار حلاوة 300 غم سادة 1*12,EXPWH,مستودع التوالف,175,72.611,0.346087983,0.854,0.507912017,0.59474475,5
MUWAQQAR,1021048,شيخ الكار حلاوة 300 غم سادة 1*12,MOHWH,مستودع محمد البستنجي - الكرك,264,132.172,0.346087983,0.854,0.507912017,0.59474475,5
MUWAQQAR,1021048,شيخ الكار حلاوة 300 غم سادة 1*12,108,مستودع يزن حمدان,4,1.47,0.346087983,0.854,0.507912017,0.59474475,5
MUWAQQAR,1021048,شيخ الكار حلاوة 300 غم سادة 1*12,FGWH,مستودع البضاعة الجاهزة حسام,2420,775.707,0.346087983,0.854,0.507912017,0.59474475,5
MUWAQQAR,1021048,شيخ الكار حلاوة 300 غم سادة 1*12,HOSAM,مستودع عبدالله البستنجي موقر,12,4.405,0.346087983,0.854,0.507912017,0.59474475,5
MUWAQQAR,1021048,شيخ الكار حلاوة 300 غم سادة 1*12,101,مستودع قصي ذيب,0.001,2.205,0.346087983,0.854,0.507912017,0.59474475,5
MUWAQQAR,1011081,الوادي طحينية 454 غم 1*12,FGWH,مستودع البضاعة الجاهزة حسام,3480,3132,0.9,0,-0.9,#DIV/0!,#N/A
MUWAQQAR,1011081,الوادي طحينية 454 غم 1*12,EXPWH,مستودع التوالف,14,12.6,0.9,0,-0.9,#DIV/0!,#N/A
MUWAQQAR,1011081,الوادي طحينية 454 غم 1*12,HOSAM,مستودع عبدالله البستنجي موقر,1553,1397.7,0.9,0,-0.9,#DIV/0!,#N/A
MUWAQQAR,1181012,كرتون ميار طحينية 250 غم صواني,SAHABWH,مستودع سحاب,4350,304.5,0.073320718,0,-0.073320718,#DIV/0!,#N/A
MUWAQQAR,1181012,كرتون ميار طحينية 250 غم صواني,PKGWH,مستودع التعبئة والتغليف,5679.364,430.392,0.073320718,0,-0.073320718,#DIV/0!,#N/A
MUWAQQAR,1181012,كرتون ميار طحينية 250 غم صواني,WIP,WIP,92.4,7.243,0.073320718,0,-0.073320718,#DIV/0!,#N/A
MUWAQQAR,1181390,كرتون النور طحينية 500 غم,SAHABWH,مستودع سحاب,1160,220.4,0.189999893,0,-0.189999893,#DIV/0!,#N/A
MUWAQQAR,1181390,كرتون النور طحينية 500 غم,PKGWH,مستودع التعبئة والتغليف,982.917,186.754,0.189999893,0,-0.189999893,#DIV/0!,#N/A
MUWAQQAR,1181393,كرتون النور طحينية 1 كغم,SAHABWH,مستودع سحاب,380,121.008,0.312663174,0,-0.312663174,#DIV/0!,#N/A
MUWAQQAR,1181393,كرتون النور طحينية 1 كغم,PKGWH,مستودع التعبئة والتغليف,492.917,151.921,0.312663174,0,-0.312663174,#DIV/0!,#N/A
MUWAQQAR,1021003,شيخ الكار حلاوة 5 كغم سادة (الولاء) 1*1,FGWH,مستودع البضاعة الجاهزة حسام,874,4918.264,5.723846963,0,-5.723846963,#DIV/0!,#N/A
MUWAQQAR,1021003,شيخ الكار حلاوة 5 كغم سادة (الولاء) 1*1,EXPWH,مستودع التوالف,2,11.201,5.723846963,0,-5.723846963,#DIV/0!,#N/A
MUWAQQAR,1021003,شيخ الكار حلاوة 5 كغم سادة (الولاء) 1*1,HOSAM,مستودع عبدالله البستنجي موقر,1215,7039.099,5.723846963,0,-5.723846963,#DIV/0!,#N/A
MUWAQQAR,1011006,شيخ الكار طحينية 300 غم 1*12 جديد,SAHABWH,مستودع سحاب,1,61.139,0.414702268,0.937,0.522297732,0.557414869,5
MUWAQQAR,1011006,شيخ الكار طحينية 300 غم 1*12 جديد,106,مستودع يوسف أحمد -كاش,48,20.303,0.414702268,0.937,0.522297732,0.557414869,5
MUWAQQAR,1011006,شيخ الكار طحينية 300 غم 1*12 جديد,IRBID,مستودع أربد,132,71.218,0.414702268,0.937,0.522297732,0.557414869,5
MUWAQQAR,1011006,شيخ الكار طحينية 300 غم 1*12 جديد,MOHWH,مستودع محمد البستنجي - الكرك,12,4.928,0.414702268,0.937,0.522297732,0.557414869,5
MUWAQQAR,1011006,شيخ الكار طحينية 300 غم 1*12 جديد,EXPWH,مستودع التوالف,76,39.789,0.414702268,0.937,0.522297732,0.557414869,5
MUWAQQAR,1011006,شيخ الكار طحينية 300 غم 1*12 جديد,108,مستودع يزن حمدان,29,12.31,0.414702268,0.937,0.522297732,0.557414869,5
MUWAQQAR,1011006,شيخ الكار طحينية 300 غم 1*12 جديد,FGWH,مستودع البضاعة الجاهزة حسام,1056,351.158,0.414702268,0.937,0.522297732,0.557414869,5
MUWAQQAR,1011006,شيخ الكار طحينية 300 غم 1*12 جديد,HOSAM,مستودع عبدالله البستنجي موقر,13,6.053,0.414702268,0.937,0.522297732,0.557414869,5
MUWAQQAR,1011005,ميار طحينية 250 غم 1*12,IRBID,مستودع أربد,204,119.958,0.500473823,0.721,0.220526177,0.30586155,5
MUWAQQAR,1011005,ميار طحينية 250 غم 1*12,106,مستودع يوسف أحمد -كاش,66,32.885,0.500473823,0.721,0.220526177,0.30586155,5
MUWAQQAR,1011005,ميار طحينية 250 غم 1*12,MOHWH,مستودع محمد البستنجي - الكرك,312,264.767,0.500473823,0.721,0.220526177,0.30586155,5
MUWAQQAR,1011005,ميار طحينية 250 غم 1*12,FGWH,مستودع البضاعة الجاهزة حسام,2796,1276.827,0.500473823,0.721,0.220526177,0.30586155,5
MUWAQQAR,1011005,ميار طحينية 250 غم 1*12,HOSAM,مستودع عبدالله البستنجي موقر,208,64.682,0.500473823,0.721,0.220526177,0.30586155,5
MUWAQQAR,1011005,ميار طحينية 250 غم 1*12,101,مستودع قصي ذيب,0.001,32.529,0.500473823,0.721,0.220526177,0.30586155,5
MUWAQQAR,1011005,ميار طحينية 250 غم 1*12,EXPWH,مستودع التوالف,24,15.063,0.500473823,0.721,0.220526177,0.30586155,5
MUWAQQAR,1011094,شيخ الكار طحينية 500 غم 1*12,IRBID,مستودع أربد,168,122.197,0.574490803,1.679,1.104509197,0.65783752,5
MUWAQQAR,1011094,شيخ الكار طحينية 500 غم 1*12,106,مستودع يوسف أحمد -كاش,48,31.414,0.574490803,1.679,1.104509197,0.65783752,5
MUWAQQAR,1011094,شيخ الكار طحينية 500 غم 1*12,MOHWH,مستودع محمد البستنجي - الكرك,156,123.599,0.574490803,1.679,1.104509197,0.65783752,5
MUWAQQAR,1011094,شيخ الكار طحينية 500 غم 1*12,108,مستودع يزن حمدان,42,26.526,0.574490803,1.679,1.104509197,0.65783752,5
MUWAQQAR,1011094,شيخ الكار طحينية 500 غم 1*12,FGWH,مستودع البضاعة الجاهزة حسام,1543,804.971,0.574490803,1.679,1.104509197,0.65783752,5
MUWAQQAR,1011094,شيخ الكار طحينية 500 غم 1*12,HOSAM,مستودع عبدالله البستنجي موقر,38,22.968,0.574490803,1.679,1.104509197,0.65783752,5
MUWAQQAR,1011094,شيخ الكار طحينية 500 غم 1*12,EXPWH,مستودع التوالف,63,53.899,0.574490803,1.679,1.104509197,0.65783752,5
MUWAQQAR,1011094,شيخ الكار طحينية 500 غم 1*12,WIP,WIP,8,1.324,0.574490803,1.679,1.104509197,0.65783752,5
MUWAQQAR,1021024,الموسم حلاوة 6 كغم فستق 1*4,IRBID,مستودع أربد,32,267.601,5.687681818,12,6.312318182,0.526026515,5
MUWAQQAR,1021024,الموسم حلاوة 6 كغم فستق 1*4,FGWH,مستودع البضاعة الجاهزة حسام,131,511.788,5.687681818,12,6.312318182,0.526026515,5
MUWAQQAR,1021024,الموسم حلاوة 6 كغم فستق 1*4,106,مستودع يوسف أحمد -كاش,19,147.004,5.687681818,12,6.312318182,0.526026515,5
MUWAQQAR,1021024,الموسم حلاوة 6 كغم فستق 1*4,EXPWH,مستودع التوالف,9,69.01,5.687681818,12,6.312318182,0.526026515,5
MUWAQQAR,1021024,الموسم حلاوة 6 كغم فستق 1*4,MOHWH,مستودع محمد البستنجي - الكرك,51,381.016,5.687681818,12,6.312318182,0.526026515,5
MUWAQQAR,1171028,حلاوة بلك فستق ميار,WIP,WIP,8.14,8.688,1.067321867,0,-1.067321867,#DIV/0!,#N/A
MUWAQQAR,1181378,علب ميار حلاوة 1300 غم رشة فستق,PKGWH,مستودع التعبئة والتغليف,1617,520.411,0.31800577,0,-0.31800577,#DIV/0!,#N/A
MUWAQQAR,1181378,علب ميار حلاوة 1300 غم رشة فستق,WIP,WIP,116,30.693,0.31800577,0,-0.31800577,#DIV/0!,#N/A
MUWAQQAR,1181014,كرتون ميار حلاوة 1300 غم رشة فستق,PKGWH,مستودع التعبئة والتغليف,691,154.074,0.22297151,0,-0.22297151,#DIV/0!,#N/A
MUWAQQAR,1181014,كرتون ميار حلاوة 1300 غم رشة فستق,WIP,WIP,11,2.452,0.22297151,0,-0.22297151,#DIV/0!,#N/A
MUWAQQAR,1021031,ميار حلاوة 1200 غم برش فستق 1*6,FGWH,مستودع البضاعة الجاهزة حسام,1045,1509.429,1.555095078,2.583,1.027904922,0.397950028,5
MUWAQQAR,1021031,ميار حلاوة 1200 غم برش فستق 1*6,IRBID,مستودع أربد,36,59.319,1.555095078,2.583,1.027904922,0.397950028,5
MUWAQQAR,1021031,ميار حلاوة 1200 غم برش فستق 1*6,EXPWH,مستودع التوالف,171,267.927,1.555095078,2.583,1.027904922,0.397950028,5
MUWAQQAR,1021031,ميار حلاوة 1200 غم برش فستق 1*6,106,مستودع يوسف أحمد -كاش,14,22.361,1.555095078,2.583,1.027904922,0.397950028,5
MUWAQQAR,1021031,ميار حلاوة 1200 غم برش فستق 1*6,HOSAM,مستودع عبدالله البستنجي موقر,2887,4450.368,1.555095078,2.583,1.027904922,0.397950028,5
MUWAQQAR,1021031,ميار حلاوة 1200 غم برش فستق 1*6,MOHWH,مستودع محمد البستنجي - الكرك,12,167.567,1.555095078,2.583,1.027904922,0.397950028,5
MUWAQQAR,1021041,شيخ الكار حلاوة 700 غم سادة 1*12,FGWH,مستودع البضاعة الجاهزة حسام,1239,508.635,0.448362821,1.604,1.155637179,0.720472057,5
MUWAQQAR,1021041,شيخ الكار حلاوة 700 غم سادة 1*12,MOHWH,مستودع محمد البستنجي - الكرك,120,93.038,0.448362821,1.604,1.155637179,0.720472057,5
MUWAQQAR,1021041,شيخ الكار حلاوة 700 غم سادة 1*12,106,مستودع يوسف أحمد -كاش,12,9.328,0.448362821,1.604,1.155637179,0.720472057,5
MUWAQQAR,1021041,شيخ الكار حلاوة 700 غم سادة 1*12,EXPWH,مستودع التوالف,41,31.198,0.448362821,1.604,1.155637179,0.720472057,5
MUWAQQAR,1021041,شيخ الكار حلاوة 700 غم سادة 1*12,IRBID,مستودع أربد,94,80.204,0.448362821,1.604,1.155637179,0.720472057,5
MUWAQQAR,1021041,شيخ الكار حلاوة 700 غم سادة 1*12,108,مستودع يزن حمدان,11,10.447,0.448362821,1.604,1.155637179,0.720472057,5
MUWAQQAR,1021041,شيخ الكار حلاوة 700 غم سادة 1*12,HOSAM,مستودع عبدالله البستنجي موقر,43,-33.404,0.448362821,1.604,1.155637179,0.720472057,5
MUWAQQAR,1021052,شيخ الكار حلاوة 4 كغم سادة تنك 1*1,FGWH,مستودع البضاعة الجاهزة حسام,127,280.918,4.197793103,9,4.802206897,0.533578544,5
MUWAQQAR,1021052,شيخ الكار حلاوة 4 كغم سادة تنك 1*1,IRBID,مستودع أربد,6,16.607,4.197793103,9,4.802206897,0.533578544,5
MUWAQQAR,1021052,شيخ الكار حلاوة 4 كغم سادة تنك 1*1,106,مستودع يوسف أحمد -كاش,2,5.536,4.197793103,9,4.802206897,0.533578544,5
MUWAQQAR,1021052,شيخ الكار حلاوة 4 كغم سادة تنك 1*1,EXPWH,مستودع التوالف,21,83.079,4.197793103,9,4.802206897,0.533578544,5
MUWAQQAR,1021052,شيخ الكار حلاوة 4 كغم سادة تنك 1*1,MOHWH,مستودع محمد البستنجي - الكرك,47,466.012,4.197793103,9,4.802206897,0.533578544,5
MUWAQQAR,1011007,ميار طحينية 900 غم مطرة 1*12,FGWH,مستودع البضاعة الجاهزة حسام,4604,6460.187,1.415619882,2.562,1.146380118,0.447455159,5
MUWAQQAR,1011007,ميار طحينية 900 غم مطرة 1*12,MOHWH,مستودع محمد البستنجي - الكرك,96,197.896,1.415619882,2.562,1.146380118,0.447455159,5
MUWAQQAR,1011007,ميار طحينية 900 غم مطرة 1*12,106,مستودع يوسف أحمد -كاش,37,52.136,1.415619882,2.562,1.146380118,0.447455159,5
MUWAQQAR,1011007,ميار طحينية 900 غم مطرة 1*12,EXPWH,مستودع التوالف,11,15.428,1.415619882,2.562,1.146380118,0.447455159,5
MUWAQQAR,1011007,ميار طحينية 900 غم مطرة 1*12,IRBID,مستودع أربد,120,167.148,1.415619882,2.562,1.146380118,0.447455159,5
MUWAQQAR,1011007,ميار طحينية 900 غم مطرة 1*12,101,مستودع قصي ذيب,0.001,-1.556,1.415619882,2.562,1.146380118,0.447455159,5
MUWAQQAR,1011020,شيخ الكار طحينية 800 غم 1*12,FGWH,مستودع البضاعة الجاهزة حسام,1972,1422.841,0.899832805,2.667,1.767167195,0.662604872,5
MUWAQQAR,1011020,شيخ الكار طحينية 800 غم 1*12,EXPWH,مستودع التوالف,61,67.18,0.899832805,2.667,1.767167195,0.662604872,5
MUWAQQAR,1011020,شيخ الكار طحينية 800 غم 1*12,HOSAM,مستودع عبدالله البستنجي موقر,3649,3622.829,0.899832805,2.667,1.767167195,0.662604872,5
MUWAQQAR,1021060,شيخ الكار حلاوة 1300 غم فستق 1*6,EXPWH,مستودع التوالف,83,149.331,1.519134268,3.167,1.647865732,0.520323881,5
MUWAQQAR,1021060,شيخ الكار حلاوة 1300 غم فستق 1*6,IRBID,مستودع أربد,82,145.386,1.519134268,3.167,1.647865732,0.520323881,5
MUWAQQAR,1021060,شيخ الكار حلاوة 1300 غم فستق 1*6,FGWH,مستودع البضاعة الجاهزة حسام,903,1319.941,1.519134268,3.167,1.647865732,0.520323881,5
MUWAQQAR,1021060,شيخ الكار حلاوة 1300 غم فستق 1*6,MOHWH,مستودع محمد البستنجي - الكرك,6,-16.572,1.519134268,3.167,1.647865732,0.520323881,5
MUWAQQAR,1021060,شيخ الكار حلاوة 1300 غم فستق 1*6,106,مستودع يوسف أحمد -كاش,27,44.919,1.519134268,3.167,1.647865732,0.520323881,5
MUWAQQAR,1021060,شيخ الكار حلاوة 1300 غم فستق 1*6,108,مستودع يزن حمدان,11,18.965,1.519134268,3.167,1.647865732,0.520323881,5
MUWAQQAR,1021060,شيخ الكار حلاوة 1300 غم فستق 1*6,HOSAM,مستودع عبدالله البستنجي موقر,2098,3214.451,1.519134268,3.167,1.647865732,0.520323881,5
MUWAQQAR,1011091,شيخ الكار طحينية 700 غم 1*12,106,مستودع يوسف أحمد -كاش,53,62.821,0.852021769,2.291,1.438978231,0.628100493,5
MUWAQQAR,1011091,شيخ الكار طحينية 700 غم 1*12,107,مستودع حسن المشايخ,0.001,0.008,0.852021769,2.291,1.438978231,0.628100493,5
MUWAQQAR,1011091,شيخ الكار طحينية 700 غم 1*12,MOHWH,مستودع محمد البستنجي - الكرك,96,125.287,0.852021769,2.291,1.438978231,0.628100493,5
MUWAQQAR,1011091,شيخ الكار طحينية 700 غم 1*12,IRBID,مستودع أربد,204,240.115,0.852021769,2.291,1.438978231,0.628100493,5
MUWAQQAR,1011091,شيخ الكار طحينية 700 غم 1*12,108,مستودع يزن حمدان,48,50.925,0.852021769,2.291,1.438978231,0.628100493,5
MUWAQQAR,1011091,شيخ الكار طحينية 700 غم 1*12,FGWH,مستودع البضاعة الجاهزة حسام,1570,1182.106,0.852021769,2.291,1.438978231,0.628100493,5
MUWAQQAR,1011091,شيخ الكار طحينية 700 غم 1*12,HOSAM,مستودع عبدالله البستنجي موقر,202,-52.183,0.852021769,2.291,1.438978231,0.628100493,5
MUWAQQAR,1011091,شيخ الكار طحينية 700 غم 1*12,EXPWH,مستودع التوالف,79,97.411,0.852021769,2.291,1.438978231,0.628100493,5
MUWAQQAR,1011091,شيخ الكار طحينية 700 غم 1*12,WIP,WIP,1200,1234.69,0.852021769,2.291,1.438978231,0.628100493,5
MUWAQQAR,1021011,شيخ الكار حلاوة 6 كغم فستق 1*4,IRBID,مستودع أربد,14,92.245,5.390338172,15,9.609661828,0.640644122,5
MUWAQQAR,1021011,شيخ الكار حلاوة 6 كغم فستق 1*4,MOHWH,مستودع محمد البستنجي - الكرك,1,112.77,5.390338172,15,9.609661828,0.640644122,5
MUWAQQAR,1021011,شيخ الكار حلاوة 6 كغم فستق 1*4,103,مستودع أحمد أبو حشيش,0.001,0.007,5.390338172,15,9.609661828,0.640644122,5
MUWAQQAR,1021011,شيخ الكار حلاوة 6 كغم فستق 1*4,106,مستودع يوسف أحمد -كاش,26,161.925,5.390338172,15,9.609661828,0.640644122,5
MUWAQQAR,1021011,شيخ الكار حلاوة 6 كغم فستق 1*4,108,مستودع يزن حمدان,4,25.585,5.390338172,15,9.609661828,0.640644122,5
MUWAQQAR,1021011,شيخ الكار حلاوة 6 كغم فستق 1*4,FGWH,مستودع البضاعة الجاهزة حسام,56,117.93,5.390338172,15,9.609661828,0.640644122,5
MUWAQQAR,1021011,شيخ الكار حلاوة 6 كغم فستق 1*4,HOSAM,مستودع عبدالله البستنجي موقر,4,24.511,5.390338172,15,9.609661828,0.640644122,5
MUWAQQAR,1021011,شيخ الكار حلاوة 6 كغم فستق 1*4,EXPWH,مستودع التوالف,21,144.215,5.390338172,15,9.609661828,0.640644122,5
MUWAQQAR,1171017,طحينية بلك ميار - موسم  كروما,WIP,WIP,4517.858,-267626.242,-59.23741782,0,59.23741782,#DIV/0!,#N/A
MUWAQQAR,1181328,تنك الموسم طحينية 9 كغم -فارغ,PKGWH,مستودع التعبئة والتغليف,130,162.459,1.249684615,0,-1.249684615,#DIV/0!,#N/A
MUWAQQAR,1181357,"سطل متعدد طحينية 18 كغم سادة (زيدان،الوادي،نابت)",PKGWH,مستودع التعبئة والتغليف,2207,3521.554,1.595629361,0,-1.595629361,#DIV/0!,#N/A
MUWAQQAR,1141002,سمسم خام,RMWH,مستودع المواد الاولية,187.683,163917.192,873.3726123,0,-873.3726123,#DIV/0!,#N/A
MUWAQQAR,1171006,ملح,RMWH,مستودع المواد الاولية,39960.137,703.341,0.017285199,0,-0.017285199,#DIV/0!,#N/A
MUWAQQAR,1171006,ملح,SAHABWH,مستودع سحاب,400,-5.708,0.017285199,0,-0.017285199,#DIV/0!,#N/A
MUWAQQAR,1171015,طحينية بلك شيخ الكار حجر,WIP,WIP,39975.146,38928.487,0.973817256,0,-0.973817256,#DIV/0!,#N/A
MUWAQQAR,1021046,شيخ الكار حلاوة 300 غم كاجو 1*12,107,مستودع حسن المشايخ,0.001,-0.036,0.415154986,0.854,0.438845014,0.513870039,5
MUWAQQAR,1021046,شيخ الكار حلاوة 300 غم كاجو 1*12,FGWH,مستودع البضاعة الجاهزة حسام,320,128.727,0.415154986,0.854,0.438845014,0.513870039,5
MUWAQQAR,1021046,شيخ الكار حلاوة 300 غم كاجو 1*12,HOSAM,مستودع عبدالله البستنجي موقر,1,0.44,0.415154986,0.854,0.438845014,0.513870039,5
MUWAQQAR,1021046,شيخ الكار حلاوة 300 غم كاجو 1*12,EXPWH,مستودع التوالف,57,27.798,0.415154986,0.854,0.438845014,0.513870039,5
MUWAQQAR,1181054,مرتبان الموسم طحينية 250 غم,WIP,WIP,1608,144.72,0.102605944,0,-0.102605944,#DIV/0!,#N/A
MUWAQQAR,1181054,مرتبان الموسم طحينية 250 غم,PKGWH,مستودع التعبئة والتغليف,4650,497.388,0.102605944,0,-0.102605944,#DIV/0!,#N/A
MUWAQQAR,1181001,كرتون متعدد طحينية 300 اكسترا,WIP,WIP,132.784,26.291,0.197999606,0,-0.197999606,#DIV/0!,#N/A
MUWAQQAR,1181001,كرتون متعدد طحينية 300 اكسترا,PKGWH,مستودع التعبئة والتغليف,374.616,74.174,0.197999606,0,-0.197999606,#DIV/0!,#N/A
MUWAQQAR,1011093,الموسم طحينية 250 غم 1*12,FGWH,مستودع البضاعة الجاهزة حسام,4080,1833.422,0.455653959,0,-0.455653959,#DIV/0!,#N/A
MUWAQQAR,1011093,الموسم طحينية 250 غم 1*12,HOSAM,مستودع عبدالله البستنجي موقر,12,31.114,0.455653959,0,-0.455653959,#DIV/0!,#N/A
MUWAQQAR,1181008,كرتون متعدد طحينية 800 غم اكسترا فاخرة,PKGWH,مستودع التعبئة والتغليف,2737.044,568.422,0.208523648,0,-0.208523648,#DIV/0!,#N/A
MUWAQQAR,1181008,كرتون متعدد طحينية 800 غم اكسترا فاخرة,WIP,WIP,110,25.254,0.208523648,0,-0.208523648,#DIV/0!,#N/A
MUWAQQAR,1181037,مرتبان الموسم طحينية 800 غم,PKGWH,مستودع التعبئة والتغليف,1868,258.343,0.118379862,0,-0.118379862,#DIV/0!,#N/A
MUWAQQAR,1181037,مرتبان الموسم طحينية 800 غم,WIP,WIP,1320,119.052,0.118379862,0,-0.118379862,#DIV/0!,#N/A
MUWAQQAR,1181117,كرتون شيخ الكار طحينية 800 غم,PKGWH,مستودع التعبئة والتغليف,2377,617.116,0.259203824,0,-0.259203824,#DIV/0!,#N/A
MUWAQQAR,1181117,كرتون شيخ الكار طحينية 800 غم,WIP,WIP,81,20.007,0.259203824,0,-0.259203824,#DIV/0!,#N/A
MUWAQQAR,1181196,مرتبان شيخ الكار طحينية 800 غم,PKGWH,مستودع التعبئة والتغليف,4202,651.219,0.154926448,0,-0.154926448,#DIV/0!,#N/A
MUWAQQAR,1181196,مرتبان شيخ الكار طحينية 800 غم,WIP,WIP,978,151.3,0.154926448,0,-0.154926448,#DIV/0!,#N/A
MUWAQQAR,1011008,ميار طحينية 550 غم 1*12,MOHWH,مستودع محمد البستنجي - الكرك,180,193.337,0.74132244,1.333,0.59167756,0.443869137,5
MUWAQQAR,1011008,ميار طحينية 550 غم 1*12,FGWH,مستودع البضاعة الجاهزة حسام,1176,809.03,0.74132244,1.333,0.59167756,0.443869137,5
MUWAQQAR,1011008,ميار طحينية 550 غم 1*12,HOSAM,مستودع عبدالله البستنجي موقر,19,16.678,0.74132244,1.333,0.59167756,0.443869137,5
MUWAQQAR,1011008,ميار طحينية 550 غم 1*12,EXPWH,مستودع التوالف,2,1.756,0.74132244,1.333,0.59167756,0.443869137,5
MUWAQQAR,1021161,الموسم حلاوة 1200 غم برش فستق 1*6,MOHWH,مستودع محمد البستنجي - الكرك,72,82.042,1.251962186,2.583,1.331037814,0.515306935,#N/A
MUWAQQAR,1021161,الموسم حلاوة 1200 غم برش فستق 1*6,HOSAM,مستودع عبدالله البستنجي موقر,2,2.962,1.251962186,2.583,1.331037814,0.515306935,#N/A
MUWAQQAR,1021161,الموسم حلاوة 1200 غم برش فستق 1*6,101,مستودع قصي ذيب,0.001,0.495,1.251962186,2.583,1.331037814,0.515306935,#N/A
MUWAQQAR,1021161,الموسم حلاوة 1200 غم برش فستق 1*6,WIP,WIP,3,8.842,1.251962186,2.583,1.331037814,0.515306935,#N/A
MUWAQQAR,1021161,الموسم حلاوة 1200 غم برش فستق 1*6,EXPWH,مستودع التوالف,9,13.329,1.251962186,2.583,1.331037814,0.515306935,#N/A
MUWAQQAR,1171030,حلاوة بلك ملوكي شيخ الكار,WIP,WIP,44.3,68.906,1.555440181,0,-1.555440181,#DIV/0!,#N/A
MUWAQQAR,1181460,علب شيخ الكار حلاوة 800 غم ملوكي,PKGWH,مستودع التعبئة والتغليف,2125,318.75,0.15,0,-0.15,#DIV/0!,#N/A
MUWAQQAR,1021059,شيخ الكار حلاوة 800 غم ملوكية بالمكسرات 1*12,FGWH,مستودع البضاعة الجاهزة حسام,2,6.414,1.319526502,3.229,1.909473498,0.591351347,5
MUWAQQAR,1021059,شيخ الكار حلاوة 800 غم ملوكية بالمكسرات 1*12,EXPWH,مستودع التوالف,4,5.201,1.319526502,3.229,1.909473498,0.591351347,5
MUWAQQAR,1021059,شيخ الكار حلاوة 800 غم ملوكية بالمكسرات 1*12,HOSAM,مستودع عبدالله البستنجي موقر,277,361.811,1.319526502,3.229,1.909473498,0.591351347,5
MUWAQQAR,1171031,حلاوة بلك فستق شيخ الكار,WIP,WIP,1263.1,1230.564,0.974241153,0,-0.974241153,#DIV/0!,#N/A
MUWAQQAR,1181435,علب شيخ الكار حلاوة 2300 غم فستق,WIP,WIP,3,0.694,0.357914307,0,-0.357914307,#DIV/0!,#N/A
MUWAQQAR,1181435,علب شيخ الكار حلاوة 2300 غم فستق,PKGWH,مستودع التعبئة والتغليف,1339,479.627,0.357914307,0,-0.357914307,#DIV/0!,#N/A
MUWAQQAR,1021063,شيخ الكار حلاوة 2300 غم فستق 1*4,FGWH,مستودع البضاعة الجاهزة حسام,543,1031.663,2.226706703,5.5,3.273293297,0.595144236,5
MUWAQQAR,1021063,شيخ الكار حلاوة 2300 غم فستق 1*4,EXPWH,مستودع التوالف,71,217.346,2.226706703,5.5,3.273293297,0.595144236,5
MUWAQQAR,1021063,شيخ الكار حلاوة 2300 غم فستق 1*4,106,مستودع يوسف أحمد -كاش,15,43.157,2.226706703,5.5,3.273293297,0.595144236,5
MUWAQQAR,1021063,شيخ الكار حلاوة 2300 غم فستق 1*4,IRBID,مستودع أربد,46,132.293,2.226706703,5.5,3.273293297,0.595144236,5
MUWAQQAR,1021063,شيخ الكار حلاوة 2300 غم فستق 1*4,108,مستودع يزن حمدان,8,22.434,2.226706703,5.5,3.273293297,0.595144236,5
MUWAQQAR,1021063,شيخ الكار حلاوة 2300 غم فستق 1*4,MOHWH,مستودع محمد البستنجي - الكرك,40,202.314,2.226706703,5.5,3.273293297,0.595144236,5
MUWAQQAR,1021063,شيخ الكار حلاوة 2300 غم فستق 1*4,HOSAM,مستودع عبدالله البستنجي موقر,4,-28.179,2.226706703,5.5,3.273293297,0.595144236,5
MUWAQQAR,1021063,شيخ الكار حلاوة 2300 غم فستق 1*4,101,مستودع قصي ذيب,0.001,-2.21,2.226706703,5.5,3.273293297,0.595144236,5
MUWAQQAR,1171022,حلاوة بلك سادة شيخ الكار,WIP,WIP,1892.011,1349.804,0.713422914,0,-0.713422914,#DIV/0!,#N/A
MUWAQQAR,1181305,تنك شيخ الكار حلاوة 4 كغم سادة نصاصي,PKGWH,مستودع التعبئة والتغليف,560,616.044,1.100078571,0,-1.100078571,#DIV/0!,#N/A
MUWAQQAR,1181458,علب شيخ الكار حلاوة 800 غم فستق,PKGWH,مستودع التعبئة والتغليف,20298,3224.26,0.158846192,0,-0.158846192,#DIV/0!,#N/A
MUWAQQAR,1021062,شيخ الكار حلاوة 800 غم فستق 1*12,FGWH,مستودع البضاعة الجاهزة حسام,252.001,156.459,0.904810334,2.25,1.345189666,0.597862074,5
MUWAQQAR,1021062,شيخ الكار حلاوة 800 غم فستق 1*12,HOSAM,مستودع عبدالله البستنجي موقر,2214,2074.764,0.904810334,2.25,1.345189666,0.597862074,5
MUWAQQAR,1021062,شيخ الكار حلاوة 800 غم فستق 1*12,EXPWH,مستودع التوالف,1,0.945,0.904810334,2.25,1.345189666,0.597862074,5
MUWAQQAR,1011019,شيخ الكار طحينية 900 غم قارورة 1*12,EXPWH,مستودع التوالف,3,3.072,3.84071976,0,-3.84071976,#DIV/0!,#N/A
MUWAQQAR,1011019,شيخ الكار طحينية 900 غم قارورة 1*12,SAHABWH,مستودع سحاب,0.001,8.454,3.84071976,0,-3.84071976,#DIV/0!,#N/A
MUWAQQAR,1141004,سمسم جاهز كعك 50 كغم,SAHABWH,مستودع سحاب,14.68,1686.761,61.5322269,105,43.4677731,0.413978791,#N/A
MUWAQQAR,1141004,سمسم جاهز كعك 50 كغم,FGWH,مستودع البضاعة الجاهزة حسام,123,6784.996,61.5322269,105,43.4677731,0.413978791,#N/A
MUWAQQAR,1011027,شيخ الكار طحينية 18 كغم تنك 1*1,MOHWH,مستودع محمد البستنجي - الكرك,5,317.468,14.98560202,48,33.01439798,0.687799958,5
MUWAQQAR,1011027,شيخ الكار طحينية 18 كغم تنك 1*1,FGWH,مستودع البضاعة الجاهزة حسام,279,3050.749,14.98560202,48,33.01439798,0.687799958,5
MUWAQQAR,1011027,شيخ الكار طحينية 18 كغم تنك 1*1,EXPWH,مستودع التوالف,2,50.568,14.98560202,48,33.01439798,0.687799958,5
MUWAQQAR,1011027,شيخ الكار طحينية 18 كغم تنك 1*1,HOSAM,مستودع عبدالله البستنجي موقر,209,3999.088,14.98560202,48,33.01439798,0.687799958,5
MUWAQQAR,1021020,ميار حلاوة 2200 غم برش فستق 1*4,EXPWH,مستودع التوالف,39,98.622,2.523956332,4.75,2.226043668,0.468640772,5
MUWAQQAR,1021020,ميار حلاوة 2200 غم برش فستق 1*4,MOHWH,مستودع محمد البستنجي - الكرك,132,291.003,2.523956332,4.75,2.226043668,0.468640772,5
MUWAQQAR,1021020,ميار حلاوة 2200 غم برش فستق 1*4,106,مستودع يوسف أحمد -كاش,12,31.124,2.523956332,4.75,2.226043668,0.468640772,5
MUWAQQAR,1021020,ميار حلاوة 2200 غم برش فستق 1*4,IRBID,مستودع أربد,16,36.928,2.523956332,4.75,2.226043668,0.468640772,5
MUWAQQAR,1021020,ميار حلاوة 2200 غم برش فستق 1*4,FGWH,مستودع البضاعة الجاهزة حسام,717,1854.267,2.523956332,4.75,2.226043668,0.468640772,5
MUWAQQAR,1021047,شيخ الكار حلاوة 400 غم سادة دايت 1*12,106,مستودع يوسف أحمد -كاش,29,25.708,0.949980989,3,2.050019011,0.68333967,5
MUWAQQAR,1021047,شيخ الكار حلاوة 400 غم سادة دايت 1*12,IRBID,مستودع أربد,166,156.946,0.949980989,3,2.050019011,0.68333967,5
MUWAQQAR,1021047,شيخ الكار حلاوة 400 غم سادة دايت 1*12,108,مستودع يزن حمدان,30,26.775,0.949980989,3,2.050019011,0.68333967,5
MUWAQQAR,1021047,شيخ الكار حلاوة 400 غم سادة دايت 1*12,EXPWH,مستودع التوالف,280,265.049,0.949980989,3,2.050019011,0.68333967,5
MUWAQQAR,1021047,شيخ الكار حلاوة 400 غم سادة دايت 1*12,FGWH,مستودع البضاعة الجاهزة حسام,1049,994.602,0.949980989,3,2.050019011,0.68333967,5
MUWAQQAR,1021047,شيخ الكار حلاوة 400 غم سادة دايت 1*12,MOHWH,مستودع محمد البستنجي - الكرك,24,29.99,0.949980989,3,2.050019011,0.68333967,5
MUWAQQAR,1171010,جلوكوز,RMWH,مستودع المواد الاولية,56830.363,19070.152,0.335576057,0,-0.335576057,#DIV/0!,#N/A
MUWAQQAR,1171010,جلوكوز,EXPWH,مستودع التوالف,31,11.16,0.335576057,0,-0.335576057,#DIV/0!,#N/A
MUWAQQAR,1171014,عرق حلاوة,RMWH,مستودع المواد الاولية,0.413,11.027,1.029998927,0,-1.029998927,#DIV/0!,#N/A
MUWAQQAR,1171014,عرق حلاوة,WIP,WIP,0.252,0.38,1.029998927,0,-1.029998927,#DIV/0!,#N/A
MUWAQQAR,1171014,عرق حلاوة,SAHABWH,مستودع سحاب,360.198,359.124,1.029998927,0,-1.029998927,#DIV/0!,#N/A
MUWAQQAR,1171014,عرق حلاوة,EXPWH,مستودع التوالف,2.45,3.681,1.029998927,0,-1.029998927,#DIV/0!,#N/A
MUWAQQAR,1081001,سكر 50 كعم 20*50,RMWH,مستودع المواد الاولية,219.734,81876.716,372.7534804,0,-372.7534804,#DIV/0!,#N/A
MUWAQQAR,1081001,سكر 50 كعم 20*50,WIP,WIP,0.006,32.103,372.7534804,0,-372.7534804,#DIV/0!,#N/A
MUWAQQAR,1081001,سكر 50 كعم 20*50,EXPWH,مستودع التوالف,0.06,22.396,372.7534804,0,-372.7534804,#DIV/0!,#N/A
MUWAQQAR,1171008,مثبت,RMWH,مستودع المواد الاولية,4899.481,7216.935,1.473000034,0,-1.473000034,#DIV/0!,#N/A
MUWAQQAR,1171008,مثبت,WIP,WIP,3797.715,5594.035,1.473000034,0,-1.473000034,#DIV/0!,#N/A
MUWAQQAR,1171005,فانيلا,RMWH,مستودع المواد الاولية,84.644,1241.387,14.66598944,0,-14.66598944,#DIV/0!,#N/A
MUWAQQAR,1171005,فانيلا,WIP,WIP,0.015,0.221,14.66598944,0,-14.66598944,#DIV/0!,#N/A
MUWAQQAR,1171001,ملح ليمون,RMWH,مستودع المواد الاولية,814.03,691.043,0.848891678,0,-0.848891678,#DIV/0!,#N/A
MUWAQQAR,1171001,ملح ليمون,WIP,WIP,0.174,0.128,0.848891678,0,-0.848891678,#DIV/0!,#N/A
MUWAQQAR,1171020,حلاوة بلك سادة ميار - موسم,WIP,WIP,3074.834,2612.803,0.849737905,0,-0.849737905,#DIV/0!,#N/A
MUWAQQAR,1181349,جاط شيخ الكار حلاوة 5 كغم سادة (الولاء) غطاء احمر,WIP,WIP,42,-3.906,0.735053639,0,-0.735053639,#DIV/0!,#N/A
MUWAQQAR,1181349,جاط شيخ الكار حلاوة 5 كغم سادة (الولاء) غطاء احمر,PKGWH,مستودع التعبئة والتغليف,100,1.991,0.735053639,0,-0.735053639,#DIV/0!,#N/A
MUWAQQAR,1181349,جاط شيخ الكار حلاوة 5 كغم سادة (الولاء) غطاء احمر,SAHABWH,مستودع سحاب,2766,2141.161,0.735053639,0,-0.735053639,#DIV/0!,#N/A
MUWAQQAR,1181349,جاط شيخ الكار حلاوة 5 كغم سادة (الولاء) غطاء احمر,EXPWH,مستودع التوالف,19,12.256,0.735053639,0,-0.735053639,#DIV/0!,#N/A
MUWAQQAR,1181029,كرتون متعدد حلاوة 5 كغم تبروير ولاء,WIP,WIP,12,1.136,0.391059717,0,-0.391059717,#DIV/0!,#N/A
MUWAQQAR,1181029,كرتون متعدد حلاوة 5 كغم تبروير ولاء,PKGWH,مستودع التعبئة والتغليف,550.5,152.42,0.391059717,0,-0.391059717,#DIV/0!,#N/A
MUWAQQAR,1181029,كرتون متعدد حلاوة 5 كغم تبروير ولاء,SAHABWH,مستودع سحاب,2133,900.692,0.391059717,0,-0.391059717,#DIV/0!,#N/A
MUWAQQAR,1181029,كرتون متعدد حلاوة 5 كغم تبروير ولاء,EXPWH,مستودع التوالف,4.75,1.711,0.391059717,0,-0.391059717,#DIV/0!,#N/A
MUWAQQAR,1171011,فستق حلبي,RMWH,مستودع المواد الاولية,288.1,10600.015,17.76833005,0,-17.76833005,#DIV/0!,#N/A
MUWAQQAR,1171011,فستق حلبي,SAHABWH,مستودع سحاب,3421,55526.762,17.76833005,0,-17.76833005,#DIV/0!,#N/A
MUWAQQAR,1171011,فستق حلبي,WIP,WIP,0.138,-219.812,17.76833005,0,-17.76833005,#DIV/0!,#N/A
MUWAQQAR,1171003,كاكاو,RMWH,مستودع المواد الاولية,251.43,1508.58,6,0,-6,#DIV/0!,#N/A
MUWAQQAR,1171003,كاكاو,WIP,WIP,1.284,7.704,6,0,-6,#DIV/0!,#N/A
MUWAQQAR,1171026,حلاوة بلك شوكولاته شيخ الكار,WIP,WIP,220.42,191.542,0.86898648,0,-0.86898648,#DIV/0!,#N/A
MUWAQQAR,1171012,مكسرات مشكلة,RMWH,مستودع المواد الاولية,27.04,182.237,6.160358005,0,-6.160358005,#DIV/0!,#N/A
MUWAQQAR,1171012,مكسرات مشكلة,SAHABWH,مستودع سحاب,22.68,124.056,6.160358005,0,-6.160358005,#DIV/0!,#N/A
MUWAQQAR,1181043,مرتبان النور طحينية 500 غم,PKGWH,مستودع التعبئة والتغليف,3323,511.94,0.154059585,0,-0.154059585,#DIV/0!,#N/A
MUWAQQAR,1181301,تنك شيخ الكار طحينية 18 كغم -فارغ,PKGWH,مستودع التعبئة والتغليف,285,395.55,1.395344118,0,-1.395344118,#DIV/0!,#N/A
MUWAQQAR,1181301,تنك شيخ الكار طحينية 18 كغم -فارغ,SAHABWH,مستودع سحاب,50,72.825,1.395344118,0,-1.395344118,#DIV/0!,#N/A
MUWAQQAR,1181301,تنك شيخ الكار طحينية 18 كغم -فارغ,WIP,WIP,5,6.042,1.395344118,0,-1.395344118,#DIV/0!,#N/A
MUWAQQAR,1181317,تنك الموسم طحينية 10 كغم -فارغ,PKGWH,مستودع التعبئة والتغليف,507,608.4,1.2,0,-1.2,#DIV/0!,#N/A
MUWAQQAR,1181067,كرتون شيخ الكار حلاوة 1300 غم فستق,PKGWH,مستودع التعبئة والتغليف,0.459,0.092,0.200965277,0,-0.200965277,#DIV/0!,#N/A
MUWAQQAR,1181067,كرتون شيخ الكار حلاوة 1300 غم فستق,WIP,WIP,7,1.407,0.200965277,0,-0.200965277,#DIV/0!,#N/A
MUWAQQAR,1181280,علب شيخ الكار حلاوة 1300 غم فستق,PKGWH,مستودع التعبئة والتغليف,4245,1346.079,0.316845487,0,-0.316845487,#DIV/0!,#N/A
MUWAQQAR,1181280,علب شيخ الكار حلاوة 1300 غم فستق,WIP,WIP,20,5.267,0.316845487,0,-0.316845487,#DIV/0!,#N/A
MUWAQQAR,1181020,"كرتون متعدد حلاوة 1800 كغم (فستق،سادة،شوكولاتة)",PKGWH,مستودع التعبئة والتغليف,247,38.779,0.157,0,-0.157,#DIV/0!,#N/A
MUWAQQAR,1181433,علب شيخ الكار حلاوة 1800 غم فستق,PKGWH,مستودع التعبئة والتغليف,1791,239.994,0.134,0,-0.134,#DIV/0!,#N/A
MUWAQQAR,1021066,شيخ الكار حلاوة 1800 غم فستق 1*6,FGWH,مستودع البضاعة الجاهزة حسام,162,214.221,1.642264317,4.75,3.107735683,0.654260144,5
MUWAQQAR,1021066,شيخ الكار حلاوة 1800 غم فستق 1*6,106,مستودع يوسف أحمد -كاش,11,29.984,1.642264317,4.75,3.107735683,0.654260144,5
MUWAQQAR,1021066,شيخ الكار حلاوة 1800 غم فستق 1*6,IRBID,مستودع أربد,12,39.078,1.642264317,4.75,3.107735683,0.654260144,5
MUWAQQAR,1021066,شيخ الكار حلاوة 1800 غم فستق 1*6,EXPWH,مستودع التوالف,42,89.511,1.642264317,4.75,3.107735683,0.654260144,5
MUWAQQAR,1181113,"كرتون شيخ الكار حلاوة 700/800 غم (فستق،سادة،شوكولاتة،ملوكي) دمعة",PKGWH,مستودع التعبئة والتغليف,818.382,161.22,0.196998133,0,-0.196998133,#DIV/0!,#N/A
MUWAQQAR,1181113,"كرتون شيخ الكار حلاوة 700/800 غم (فستق،سادة،شوكولاتة،ملوكي) دمعة",WIP,WIP,3.24,0.638,0.196998133,0,-0.196998133,#DIV/0!,#N/A
MUWAQQAR,1181423,علب شيخ الكار حلاوة 700 غم فستق,PKGWH,مستودع التعبئة والتغليف,2510,424.228,0.166936609,0,-0.166936609,#DIV/0!,#N/A
MUWAQQAR,1181423,علب شيخ الكار حلاوة 700 غم فستق,WIP,WIP,156,20.825,0.166936609,0,-0.166936609,#DIV/0!,#N/A
MUWAQQAR,1181422,علب شيخ الكار حلاوة 700 غم شوكولاتة,PKGWH,مستودع التعبئة والتغليف,8878,1491.668,0.16656326,0,-0.16656326,#DIV/0!,#N/A
MUWAQQAR,1181422,علب شيخ الكار حلاوة 700 غم شوكولاتة,WIP,WIP,6,-11.92,0.16656326,0,-0.16656326,#DIV/0!,#N/A
MUWAQQAR,1181308,جاط شفاف حلاوة 1 كغم ملوكي تبروير دائري,PKGWH,مستودع التعبئة والتغليف,949,60.736,0.064,0,-0.064,#DIV/0!,#N/A
MUWAQQAR,1181101,كرتون متعدد حلاوة 1 كغم دائري تبروي,PKGWH,مستودع التعبئة والتغليف,2954.625,1755.047,0.593999915,0,-0.593999915,#DIV/0!,#N/A
MUWAQQAR,1181110,"كرتون شيخ الكار حلاوة 800 غم (فستق،سادة،شوكولاتة) قديم",PKGWH,مستودع التعبئة والتغليف,275,26.4,0.096,0,-0.096,#DIV/0!,#N/A
MUWAQQAR,1181461,علب شيخ الكار حلاوة 800 غم شوكولاتة (قديم),PKGWH,مستودع التعبئة والتغليف,6759,1013.85,0.15,0,-0.15,#DIV/0!,#N/A
MUWAQQAR,1021061,شيخ الكار حلاوة 800 غم شوكولاته 1*12,FGWH,مستودع البضاعة الجاهزة حسام,372.001,335.307,0.901096008,2.25,1.348903992,0.599512885,16
MUWAQQAR,1021061,شيخ الكار حلاوة 800 غم شوكولاته 1*12,HOSAM,مستودع عبدالله البستنجي موقر,4,3.506,0.901096008,2.25,1.348903992,0.599512885,16
MUWAQQAR,1021009,شيخ الكار حلاوة 1800 غم سادة 1*6,FGWH,مستودع البضاعة الجاهزة حسام,264,231.447,0.876693182,4.25,3.373306818,0.793719251,5
MUWAQQAR,1181462,علب شيخ الكار حلاوة 800 غم سادة,PKGWH,مستودع التعبئة والتغليف,7414,1185.234,0.164078977,0,-0.164078977,#DIV/0!,#N/A
MUWAQQAR,1181462,علب شيخ الكار حلاوة 800 غم سادة,SAHABWH,مستودع سحاب,6005,1020.85,0.164078977,0,-0.164078977,#DIV/0!,#N/A
MUWAQQAR,1181462,علب شيخ الكار حلاوة 800 غم سادة,WIP,WIP,66,6.521,0.164078977,0,-0.164078977,#DIV/0!,#N/A
MUWAQQAR,1021050,شيخ الكار حلاوة 800 غم سادة 1*12,FGWH,مستودع البضاعة الجاهزة حسام,2808,1481.162,0.5355033,2,1.4644967,0.73224835,5
MUWAQQAR,1021050,شيخ الكار حلاوة 800 غم سادة 1*12,HOSAM,مستودع عبدالله البستنجي موقر,222,141.413,0.5355033,2,1.4644967,0.73224835,5
MUWAQQAR,1181428,علب شيخ الكار حلاوة 600 غم ملوكي (قديم),PKGWH,مستودع التعبئة والتغليف,1113,166.95,0.15,0,-0.15,#DIV/0!,#N/A
MUWAQQAR,1181112,"كرتون شيخ الكار حلاوة 600 غم (فستق،سادة،شوكولاتة،ملوكي) قديم",PKGWH,مستودع التعبئة والتغليف,1087.008,434.803,0.399999816,0,-0.399999816,#DIV/0!,#N/A
MUWAQQAR,1021007,شيخ الكار حلاوة 1 كغم ملوكية بالمكسرات 1*8,SAHABWH,مستودع سحاب,28,55.042,1.933586957,0,-1.933586957,#DIV/0!,#N/A
MUWAQQAR,1021007,شيخ الكار حلاوة 1 كغم ملوكية بالمكسرات 1*8,HOSAM,مستودع عبدالله البستنجي موقر,18,33.903,1.933586957,0,-1.933586957,#DIV/0!,#N/A
MUWAQQAR,1011025,شيخ الكار طحينية 600 غم 1*12,FGWH,مستودع البضاعة الجاهزة حسام,2622,2411.756,0.850205281,2.083,1.232794719,0.591836159,5
MUWAQQAR,1011025,شيخ الكار طحينية 600 غم 1*12,MOHWH,مستودع محمد البستنجي - الكرك,192,260.412,0.850205281,2.083,1.232794719,0.591836159,5
MUWAQQAR,1011025,شيخ الكار طحينية 600 غم 1*12,EXPWH,مستودع التوالف,172,195.655,0.850205281,2.083,1.232794719,0.591836159,5
MUWAQQAR,1011025,شيخ الكار طحينية 600 غم 1*12,HOSAM,مستودع عبدالله البستنجي موقر,183,-72.344,0.850205281,2.083,1.232794719,0.591836159,5
MUWAQQAR,1011025,شيخ الكار طحينية 600 غم 1*12,WIP,WIP,12,-90.976,0.850205281,2.083,1.232794719,0.591836159,5
MUWAQQAR,1021037,شيخ الكار حلاوة 400 غم فستق 1*12,FGWH,مستودع البضاعة الجاهزة حسام,56,33.256,0.493693579,1.25,0.756306421,0.605045137,5
MUWAQQAR,1021037,شيخ الكار حلاوة 400 غم فستق 1*12,HOSAM,مستودع عبدالله البستنجي موقر,4118,2027.421,0.493693579,1.25,0.756306421,0.605045137,5
MUWAQQAR,1021013,شيخ الكار حلاوة 400 غم سادة 1*12,FGWH,مستودع البضاعة الجاهزة حسام,91,41.233,0.472058824,1.083,0.610941176,0.564119277,5
MUWAQQAR,1021013,شيخ الكار حلاوة 400 غم سادة 1*12,HOSAM,مستودع عبدالله البستنجي موقر,28,14.942,0.472058824,1.083,0.610941176,0.564119277,5
MUWAQQAR,1021054,شيخ الكار حلاوة 3 كغم فستق 1*6,FGWH,مستودع البضاعة الجاهزة حسام,128,450.584,3.527294574,7.5,3.972705426,0.529694057,5
MUWAQQAR,1021054,شيخ الكار حلاوة 3 كغم فستق 1*6,EXPWH,مستودع التوالف,1,4.437,3.527294574,7.5,3.972705426,0.529694057,5
MUWAQQAR,1021064,شيخ الكار حلاوة 3 كغم سادة 1*6,FGWH,مستودع البضاعة الجاهزة حسام,222,721.557,3.261789474,6.667,3.405210526,0.510756041,5
MUWAQQAR,1021064,شيخ الكار حلاوة 3 كغم سادة 1*6,EXPWH,مستودع التوالف,4,15.222,3.261789474,6.667,3.405210526,0.510756041,5
MUWAQQAR,1021064,شيخ الكار حلاوة 3 كغم سادة 1*6,HOSAM,مستودع عبدالله البستنجي موقر,2,6.909,3.261789474,6.667,3.405210526,0.510756041,5
MUWAQQAR,1021053,شيخ الكار حلاوة 3 كغم شوكولاته 1*6,FGWH,مستودع البضاعة الجاهزة حسام,146,443.232,3.036020408,7.75,4.713979592,0.608255431,16
MUWAQQAR,1021053,شيخ الكار حلاوة 3 كغم شوكولاته 1*6,HOSAM,مستودع عبدالله البستنجي موقر,1,3.063,3.036020408,7.75,4.713979592,0.608255431,16
MUWAQQAR,1181038,مرتبان النور طحينية 1 كغم,PKGWH,مستودع التعبئة والتغليف,3829,801.098,0.209218595,0,-0.209218595,#DIV/0!,#N/A
MUWAQQAR,1181557,علب الموسم حلاوة 1300 غم رشة فستق,PKGWH,مستودع التعبئة والتغليف,3106,990.48,0.305756987,0,-0.305756987,#DIV/0!,#N/A
MUWAQQAR,1181557,علب الموسم حلاوة 1300 غم رشة فستق,WIP,WIP,141,39.403,0.305756987,0,-0.305756987,#DIV/0!,#N/A
MUWAQQAR,1181557,علب الموسم حلاوة 1300 غم رشة فستق,SAHABWH,مستودع سحاب,1440,403.2,0.305756987,0,-0.305756987,#DIV/0!,#N/A
MUWAQQAR,1141001,سمسم هندي مقشور 50 كغم,SAHABWH,مستودع سحاب,24532.95,33487.477,1.36500001,0,-1.36500001,#DIV/0!,#N/A
MUWAQQAR,1011024,شيخ الكار طحينية 250 غم 1*12,MOHWH,مستودع محمد البستنجي - الكرك,288,49.022,0.347188867,0.875,0.527811133,0.603212724,5
MUWAQQAR,1011024,شيخ الكار طحينية 250 غم 1*12,108,مستودع يزن حمدان,146,63.258,0.347188867,0.875,0.527811133,0.603212724,5
MUWAQQAR,1011024,شيخ الكار طحينية 250 غم 1*12,FGWH,مستودع البضاعة الجاهزة حسام,4056,1572.341,0.347188867,0.875,0.527811133,0.603212724,5
MUWAQQAR,1011024,شيخ الكار طحينية 250 غم 1*12,EXPWH,مستودع التوالف,9,4.086,0.347188867,0.875,0.527811133,0.603212724,5
MUWAQQAR,1011024,شيخ الكار طحينية 250 غم 1*12,HOSAM,مستودع عبدالله البستنجي موقر,2040,581.561,0.347188867,0.875,0.527811133,0.603212724,5
MUWAQQAR,1021005,ميار حلاوة 300 غم رشة فستق 1*12,MOHWH,مستودع محمد البستنجي - الكرك,1200,475.612,0.208518566,0.721,0.512481434,0.710792557,5
MUWAQQAR,1021005,ميار حلاوة 300 غم رشة فستق 1*12,106,مستودع يوسف أحمد -كاش,22,8.558,0.208518566,0.721,0.512481434,0.710792557,5
MUWAQQAR,1021005,ميار حلاوة 300 غم رشة فستق 1*12,108,مستودع يزن حمدان,1,0.253,0.208518566,0.721,0.512481434,0.710792557,5
MUWAQQAR,1021005,ميار حلاوة 300 غم رشة فستق 1*12,FGWH,مستودع البضاعة الجاهزة حسام,955,-56.991,0.208518566,0.721,0.512481434,0.710792557,5
MUWAQQAR,1021005,ميار حلاوة 300 غم رشة فستق 1*12,HOSAM,مستودع عبدالله البستنجي موقر,4,10.14,0.208518566,0.721,0.512481434,0.710792557,5
MUWAQQAR,1021005,ميار حلاوة 300 غم رشة فستق 1*12,EXPWH,مستودع التوالف,134,45.357,0.208518566,0.721,0.512481434,0.710792557,5
MUWAQQAR,1181344,جاط مربع حلاوة 5 كغم شفاف متعدد,PKGWH,مستودع التعبئة والتغليف,1652,955.239,0.575021652,0,-0.575021652,#DIV/0!,#N/A
MUWAQQAR,1181344,جاط مربع حلاوة 5 كغم شفاف متعدد,EXPWH,مستودع التوالف,39,23.634,0.575021652,0,-0.575021652,#DIV/0!,#N/A
MUWAQQAR,1181344,جاط مربع حلاوة 5 كغم شفاف متعدد,WIP,WIP,64,30.29,0.575021652,0,-0.575021652,#DIV/0!,#N/A
MUWAQQAR,1181227,مطرة عرفة طحينية 900 غم,PKGWH,مستودع التعبئة والتغليف,4050,445.5,0.11,0,-0.11,#DIV/0!,#N/A
MUWAQQAR,1181142,كرتون شيخ الكار طحينية 900 غم مطرة,PKGWH,مستودع التعبئة والتغليف,2598,283.182,0.109,0,-0.109,#DIV/0!,#N/A
MUWAQQAR,1011045,عرفة طحينية 900 غم 1*12,FGWH,مستودع البضاعة الجاهزة حسام,1200,1697.124,1.414269944,0,-1.414269944,#DIV/0!,#N/A
MUWAQQAR,1011045,عرفة طحينية 900 غم 1*12,HOSAM,مستودع عبدالله البستنجي موقر,41,57.985,1.414269944,0,-1.414269944,#DIV/0!,#N/A
MUWAQQAR,1181271,علب الموسم حلاوة 800 غم سادة دمعة,PKGWH,مستودع التعبئة والتغليف,6279,1062.875,0.169274566,0,-0.169274566,#DIV/0!,#N/A
MUWAQQAR,1181236,مرتبان ميار طحينية 250 غم,PKGWH,مستودع التعبئة والتغليف,17342,1936.682,0.130762984,0,-0.130762984,#DIV/0!,#N/A
MUWAQQAR,1181236,مرتبان ميار طحينية 250 غم,WIP,WIP,1104,475.372,0.130762984,0,-0.130762984,#DIV/0!,#N/A
MUWAQQAR,1181327,تنك الموسم طحينية 18 كغم -فارغ,PKGWH,مستودع التعبئة والتغليف,288,360,1.25,0,-1.25,#DIV/0!,#N/A
MUWAQQAR,1181327,تنك الموسم طحينية 18 كغم -فارغ,WIP,WIP,7,8.75,1.25,0,-1.25,#DIV/0!,#N/A
MUWAQQAR,1011003,الموسم طحينية 18 كغم تنك 1*1,FGWH,مستودع البضاعة الجاهزة حسام,10,296.476,29.58369231,42.5,12.91630769,0.303913122,5
MUWAQQAR,1011003,الموسم طحينية 18 كغم تنك 1*1,IRBID,مستودع أربد,1,28.171,29.58369231,42.5,12.91630769,0.303913122,5
MUWAQQAR,1011003,الموسم طحينية 18 كغم تنك 1*1,HOSAM,مستودع عبدالله البستنجي موقر,2,59.941,29.58369231,42.5,12.91630769,0.303913122,5
MUWAQQAR,1181229,مرتبان كباتيلو طحينية 800 غم,PKGWH,مستودع التعبئة والتغليف,2730,382.2,0.14,0,-0.14,#DIV/0!,#N/A
MUWAQQAR,1181370,كرتون اكسترا فاخرة طحينية 400 غم,WIP,WIP,52.024,5.594,0.171102965,0,-0.171102965,#DIV/0!,#N/A
MUWAQQAR,1181370,كرتون اكسترا فاخرة طحينية 400 غم,PKGWH,مستودع التعبئة والتغليف,680.8,189.465,0.171102965,0,-0.171102965,#DIV/0!,#N/A
MUWAQQAR,1181370,كرتون اكسترا فاخرة طحينية 400 غم,SAHABWH,مستودع سحاب,2240,313.6,0.171102965,0,-0.171102965,#DIV/0!,#N/A
MUWAQQAR,1181045,مرتبان بلدي طحينية 400 غم,PKGWH,مستودع التعبئة والتغليف,2186,349.76,0.16,0,-0.16,#DIV/0!,#N/A
MUWAQQAR,1181022,"كرتون متعدد حلاوة 300 غم (فستق،سادة،شوكولاتة) مستطيل",SAHABWH,مستودع سحاب,2940,485.1,0.162280315,0,-0.162280315,#DIV/0!,#N/A
MUWAQQAR,1181022,"كرتون متعدد حلاوة 300 غم (فستق،سادة،شوكولاتة) مستطيل",PKGWH,مستودع التعبئة والتغليف,1212.05,188.708,0.162280315,0,-0.162280315,#DIV/0!,#N/A
MUWAQQAR,1181022,"كرتون متعدد حلاوة 300 غم (فستق،سادة،شوكولاتة) مستطيل",WIP,WIP,2.2,0.345,0.162280315,0,-0.162280315,#DIV/0!,#N/A
MUWAQQAR,1181005,كرتون متعدد حلاوة بيضوي كبير,PKGWH,مستودع التعبئة والتغليف,1079.784,199.76,0.184999963,0,-0.184999963,#DIV/0!,#N/A
MUWAQQAR,1181447,علب كباتيلو حلاوة 800 غم سادة,PKGWH,مستودع التعبئة والتغليف,5547,848.691,0.153,0,-0.153,#DIV/0!,#N/A
MUWAQQAR,1181026,كرتون متعدد حلاوة بيضوي صغير,PKGWH,مستودع التعبئة والتغليف,1601.923,248.669,0.154115279,0,-0.154115279,#DIV/0!,#N/A
MUWAQQAR,1181026,كرتون متعدد حلاوة بيضوي صغير,WIP,WIP,19,1.14,0.154115279,0,-0.154115279,#DIV/0!,#N/A
MUWAQQAR,1181448,علب كباتيلو حلاوة 450 غم سادة,PKGWH,مستودع التعبئة والتغليف,4000,440,0.11,0,-0.11,#DIV/0!,#N/A
MUWAQQAR,1181450,علب كباتيلو حلاوة 450 غم فستق,PKGWH,مستودع التعبئة والتغليف,4300,451.5,0.105,0,-0.105,#DIV/0!,#N/A
MUWAQQAR,1181065,كرتون شيخ الكار حلاوة 2300 غم فستق,PKGWH,مستودع التعبئة والتغليف,82,13.612,0.166,0,-0.166,#DIV/0!,#N/A
MUWAQQAR,1181065,كرتون شيخ الكار حلاوة 2300 غم فستق,WIP,WIP,1.5,0.249,0.166,0,-0.166,#DIV/0!,#N/A
MUWAQQAR,1181444,علب كباتيلو حلاوة 800 غم فستق,PKGWH,مستودع التعبئة والتغليف,4085,253.27,0.062,0,-0.062,#DIV/0!,#N/A
MUWAQQAR,1011018,زيت سيرج 1000 مل 1*1,FGWH,مستودع البضاعة الجاهزة حسام,4,18.952,5.0062,0,-5.0062,#DIV/0!,#N/A
MUWAQQAR,1011018,زيت سيرج 1000 مل 1*1,HOSAM,مستودع عبدالله البستنجي موقر,1,6.079,5.0062,0,-5.0062,#DIV/0!,#N/A
MUWAQQAR,1171032,حلاوة بلك دايت فستق شيخ الكار,WIP,WIP,0.6,1.399,2.331666667,0,-2.331666667,#DIV/0!,#N/A
MUWAQQAR,1171007,قطر دايت,WIP,WIP,2.284,3.266,1.429929884,0,-1.429929884,#DIV/0!,#N/A
MUWAQQAR,1171007,قطر دايت,RMWH,مستودع المواد الاولية,67,95.823,1.429929884,0,-1.429929884,#DIV/0!,#N/A
MUWAQQAR,1171007,قطر دايت,EXPWH,مستودع التوالف,18,25.721,1.429929884,0,-1.429929884,#DIV/0!,#N/A
MUWAQQAR,1171016,حلاوة بلك دايت,WIP,WIP,0.516,-5.78,-11.20155039,0,11.20155039,#DIV/0!,#N/A
MUWAQQAR,1181438,علب شيخ الكار حلاوة 400 غم دايت,SAHABWH,مستودع سحاب,1613,166.532,0.098807529,0,-0.098807529,#DIV/0!,#N/A
MUWAQQAR,1181438,علب شيخ الكار حلاوة 400 غم دايت,WIP,WIP,13,-5.669,0.098807529,0,-0.098807529,#DIV/0!,#N/A
MUWAQQAR,1181438,علب شيخ الكار حلاوة 400 غم دايت,PKGWH,مستودع التعبئة والتغليف,21,1.873,0.098807529,0,-0.098807529,#DIV/0!,#N/A
MUWAQQAR,1181006,"كرتون متعدد شيخ الكار حلاوة 400 غم (فستق،سادة،شوكولاتة) دمعة",PKGWH,مستودع التعبئة والتغليف,4130,677.507,0.164045278,0,-0.164045278,#DIV/0!,#N/A
MUWAQQAR,1021163,شيخ الكار حلاوة 400 غم فستق دايت 1*12,FGWH,مستودع البضاعة الجاهزة حسام,119,126.285,1.048592255,3.333,2.284407745,0.685390863,5
MUWAQQAR,1021163,شيخ الكار حلاوة 400 غم فستق دايت 1*12,IRBID,مستودع أربد,144,150.698,1.048592255,3.333,2.284407745,0.685390863,5
MUWAQQAR,1021163,شيخ الكار حلاوة 400 غم فستق دايت 1*12,108,مستودع يزن حمدان,12,12.523,1.048592255,3.333,2.284407745,0.685390863,5
MUWAQQAR,1021163,شيخ الكار حلاوة 400 غم فستق دايت 1*12,106,مستودع يوسف أحمد -كاش,23,24.058,1.048592255,3.333,2.284407745,0.685390863,5
MUWAQQAR,1021163,شيخ الكار حلاوة 400 غم فستق دايت 1*12,HOSAM,مستودع عبدالله البستنجي موقر,21,20.49,1.048592255,3.333,2.284407745,0.685390863,5
MUWAQQAR,1021163,شيخ الكار حلاوة 400 غم فستق دايت 1*12,MOHWH,مستودع محمد البستنجي - الكرك,120,126.278,1.048592255,3.333,2.284407745,0.685390863,5
MUWAQQAR,1021012,شيخ الكار حلاوة 15 كغم سادة 1*1,MOHWH,مستودع محمد البستنجي - الكرك,13,209.378,16.106,28.5,12.394,0.434877193,5
MUWAQQAR,1181348,جاط متعدد حلاوة 3 كغم شفاف,PKGWH,مستودع التعبئة والتغليف,130,71.5,0.55,0,-0.55,#DIV/0!,#N/A
MUWAQQAR,1181075,"كرتون شيخ الكار حلاوة 3 كغم (فستق،سادة،شوكولاتة)",PKGWH,مستودع التعبئة والتغليف,674,1550.2,2.3,0,-2.3,#DIV/0!,#N/A
MUWAQQAR,1181419,علب شيخ الكار حلاوة 400 غم سادة,PKGWH,مستودع التعبئة والتغليف,12648,1991.796,0.157479127,0,-0.157479127,#DIV/0!,#N/A
MUWAQQAR,1181261,علب الموسم حلاوة 400 غم سادة دمعة,PKGWH,مستودع التعبئة والتغليف,655,63.429,0.096838168,0,-0.096838168,#DIV/0!,#N/A
MUWAQQAR,1181023,كرتون متعدد حلاوة 400 غم غير مطبوع دمعة,PKGWH,مستودع التعبئة والتغليف,2692,452.133,0.167961082,0,-0.167961082,#DIV/0!,#N/A
MUWAQQAR,1181023,كرتون متعدد حلاوة 400 غم غير مطبوع دمعة,WIP,WIP,6,1.026,0.167961082,0,-0.167961082,#DIV/0!,#N/A
MUWAQQAR,1181258,علب الموسم حلاوة 400 غم فستق دمعة,PKGWH,مستودع التعبئة والتغليف,2146,194.52,0.090643057,0,-0.090643057,#DIV/0!,#N/A
MUWAQQAR,1181265,علب الموسم حلاوة 800 غم فستق دمعة,PKGWH,مستودع التعبئة والتغليف,3604,551.958,0.153151498,0,-0.153151498,#DIV/0!,#N/A
MUWAQQAR,1181024,كرتون متعدد حلاوة 800 غم دمعة,PKGWH,مستودع التعبئة والتغليف,4813.376,962.939,0.200054806,0,-0.200054806,#DIV/0!,#N/A
MUWAQQAR,1181421,علب شيخ الكار حلاوة 400 غم شوكولاتة,PKGWH,مستودع التعبئة والتغليف,4908,460.56,0.093699382,0,-0.093699382,#DIV/0!,#N/A
MUWAQQAR,1181421,علب شيخ الكار حلاوة 400 غم شوكولاتة,WIP,WIP,105,9.155,0.093699382,0,-0.093699382,#DIV/0!,#N/A
MUWAQQAR,1181416,علب شيخ الكار حلاوة 400 غم ملوكي,PKGWH,مستودع التعبئة والتغليف,3943,375.784,0.095088395,0,-0.095088395,#DIV/0!,#N/A
MUWAQQAR,1181416,علب شيخ الكار حلاوة 400 غم ملوكي,WIP,WIP,107,9.324,0.095088395,0,-0.095088395,#DIV/0!,#N/A
MUWAQQAR,1181415,علب شيخ الكار حلاوة 400 غم فستق (قديم),PKGWH,مستودع التعبئة والتغليف,930,81.84,0.088,0,-0.088,#DIV/0!,#N/A
MUWAQQAR,1181569,علب شيخ الكار حلاوة 200 غم فستق,PKGWH,مستودع التعبئة والتغليف,4095,409.5,0.1,0,-0.1,#DIV/0!,#N/A
MUWAQQAR,1181069,كرتون شيخ الكار حلاوة 250 غم مثلث,PKGWH,مستودع التعبئة والتغليف,7.944,1.343,0.169058409,0,-0.169058409,#DIV/0!,#N/A
MUWAQQAR,1181359,علبة حلاوة شيخ الكار 400 غ فستق دمعة,PKGWH,مستودع التعبئة والتغليف,7128,698.522,0.097996914,0,-0.097996914,#DIV/0!,#N/A
MUWAQQAR,1181568,علب شيخ الكار حلاوة 200 غم سادة,PKGWH,مستودع التعبئة والتغليف,2150,208.724,0.09708093,0,-0.09708093,#DIV/0!,#N/A
MUWAQQAR,1021082,كباتيلو حلاوة 700 غم فستق 1*12,EXPWH,مستودع التوالف,1,0.77,0.77,0,-0.77,#DIV/0!,#N/A
MUWAQQAR,1181191,مرتبان طحينية  شيخ الكار 700 غم  جديد قارورة,PKGWH,مستودع التعبئة والتغليف,2489,232.897,0.09357051,0,-0.09357051,#DIV/0!,#N/A
MUWAQQAR,1181066,كرتون شيخ الكار 700 غم قاروة أبيض جديد,PKGWH,مستودع التعبئة والتغليف,1398,265.62,0.19,0,-0.19,#DIV/0!,#N/A
MUWAQQAR,1181194,مرتبان طحينية  شيخ الكار 500 غم  جديد قاروره,PKGWH,مستودع التعبئة والتغليف,820,64.78,0.137115441,0,-0.137115441,#DIV/0!,#N/A
MUWAQQAR,1181194,مرتبان طحينية  شيخ الكار 500 غم  جديد قاروره,SAHABWH,مستودع سحاب,540,121.697,0.137115441,0,-0.137115441,#DIV/0!,#N/A
MUWAQQAR,1181087,كرتون شيخ الكار 500 غم قارورة  أبيض جديد,PKGWH,مستودع التعبئة والتغليف,1012,165.968,0.164,0,-0.164,#DIV/0!,#N/A
MUWAQQAR,1181087,كرتون شيخ الكار 500 غم قارورة  أبيض جديد,WIP,WIP,43,7.052,0.164,0,-0.164,#DIV/0!,#N/A
MUWAQQAR,1181241,مرتبان متعدد طحينية 3500 غم,PKGWH,مستودع التعبئة والتغليف,2230,866.405,0.388522422,0,-0.388522422,#DIV/0!,#N/A
MUWAQQAR,1011022,شيخ الكار طحينية 3500 غم 1*4,FGWH,مستودع البضاعة الجاهزة حسام,113,600.92,5.421315385,10.25,4.828684615,0.471091182,5
MUWAQQAR,1011022,شيخ الكار طحينية 3500 غم 1*4,IRBID,مستودع أربد,16,96.745,5.421315385,10.25,4.828684615,0.471091182,5
MUWAQQAR,1011022,شيخ الكار طحينية 3500 غم 1*4,EXPWH,مستودع التوالف,1,7.106,5.421315385,10.25,4.828684615,0.471091182,5
MUWAQQAR,1181221,مطرة ميار طحينية 900 غم,PKGWH,مستودع التعبئة والتغليف,9692,1069.434,0.110341931,0,-0.110341931,#DIV/0!,#N/A
MUWAQQAR,1141003,سمسم محمص 50 كغم,SAHABWH,مستودع سحاب,48.5,92.988,1.917278351,0,-1.917278351,#DIV/0!,#N/A
MUWAQQAR,1181488,مرتبان الأفندي طحينية 550 غم,PKGWH,مستودع التعبئة والتغليف,2323,371.68,0.16,0,-0.16,#DIV/0!,#N/A
MUWAQQAR,1181009,كرتون ميار طحينية 550 غم صواني,PKGWH,مستودع التعبئة والتغليف,1275.4,234.674,0.184000291,0,-0.184000291,#DIV/0!,#N/A
MUWAQQAR,1181009,كرتون ميار طحينية 550 غم صواني,WIP,WIP,100,18.4,0.184000291,0,-0.184000291,#DIV/0!,#N/A
MUWAQQAR,1181561,مرتبان الأفندي طحينية 250 غم,PKGWH,مستودع التعبئة والتغليف,400,36,0.09,0,-0.09,#DIV/0!,#N/A
MUWAQQAR,1181225,مطرة سيلك رود طحينية 1 كغم,PKGWH,مستودع التعبئة والتغليف,718,75.39,0.105,0,-0.105,#DIV/0!,#N/A
MUWAQQAR,1181007,كرتون متعدد طحينية 1 كغم مطرة,PKGWH,مستودع التعبئة والتغليف,1030.1,292.543,0.283994758,0,-0.283994758,#DIV/0!,#N/A
MUWAQQAR,1181097,كرتون شيخ الكار طحينية 900 غم جديد ابيض,PKGWH,مستودع التعبئة والتغليف,719.066,137.077,0.190631637,0,-0.190631637,#DIV/0!,#N/A
MUWAQQAR,1181097,كرتون شيخ الكار طحينية 900 غم جديد ابيض,WIP,WIP,135,25.735,0.190631637,0,-0.190631637,#DIV/0!,#N/A
MUWAQQAR,1181192,قارورة طحينية  شيخ الكار 900 غم  جديد,PKGWH,مستودع التعبئة والتغليف,7028,1033.233,0.157358154,0,-0.157358154,#DIV/0!,#N/A
MUWAQQAR,1181192,قارورة طحينية  شيخ الكار 900 غم  جديد,WIP,WIP,224,26.423,0.157358154,0,-0.157358154,#DIV/0!,#N/A
MUWAQQAR,1181192,قارورة طحينية  شيخ الكار 900 غم  جديد,SAHABWH,مستودع سحاب,4620,808.5,0.157358154,0,-0.157358154,#DIV/0!,#N/A
MUWAQQAR,1011098,الافندي طحينية 250 غم 1*12,EXPWH,مستودع التوالف,47,19.995,0.425425532,0,-0.425425532,#DIV/0!,#N/A
MUWAQQAR,1011095,الافندي طحينية 500 غم 1*12,EXPWH,مستودع التوالف,6,5.644,0.940666667,0,-0.940666667,#DIV/0!,#N/A
MUWAQQAR,1181039,مرتبان تمور البركة طحينية 400 غم,PKGWH,مستودع التعبئة والتغليف,2040,298.833,0.146486765,0,-0.146486765,#DIV/0!,#N/A
MUWAQQAR,1011021,شيخ الكار طحينية 5 كغم 1*4,EXPWH,مستودع التوالف,1,8.831,0.23425,14.5,14.26575,0.983844828,5
MUWAQQAR,1011021,شيخ الكار طحينية 5 كغم 1*4,FGWH,مستودع البضاعة الجاهزة حسام,7,-6.957,0.23425,14.5,14.26575,0.983844828,5
MUWAQQAR,1171025,سمسم خام برازيلي اناهي,RMWH,مستودع المواد الاولية,33121.7,42462.019,1.281999988,0,-1.281999988,#DIV/0!,#N/A
MUWAQQAR,1181106,كرتون لوكسر طحينية 450 غم أصفر,WIP,WIP,216.78,26.021,0.18636796,0,-0.18636796,#DIV/0!,#N/A
MUWAQQAR,1181106,كرتون لوكسر طحينية 450 غم أصفر,PKGWH,مستودع التعبئة والتغليف,2180,420.662,0.18636796,0,-0.18636796,#DIV/0!,#N/A
MUWAQQAR,1181235,مرتبان لوكسر طحينية 450 غم أصفر,WIP,WIP,6060,703.691,0.115048476,0,-0.115048476,#DIV/0!,#N/A
MUWAQQAR,1181235,مرتبان لوكسر طحينية 450 غم أصفر,PKGWH,مستودع التعبئة والتغليف,35878,4121.212,0.115048476,0,-0.115048476,#DIV/0!,#N/A
MUWAQQAR,1181346,سطل دائري طحينية 18 كغم,PKGWH,مستودع التعبئة والتغليف,50,86.85,1.737,0,-1.737,#DIV/0!,#N/A
MUWAQQAR,1181004,كرتون متعدد طحينية 18 كغم متعدد,PKGWH,مستودع التعبئة والتغليف,571,212.412,0.372,0,-0.372,#DIV/0!,#N/A
MUWAQQAR,1181156,"كرتون متعدد 3 كغم (فستق،سادة،شوكولاتة)",PKGWH,مستودع التعبئة والتغليف,494,247,0.5,0,-0.5,#DIV/0!,#N/A
MUWAQQAR,1181310,جاط شيخ الكار حلاوة 3 كغم شوكولاتة,PKGWH,مستودع التعبئة والتغليف,217,73.346,0.338,0,-0.338,#DIV/0!,#N/A
MUWAQQAR,1181329,جاط شيخ الكار حلاوة 3 كغم فستق,PKGWH,مستودع التعبئة والتغليف,457,251.35,0.55,0,-0.55,#DIV/0!,#N/A
MUWAQQAR,1181111,"كرتون شيخ الكار حلاوة 6 كغم (فستق،سادة،شوكولاتة)",WIP,WIP,5.75,3.189,0.557695052,0,-0.557695052,#DIV/0!,#N/A
MUWAQQAR,1181111,"كرتون شيخ الكار حلاوة 6 كغم (فستق،سادة،شوكولاتة)",PKGWH,مستودع التعبئة والتغليف,737,411.039,0.557695052,0,-0.557695052,#DIV/0!,#N/A
MUWAQQAR,1181311,"جاط متعدد حلاوة 6 كغم (فستق،سادة،شوكولاتة) شفاف",WIP,WIP,17,15.651,0.487397727,0,-0.487397727,#DIV/0!,#N/A
MUWAQQAR,1181311,"جاط متعدد حلاوة 6 كغم (فستق،سادة،شوكولاتة) شفاف",PKGWH,مستودع التعبئة والتغليف,1215,584.823,0.487397727,0,-0.487397727,#DIV/0!,#N/A
MUWAQQAR,1021056,شيخ الكار حلاوة 6 كغم شوكولاته 1*4,FGWH,مستودع البضاعة الجاهزة حسام,80,492.782,6.159682927,15.5,9.340317073,0.602601101,16
MUWAQQAR,1021056,شيخ الكار حلاوة 6 كغم شوكولاته 1*4,EXPWH,مستودع التوالف,2,12.312,6.159682927,15.5,9.340317073,0.602601101,16
MUWAQQAR,1181281,علب شيخ الكار حلاوة 1500 غم سادة هرمي قديم,PKGWH,مستودع التعبئة والتغليف,3453,638.805,0.185,0,-0.185,#DIV/0!,#N/A
MUWAQQAR,1181061,كرتون متعدد حلاوة 1500 غم هرمي,PKGWH,مستودع التعبئة والتغليف,527,496.434,0.942,0,-0.942,#DIV/0!,#N/A
MUWAQQAR,1021055,شيخ الكار حلاوة 6 كغم سادة 1*4,FGWH,مستودع البضاعة الجاهزة حسام,233,1239.639,5.321858974,13.75,8.428141026,0.612955711,5
MUWAQQAR,1021055,شيخ الكار حلاوة 6 كغم سادة 1*4,HOSAM,مستودع عبدالله البستنجي موقر,1,5.676,5.321858974,13.75,8.428141026,0.612955711,5
MUWAQQAR,1181119,كرتون شيخ الكار طحينية 3500 غم,PKGWH,مستودع التعبئة والتغليف,1333.75,2104.657,1.577999625,0,-1.577999625,#DIV/0!,#N/A
MUWAQQAR,1181224,مطرة قاسيون طحينية 1 كغم,PKGWH,مستودع التعبئة والتغليف,4042,498.355,0.1228069,0,-0.1228069,#DIV/0!,#N/A
MUWAQQAR,1181224,مطرة قاسيون طحينية 1 كغم,SAHABWH,مستودع سحاب,420,49.645,0.1228069,0,-0.1228069,#DIV/0!,#N/A
MUWAQQAR,1181224,مطرة قاسيون طحينية 1 كغم,WIP,WIP,2,0.21,0.1228069,0,-0.1228069,#DIV/0!,#N/A
MUWAQQAR,1011036,قاسيون طحينية 1كغم مطرة 1*12,FGWH,مستودع البضاعة الجاهزة حسام,1200,1370.711,1.142259567,0,-1.142259567,#DIV/0!,#N/A
MUWAQQAR,1011036,قاسيون طحينية 1كغم مطرة 1*12,HOSAM,مستودع عبدالله البستنجي موقر,2,2.285,1.142259567,0,-1.142259567,#DIV/0!,#N/A
MUWAQQAR,1181304,تنك شيخ الكار طحينية 15 كغم -فارغ,PKGWH,مستودع التعبئة والتغليف,1022,1312.336,1.284086106,0,-1.284086106,#DIV/0!,#N/A
MUWAQQAR,1181056,مرتبان الموسم طحينية 400 غم,PKGWH,مستودع التعبئة والتغليف,14059,2179.066,0.154994381,0,-0.154994381,#DIV/0!,#N/A
MUWAQQAR,1011026,شيخ الكار طحينية 400 غم 1*12,MOHWH,مستودع محمد البستنجي - الكرك,156,182.532,0.564588151,1.5,0.935411849,0.6236079,5
MUWAQQAR,1011026,شيخ الكار طحينية 400 غم 1*12,EXPWH,مستودع التوالف,3,2.353,0.564588151,1.5,0.935411849,0.6236079,5
MUWAQQAR,1011026,شيخ الكار طحينية 400 غم 1*12,FGWH,مستودع البضاعة الجاهزة حسام,1980,1164.775,0.564588151,1.5,0.935411849,0.6236079,5
MUWAQQAR,1011026,شيخ الكار طحينية 400 غم 1*12,HOSAM,مستودع عبدالله البستنجي موقر,4106,2176.193,0.564588151,1.5,0.935411849,0.6236079,5
MUWAQQAR,1011002,شيخ الكار زيت سيرج 100 ملم 1*12,EXPWH,مستودع التوالف,2,0.66,0.33,1.021,0.691,0.676787463,5
MUWAQQAR,1011002,شيخ الكار زيت سيرج 100 ملم 1*12,FGWH,مستودع البضاعة الجاهزة حسام,80,26.4,0.33,1.021,0.691,0.676787463,5
MUWAQQAR,1181565,علب شيخ الكار حلاوة 400 غم دايت بالفستق الحلبي,PKGWH,مستودع التعبئة والتغليف,1505,150.5,0.1,0,-0.1,#DIV/0!,#N/A
MUWAQQAR,1181373,علب ميار حلاوة 300 غم رشة فستق أمنية,PKGWH,مستودع التعبئة والتغليف,9125,913.906,0.100026339,0,-0.100026339,#DIV/0!,#N/A
MUWAQQAR,1181373,علب ميار حلاوة 300 غم رشة فستق أمنية,WIP,WIP,101,8.937,0.100026339,0,-0.100026339,#DIV/0!,#N/A
MUWAQQAR,1011104,الموسم طحينية 750 غم 1*12,EXPWH,مستودع التوالف,12,17.172,1.431,0,-1.431,#DIV/0!,#N/A
MUWAQQAR,1181002,كرتون متعدد طحينية 5 كغم بدون طباعة,PKGWH,مستودع التعبئة والتغليف,525.75,1308.592,2.489000476,0,-2.489000476,#DIV/0!,#N/A
MUWAQQAR,1181549,سطل شيخ الكار طحينية 5 كغم,PKGWH,مستودع التعبئة والتغليف,298,271.18,0.91,0,-0.91,#DIV/0!,#N/A
MUWAQQAR,1181272,علب جولدن سوان حلاوة 400 غم فستق بيضوي,PKGWH,مستودع التعبئة والتغليف,150,17.366,0.115773333,0,-0.115773333,#DIV/0!,#N/A
MUWAQQAR,1181216,مطرة الفاخرة طحينية 900 غم,PKGWH,مستودع التعبئة والتغليف,2513,-201.504,0,0,0,#DIV/0!,#N/A
MUWAQQAR,1181216,مطرة الفاخرة طحينية 900 غم,SAHABWH,مستودع سحاب,1568,201.504,0,0,0,#DIV/0!,#N/A
MUWAQQAR,1171009,بديل السكر,RMWH,مستودع المواد الاولية,4639.476,12692.045,2.736926751,0,-2.736926751,#DIV/0!,#N/A
MUWAQQAR,1171009,بديل السكر,EXPWH,مستودع التوالف,300,826.939,2.736926751,0,-2.736926751,#DIV/0!,#N/A
MUWAQQAR,1171029,حلاوة بلك رشة شيخ الكار,WIP,WIP,27.54,23.519,0.85399419,0,-0.85399419,#DIV/0!,#N/A
MUWAQQAR,1171013,حلاوة بلك رشة فستق ميار,WIP,WIP,199.76,222.532,1.113996796,0,-1.113996796,#DIV/0!,#N/A
MUWAQQAR,1181030,كرتون متعدد حلاوة 5 كغم مربع قديم,EXPWH,مستودع التوالف,9,4.32,0.48,0,-0.48,#DIV/0!,#N/A
MUWAQQAR,1181030,كرتون متعدد حلاوة 5 كغم مربع قديم,WIP,WIP,33,15.84,0.48,0,-0.48,#DIV/0!,#N/A
MUWAQQAR,1181431,علب شيخ الكار حلاوة 300 غم رشة فستق,PKGWH,مستودع التعبئة والتغليف,5025,497.414,0.098987861,0,-0.098987861,#DIV/0!,#N/A
MUWAQQAR,1181019,"كرتون متعدد حلاوة 300 غم (ميار،شتلة،فاخرة) أمنية",WIP,WIP,132.244,14.018,0.105999978,0,-0.105999978,#DIV/0!,#N/A
MUWAQQAR,1181019,"كرتون متعدد حلاوة 300 غم (ميار،شتلة،فاخرة) أمنية",PKGWH,مستودع التعبئة والتغليف,2087.464,221.271,0.105999978,0,-0.105999978,#DIV/0!,#N/A
MUWAQQAR,1181309,جاط شيخ الكار حلاوة 3 كغم سادة,PKGWH,مستودع التعبئة والتغليف,310,165.415,0.533596774,0,-0.533596774,#DIV/0!,#N/A
MUWAQQAR,1181248,علب الميلاد حلاوة 2300 غم,PKGWH,مستودع التعبئة والتغليف,1604,513.28,0.32,0,-0.32,#DIV/0!,#N/A
MUWAQQAR,1181175,علب حلاوة الميلاد 1300 غ فستق,PKGWH,مستودع التعبئة والتغليف,1544,233.144,0.151,0,-0.151,#DIV/0!,#N/A
MUWAQQAR,1181267,علب الميلاد حلاوة 1500 غم,PKGWH,مستودع التعبئة والتغليف,2108,520.676,0.247,0,-0.247,#DIV/0!,#N/A
MUWAQQAR,1181179,علب حلاوة الميلاد  700 غ فستق,PKGWH,مستودع التعبئة والتغليف,3728,607.36,0.162918455,0,-0.162918455,#DIV/0!,#N/A
MUWAQQAR,1181567,قواطع كرتون 6 كغم,PKGWH,مستودع التعبئة والتغليف,870,56.55,0.065,0,-0.065,#DIV/0!,#N/A
MUWAQQAR,1181375,علب ميار حلاوة 2300 غم رشة فستق,PKGWH,مستودع التعبئة والتغليف,6877,2104.362,0.306,0,-0.306,#DIV/0!,#N/A
MUWAQQAR,1181375,علب ميار حلاوة 2300 غم رشة فستق,WIP,WIP,148,45.288,0.306,0,-0.306,#DIV/0!,#N/A
MUWAQQAR,1021045,شيخ الكار حلاوة 200 غم سادة 1*12,FGWH,مستودع البضاعة الجاهزة حسام,2160,560.679,0.254609568,0,-0.254609568,#DIV/0!,#N/A
MUWAQQAR,1021045,شيخ الكار حلاوة 200 غم سادة 1*12,HOSAM,مستودع عبدالله البستنجي موقر,7560,1914.126,0.254609568,0,-0.254609568,#DIV/0!,#N/A
MUWAQQAR,1181312,تنك شيخ الكار طحينية 9 كغم -فارغ,PKGWH,مستودع التعبئة والتغليف,590,591.858,0.993729483,0,-0.993729483,#DIV/0!,#N/A
MUWAQQAR,1181312,تنك شيخ الكار طحينية 9 كغم -فارغ,WIP,WIP,68,62.016,0.993729483,0,-0.993729483,#DIV/0!,#N/A
MUWAQQAR,1181540,باكيت جميد سائل 1 كغم أزرق,PKGWH,مستودع التعبئة والتغليف,19135,2322.15,0.121356154,0,-0.121356154,#DIV/0!,#N/A
MUWAQQAR,1011047,الميلاد طحينية 900 غم مطرة 1*12,EXPWH,مستودع التوالف,9,12.513,1.390333333,0,-1.390333333,#DIV/0!,#N/A
MUWAQQAR,1181073,"كرتون متعدد 400 غم (فستق،سادة،شوكولاتة) بيضوي",PKGWH,مستودع التعبئة والتغليف,2351,352.65,0.15,0,-0.15,#DIV/0!,#N/A
MUWAQQAR,1011011,الموسم طحينية 5 كغم 1*4,EXPWH,مستودع التوالف,1,0,0,0,0,#DIV/0!,#N/A
MUWAQQAR,1011050,سيلك رود طحينية 1 كغم مطرة 1*12,EXPWH,مستودع التوالف,3,4.776,1.132360427,0,-1.132360427,#DIV/0!,#N/A
MUWAQQAR,1011050,سيلك رود طحينية 1 كغم مطرة 1*12,HOSAM,مستودع عبدالله البستنجي موقر,1215,1374.439,1.132360427,0,-1.132360427,#DIV/0!,#N/A
MUWAQQAR,1011051,سيلك رود طحينية 650 غم 1*12,EXPWH,مستودع التوالف,2,2.548,1.274,0,-1.274,#DIV/0!,#N/A
MUWAQQAR,1021030,ميار حلاوة 550 غم رشة فستق 1*12,FGWH,مستودع البضاعة الجاهزة حسام,687,79.048,0.115902616,1.321,1.205097384,0.912261456,5
MUWAQQAR,1021030,ميار حلاوة 550 غم رشة فستق 1*12,EXPWH,مستودع التوالف,1,0.693,0.115902616,1.321,1.205097384,0.912261456,5
MUWAQQAR,1021040,شيخ الكار حلاوة 600 غم فستق 1*12,FGWH,مستودع البضاعة الجاهزة حسام,128,134.784,1.053,0,-1.053,#DIV/0!,#N/A
MUWAQQAR,1021035,شيخ الكار حلاوة 600 غم شوكولاته 1*12,FGWH,مستودع البضاعة الجاهزة حسام,322,321.678,0.999,0,-0.999,#DIV/0!,#N/A
MUWAQQAR,1021035,شيخ الكار حلاوة 600 غم شوكولاته 1*12,EXPWH,مستودع التوالف,2,1.998,0.999,0,-0.999,#DIV/0!,#N/A
MUWAQQAR,1021065,شيخ الكار حلاوة 1800 غم رشة فستق 1*6,FGWH,مستودع البضاعة الجاهزة حسام,33,85.173,2.581,4.5,1.919,0.426444444,5
MUWAQQAR,1021167,شهد حلاوة 300غم سادة 1*12,FGWH,مستودع البضاعة الجاهزة حسام,684,266.228,0.389222222,0,-0.389222222,#DIV/0!,#N/A
MUWAQQAR,1021080,شتلة حلاوة 300 غم رشة فستق 1*12,FGWH,مستودع البضاعة الجاهزة حسام,138,109.735,0.795181159,0,-0.795181159,#DIV/0!,#N/A
MUWAQQAR,1011056,الشاطئ طحينية 750 غم 1*12,FGWH,مستودع البضاعة الجاهزة حسام,600,480,0.8,0,-0.8,#DIV/0!,#N/A
MUWAQQAR,1011041,عرفة طحينية 18 كغم 1*1,FGWH,مستودع البضاعة الجاهزة حسام,7,235.893,33.699,0,-33.699,#DIV/0!,#N/A
MUWAQQAR,1021032,ميار حلاوة 800غ سادة 1*12,FGWH,مستودع البضاعة الجاهزة حسام,1297,1242.089,0.957663069,0,-0.957663069,#DIV/0!,#N/A
MUWAQQAR,1021159,الفاخرة حلاوة 300 غم فستق 1*12,FGWH,مستودع البضاعة الجاهزة حسام,12,31.287,2.60725,0,-2.60725,#DIV/0!,#N/A
MUWAQQAR,1011031,شيخ الكار زيت سيرج 250 ملم 1*12,FGWH,مستودع البضاعة الجاهزة حسام,45,52.41,1.164666667,3,1.835333333,0.611777778,5
MUWAQQAR,1011023,شيخ الكار طحينية 300 غم 1*12,HOSAM,مستودع عبدالله البستنجي موقر,37,17.015,0.459864865,0,-0.459864865,#DIV/0!,#N/A
MUWAQQAR,1011028,شيخ الكار طحينية 9 كغم تنك 1*1,HOSAM,مستودع عبدالله البستنجي موقر,240,2201.923,9.003545819,0,-9.003545819,#DIV/0!,#N/A
MUWAQQAR,1011028,شيخ الكار طحينية 9 كغم تنك 1*1,SAHABWH,مستودع سحاب,0.001,-41.063,9.003545819,0,-9.003545819,#DIV/0!,#N/A
MUWAQQAR,1011033,شيخ الكار طحينية 15 كغم تنك 1*1,HOSAM,مستودع عبدالله البستنجي موقر,480,7362.858,15.3392875,0,-15.3392875,#DIV/0!,#N/A
MUWAQQAR,1011035,شيخ الكار طحينية 18 كغم سطل 1*1,HOSAM,مستودع عبدالله البستنجي موقر,62,1252.238,20.1973871,0,-20.1973871,#DIV/0!,#N/A
MUWAQQAR,1011058,النور طحينية 7 كغم 1*1,HOSAM,مستودع عبدالله البستنجي موقر,51,586.834,11.50654902,0,-11.50654902,#DIV/0!,#N/A
MUWAQQAR,1011059,النور طحينية 1 كغم 1*12,HOSAM,مستودع عبدالله البستنجي موقر,7395,10194.448,1.378559567,0,-1.378559567,#DIV/0!,#N/A
MUWAQQAR,1011063,النور طحينية 500 غم 1*12,HOSAM,مستودع عبدالله البستنجي موقر,10748,8157.709,0.758997882,0,-0.758997882,#DIV/0!,#N/A
MUWAQQAR,1011063,النور طحينية 500 غم 1*12,SAHABWH,مستودع سحاب,0.001,0.001,0.758997882,0,-0.758997882,#DIV/0!,#N/A
MUWAQQAR,1011077,كباتيلو طحينية 800 غم 1*12,HOSAM,مستودع عبدالله البستنجي موقر,204,223.546,1.095813725,0,-1.095813725,#DIV/0!,#N/A
MUWAQQAR,1011087,تمور البركة طحينية 400 غم *12,HOSAM,مستودع عبدالله البستنجي موقر,17016,9713.206,0.570827809,0,-0.570827809,#DIV/0!,#N/A
MUWAQQAR,1011088,الموسم طحينية 800 غم  1*12,HOSAM,مستودع عبدالله البستنجي موقر,3852,4876.247,1.265900052,0,-1.265900052,#DIV/0!,#N/A
MUWAQQAR,1011101,الموسم طحينية 400 غم 1*12,HOSAM,مستودع عبدالله البستنجي موقر,9540,6664.048,0.698537526,0,-0.698537526,#DIV/0!,#N/A
MUWAQQAR,1011105,زيت سيرج 16.5 كغم تنك 1*1,HOSAM,مستودع عبدالله البستنجي موقر,5,384.727,76.9454,0,-76.9454,#DIV/0!,#N/A
MUWAQQAR,1011119,شيخ الكار طحينية 7 كغم تنك 1*1,HOSAM,مستودع عبدالله البستنجي موقر,2,23.973,11.89005497,0,-11.89005497,#DIV/0!,#N/A
MUWAQQAR,1011119,شيخ الكار طحينية 7 كغم تنك 1*1,SAHABWH,مستودع سحاب,0.001,-0.181,11.89005497,0,-11.89005497,#DIV/0!,#N/A
MUWAQQAR,1021001,شيخ الكار حلاوة 5 كغم فستق 1*4,HOSAM,مستودع عبدالله البستنجي موقر,2,13.235,6.6175,0,-6.6175,#DIV/0!,#N/A
MUWAQQAR,1021015,شيخ الكار حلاوة 300 غم فستق 1*20 تذوق,HOSAM,مستودع عبدالله البستنجي موقر,12,6.156,0.513,0,-0.513,#DIV/0!,#N/A
MUWAQQAR,1021034,شيخ الكار حلاوة 600 غم سادة 1*12,HOSAM,مستودع عبدالله البستنجي موقر,110,78.6,0.727545455,0,-0.727545455,#DIV/0!,#N/A
MUWAQQAR,1021034,شيخ الكار حلاوة 600 غم سادة 1*12,WIP,WIP,22,17.436,0.727545455,0,-0.727545455,#DIV/0!,#N/A
MUWAQQAR,1021036,شيخ الكار حلاوة 400 غم شوكولاته 1*12,HOSAM,مستودع عبدالله البستنجي موقر,27,13.668,0.506222222,1.25,0.743777778,0.595022222,16
MUWAQQAR,1021044,شيخ الكار حلاوة 200 غم فستق 1*12,HOSAM,مستودع عبدالله البستنجي موقر,9919,3199.147,0.32252717,0,-0.32252717,#DIV/0!,#N/A
MUWAQQAR,1021058,شيخ الكار حلاوة 5 كغم سادة 1*4,HOSAM,مستودع عبدالله البستنجي موقر,2,10.934,5.467,0,-5.467,#DIV/0!,#N/A
MUWAQQAR,1021126,جولدن سوان حلاوة 400 غم سادة 1*12,HOSAM,مستودع عبدالله البستنجي موقر,9,5.023,0.558111111,0,-0.558111111,#DIV/0!,#N/A
MUWAQQAR,1021129,الموسم حلاوة 400 غم سادة دمعة 1*12,HOSAM,مستودع عبدالله البستنجي موقر,9738,4953.853,0.508713596,0,-0.508713596,#DIV/0!,#N/A
MUWAQQAR,1021137,الموسم حلاوة 800 غم فستق دمعة 1*12,HOSAM,مستودع عبدالله البستنجي موقر,2047,2431.745,1.187955545,0,-1.187955545,#DIV/0!,#N/A
MUWAQQAR,1021138,الموسم حلاوة 800 غم سادة دمعة 1*12,HOSAM,مستودع عبدالله البستنجي موقر,4044,3976.94,0.983417409,0,-0.983417409,#DIV/0!,#N/A
MUWAQQAR,1021164,خير بلادنا حلاوة 300 غم رشة فستق 1*12,HOSAM,مستودع عبدالله البستنجي موقر,156,57.413,0.368032051,0,-0.368032051,#DIV/0!,#N/A
MUWAQQAR,1021168,شيخ الكار حلاوة 3 كغم دايت فستق 1*6,HOSAM,مستودع عبدالله البستنجي موقر,6,47.777,7.962833333,7.5,-0.462833333,-0.061711111,5
MUWAQQAR,1181157,علب شيخ الكار حلاوة 700 غم سادة قديم,PKGWH,مستودع التعبئة والتغليف,228,41.04,0.18,0,-0.18,#DIV/0!,#N/A
MUWAQQAR,1181425,علب شيخ الكار حلاوة 700 غم سادة,PKGWH,مستودع التعبئة والتغليف,4814,722.1,0.15,0,-0.15,#DIV/0!,#N/A
MUWAQQAR,1181425,علب شيخ الكار حلاوة 700 غم سادة,WIP,WIP,60,9,0.15,0,-0.15,#DIV/0!,#N/A
MUWAQQAR,1181347,جاط مربع حلاوة 1 كغم شفاف (قديم),PKGWH,مستودع التعبئة والتغليف,443,124.04,0.28,0,-0.28,#DIV/0!,#N/A
MUWAQQAR,1181512,كرتون حلاوة متعدد 1 كغم أخضر قديم,PKGWH,مستودع التعبئة والتغليف,217,49.91,0.23,0,-0.23,#DIV/0!,#N/A
MUWAQQAR,1021169,شيخ الكار حلاوة 1.5 كغم 1*6 فستق,HOSAM,مستودع عبدالله البستنجي موقر,140,234.597,1.675692857,0,-1.675692857,#DIV/0!,#N/A
MUWAQQAR,1181380,علب ميار حلاوة 550 غم سادة  أمنية,PKGWH,مستودع التعبئة والتغليف,3872,439.966,0.113627583,0,-0.113627583,#DIV/0!,#N/A
MUWAQQAR,1181027,"كرتون متعدد حلاوة 550 غم (ميار،فاخرة) أمنية",PKGWH,مستودع التعبئة والتغليف,2534,590.599,0.23306985,0,-0.23306985,#DIV/0!,#N/A
MUWAQQAR,1181379,علب ميار حلاوة 550 غم رشة فستق أمنية,PKGWH,مستودع التعبئة والتغليف,3912,647.32,0.165470348,0,-0.165470348,#DIV/0!,#N/A
MUWAQQAR,1171018,زيت سيرج بلك,WIP,WIP,0.635,272.443,429.0440945,0,-429.0440945,#DIV/0!,#N/A
MUWAQQAR,1181322,تنك سادة طحينية 18 كغم,PKGWH,مستودع التعبئة والتغليف,518,641.206,1.237849421,0,-1.237849421,#DIV/0!,#N/A
MUWAQQAR,1021130,الموسم حلاوة 400 غم فستق دمعة 1*12,HOSAM,مستودع عبدالله البستنجي موقر,5184,3170.89,0.611668596,0,-0.611668596,#DIV/0!,#N/A
MUWAQQAR,1181210,مرتبان زيدان طحينية 800 غم,PKGWH,مستودع التعبئة والتغليف,46,7.59,0.165,0,-0.165,#DIV/0!,#N/A
MUWAQQAR,1021017,ميار حلاوة 2300 غم رشة فستق 1*4,EXPWH,مستودع التوالف,4,11.078,10.23969008,0,-10.23969008,#DIV/0!,#N/A
MUWAQQAR,1021017,ميار حلاوة 2300 غم رشة فستق 1*4,MOHWH,مستودع محمد البستنجي - الكرك,0.001,29.891,10.23969008,0,-10.23969008,#DIV/0!,#N/A
MUWAQQAR,1181186,مرتبان شيخ الكار طحينية 400 غم,PKGWH,مستودع التعبئة والتغليف,22,-17.915,0.127965019,0,-0.127965019,#DIV/0!,#N/A
MUWAQQAR,1181186,مرتبان شيخ الكار طحينية 400 غم,SAHABWH,مستودع سحاب,6210,815.393,0.127965019,0,-0.127965019,#DIV/0!,#N/A
MUWAQQAR,1181120,كرتون شيخ الكار طحينية 400 غم,PKGWH,مستودع التعبئة والتغليف,2019,302.85,0.15,0,-0.15,#DIV/0!,#N/A
MUWAQQAR,1181497,كرتون جميد سائل خارجي 1*8/جديد,PKGWH,مستودع التعبئة والتغليف,18411,4200.13,0.228131552,0,-0.228131552,#DIV/0!,#N/A
MUWAQQAR,1181095,كرتون شيخ الكار متعدد,PKGWH,مستودع التعبئة والتغليف,34601,3028.554,0.087527933,0,-0.087527933,#DIV/0!,#N/A
MUWAQQAR,1011015,الموسم طحينية 9 كغم تنك 1*1,HOSAM,مستودع عبدالله البستنجي موقر,360,5001.823,13.89395278,0,-13.89395278,#DIV/0!,#N/A
MUWAQQAR,1181188,مرتبان شيخ الكار طحينية 250 غم,WIP,WIP,867,62.062,0.112077221,0,-0.112077221,#DIV/0!,#N/A
MUWAQQAR,1181188,مرتبان شيخ الكار طحينية 250 غم,SAHABWH,مستودع سحاب,8172,951.004,0.112077221,0,-0.112077221,#DIV/0!,#N/A
MUWAQQAR,1181114,كرتون شيخ الكار طحينية 250 غم,WIP,WIP,305,36.905,0.121,0,-0.121,#DIV/0!,#N/A
MUWAQQAR,1181114,كرتون شيخ الكار طحينية 250 غم,PKGWH,مستودع التعبئة والتغليف,50,6.05,0.121,0,-0.121,#DIV/0!,#N/A
MUWAQQAR,1181064,كرتون شيخ الكار حلاوة 250 غم شوكولاتة قديم,PKGWH,مستودع التعبئة والتغليف,782,105.57,0.135,0,-0.135,#DIV/0!,#N/A
MUWAQQAR,1181211,مرتبان سيلك رود طحينية 650 غم,PKGWH,مستودع التعبئة والتغليف,6821,921.265,0.135063041,0,-0.135063041,#DIV/0!,#N/A
MUWAQQAR,1021014,شيخ الكار حلاوة 400 غم ملوكية بالمكسرات 1*12,HOSAM,مستودع عبدالله البستنجي موقر,13,9.375,0.721153846,1.7,0.978846154,0.575791855,5
MUWAQQAR,1181464,علب شيخ الكار حلاوة 800 غم شوكولاتة,PKGWH,مستودع التعبئة والتغليف,5286,792.9,0.15,0,-0.15,#DIV/0!,#N/A
MUWAQQAR,1181116,كرتون شيخ الكار طحينية 600 غم,PKGWH,مستودع التعبئة والتغليف,1353.42,269.331,0.199000289,0,-0.199000289,#DIV/0!,#N/A
MUWAQQAR,1181116,كرتون شيخ الكار طحينية 600 غم,WIP,WIP,100,19.9,0.199000289,0,-0.199000289,#DIV/0!,#N/A
MUWAQQAR,1181190,مرتبان شيخ الكار طحينية 600 غم,PKGWH,مستودع التعبئة والتغليف,2068,219.665,0.133898197,0,-0.133898197,#DIV/0!,#N/A
MUWAQQAR,1181190,مرتبان شيخ الكار طحينية 600 غم,WIP,WIP,1200,142.921,0.133898197,0,-0.133898197,#DIV/0!,#N/A
MUWAQQAR,1181190,مرتبان شيخ الكار طحينية 600 غم,SAHABWH,مستودع سحاب,9600,1360.416,0.133898197,0,-0.133898197,#DIV/0!,#N/A
MUWAQQAR,1181189,مرتبان شيخ الكار طحينية 300 غم جديد قارورة,SAHABWH,مستودع سحاب,3827,586.563,0.152568064,0,-0.152568064,#DIV/0!,#N/A
MUWAQQAR,1181189,مرتبان شيخ الكار طحينية 300 غم جديد قارورة,PKGWH,مستودع التعبئة والتغليف,1,0.11,0.152568064,0,-0.152568064,#DIV/0!,#N/A
MUWAQQAR,1181189,مرتبان شيخ الكار طحينية 300 غم جديد قارورة,WIP,WIP,36,2.85,0.152568064,0,-0.152568064,#DIV/0!,#N/A
MUWAQQAR,1181572,قارورة تمور البركة طحينية 500 غم,SAHABWH,مستودع سحاب,1800,275.4,0.153,0,-0.153,#DIV/0!,#N/A
MUWAQQAR,1181086,كرتون شيخ الكار طحينية 300 غم قارورة ابيض,PKGWH,مستودع التعبئة والتغليف,179.6,23.348,0.1300019,0,-0.1300019,#DIV/0!,#N/A
MUWAQQAR,1181086,كرتون شيخ الكار طحينية 300 غم قارورة ابيض,WIP,WIP,73.004,9.491,0.1300019,0,-0.1300019,#DIV/0!,#N/A
MUWAQQAR,1181213,مطرة القيسي طحينية 900 غم,PKGWH,مستودع التعبئة والتغليف,1474,154.77,0.105,0,-0.105,#DIV/0!,#N/A
MUWAQQAR,1021010,شيخ الكار حلاوة 1800 غم شوكولاته 1*6,FGWH,مستودع البضاعة الجاهزة حسام,144,144,0.822857143,4.75,3.927142857,0.826766917,16
MUWAQQAR,1021010,شيخ الكار حلاوة 1800 غم شوكولاته 1*6,EXPWH,مستودع التوالف,31,0,0.822857143,4.75,3.927142857,0.826766917,16
MUWAQQAR,1011106,شيخ الكار طحينية 10 كغم تنك  1*1,HOSAM,مستودع عبدالله البستنجي موقر,10,179.12,17.912,0,-17.912,#DIV/0!,#N/A
MUWAQQAR,1181171,علب دبس تمر 700 غ ميار,PKGWH,مستودع التعبئة والتغليف,6000,750,0.125,0,-0.125,#DIV/0!,#N/A
MUWAQQAR,1181442,علب شيخ الكار حلاوة 300 غم شوكولاتة,PKGWH,مستودع التعبئة والتغليف,15327,1543.068,0.100676453,0,-0.100676453,#DIV/0!,#N/A
MUWAQQAR,1181333,علب الضياء حلاوة 400 غم فستق,PKGWH,مستودع التعبئة والتغليف,2552,224.576,0.088,0,-0.088,#DIV/0!,#N/A
MUWAQQAR,1181333,علب الضياء حلاوة 400 غم فستق,WIP,WIP,1200,105.6,0.088,0,-0.088,#DIV/0!,#N/A
MUWAQQAR,1021141,الموسم حلاوة 5 كغم فستق 1*4,MOHWH,مستودع محمد البستنجي - الكرك,0.001,16.071,8039,0,-8039,#DIV/0!,#N/A
MUWAQQAR,1021141,الموسم حلاوة 5 كغم فستق 1*4,SAHABWH,مستودع سحاب,0.001,0.007,8039,0,-8039,#DIV/0!,#N/A
MUWAQQAR,1021026,ميار حلاوة 700 غم فستق 1*12,SAHABWH,مستودع سحاب,0.001,0.001,1,0,-1,#DIV/0!,#N/A
MUWAQQAR,1011049,طحينية 18 كغم سادة تنك  1*1,SAHABWH,مستودع سحاب,0.001,0.025,25,0,-25,#DIV/0!,#N/A
MUWAQQAR,1181003,كرتون متعدد طحينية 650 غم,PKGWH,مستودع التعبئة والتغليف,755,158.55,0.21,0,-0.21,#DIV/0!,#N/A
MUWAQQAR,1181010,كرتون نابت طحينية 18 كغم,PKGWH,مستودع التعبئة والتغليف,1445,606.9,0.42,0,-0.42,#DIV/0!,#N/A
MUWAQQAR,1181011,كرتون نبالي طحينية 450 غم,PKGWH,مستودع التعبئة والتغليف,1625,487.5,0.3,0,-0.3,#DIV/0!,#N/A
MUWAQQAR,1181013,كرتون متعدد طحينية 900 غم مطرة,PKGWH,مستودع التعبئة والتغليف,1,0.207,0.207045455,0,-0.207045455,#DIV/0!,#N/A
MUWAQQAR,1181013,كرتون متعدد طحينية 900 غم مطرة,WIP,WIP,3.4,0.704,0.207045455,0,-0.207045455,#DIV/0!,#N/A
MUWAQQAR,1181015,كرتون ميار حلاوة 2300 غم رشة فستق قديم,PKGWH,مستودع التعبئة والتغليف,378,69.174,0.183,0,-0.183,#DIV/0!,#N/A
MUWAQQAR,1181015,كرتون ميار حلاوة 2300 غم رشة فستق قديم,WIP,WIP,100,18.3,0.183,0,-0.183,#DIV/0!,#N/A
MUWAQQAR,1181016,كرتون متعدد حلاوة 300 غم قديم,PKGWH,مستودع التعبئة والتغليف,947,217.81,0.23,0,-0.23,#DIV/0!,#N/A
MUWAQQAR,1181017,كرتون متعدد حلاوة 3500 غم دائري خارجي,PKGWH,مستودع التعبئة والتغليف,1106,1437.8,1.3,0,-1.3,#DIV/0!,#N/A
MUWAQQAR,1181018,كرتون متعدد حلاوة 3500 غم دائري داخلي,PKGWH,مستودع التعبئة والتغليف,2476,1874.332,0.757,0,-0.757,#DIV/0!,#N/A
MUWAQQAR,1181021,كرتون متعدد حلاوة 300 غم سادة قديم,PKGWH,مستودع التعبئة والتغليف,475,109.25,0.23,0,-0.23,#DIV/0!,#N/A
MUWAQQAR,1181025,كرتون متعدد حلاوة 900 غم لون أبيض,PKGWH,مستودع التعبئة والتغليف,145,108.75,0.75,0,-0.75,#DIV/0!,#N/A
MUWAQQAR,1181031,مرتبان الموسم طحينية 900 غم محلي,PKGWH,مستودع التعبئة والتغليف,1166,131.758,0.113,0,-0.113,#DIV/0!,#N/A
MUWAQQAR,1181032,مرتبان النخلة طحينية 5 كغم,PKGWH,مستودع التعبئة والتغليف,100,48.4,0.484,0,-0.484,#DIV/0!,#N/A
MUWAQQAR,1181033,مرتبان النخلة طحينية 600 غم,PKGWH,مستودع التعبئة والتغليف,552,77.28,0.14,0,-0.14,#DIV/0!,#N/A
MUWAQQAR,1181034,مرتبان الموسم طحينية 900 غم تصدير,PKGWH,مستودع التعبئة والتغليف,355,56.8,0.16,0,-0.16,#DIV/0!,#N/A
MUWAQQAR,1181035,مرتبان الموسم طحينية 450 غم  قديم,PKGWH,مستودع التعبئة والتغليف,913,111.386,0.122,0,-0.122,#DIV/0!,#N/A
MUWAQQAR,1181036,مرتبان الموسم طحينية 5 كغم,PKGWH,مستودع التعبئة والتغليف,156,87.36,0.56,0,-0.56,#DIV/0!,#N/A
MUWAQQAR,1181040,مرتبان جولدن سوان طحينية 1800 غم,PKGWH,مستودع التعبئة والتغليف,4605,1280.19,0.278,0,-0.278,#DIV/0!,#N/A
MUWAQQAR,1181042,مرتبان بلدي طحينية 800 غم,PKGWH,مستودع التعبئة والتغليف,2738,492.84,0.18,0,-0.18,#DIV/0!,#N/A
MUWAQQAR,1181046,مرتبان الباشا طحينية 550 غم,PKGWH,مستودع التعبئة والتغليف,1493,238.88,0.16,0,-0.16,#DIV/0!,#N/A
MUWAQQAR,1181047,مرتبان الباشا طحينية 800 غم,PKGWH,مستودع التعبئة والتغليف,3648,656.64,0.18,0,-0.18,#DIV/0!,#N/A
MUWAQQAR,1181048,مرتبان الختيار 400 غم طحينية,PKGWH,مستودع التعبئة والتغليف,1459,189.67,0.13,0,-0.13,#DIV/0!,#N/A
MUWAQQAR,1181049,مرتبان الباشا طحينية 285 غم,PKGWH,مستودع التعبئة والتغليف,4546,681.9,0.15,0,-0.15,#DIV/0!,#N/A
MUWAQQAR,1181051,مرتبان MEZE طحينية 300 غم,PKGWH,مستودع التعبئة والتغليف,1810,235.3,0.13,0,-0.13,#DIV/0!,#N/A
MUWAQQAR,1181052,مرتبان MEZE طحينية 800 غم,PKGWH,مستودع التعبئة والتغليف,398,40.596,0.102,0,-0.102,#DIV/0!,#N/A
MUWAQQAR,1181053,مرتبان الختيار طحينية 908,PKGWH,مستودع التعبئة والتغليف,4944,751.488,0.152,0,-0.152,#DIV/0!,#N/A
MUWAQQAR,1181055,مرتبان الموسم طحينية 300 غم قديم,PKGWH,مستودع التعبئة والتغليف,85,8.925,0.105,0,-0.105,#DIV/0!,#N/A
MUWAQQAR,1181057,مرتبان الفاخرة طحينية 550 غم,PKGWH,مستودع التعبئة والتغليف,4007,721.26,0.18,0,-0.18,#DIV/0!,#N/A
MUWAQQAR,1181060,مرتبان الفاخرة طحينية 300 غم,PKGWH,مستودع التعبئة والتغليف,9440,1076.1,0.113993644,0,-0.113993644,#DIV/0!,#N/A
MUWAQQAR,1181062,كرتون شيخ الكار حلاوة 2300 غم فستق قديم,PKGWH,مستودع التعبئة والتغليف,200,50,0.25,0,-0.25,#DIV/0!,#N/A
MUWAQQAR,1181063,كرتون شيخ الكار حلاوة 250 غم سادة قديم,PKGWH,مستودع التعبئة والتغليف,476,63.308,0.133,0,-0.133,#DIV/0!,#N/A
MUWAQQAR,1181068,كرتون شيخ الكار حلاوة 1500 غم قديم,PKGWH,مستودع التعبئة والتغليف,271,65.04,0.24,0,-0.24,#DIV/0!,#N/A
MUWAQQAR,1181068,كرتون شيخ الكار حلاوة 1500 غم قديم,WIP,WIP,24,5.76,0.24,0,-0.24,#DIV/0!,#N/A
MUWAQQAR,1181070,كرتون شيخ الكار حلاوة 400 غم سادة قديم,PKGWH,مستودع التعبئة والتغليف,66,15.18,0.23,0,-0.23,#DIV/0!,#N/A
MUWAQQAR,1181071,كرتون شيخ الكار حلاوة 400 غم شوكولاتة قديم,PKGWH,مستودع التعبئة والتغليف,1150,345,0.3,0,-0.3,#DIV/0!,#N/A
MUWAQQAR,1181072,كرتون شيخ الكار حلاوة 400 غم فستق قديم,PKGWH,مستودع التعبئة والتغليف,106,24.38,0.23,0,-0.23,#DIV/0!,#N/A
MUWAQQAR,1181074,كرتون شيخ الكار حلاوة 2500 غم قديم,PKGWH,مستودع التعبئة والتغليف,275,247.5,0.9,0,-0.9,#DIV/0!,#N/A
MUWAQQAR,1181076,"كرتون شيخ الكار حلاوة 300 غم (فستق،سادة،شوكولاتة) قديم",PKGWH,مستودع التعبئة والتغليف,1969,393.8,0.2,0,-0.2,#DIV/0!,#N/A
MUWAQQAR,1181077,كرتون زيزون حلاوة 900 فم مطبوع قديم,PKGWH,مستودع التعبئة والتغليف,1064,268.128,0.252,0,-0.252,#DIV/0!,#N/A
MUWAQQAR,1181078,كرتون زيزون طحينية 400 غم,PKGWH,مستودع التعبئة والتغليف,1060,424,0.4,0,-0.4,#DIV/0!,#N/A
MUWAQQAR,1181079,كرتون زيزون طحينية 450 غم قديم,PKGWH,مستودع التعبئة والتغليف,1775,1065,0.6,0,-0.6,#DIV/0!,#N/A
MUWAQQAR,1181080,كرتون زيزون حلاوة 400 غم قديم,PKGWH,مستودع التعبئة والتغليف,1662,831,0.5,0,-0.5,#DIV/0!,#N/A
MUWAQQAR,1181081,كرتون زجاج طحينية 1 كغم متعدد,PKGWH,مستودع التعبئة والتغليف,967,222.41,0.23,0,-0.23,#DIV/0!,#N/A
MUWAQQAR,1181082,كرتون زيدان طحينية 400 غم,PKGWH,مستودع التعبئة والتغليف,705,179.07,0.254,0,-0.254,#DIV/0!,#N/A
MUWAQQAR,1181083,كرتون زيدان طحينية 800 غم,PKGWH,مستودع التعبئة والتغليف,329,125.349,0.381,0,-0.381,#DIV/0!,#N/A
MUWAQQAR,1181084,كرتون زيزون طحينية 800 غم,PKGWH,مستودع التعبئة والتغليف,980,588,0.6,0,-0.6,#DIV/0!,#N/A
MUWAQQAR,1181085,كرتون شيخ الكار 1300 غم قديم,PKGWH,مستودع التعبئة والتغليف,1375,1100,0.8,0,-0.8,#DIV/0!,#N/A
MUWAQQAR,1181088,كرتون شعبان طحينية 750 غم,PKGWH,مستودع التعبئة والتغليف,1080,702,0.65,0,-0.65,#DIV/0!,#N/A
MUWAQQAR,1181090,كرتون زيزون طحينية 900 غم قديم,PKGWH,مستودع التعبئة والتغليف,1550,863.35,0.557,0,-0.557,#DIV/0!,#N/A
MUWAQQAR,1181091,كرتون سيلك رود طحينية 650 غم قديم,PKGWH,مستودع التعبئة والتغليف,580,163.56,0.282,0,-0.282,#DIV/0!,#N/A
MUWAQQAR,1181092,كرتون عطاء الجيش سطل حلاوة 2900 غم,PKGWH,مستودع التعبئة والتغليف,875,787.5,0.9,0,-0.9,#DIV/0!,#N/A
MUWAQQAR,1181093,كرتون عطاء الجيش طحينية 1 كغم,PKGWH,مستودع التعبئة والتغليف,286,21.736,0.076,0,-0.076,#DIV/0!,#N/A
MUWAQQAR,1181094,كرتون فيكتو طحينية 450 غم أبيض,PKGWH,مستودع التعبئة والتغليف,572,168.168,0.294,0,-0.294,#DIV/0!,#N/A
MUWAQQAR,1181096,كرتون شيخ الكار طحينية 800 غم قديم اخضر,PKGWH,مستودع التعبئة والتغليف,160,58.24,0.364,0,-0.364,#DIV/0!,#N/A
MUWAQQAR,1181098,كرتون شيخ الكار طحينية 900 غم قديم,PKGWH,مستودع التعبئة والتغليف,231,67.914,0.294,0,-0.294,#DIV/0!,#N/A
MUWAQQAR,1181099,كرتون فيكتو طحينية 450 غم بيج قديم,PKGWH,مستودع التعبئة والتغليف,615,184.5,0.3,0,-0.3,#DIV/0!,#N/A
MUWAQQAR,1181100,كرتون لون أخضر طحينية 8 كغم قديم,PKGWH,مستودع التعبئة والتغليف,420,42,0.1,0,-0.1,#DIV/0!,#N/A
MUWAQQAR,1181102,كرتون متعدد حلاوة 1 كغم سطل,PKGWH,مستودع التعبئة والتغليف,681,612.9,0.9,0,-0.9,#DIV/0!,#N/A
MUWAQQAR,1181103,كرتون لوكسر طحينية 450 غم بني,PKGWH,مستودع التعبئة والتغليف,637,119.756,0.188,0,-0.188,#DIV/0!,#N/A
MUWAQQAR,1181104,كرتون فيكتو طحينية 900 غم ابيض قديم,PKGWH,مستودع التعبئة والتغليف,1250,235,0.188,0,-0.188,#DIV/0!,#N/A
MUWAQQAR,1181105,كرتون لوكسر طحينية 3500 غم,PKGWH,مستودع التعبئة والتغليف,1006,196.17,0.195,0,-0.195,#DIV/0!,#N/A
MUWAQQAR,1181107,كرتون شيخ الكار حلاوة 900 غم سادة قديم,PKGWH,مستودع التعبئة والتغليف,550,385,0.7,0,-0.7,#DIV/0!,#N/A
MUWAQQAR,1181108,كرتون شيخ الكار حلاوة 900 غم شوكولاتة قديم,PKGWH,مستودع التعبئة والتغليف,1411,465.63,0.33,0,-0.33,#DIV/0!,#N/A
MUWAQQAR,1181109,كرتون شيخ الكار حلاوة 900 غم ملوكي قديم,PKGWH,مستودع التعبئة والتغليف,410,275.93,0.673,0,-0.673,#DIV/0!,#N/A
MUWAQQAR,1181115,كرتون شيخ الكار طحينية 5 كغم مطبوع قديم,PKGWH,مستودع التعبئة والتغليف,150,70.05,0.467,0,-0.467,#DIV/0!,#N/A
MUWAQQAR,1181118,كرتون شيخ الكار طحينية 450 غم قديم,PKGWH,مستودع التعبئة والتغليف,500,142.5,0.285,0,-0.285,#DIV/0!,#N/A
MUWAQQAR,1181121,كرتون شيخ الكار طحينية 400 غم قديم  اخضر,PKGWH,مستودع التعبئة والتغليف,830,190.9,0.23,0,-0.23,#DIV/0!,#N/A
MUWAQQAR,1181123,كرتون السندباد  طحينية 600 غ,PKGWH,مستودع التعبئة والتغليف,430,103.2,0.24,0,-0.24,#DIV/0!,#N/A
MUWAQQAR,1181124,تنك بدون طباعة حلاوة 4 كغم سادة نصاصي,PKGWH,مستودع التعبئة والتغليف,237,248.85,1.05,0,-1.05,#DIV/0!,#N/A
MUWAQQAR,1181125,كرتون لوكسر طحينية 450 غم بني قديم,PKGWH,مستودع التعبئة والتغليف,1901,437.23,0.23,0,-0.23,#DIV/0!,#N/A
MUWAQQAR,1181126,كرتون حلاوة شيخ الكار اصابع خارجي 1*12,PKGWH,مستودع التعبئة والتغليف,1122,258.06,0.23,0,-0.23,#DIV/0!,#N/A
MUWAQQAR,1181127,كرتون حلاوة متعدد  800 غ سادة  مستطيل ( مصر),PKGWH,مستودع التعبئة والتغليف,1300,325,0.25,0,-0.25,#DIV/0!,#N/A
MUWAQQAR,1181128,كرتون طحينية جولدن سوان 400 غ قديم,PKGWH,مستودع التعبئة والتغليف,336,80.64,0.24,0,-0.24,#DIV/0!,#N/A
MUWAQQAR,1181130,كرتون متعدد حلاوة 400 غ لايت اند سويت بدون طباعة,PKGWH,مستودع التعبئة والتغليف,167,40.08,0.24,0,-0.24,#DIV/0!,#N/A
MUWAQQAR,1181131,كرتون حلاوة سطل 1800 غ متعدد,PKGWH,مستودع التعبئة والتغليف,588,176.4,0.3,0,-0.3,#DIV/0!,#N/A
MUWAQQAR,1181132,علب شيخ الكار حلاوة 300 غم شوكولاتة (قديم) بيضوي,PKGWH,مستودع التعبئة والتغليف,1174,270.02,0.23,0,-0.23,#DIV/0!,#N/A
MUWAQQAR,1181137,كرتون طحينية جولدن سوان 450 غ ابيض,PKGWH,مستودع التعبئة والتغليف,1198,287.52,0.24,0,-0.24,#DIV/0!,#N/A
MUWAQQAR,1181138,علب حلاوة مريم 400 غم فستق,PKGWH,مستودع التعبئة والتغليف,1201,288.24,0.24,0,-0.24,#DIV/0!,#N/A
MUWAQQAR,1181139,علب حلاوة مريم 800 غم فستق,PKGWH,مستودع التعبئة والتغليف,1191,297.75,0.25,0,-0.25,#DIV/0!,#N/A
MUWAQQAR,1181140,كرتون طحينية شتلة 300 غ,PKGWH,مستودع التعبئة والتغليف,607,139.61,0.23,0,-0.23,#DIV/0!,#N/A
MUWAQQAR,1181141,رول سيلنج شفاف 50 سم,PKGWH,مستودع التعبئة والتغليف,246,0,0,0,0,#DIV/0!,#N/A
MUWAQQAR,1181143,كرتون شيخ الكار طحينية 8 كغم تنك,PKGWH,مستودع التعبئة والتغليف,521,75.545,0.145,0,-0.145,#DIV/0!,#N/A
MUWAQQAR,1181143,كرتون شيخ الكار طحينية 8 كغم تنك,WIP,WIP,300,43.5,0.145,0,-0.145,#DIV/0!,#N/A
MUWAQQAR,1181144,علب كناري حلاوة 400 غم ملوكي بيضوي,PKGWH,مستودع التعبئة والتغليف,376,48.88,0.13,0,-0.13,#DIV/0!,#N/A
MUWAQQAR,1181145,كرتون حلاوة شيخ الكار اصابع خارجي 1*6,PKGWH,مستودع التعبئة والتغليف,585,134.55,0.23,0,-0.23,#DIV/0!,#N/A
MUWAQQAR,1181146,كرتون حلاوة شيخ الكار اصابع خارجي  متعدد,PKGWH,مستودع التعبئة والتغليف,1020,255,0.25,0,-0.25,#DIV/0!,#N/A
MUWAQQAR,1181147,كرتوم اصابع سمسمية,PKGWH,مستودع التعبئة والتغليف,20730,4767.9,0.23,0,-0.23,#DIV/0!,#N/A
MUWAQQAR,1181148,كرتون حلاوة شيخ الكار اصابع داخلي  50*24,PKGWH,مستودع التعبئة والتغليف,2600,650,0.25,0,-0.25,#DIV/0!,#N/A
MUWAQQAR,1181149,علب كناري حلاوة 800 غم ملوكي بيضوي,PKGWH,مستودع التعبئة والتغليف,1200,216,0.18,0,-0.18,#DIV/0!,#N/A
MUWAQQAR,1181150,علب ميار حلاوة 3 كغم سادة,PKGWH,مستودع التعبئة والتغليف,630,352.8,0.56,0,-0.56,#DIV/0!,#N/A
MUWAQQAR,1181151,كرتون حلاوة شيخ الكار اصابع 1*24,PKGWH,مستودع التعبئة والتغليف,9784,2935.2,0.3,0,-0.3,#DIV/0!,#N/A
MUWAQQAR,1181152,علب زيزون حلاوة 400 غم فستق بيضوي,PKGWH,مستودع التعبئة والتغليف,3000,390,0.13,0,-0.13,#DIV/0!,#N/A
MUWAQQAR,1181153,علب عوافي حلاوة 400 غ فستق,PKGWH,مستودع التعبئة والتغليف,3000,390,0.13,0,-0.13,#DIV/0!,#N/A
MUWAQQAR,1181154,علب عوافي حلاوة 800 غ فستق,PKGWH,مستودع التعبئة والتغليف,3000,540,0.18,0,-0.18,#DIV/0!,#N/A
MUWAQQAR,1181155,علب حلاوة 800 غ شفاف امية قديم,PKGWH,مستودع التعبئة والتغليف,400,72,0.18,0,-0.18,#DIV/0!,#N/A
MUWAQQAR,1181158,علب حلاوة شفاف 800 غ بيضوي متعدد,PKGWH,مستودع التعبئة والتغليف,1771,318.78,0.18,0,-0.18,#DIV/0!,#N/A
MUWAQQAR,1181159,علب عوافي حلاوة 800 غ سادة,PKGWH,مستودع التعبئة والتغليف,2857,514.26,0.18,0,-0.18,#DIV/0!,#N/A
MUWAQQAR,1181160,كرتون طحينية عوافي 300 غ,PKGWH,مستودع التعبئة والتغليف,1150,322,0.28,0,-0.28,#DIV/0!,#N/A
MUWAQQAR,1181161,كرتون طحينية عوافي 400 غ,PKGWH,مستودع التعبئة والتغليف,1040,291.2,0.28,0,-0.28,#DIV/0!,#N/A
MUWAQQAR,1181162,كرتون طحينية عوافي 800 غ,PKGWH,مستودع التعبئة والتغليف,960,268.8,0.28,0,-0.28,#DIV/0!,#N/A
MUWAQQAR,1181163,مرتبان عوافي طحينية 800 غ,PKGWH,مستودع التعبئة والتغليف,3000,540,0.18,0,-0.18,#DIV/0!,#N/A
MUWAQQAR,1181164,علب جاط عوافي حلاوة 2 كغم فستق,PKGWH,مستودع التعبئة والتغليف,2998,959.36,0.32,0,-0.32,#DIV/0!,#N/A
MUWAQQAR,1181165,مرتبان عوافي طحينية 300 غ,PKGWH,مستودع التعبئة والتغليف,3445,447.85,0.13,0,-0.13,#DIV/0!,#N/A
MUWAQQAR,1181166,مرتبان عوافي طحينية 400 غ,PKGWH,مستودع التعبئة والتغليف,3500,490,0.14,0,-0.14,#DIV/0!,#N/A
MUWAQQAR,1181167,كرتون بكيت جميد عرفة  داخلي,PKGWH,مستودع التعبئة والتغليف,8360,836,0.1,0,-0.1,#DIV/0!,#N/A
MUWAQQAR,1181168,مرتبان طحينية 1 كغم شيخ الكار ( الجيش ),PKGWH,مستودع التعبئة والتغليف,362,79.64,0.22,0,-0.22,#DIV/0!,#N/A
MUWAQQAR,1181169,مرتبان طحينية جولدن سوان 400 غ قديم,PKGWH,مستودع التعبئة والتغليف,329,42.77,0.13,0,-0.13,#DIV/0!,#N/A
MUWAQQAR,1181170,كرتون بكيت جميد شيخ الكار داخلي,PKGWH,مستودع التعبئة والتغليف,32342,3234.2,0.1,0,-0.1,#DIV/0!,#N/A
MUWAQQAR,1181172,كرتون جميد سائل خارجي 1*8,PKGWH,مستودع التعبئة والتغليف,1559,342.98,0.22,0,-0.22,#DIV/0!,#N/A
MUWAQQAR,1181173,كرتون جميد حجر 20 كغم,PKGWH,مستودع التعبئة والتغليف,1072,235.84,0.22,0,-0.22,#DIV/0!,#N/A
MUWAQQAR,1181174,مرتبان طحينية خير بلادنا 300 غ,PKGWH,مستودع التعبئة والتغليف,3405,442.65,0.13,0,-0.13,#DIV/0!,#N/A
MUWAQQAR,1181176,علب حلاوة الموسم 800غ شوكولاتة بيضوي,PKGWH,مستودع التعبئة والتغليف,4000,720,0.18,0,-0.18,#DIV/0!,#N/A
MUWAQQAR,1181177,علب تبروير حلاوة 3.5 كغم شفاف متعدد,PKGWH,مستودع التعبئة والتغليف,2995,1677.2,0.56,0,-0.56,#DIV/0!,#N/A
MUWAQQAR,1181178,كرتون حلاوة خليفة 400 غ,PKGWH,مستودع التعبئة والتغليف,668,160.32,0.24,0,-0.24,#DIV/0!,#N/A
MUWAQQAR,1181180,كرتون بكيت حلاوة اصابع,PKGWH,مستودع التعبئة والتغليف,880,211.2,0.24,0,-0.24,#DIV/0!,#N/A
MUWAQQAR,1181181,كرتون حلاوة My love,PKGWH,مستودع التعبئة والتغليف,257,61.68,0.24,0,-0.24,#DIV/0!,#N/A
MUWAQQAR,1181183,مرتبان شيخ الكار طحينية 450 غم (غير مستخدم) قديم,PKGWH,مستودع التعبئة والتغليف,4016,461.84,0.115,0,-0.115,#DIV/0!,#N/A
MUWAQQAR,1181184,مرتبان شيخ الكار طحينية 400 غم بيج (قديم),PKGWH,مستودع التعبئة والتغليف,525,68.25,0.13,0,-0.13,#DIV/0!,#N/A
MUWAQQAR,1181185,مرتبان شيخ الكار طحينية 5 كغم,PKGWH,مستودع التعبئة والتغليف,22,12.43,0.565,0,-0.565,#DIV/0!,#N/A
MUWAQQAR,1181187,مرتبان شهد طحينية 800 غم,PKGWH,مستودع التعبئة والتغليف,1520,243.2,0.16,0,-0.16,#DIV/0!,#N/A
MUWAQQAR,1181193,مرتبان طحينية النخلة 300 غم,PKGWH,مستودع التعبئة والتغليف,1445,115.6,0.08,0,-0.08,#DIV/0!,#N/A
MUWAQQAR,1181195,مرتبان شيخ الكار طحينية 600 غم بيج (قديم),PKGWH,مستودع التعبئة والتغليف,189,30.24,0.16,0,-0.16,#DIV/0!,#N/A
MUWAQQAR,1181197,مرتبان شيخ الكار طحينية 900 غم قديم,PKGWH,مستودع التعبئة والتغليف,3756,582.18,0.155,0,-0.155,#DIV/0!,#N/A
MUWAQQAR,1181198,مرتبان زجاج طحينية 1 كغم,PKGWH,مستودع التعبئة والتغليف,898,125.72,0.14,0,-0.14,#DIV/0!,#N/A
MUWAQQAR,1181201,مرتبان خيرات العقبة طحينية 800 غم,PKGWH,مستودع التعبئة والتغليف,805,144.9,0.18,0,-0.18,#DIV/0!,#N/A
MUWAQQAR,1181203,مرتبان خير بلادنا طحينية 400 غم,PKGWH,مستودع التعبئة والتغليف,2455,368.25,0.15,0,-0.15,#DIV/0!,#N/A
MUWAQQAR,1181204,مرتبان خير بلادنا طحينية 800 غم,PKGWH,مستودع التعبئة والتغليف,260,46.8,0.18,0,-0.18,#DIV/0!,#N/A
MUWAQQAR,1181205,مرتبان زيدان طحينية 400 غم,PKGWH,مستودع التعبئة والتغليف,2000,340,0.17,0,-0.17,#DIV/0!,#N/A
MUWAQQAR,1181206,مرتبان شتلة طحينية 800 غم,PKGWH,مستودع التعبئة والتغليف,583,71.709,0.123,0,-0.123,#DIV/0!,#N/A
MUWAQQAR,1181208,مرتبان شهد طحينية 400 غم,PKGWH,مستودع التعبئة والتغليف,1415,226.4,0.16,0,-0.16,#DIV/0!,#N/A
MUWAQQAR,1181209,مرتبان شتلة طحينية 400 غم,PKGWH,مستودع التعبئة والتغليف,1102,143.26,0.13,0,-0.13,#DIV/0!,#N/A
MUWAQQAR,1181212,مرتبان شتلة طحينية 300 غم,PKGWH,مستودع التعبئة والتغليف,3150,437.85,0.139,0,-0.139,#DIV/0!,#N/A
MUWAQQAR,1181214,مطرة الموسم طحينية 900 غم,PKGWH,مستودع التعبئة والتغليف,2850,356.25,0.125,0,-0.125,#DIV/0!,#N/A
MUWAQQAR,1181215,مطرة الميلاد طحينية 900 غم,PKGWH,مستودع التعبئة والتغليف,256,22.016,0.086,0,-0.086,#DIV/0!,#N/A
MUWAQQAR,1181217,مرتبان يافا طحينية 800 غم,PKGWH,مستودع التعبئة والتغليف,5341,854.56,0.16,0,-0.16,#DIV/0!,#N/A
MUWAQQAR,1181218,مطرة العباسية طحينية 1 كغم,PKGWH,مستودع التعبئة والتغليف,603,84.42,0.14,0,-0.14,#DIV/0!,#N/A
MUWAQQAR,1181219,مطرة العلوي طحينية 900غم,PKGWH,مستودع التعبئة والتغليف,4158,436.59,0.105,0,-0.105,#DIV/0!,#N/A
MUWAQQAR,1181220,مطرة خير بلادنا طحينية 1 كغم,PKGWH,مستودع التعبئة والتغليف,5215,730.1,0.14,0,-0.14,#DIV/0!,#N/A
MUWAQQAR,1181222,رول سيلنج شفاف 40 سم,PKGWH,مستودع التعبئة والتغليف,355,0,0,0,0,#DIV/0!,#N/A
MUWAQQAR,1181223,رول سيلنج مطبوع 40 سم,PKGWH,مستودع التعبئة والتغليف,875,0,0,0,0,#DIV/0!,#N/A
MUWAQQAR,1181226,مطرة شيخ الكار طحينية 900 غم,PKGWH,مستودع التعبئة والتغليف,7323,776.238,0.136819825,0,-0.136819825,#DIV/0!,#N/A
MUWAQQAR,1181226,مطرة شيخ الكار طحينية 900 غم,SAHABWH,مستودع سحاب,8778,1426.698,0.136819825,0,-0.136819825,#DIV/0!,#N/A
MUWAQQAR,1181230,مرتبان كناري طحينية 800 غم,PKGWH,مستودع التعبئة والتغليف,537,88.605,0.165,0,-0.165,#DIV/0!,#N/A
MUWAQQAR,1181231,مرتبان فيكتو طحينية 450 غم تصدير,PKGWH,مستودع التعبئة والتغليف,18480,2513.28,0.136,0,-0.136,#DIV/0!,#N/A
MUWAQQAR,1181232,مرتبان عرفة طحينية 250 غم,PKGWH,مستودع التعبئة والتغليف,6214,521.976,0.084,0,-0.084,#DIV/0!,#N/A
MUWAQQAR,1181233,مرتبان فيكتو طحينية 900 غم تصدير,PKGWH,مستودع التعبئة والتغليف,3650,657,0.18,0,-0.18,#DIV/0!,#N/A
MUWAQQAR,1181234,مرتبان فيكتو طحينية 450 غم,PKGWH,مستودع التعبئة والتغليف,2574,334.62,0.13,0,-0.13,#DIV/0!,#N/A
MUWAQQAR,1181237,مرتبان ميار طحينية 550 غم,PKGWH,مستودع التعبئة والتغليف,560,72.8,0.13,0,-0.13,#DIV/0!,#N/A
MUWAQQAR,1181237,مرتبان ميار طحينية 550 غم,WIP,WIP,1200,156,0.13,0,-0.13,#DIV/0!,#N/A
MUWAQQAR,1181238,مرتبان نابت طحينية 600 غم,PKGWH,مستودع التعبئة والتغليف,1466,227.23,0.155,0,-0.155,#DIV/0!,#N/A
MUWAQQAR,1181240,مرتبان لوكسر طحينية 450 غم بني,PKGWH,مستودع التعبئة والتغليف,4455,578.608,0.129878339,0,-0.129878339,#DIV/0!,#N/A
MUWAQQAR,1181243,كرتون خير بلادنا طحينية 800 غم,PKGWH,مستودع التعبئة والتغليف,1600,640,0.4,0,-0.4,#DIV/0!,#N/A
MUWAQQAR,1181244,علب النور حلاوة 400 غم سادة بيضوي,PKGWH,مستودع التعبئة والتغليف,1108,144.04,0.13,0,-0.13,#DIV/0!,#N/A
MUWAQQAR,1181245,علب النور حلاوة 400 غم فستق بيضوي,PKGWH,مستودع التعبئة والتغليف,1125,146.25,0.13,0,-0.13,#DIV/0!,#N/A
MUWAQQAR,1181246,علب النور حلاوة 800 غم سادة بيضوي,PKGWH,مستودع التعبئة والتغليف,1400,194.6,0.139,0,-0.139,#DIV/0!,#N/A
MUWAQQAR,1181247,علب النخلة حلاوة 800 غم سادة بيضوي,PKGWH,مستودع التعبئة والتغليف,2341,330.081,0.141,0,-0.141,#DIV/0!,#N/A
MUWAQQAR,1181249,علب النخلة حلاوة 400 غم فستق بيضوي,PKGWH,مستودع التعبئة والتغليف,2010,94.47,0.047,0,-0.047,#DIV/0!,#N/A
MUWAQQAR,1181250,علب النخلة حلاوة 400 غم سادة بيضوي,PKGWH,مستودع التعبئة والتغليف,788,69.344,0.088,0,-0.088,#DIV/0!,#N/A
MUWAQQAR,1181251,علب جولدن سوان حلاوة 2 كغم سادة,PKGWH,مستودع التعبئة والتغليف,59,18.88,0.32,0,-0.32,#DIV/0!,#N/A
MUWAQQAR,1181253,علب جولدن سوان حلاوة 400 غم سادة بيضوي,PKGWH,مستودع التعبئة والتغليف,116,14.049,0.121112069,0,-0.121112069,#DIV/0!,#N/A
MUWAQQAR,1181254,علب جولدن سوان حلاوة 1500غم فستق هرمي,PKGWH,مستودع التعبئة والتغليف,80,22.4,0.28,0,-0.28,#DIV/0!,#N/A
MUWAQQAR,1181255,علب النور حلاوة 800 غم فستق بيضوي,PKGWH,مستودع التعبئة والتغليف,1400,224,0.16,0,-0.16,#DIV/0!,#N/A
MUWAQQAR,1181256,علب تذوق حلاوة 300 غم عينات,PKGWH,مستودع التعبئة والتغليف,564,86.292,0.153,0,-0.153,#DIV/0!,#N/A
MUWAQQAR,1181259,علب الموسم حلاوة 350 غم رشة فستق بيضوي,PKGWH,مستودع التعبئة والتغليف,3862,420.958,0.109,0,-0.109,#DIV/0!,#N/A
MUWAQQAR,1181260,علب الموسم حلاوة 450 غم سادة بيضوي,PKGWH,مستودع التعبئة والتغليف,3367,505.05,0.15,0,-0.15,#DIV/0!,#N/A
MUWAQQAR,1181262,علب المزرعة حلاوة 800 غم فستق بيضوي,PKGWH,مستودع التعبئة والتغليف,1400,224,0.16,0,-0.16,#DIV/0!,#N/A
MUWAQQAR,1181263,علب المزرعة حلاوة سادة  400 غم  بيضوي,PKGWH,مستودع التعبئة والتغليف,3375,438.75,0.13,0,-0.13,#DIV/0!,#N/A
MUWAQQAR,1181264,علب الموسم حلاوة 300 غم مستطيل سادة,PKGWH,مستودع التعبئة والتغليف,83030,7223.61,0.087,0,-0.087,#DIV/0!,#N/A
MUWAQQAR,1181266,علب الميلاد 300 غم حلاوة بالفستق الحلبي,PKGWH,مستودع التعبئة والتغليف,1174,117.212,0.10013975,0,-0.10013975,#DIV/0!,#N/A
MUWAQQAR,1181266,علب الميلاد 300 غم حلاوة بالفستق الحلبي,WIP,WIP,1860,186.612,0.10013975,0,-0.10013975,#DIV/0!,#N/A
MUWAQQAR,1181268,علب الموسم حلاوة 800 غم رشةفستق حلبي بيضوي,PKGWH,مستودع التعبئة والتغليف,3060,459,0.15,0,-0.15,#DIV/0!,#N/A
MUWAQQAR,1181269,علب الموسم حلاوة 450 غم شوكولاتة بيضوي,PKGWH,مستودع التعبئة والتغليف,2474,217.712,0.088,0,-0.088,#DIV/0!,#N/A
MUWAQQAR,1181270,علب الموسم حلاوة 800 غم سادة مستطيل مصر,PKGWH,مستودع التعبئة والتغليف,6839,902.748,0.132,0,-0.132,#DIV/0!,#N/A
MUWAQQAR,1181273,علب شهد حلاوة 400 غم فستق بيضوي,PKGWH,مستودع التعبئة والتغليف,5188,472.108,0.091,0,-0.091,#DIV/0!,#N/A
MUWAQQAR,1181274,علب شهد حلاوة 800 غم سادة بيضوي,PKGWH,مستودع التعبئة والتغليف,3958,593.7,0.15,0,-0.15,#DIV/0!,#N/A
MUWAQQAR,1181275,علب شهد حلاوة 800 غم فستق بيضوي,PKGWH,مستودع التعبئة والتغليف,4623,693.45,0.15,0,-0.15,#DIV/0!,#N/A
MUWAQQAR,1181277,علب شتلة حلاوة 800 غم شوكولاتة بيضوي,PKGWH,مستودع التعبئة والتغليف,1864,292.648,0.157,0,-0.157,#DIV/0!,#N/A
MUWAQQAR,1181278,علب شتلة حلاوة 800 غم فستق بيضوي,PKGWH,مستودع التعبئة والتغليف,968,151.008,0.156,0,-0.156,#DIV/0!,#N/A
MUWAQQAR,1181279,علب شفاف حلاوة 2500 غم,PKGWH,مستودع التعبئة والتغليف,325,64.025,0.197,0,-0.197,#DIV/0!,#N/A
MUWAQQAR,1181282,علب شيخ الكار حلاوة 1800 غم شوكولاتة,PKGWH,مستودع التعبئة والتغليف,2629,515.284,0.196,0,-0.196,#DIV/0!,#N/A
MUWAQQAR,1181284,علب شهية حلاوة 400 غم سادة,PKGWH,مستودع التعبئة والتغليف,406,35.728,0.088,0,-0.088,#DIV/0!,#N/A
MUWAQQAR,1181285,علب شهية حلاوة 400 غم فستق,PKGWH,مستودع التعبئة والتغليف,431,37.928,0.088,0,-0.088,#DIV/0!,#N/A
MUWAQQAR,1181286,علب شهية حلاوة 800 غم سادة,PKGWH,مستودع التعبئة والتغليف,116,17.4,0.15,0,-0.15,#DIV/0!,#N/A
MUWAQQAR,1181287,علب خير بلادنا حلاوة 350 غم فستق بيضوي,PKGWH,مستودع التعبئة والتغليف,33,2.904,0.088,0,-0.088,#DIV/0!,#N/A
MUWAQQAR,1181290,علب خير بلادنا حلاوة 1500 غم فستق هرمي,PKGWH,مستودع التعبئة والتغليف,4667,1101.412,0.236,0,-0.236,#DIV/0!,#N/A
MUWAQQAR,1181291,علب جولدن سوان حلاوة 800 غم سادة بيضوي,PKGWH,مستودع التعبئة والتغليف,1889,205.143,0.108598729,0,-0.108598729,#DIV/0!,#N/A
MUWAQQAR,1181292,علب جولدن سوان حلاوة 800 غم فستق بيضوي,PKGWH,مستودع التعبئة والتغليف,124,19.723,0.159056452,0,-0.159056452,#DIV/0!,#N/A
MUWAQQAR,1181293,علب خير بلادنا حلاوة 1500 غم سادة هرمي,PKGWH,مستودع التعبئة والتغليف,3995,599.25,0.15,0,-0.15,#DIV/0!,#N/A
MUWAQQAR,1181294,علب شتلة حلاوة 450 غم شوكولاتة بيضوي,PKGWH,مستودع التعبئة والتغليف,2998,263.824,0.088,0,-0.088,#DIV/0!,#N/A
MUWAQQAR,1181295,علب شتلة حلاوة 450 غم فستق بيضوي,PKGWH,مستودع التعبئة والتغليف,1750,217,0.124,0,-0.124,#DIV/0!,#N/A
MUWAQQAR,1181296,علب شتلة حلاوة 800 غم سادة بيضوي,PKGWH,مستودع التعبئة والتغليف,710,106.5,0.15,0,-0.15,#DIV/0!,#N/A
MUWAQQAR,1181297,علب شتلة حلاوة 450 غم سادة بيضوي,PKGWH,مستودع التعبئة والتغليف,616,54.208,0.088,0,-0.088,#DIV/0!,#N/A
MUWAQQAR,1181298,علب خير بلادي حلاوة 750 غم فستق بيضوي,PKGWH,مستودع التعبئة والتغليف,5185,746.64,0.144,0,-0.144,#DIV/0!,#N/A
MUWAQQAR,1181299,علب زيزون حلاوة 800 غم فستق بيضوي,PKGWH,مستودع التعبئة والتغليف,3000,450,0.15,0,-0.15,#DIV/0!,#N/A
MUWAQQAR,1181300,علب شتلة حلاوة 300 غم رشة فستق امنية,PKGWH,مستودع التعبئة والتغليف,1091,96.008,0.088,0,-0.088,#DIV/0!,#N/A
MUWAQQAR,1181302,تنك شيخ الكار طحينية 8 كغم -فارغ (سكني),PKGWH,مستودع التعبئة والتغليف,29,31.697,1.093,0,-1.093,#DIV/0!,#N/A
MUWAQQAR,1181313,تنك عرفة طحينية 18 كغم,PKGWH,مستودع التعبئة والتغليف,318,255.672,0.804,0,-0.804,#DIV/0!,#N/A
MUWAQQAR,1181314,جاط  حلاوة 3 كغم شفاف,PKGWH,مستودع التعبئة والتغليف,509,279.95,0.55,0,-0.55,#DIV/0!,#N/A
MUWAQQAR,1181315,تنك الموسم طحينية 10 كغم قديم,PKGWH,مستودع التعبئة والتغليف,69,93.15,1.35,0,-1.35,#DIV/0!,#N/A
MUWAQQAR,1181316,تنك الموسم حلاوة 15 كغم أزرق,PKGWH,مستودع التعبئة والتغليف,892,1204.2,1.35,0,-1.35,#DIV/0!,#N/A
MUWAQQAR,1181318,تنك المدينة طحينية 18 كغم -فارغ,PKGWH,مستودع التعبئة والتغليف,87,117.45,1.35,0,-1.35,#DIV/0!,#N/A
MUWAQQAR,1181321,تنك الصفصاف 10 لتر فتحه بلاستيك,PKGWH,مستودع التعبئة والتغليف,926,1396.408,1.508,0,-1.508,#DIV/0!,#N/A
MUWAQQAR,1181323,تنك سادة طحينية 9 كغم,PKGWH,مستودع التعبئة والتغليف,47,58.75,1.25,0,-1.25,#DIV/0!,#N/A
MUWAQQAR,1181324,تنك بدون طباعة حلاوة 15 كغم سادة,PKGWH,مستودع التعبئة والتغليف,280,378,1.35,0,-1.35,#DIV/0!,#N/A
MUWAQQAR,1181325,تنك الموسم طحينية 9 كغم -فارغ قديم,PKGWH,مستودع التعبئة والتغليف,63,39.375,0.625,0,-0.625,#DIV/0!,#N/A
MUWAQQAR,1181326,تنك الموسم طحينية 15 كغم,PKGWH,مستودع التعبئة والتغليف,462,623.7,1.35,0,-1.35,#DIV/0!,#N/A
MUWAQQAR,1181330,علب الفرات حلاوة 450 غم سادة بيضوي,PKGWH,مستودع التعبئة والتغليف,2000,260,0.13,0,-0.13,#DIV/0!,#N/A
MUWAQQAR,1181331,علب الفرات حلاوة 400 غم شوكولاته بيضوي,PKGWH,مستودع التعبئة والتغليف,2000,260,0.13,0,-0.13,#DIV/0!,#N/A
MUWAQQAR,1181332,علب الفرات حلاوة 400 غم فستق بيضوي,PKGWH,مستودع التعبئة والتغليف,2000,260,0.13,0,-0.13,#DIV/0!,#N/A
MUWAQQAR,1181334,علب الشاطئ حلاوة 350 غم فستق بيضوي,PKGWH,مستودع التعبئة والتغليف,180,20.7,0.115,0,-0.115,#DIV/0!,#N/A
MUWAQQAR,1181335,علب الشاطئ حلاوة 700 غم فستق بيضوي,PKGWH,مستودع التعبئة والتغليف,4,0.632,0.158,0,-0.158,#DIV/0!,#N/A
MUWAQQAR,1181336,علب الضياء حلاوة 400 غم سادة,PKGWH,مستودع التعبئة والتغليف,1550,144.15,0.093,0,-0.093,#DIV/0!,#N/A
MUWAQQAR,1181336,علب الضياء حلاوة 400 غم سادة,WIP,WIP,600,55.8,0.093,0,-0.093,#DIV/0!,#N/A
MUWAQQAR,1181337,علب المحمودية حلاوة 350 غم فستق,PKGWH,مستودع التعبئة والتغليف,3330,293.04,0.088,0,-0.088,#DIV/0!,#N/A
MUWAQQAR,1181338,علب المزرعة حلاوة 400 غم فستق بيضوي,PKGWH,مستودع التعبئة والتغليف,833,108.29,0.13,0,-0.13,#DIV/0!,#N/A
MUWAQQAR,1181339,علب المزرعة حلاوة 800 غم سادة بيضوي,PKGWH,مستودع التعبئة والتغليف,2400,369.6,0.154,0,-0.154,#DIV/0!,#N/A
MUWAQQAR,1181340,علب الفرات حلاوة 800 غم فستق,PKGWH,مستودع التعبئة والتغليف,2000,320,0.16,0,-0.16,#DIV/0!,#N/A
MUWAQQAR,1181341,علب شفاف حلاوة 300 غم متعدد مستطيل,PKGWH,مستودع التعبئة والتغليف,840,109.2,0.13,0,-0.13,#DIV/0!,#N/A
MUWAQQAR,1181342,علب الفرات حلاوة 800 غم سادة,PKGWH,مستودع التعبئة والتغليف,2000,320,0.16,0,-0.16,#DIV/0!,#N/A
MUWAQQAR,1181343,علب الفرات حلاوة 800 غم شوكولاته,PKGWH,مستودع التعبئة والتغليف,2000,320,0.16,0,-0.16,#DIV/0!,#N/A
MUWAQQAR,1181345,سطل جولدن سوان طحينية 18 كغم,PKGWH,مستودع التعبئة والتغليف,110,130.35,1.185,0,-1.185,#DIV/0!,#N/A
MUWAQQAR,1181350,جاط شيخ الكار حلاوة 6/5 كغم مصر,PKGWH,مستودع التعبئة والتغليف,3743,1785.411,0.477,0,-0.477,#DIV/0!,#N/A
MUWAQQAR,1181351,سطل مستعمل طحينية 10 كغم فارغ,PKGWH,مستودع التعبئة والتغليف,1594,1992.5,1.25,0,-1.25,#DIV/0!,#N/A
MUWAQQAR,1181353,علب الشاطئ حلاوة 1900 غم فستق,PKGWH,مستودع التعبئة والتغليف,148,39.96,0.27,0,-0.27,#DIV/0!,#N/A
MUWAQQAR,1181354,"سطل متعدد طحينية 4 كغم (نابت،شيخ الكار ،زيدان)",PKGWH,مستودع التعبئة والتغليف,92,34.96,0.38,0,-0.38,#DIV/0!,#N/A
MUWAQQAR,1181356,سطل كناري طحينية 18 كغم,PKGWH,مستودع التعبئة والتغليف,282,380.7,1.35,0,-1.35,#DIV/0!,#N/A
MUWAQQAR,1181358,علب يافا حلاوة 450 غم فستق دمعة,PKGWH,مستودع التعبئة والتغليف,319,28.072,0.088,0,-0.088,#DIV/0!,#N/A
MUWAQQAR,1181360,قارورة سيرج 250 غم زجاج,PKGWH,مستودع التعبئة والتغليف,309,52.53,0.17,0,-0.17,#DIV/0!,#N/A
MUWAQQAR,1181361,علب يافا حلاوة 450 غم شوكولاته دمعة,PKGWH,مستودع التعبئة والتغليف,1065,70.29,0.066,0,-0.066,#DIV/0!,#N/A
MUWAQQAR,1181362,علب نابت حلاوة 400 غم فستق دمعة,PKGWH,مستودع التعبئة والتغليف,96,8.448,0.088,0,-0.088,#DIV/0!,#N/A
MUWAQQAR,1181363,علب نابت حلاوة 800 غم سادة دمعة,PKGWH,مستودع التعبئة والتغليف,400,72,0.18,0,-0.18,#DIV/0!,#N/A
MUWAQQAR,1181364,علب يافا حلاوة 450 غم سادة دمعة,PKGWH,مستودع التعبئة والتغليف,840,70.56,0.084,0,-0.084,#DIV/0!,#N/A
MUWAQQAR,1181365,كرتون الباشا طحينية 285 غم,PKGWH,مستودع التعبئة والتغليف,1510,453,0.3,0,-0.3,#DIV/0!,#N/A
MUWAQQAR,1181366,كرتون الباشا طحينية 585 غم,PKGWH,مستودع التعبئة والتغليف,1180,590,0.5,0,-0.5,#DIV/0!,#N/A
MUWAQQAR,1181367,كرتون الباشا طحينية 800 غم,PKGWH,مستودع التعبئة والتغليف,1995,901.74,0.452,0,-0.452,#DIV/0!,#N/A
MUWAQQAR,1181368,كرتون الباشا حلاوة 750 غم,PKGWH,مستودع التعبئة والتغليف,2460,1722,0.7,0,-0.7,#DIV/0!,#N/A
MUWAQQAR,1181369,كرتون My love باكيت,PKGWH,مستودع التعبئة والتغليف,257,128.5,0.5,0,-0.5,#DIV/0!,#N/A
MUWAQQAR,1181371,كرتون الباشا حلاوة 350 غم,PKGWH,مستودع التعبئة والتغليف,2380,952,0.4,0,-0.4,#DIV/0!,#N/A
MUWAQQAR,1181372,علب ميار حلاوة 3 كغم رشة الفستق,PKGWH,مستودع التعبئة والتغليف,870,318.42,0.366,0,-0.366,#DIV/0!,#N/A
MUWAQQAR,1181374,علب ميار حلاوة 300 غم سادة امنية,PKGWH,مستودع التعبئة والتغليف,33956,305.604,0.009,0,-0.009,#DIV/0!,#N/A
MUWAQQAR,1181381,علب نابت حلاوة 400 غم سادة دمعة,PKGWH,مستودع التعبئة والتغليف,700,62.3,0.089,0,-0.089,#DIV/0!,#N/A
MUWAQQAR,1181382,علب ميار حلاوة 400 غم سادة دمعة,PKGWH,مستودع التعبئة والتغليف,585,51.48,0.088,0,-0.088,#DIV/0!,#N/A
MUWAQQAR,1181383,علب ميار حلاوة 300 غم كاجو أمنية,PKGWH,مستودع التعبئة والتغليف,640,70.4,0.11,0,-0.11,#DIV/0!,#N/A
MUWAQQAR,1181384,علب ميار حلاوة 400 غم رشة فستق بيضوي,PKGWH,مستودع التعبئة والتغليف,1749,216.876,0.124,0,-0.124,#DIV/0!,#N/A
MUWAQQAR,1181385,علب ميار حلاوة 400 غم سادة بيضوي صغير,PKGWH,مستودع التعبئة والتغليف,8568,856.8,0.1,0,-0.1,#DIV/0!,#N/A
MUWAQQAR,1181386,كرتون الريحان حلاوة 500 غرام,PKGWH,مستودع التعبئة والتغليف,1325,344.5,0.26,0,-0.26,#DIV/0!,#N/A
MUWAQQAR,1181387,كرتون النور طحينية 7 كغم,PKGWH,مستودع التعبئة والتغليف,1233,271.26,0.22,0,-0.22,#DIV/0!,#N/A
MUWAQQAR,1181388,كرتون طحينية 5 كغم متعدد قديم,PKGWH,مستودع التعبئة والتغليف,1035,258.75,0.25,0,-0.25,#DIV/0!,#N/A
MUWAQQAR,1181389,كرتون بلدي طحينية 800 غم,PKGWH,مستودع التعبئة والتغليف,249,124.002,0.498,0,-0.498,#DIV/0!,#N/A
MUWAQQAR,1181391,كرتون الموسم طحينية 900 غم قديم,PKGWH,مستودع التعبئة والتغليف,960,327.36,0.341,0,-0.341,#DIV/0!,#N/A
MUWAQQAR,1181392,كرتون الموسم طحينية 900 غم محلي,PKGWH,مستودع التعبئة والتغليف,253,31.119,0.123,0,-0.123,#DIV/0!,#N/A
MUWAQQAR,1181394,كرتون خليفة طحينية 900 غم,PKGWH,مستودع التعبئة والتغليف,920,460,0.5,0,-0.5,#DIV/0!,#N/A
MUWAQQAR,1181396,كرتون خير بلادنا طحينية 400 غم,PKGWH,مستودع التعبئة والتغليف,1180,330.4,0.28,0,-0.28,#DIV/0!,#N/A
MUWAQQAR,1181397,كرتون خليفة طحينية 650 غم,PKGWH,مستودع التعبئة والتغليف,413,165.2,0.4,0,-0.4,#DIV/0!,#N/A
MUWAQQAR,1181398,كرتون تكية حلاوة غير مطبوع,PKGWH,مستودع التعبئة والتغليف,326,130.4,0.4,0,-0.4,#DIV/0!,#N/A
MUWAQQAR,1181398,كرتون تكية حلاوة غير مطبوع,WIP,WIP,33,13.2,0.4,0,-0.4,#DIV/0!,#N/A
MUWAQQAR,1181399,كرتون جولدن سوان طحينية 1800 غم قديم,PKGWH,مستودع التعبئة والتغليف,805,192.395,0.239,0,-0.239,#DIV/0!,#N/A
MUWAQQAR,1181400,كرتون جولدن سوان طحينية 800 غم,PKGWH,مستودع التعبئة والتغليف,400,88,0.22,0,-0.22,#DIV/0!,#N/A
MUWAQQAR,1181401,كرتون الفاخرة طحينية 550 غم,PKGWH,مستودع التعبئة والتغليف,11090,3891.152,0.350870334,0,-0.350870334,#DIV/0!,#N/A
MUWAQQAR,1181403,كرتون الموسم حلاوة 2300 غم رشة فستق قديم,PKGWH,مستودع التعبئة والتغليف,2240,792.96,0.354,0,-0.354,#DIV/0!,#N/A
MUWAQQAR,1181404,كرتون الفاخرة طحينية 300 غم,PKGWH,مستودع التعبئة والتغليف,1988,276.238,0.138952716,0,-0.138952716,#DIV/0!,#N/A
MUWAQQAR,1181405,كرتون الشاطئ طحينية 400 غم,PKGWH,مستودع التعبئة والتغليف,785,314,0.4,0,-0.4,#DIV/0!,#N/A
MUWAQQAR,1181406,كرتون الشاطئ طحينية 750 غم,PKGWH,مستودع التعبئة والتغليف,604,151,0.25,0,-0.25,#DIV/0!,#N/A
MUWAQQAR,1181407,كرتون متعدد طحينية 1800 غم  اكسترا,PKGWH,مستودع التعبئة والتغليف,1181,318.87,0.27,0,-0.27,#DIV/0!,#N/A
MUWAQQAR,1181408,كرتون الموسم طحينية 450 غم تصدير,PKGWH,مستودع التعبئة والتغليف,1635,654,0.4,0,-0.4,#DIV/0!,#N/A
MUWAQQAR,1181409,كرتون الموسم طحينية 600 غم محلي,PKGWH,مستودع التعبئة والتغليف,1290,398.61,0.309,0,-0.309,#DIV/0!,#N/A
MUWAQQAR,1181410,كرتون الموسم طحينية 900 غم تصدير,PKGWH,مستودع التعبئة والتغليف,1963,745.94,0.38,0,-0.38,#DIV/0!,#N/A
MUWAQQAR,1181411,كرتون الموسم طحينية 400 غم محلي,PKGWH,مستودع التعبئة والتغليف,2,0.6,0.3,0,-0.3,#DIV/0!,#N/A
MUWAQQAR,1181412,كرتون الموسم حلاوة 2500 غم رشة فستق,PKGWH,مستودع التعبئة والتغليف,800,440,0.55,0,-0.55,#DIV/0!,#N/A
MUWAQQAR,1181413,كرتون الموسم حلاوة 400 غم قديم,PKGWH,مستودع التعبئة والتغليف,1056,316.8,0.3,0,-0.3,#DIV/0!,#N/A
MUWAQQAR,1181414,كرتون الموسم طحينية 300 غم محلي,PKGWH,مستودع التعبئة والتغليف,763,99.19,0.13,0,-0.13,#DIV/0!,#N/A
MUWAQQAR,1181417,علب شيخ الكار حلاوة 400 غم ملوكي (قديم),PKGWH,مستودع التعبئة والتغليف,1290,114.81,0.089,0,-0.089,#DIV/0!,#N/A
MUWAQQAR,1181418,علب شيخ الكار حلاوة 400 غم شوكولاتة (قديم),PKGWH,مستودع التعبئة والتغليف,4510,392.37,0.087,0,-0.087,#DIV/0!,#N/A
MUWAQQAR,1181420,علب  حلاوة 400 غم شفاف بدون ليبل بيضوي,PKGWH,مستودع التعبئة والتغليف,3735,485.55,0.13,0,-0.13,#DIV/0!,#N/A
MUWAQQAR,1181424,علب شيخ الكار حلاوة 700 غم فستق (قديم),PKGWH,مستودع التعبئة والتغليف,247,37.05,0.15,0,-0.15,#DIV/0!,#N/A
MUWAQQAR,1181426,علب شيخ الكار حلاوة 600 غم شوكولاتة (قديم),PKGWH,مستودع التعبئة والتغليف,1603,240.45,0.15,0,-0.15,#DIV/0!,#N/A
MUWAQQAR,1181427,علب شيخ الكار حلاوة 600 غم فستق قديم,PKGWH,مستودع التعبئة والتغليف,528,70.752,0.134,0,-0.134,#DIV/0!,#N/A
MUWAQQAR,1181429,علب شيخ الكار حلاوة 200 غم سادة هرمي,PKGWH,مستودع التعبئة والتغليف,540,47.52,0.088,0,-0.088,#DIV/0!,#N/A
MUWAQQAR,1181430,علب شيخ الكار حلاوة 200 غم فستق هرمي,PKGWH,مستودع التعبئة والتغليف,540,59.4,0.11,0,-0.11,#DIV/0!,#N/A
MUWAQQAR,1181432,علب شيخ الكار حلاوة 2300 غم فستق (قديم),PKGWH,مستودع التعبئة والتغليف,176,56.32,0.32,0,-0.32,#DIV/0!,#N/A
MUWAQQAR,1181434,علب سطل شيخ الكار حلاوة 1800 رشة فستق,PKGWH,مستودع التعبئة والتغليف,5858,1874.56,0.32,0,-0.32,#DIV/0!,#N/A
MUWAQQAR,1181436,علب شيخ الكار حلاوة 300 غم كاجو,PKGWH,مستودع التعبئة والتغليف,2295,218.025,0.095,0,-0.095,#DIV/0!,#N/A
MUWAQQAR,1181437,علب شيخ الكار حلاوة 300 غم كاجو (قديم),PKGWH,مستودع التعبئة والتغليف,6073,534.424,0.088,0,-0.088,#DIV/0!,#N/A
MUWAQQAR,1181439,علب شيخ الكار حلاوة 300 غم رشة فستق (قديم) بيضوي,PKGWH,مستودع التعبئة والتغليف,3899,343.112,0.088,0,-0.088,#DIV/0!,#N/A
MUWAQQAR,1181440,علب شيخ الكار حلاوة 300 غم سادة,PKGWH,مستودع التعبئة والتغليف,15213,1486.736,0.097728065,0,-0.097728065,#DIV/0!,#N/A
MUWAQQAR,1181440,علب شيخ الكار حلاوة 300 غم سادة,WIP,WIP,276,26.974,0.097728065,0,-0.097728065,#DIV/0!,#N/A
MUWAQQAR,1181441,علب شيخ الكار حلاوة 300 غم سادة (قديم) بيضوي,PKGWH,مستودع التعبئة والتغليف,674,59.312,0.088,0,-0.088,#DIV/0!,#N/A
MUWAQQAR,1181443,علب شيخ الكار حلاوة 700 غم ملوكي (قديم),PKGWH,مستودع التعبئة والتغليف,100,15,0.15,0,-0.15,#DIV/0!,#N/A
MUWAQQAR,1181445,علب كناري حلاوة 400 غم سادة بيضوي,PKGWH,مستودع التعبئة والتغليف,2625,280.875,0.107,0,-0.107,#DIV/0!,#N/A
MUWAQQAR,1181446,علب كناري حلاوة 400 غم شوكولاتة بيضوي,PKGWH,مستودع التعبئة والتغليف,1250,127.5,0.102,0,-0.102,#DIV/0!,#N/A
MUWAQQAR,1181449,علب كباتيلو حلاوة 450 غم شوكولاتة,PKGWH,مستودع التعبئة والتغليف,2800,246.4,0.088,0,-0.088,#DIV/0!,#N/A
MUWAQQAR,1181451,علب لاند سويت حلاوة 400 غم دايت,PKGWH,مستودع التعبئة والتغليف,400,52,0.13,0,-0.13,#DIV/0!,#N/A
MUWAQQAR,1181452,علب متعدد حلاوة 550 غم امنية شفاف,PKGWH,مستودع التعبئة والتغليف,2404,384.64,0.16,0,-0.16,#DIV/0!,#N/A
MUWAQQAR,1181453,مرتبان  طحينية 1800 غم شفاف متعدد,PKGWH,مستودع التعبئة والتغليف,1500,330,0.22,0,-0.22,#DIV/0!,#N/A
MUWAQQAR,1181454,علب كناري حلاوة 800 غم فستق بيضوي,PKGWH,مستودع التعبئة والتغليف,304,43.776,0.144,0,-0.144,#DIV/0!,#N/A
MUWAQQAR,1181455,علب كناري حلاوة 400 غم فستق بيضوي,PKGWH,مستودع التعبئة والتغليف,2411,245.922,0.102,0,-0.102,#DIV/0!,#N/A
MUWAQQAR,1181456,علب كناري حلاوة 800 غم سادة بيضوي,PKGWH,مستودع التعبئة والتغليف,1611,220.707,0.137,0,-0.137,#DIV/0!,#N/A
MUWAQQAR,1181457,علب كناري حلاوة 800 غم شوكولاتة بيضوي,PKGWH,مستودع التعبئة والتغليف,1600,240,0.15,0,-0.15,#DIV/0!,#N/A
MUWAQQAR,1181459,علب شيخ الكار حلاوة 800 غم فستق (قديم),PKGWH,مستودع التعبئة والتغليف,285,42.75,0.15,0,-0.15,#DIV/0!,#N/A
MUWAQQAR,1181463,علب شيخ الكار حلاوة 800 غم سادة (قديم),PKGWH,مستودع التعبئة والتغليف,1798,269.7,0.15,0,-0.15,#DIV/0!,#N/A
MUWAQQAR,1181465,علب شفاف غطاء أزرق حلاوة 400 غم دمعة,PKGWH,مستودع التعبئة والتغليف,5180,455.84,0.088,0,-0.088,#DIV/0!,#N/A
MUWAQQAR,1181466,علب الفاخرة حلاوة 300 غم رشة فستق أمنية,PKGWH,مستودع التعبئة والتغليف,4430,389.84,0.088,0,-0.088,#DIV/0!,#N/A
MUWAQQAR,1181467,علب الفاخرة حلاوة 550 غم رشة فستق أمنية,PKGWH,مستودع التعبئة والتغليف,12,1.8,0.15,0,-0.15,#DIV/0!,#N/A
MUWAQQAR,1181468,علب عرفة حلاوة 250 غم فستق حلبي امنية,PKGWH,مستودع التعبئة والتغليف,4335,333.795,0.077,0,-0.077,#DIV/0!,#N/A
MUWAQQAR,1181469,علب شيخ الكار حلاوة 800 غم ملوكي (قديم),PKGWH,مستودع التعبئة والتغليف,1160,174,0.15,0,-0.15,#DIV/0!,#N/A
MUWAQQAR,1181470,علب عرفة 3 كغم حلاوة سادة,PKGWH,مستودع التعبئة والتغليف,779,426.892,0.548,0,-0.548,#DIV/0!,#N/A
MUWAQQAR,1181471,علب عرفة 3 لتر حلاوة بالفستق,PKGWH,مستودع التعبئة والتغليف,956,525.8,0.55,0,-0.55,#DIV/0!,#N/A
MUWAQQAR,1181475,علب النخلة حلاوة 800 غم فستق بيضوي,PKGWH,مستودع التعبئة والتغليف,46,8.28,0.18,0,-0.18,#DIV/0!,#N/A
MUWAQQAR,1181477,علب شيخ الكار حلاوة 1800 غم شوكولاتة,PKGWH,مستودع التعبئة والتغليف,2629,515.284,0.196,0,-0.196,#DIV/0!,#N/A
MUWAQQAR,1171021,سمسم نيجيري,RMWH,مستودع المواد الاولية,23400,29998.8,1.282,0,-1.282,#DIV/0!,#N/A
MUWAQQAR,1011013,الموسم طحينية 15 كغم تنك 1*1,WIP,WIP,15,357.015,23.801,0,-23.801,#DIV/0!,#N/A
MUWAQQAR,1181478,كرتون ميار حلاوة 1 كغم سطل,PKGWH,مستودع التعبئة والتغليف,3038,710.62,0.232430442,0,-0.232430442,#DIV/0!,#N/A
MUWAQQAR,1181478,كرتون ميار حلاوة 1 كغم سطل,SAHABWH,مستودع سحاب,1850,425.5,0.232430442,0,-0.232430442,#DIV/0!,#N/A
MUWAQQAR,1181479,مرتبان ميار طحينية 550 غم لون أخضر,PKGWH,مستودع التعبئة والتغليف,61,8.54,0.14,0,-0.14,#DIV/0!,#N/A
MUWAQQAR,1181480,مطرة الأفندي طحينية 900 غم,PKGWH,مستودع التعبئة والتغليف,6197,650.685,0.105,0,-0.105,#DIV/0!,#N/A
MUWAQQAR,1181481,مرتبان شيخ الكار طحينيه 800 غم (مع باركود شاي),PKGWH,مستودع التعبئة والتغليف,650,104,0.16,0,-0.16,#DIV/0!,#N/A
MUWAQQAR,1181482,علب تذوق حلاوة 250 غم  /قديم,PKGWH,مستودع التعبئة والتغليف,1200,132,0.11,0,-0.11,#DIV/0!,#N/A
MUWAQQAR,1181483,علب زجاج شفاف زيت سيرج 250 غم,PKGWH,مستودع التعبئة والتغليف,260,28.6,0.11,0,-0.11,#DIV/0!,#N/A
MUWAQQAR,1181484,مرتبان جولدن سوان طحينية 1800 غم  بدون ليبل,PKGWH,مستودع التعبئة والتغليف,48,15.36,0.32,0,-0.32,#DIV/0!,#N/A
MUWAQQAR,1181485,علب شيخ الكار حلاوة 200 غم شوكلاته,PKGWH,مستودع التعبئة والتغليف,8216,903.76,0.11,0,-0.11,#DIV/0!,#N/A
MUWAQQAR,1181489,مرتبان تمور البركة طحينية 250 غم,PKGWH,مستودع التعبئة والتغليف,3581,393.91,0.11,0,-0.11,#DIV/0!,#N/A
MUWAQQAR,1181490,قارورة الميلاد طحينية 300 غم /جديد,PKGWH,مستودع التعبئة والتغليف,375,41.25,0.11,0,-0.11,#DIV/0!,#N/A
MUWAQQAR,1181490,قارورة الميلاد طحينية 300 غم /جديد,WIP,WIP,840,92.4,0.11,0,-0.11,#DIV/0!,#N/A
MUWAQQAR,1181491,قارورة طحينيه 450 غم /جولدن سوان,PKGWH,مستودع التعبئة والتغليف,5447,599.17,0.11,0,-0.11,#DIV/0!,#N/A
MUWAQQAR,1181492,قارورة طحينيه 900 غم /جولدن سوان,PKGWH,مستودع التعبئة والتغليف,4320,475.2,0.11,0,-0.11,#DIV/0!,#N/A
MUWAQQAR,1181493,كرتون حلاوة متعدد 200 غم,PKGWH,مستودع التعبئة والتغليف,86,19.78,0.23,0,-0.23,#DIV/0!,#N/A
MUWAQQAR,1181494,كرتون الوادي طحينية 450 غم,PKGWH,مستودع التعبئة والتغليف,424,101.76,0.24,0,-0.24,#DIV/0!,#N/A
MUWAQQAR,1181495,قارورة الميلاد طحينية 500 غم,PKGWH,مستودع التعبئة والتغليف,318,34.98,0.11,0,-0.11,#DIV/0!,#N/A
MUWAQQAR,1181495,قارورة الميلاد طحينية 500 غم,WIP,WIP,516,56.76,0.11,0,-0.11,#DIV/0!,#N/A
MUWAQQAR,1181496,سطل دائري طحينية 18 كغم جديد,PKGWH,مستودع التعبئة والتغليف,258,348.3,1.35,0,-1.35,#DIV/0!,#N/A
MUWAQQAR,1181498,علب الباشا حلاوة 800 غم سادة بيضوي,PKGWH,مستودع التعبئة والتغليف,5966,1073.88,0.18,0,-0.18,#DIV/0!,#N/A
MUWAQQAR,1181499,علب الباشا حلاوة 800 غم شوكلاته,PKGWH,مستودع التعبئة والتغليف,4798,863.64,0.18,0,-0.18,#DIV/0!,#N/A
MUWAQQAR,1181500,كرتون دبس تمر 700 غ ميار,PKGWH,مستودع التعبئة والتغليف,850,204,0.24,0,-0.24,#DIV/0!,#N/A
MUWAQQAR,1181501,علب الباشا حلاوة 350 غم  شوكلاته,PKGWH,مستودع التعبئة والتغليف,4830,531.3,0.11,0,,,
MUWAQQAR,1181502,علب الباشا حلاوة 350 غم  سادة,PKGWH,مستودع التعبئة والتغليف,4115,452.65,0.11,0,,,
MUWAQQAR,1181503,علب الباشا حلاوة 350 غم  فستق,PKGWH,مستودع التعبئة والتغليف,2230,245.3,0.11,0,,,
MUWAQQAR,1181504,رول حلاوة أصابع دايت,PKGWH,مستودع التعبئة والتغليف,2,400,200,0,,,
MUWAQQAR,1181505,رول حلاوة أصابع فستق,PKGWH,مستودع التعبئة والتغليف,1,200,200,0,,,
MUWAQQAR,1181506,كرتون خليفة طحينية 300 غم,PKGWH,مستودع التعبئة والتغليف,25,3.25,0.13,0,,,
MUWAQQAR,1181507,كرتون خليفة طحينية 450 غم,PKGWH,مستودع التعبئة والتغليف,133,17.29,0.13,0,,,
MUWAQQAR,1181508,مرتبان الوادي طحينية 454 غم,PKGWH,مستودع التعبئة والتغليف,11466,1690.58,0.147442875,0,,,
MUWAQQAR,1181509,علب جولدن سوان حلاوة 3 كغم فستق,PKGWH,مستودع التعبئة والتغليف,280,126,0.45,0,,,
MUWAQQAR,1181510,تنك البيك طحينية 18 كغم,PKGWH,مستودع التعبئة والتغليف,20,27,1.35,0,,,
MUWAQQAR,1181511,كرتون شاي أسود شيخ الكار 100 ميداليه,PKGWH,مستودع التعبئة والتغليف,367,84.41,0.23,0,,,
MUWAQQAR,1181513,مرتبان زجاج طحينية 500كغم,PKGWH,مستودع التعبئة والتغليف,17,2.38,0.14,0,,,
MUWAQQAR,1181514,ستاند عرض,PKGWH,مستودع التعبئة والتغليف,144,1440,10,0,,,
MUWAQQAR,1181515,جاط متعدد حلاوة 3500 كغم دائري,PKGWH,مستودع التعبئة والتغليف,3000,1620,0.54,0,,,
MUWAQQAR,1181516,صواني شيخ الكار حلاوة 1300 غم متعدد,PKGWH,مستودع التعبئة والتغليف,2090,585.2,0.28,0,,,
MUWAQQAR,1181517,صواني شيخ الكار حلاوة 2300 غم متعدد,PKGWH,مستودع التعبئة والتغليف,700,224,0.32,0,,,
MUWAQQAR,1181518,رول سليف حلاوه شيخ الكار كرنش,PKGWH,مستودع التعبئة والتغليف,21,4200,200,0,,,
MUWAQQAR,1181519,رول سليف حلاوه شيخ الكار فستق,PKGWH,مستودع التعبئة والتغليف,21,4200,200,0,,,
MUWAQQAR,1181520,رول سليف حلاوه شيخ الكار شوكلاته,PKGWH,مستودع التعبئة والتغليف,21,4200,200,0,,,
MUWAQQAR,1181521,رول سليف حلاوه شيخ الكار بدون سكر,PKGWH,مستودع التعبئة والتغليف,16,3200,200,0,,,
MUWAQQAR,1181522,رول سليف شيخ الكار سمسميه,PKGWH,مستودع التعبئة والتغليف,35,7000,200,0,,,
MUWAQQAR,1181523,رول سليف شيخ الكار جوزية,PKGWH,مستودع التعبئة والتغليف,14,2800,200,0,,,
MUWAQQAR,1181524,رول سليف شيخ الكار فستقية,PKGWH,مستودع التعبئة والتغليف,29,5800,200,0,,,
MUWAQQAR,1181525,رول سليف شيخ الكار حلاوة بالسمسم,PKGWH,مستودع التعبئة والتغليف,5,1000,200,0,,,
MUWAQQAR,1181526,رول سليف شيخ الكار حلاوة سادة قديم,PKGWH,مستودع التعبئة والتغليف,31,6200,200,0,,,
MUWAQQAR,1181527,رول سليف mr love حلاوة,PKGWH,مستودع التعبئة والتغليف,1,200,200,0,,,
MUWAQQAR,1181528,رول شيخ الكار بقوليات,PKGWH,مستودع التعبئة والتغليف,190,38000,200,0,,,
MUWAQQAR,1181529,شوال رز بسمتي شيخ الكار 4 كغم قديم,PKGWH,مستودع التعبئة والتغليف,3000,450,0.15,0,,,
MUWAQQAR,1181530,شوال سمسم فارغ  50 كغم,PKGWH,مستودع التعبئة والتغليف,500,75,0.15,0,,,
MUWAQQAR,1181531,شوال سمسم  فارغ  25 كغم (ورق),PKGWH,مستودع التعبئة والتغليف,2970,445.5,0.15,0,,,
MUWAQQAR,1181532,رول سليف رز شيخ الكار حبة متوسطه 4 كغم,PKGWH,مستودع التعبئة والتغليف,11,2200,200,0,,,
MUWAQQAR,1181533,رول سليف رز ميار حبة متوسطه 4 كغم,PKGWH,مستودع التعبئة والتغليف,2,400,200,0,,,
MUWAQQAR,1181534,شوال ابيض سادة 25 كغم,PKGWH,مستودع التعبئة والتغليف,1000,150,0.15,0,,,
MUWAQQAR,1181535,علب حلاوة شفاف 900 غ أمنيه متعدد,PKGWH,مستودع التعبئة والتغليف,1620,291.6,0.18,0,,,
MUWAQQAR,1181536,كرتون طحينية 400 غم اكسترا (لارا),PKGWH,مستودع التعبئة والتغليف,139,31.97,0.23,0,,,
MUWAQQAR,1181537,جلن زيت 4.5 لتر شفاف,PKGWH,مستودع التعبئة والتغليف,775,209.25,0.27,0,,,
MUWAQQAR,1181538,كيس جميد 10 كغم,PKGWH,مستودع التعبئة والتغليف,1200,180,0.15,0,,,
MUWAQQAR,1181539,كيس جميد 5 كغم,PKGWH,مستودع التعبئة والتغليف,6750,1012.5,0.15,0,,,
MUWAQQAR,1181541,كرتون كباتيلو طحينية 400 غم,PKGWH,مستودع التعبئة والتغليف,455,68.25,0.15,0,,,
MUWAQQAR,1181542,كرتون البيت طحينية 800 غم,PKGWH,مستودع التعبئة والتغليف,378,56.7,0.15,0,,,
MUWAQQAR,1181543,زوايا طبالي كرتون,PKGWH,مستودع التعبئة والتغليف,350,52.5,0.15,0,,,
MUWAQQAR,1181544,كيس جميد شيخ الكار حجر,PKGWH,مستودع التعبئة والتغليف,575,86.25,0.15,0,,,
MUWAQQAR,1181545,علب شيخ الكار حلاوة 800 غم فستق دايت,PKGWH,مستودع التعبئة والتغليف,1000,150,0.15,0,,,
MUWAQQAR,1181546,علب شيخ الكار حلاوة 800 غم سادة دايت,PKGWH,مستودع التعبئة والتغليف,1000,150,0.15,0,,,
MUWAQQAR,1181547,علب شيخ الكار حلاوة 800 غم مكسرات,PKGWH,مستودع التعبئة والتغليف,1000,150,0.15,0,,,
MUWAQQAR,1181548,سطل شيخ الكار طحينية 4 كغم,PKGWH,مستودع التعبئة والتغليف,500,280,0.56,0,,,
MUWAQQAR,1181550,سطل شيخ الكار طحينية 20 كغم,PKGWH,مستودع التعبئة والتغليف,500,1170,2.34,0,,,
MUWAQQAR,1011016,الموسم طحينية 900 غم مطرة 1*12,EXPWH,مستودع التوالف,30,49.02,1.634,2.667,,,
MUWAQQAR,1021029,ميار حلاوة 5 كغم رشة فستق 1*4,EXPWH,مستودع التوالف,3,0,0,0,,,
MUWAQQAR,1021143,الشاطئ حلاوة 1900 غم فستق 1*6,EXPWH,مستودع التوالف,1,3.043,3.043,0,,,
MUWAQQAR,1011122,الشاطئ طحينية 350 غم 1*12,EXPWH,مستودع التوالف,11,0,0,0,,,
MUWAQQAR,1011029,شيخ الكار طحينية 8 كغم تنك 1*1,SAHABWH,مستودع سحاب,0.001,-212.565,-212565,0,,,
MUWAQQAR,1171019,طحينية سودا بلك حبة كاملة,WIP,WIP,420,624.59,1.487119048,0,,,
MUWAQQAR,1181551,FLIP TOP CAP 38MM,PKGWH,مستودع التعبئة والتغليف,18500,555,0.03,0,,,
MUWAQQAR,1181553,سليف طحينية الموسم 450,PKGWH,مستودع التعبئة والتغليف,7280,72.8,0.01,0,,,
MUWAQQAR,1181554,سليف,PKGWH,مستودع التعبئة والتغليف,7280,58.24,0.008,0,,,
MUWAQQAR,1021144,ميار حلاوة 5 كغم سادة 1*4,WIP,WIP,141,951.75,6.75,0,,,
MUWAQQAR,1181555,تنك شيخ الكار طحينية 8 كغم -جديد (برتقالي),PKGWH,مستودع التعبئة والتغليف,300,273.6,0.912,0,,,
MUWAQQAR,1181555,تنك شيخ الكار طحينية 8 كغم -جديد (برتقالي),WIP,WIP,300,273.6,0.912,0,,,
MUWAQQAR,1021006,ميار حلاوة 1300 غم رشة فستق 1*6,EXPWH,مستودع التوالف,3,0,0,0,,,
MUWAQQAR,1181044,مرتبان  طحينية 7 كغم مربع متعدد,PKGWH,مستودع التعبئة والتغليف,195,126.75,0.65,0,,,
MUWAQQAR,1181556,كرتون تمر مطحون ميار 700 غم,PKGWH,مستودع التعبئة والتغليف,2220,333,0.15,0,,,
MUWAQQAR,1021090,الميلاد حلاوة 300 غم 1*12  فستق,SAHABWH,مستودع سحاب,0.001,0,0,0,,,
MUWAQQAR,1021021,الموسم حلاوة 800 غم سادة 1*12,EXPWH,مستودع التوالف,22,20.218,0.919,0,,,
MUWAQQAR,1011009,الموسم طحينية 900 غم مطرة 1*1,SAHABWH,مستودع سحاب,1,1.419,1.419,0,,,
MUWAQQAR,1181559,كرتون بني غير مطبوع طرود الخير 2,PKGWH,مستودع التعبئة والتغليف,1295,505.05,0.39,0,,,
MUWAQQAR,1181558,كرتون بني غير مطبوع طرود الخير 1,PKGWH,مستودع التعبئة والتغليف,1730,823.48,0.476,0,,,
MUWAQQAR,1181560,كرتون بني غير مطبوع طرود الخير 3,PKGWH,مستودع التعبئة والتغليف,1680,557.76,0.332,0,,,
MUWAQQAR,1011053,شتلة طحينية 800 غم 1*12,SAHABWH,مستودع سحاب,60,91.729,1.528816667,0,,,
MUWAQQAR,1181563,قصدير,PKGWH,مستودع التعبئة والتغليف,11220,112.2,0.01,0,,,
MUWAQQAR,1181564,سليف,PKGWH,مستودع التعبئة والتغليف,10384,83.072,0.008,0,,,
MUWAQQAR,1181486,علب حلاوة شفاف 400 غم /العيدي,WIP,WIP,363,50.82,0.14,0,,,
MUWAQQAR,1181355,سطل شيخ الكار طحينية 18 كغم,WIP,WIP,118,157.412,1.334,0,,,
MUWAQQAR,1171033,ملح أقراص,RMWH,مستودع المواد الاولية,750,82.5,0.11,0,,,
MUWAQQAR,1181182,رول سيلنج مطبوع 50 سم,RMWH,مستودع المواد الاولية,2137,0,0,0,,,
MUWAQQAR,1181182,رول سيلنج مطبوع 50 سم,WIP,WIP,1,0,0,0,,,
MUWAQQAR,1181570,قواطع كرتون77*116,PKGWH,مستودع التعبئة والتغليف,4300,1225.5,0.285,0,-0.285,#DIV/0!,#N/A
