الشركة,رقم الحساب,اسم الحساب,التاريخ,رقم السند,نوع المستند,البيان/الشرح,المبلغ
SHK,6020101015,مصاريف تحميل وتنزيل,7/2/2026,26103613,قيد يومي,عبده العتال,114
SHK,6020101008,مصاريف نقل وشحن,7/5/2026,26103616,قيد يومي,اجور ونش,220.35
SHK,6020101010,مصاريف صيانة سيارات,7/5/2026,26103617,قيد يومي,صيانة سيارة الكرك,455.35
SHK,6010101025,مصاريف هاتف,7/5/2026,26103618,قيد يومي,هاتف,7.86
SHK,6020101010,مصاريف صيانة سيارات,7/5/2026,26103620,قيد يومي,بنشر عدد 3,5
SHK,6020101017,مصاريف شحن سيارات,7/5/2026,26103620,قيد يومي,شحن سيارة - ابو العبد,3.7
SHK,6020101012,مصاريف محروقات سيارات,7/5/2026,26103620,قيد يومي,ديزل,10
SHK,6020101012,مصاريف محروقات سيارات,7/5/2026,26103620,قيد يومي,ديزل,10
SHK,6010101009,مصاريف متفرقة,7/5/2026,26103620,قيد يومي,مواقف - ابو العبد,10
SHK,6010101004,مصاريف ضيافة,7/5/2026,26103626,قيد يومي,قهوة 3 كغم,33
SHK,6020101014,خصم مسموح به,1/8/2026,26100001,قيد يومي,خصم على سند تسليم رقم 3656,6
SHK,6020101010,مصاريف صيانة سيارات,1/8/2026,26000073,قيد يومي,بنشر,2
SHK,6020101010,مصاريف صيانة سيارات,1/8/2026,26000073,قيد يومي,صيانة سيارة ابو جدوع,40
SHK,6020101012,مصاريف محروقات سيارات,1/8/2026,26000073,قيد يومي,ديزل,10
SHK,6020101015,مصاريف تحميل وتنزيل,1/8/2026,26000085,قيد يومي,رواتب اليمنين,971.892
SHK,6010101004,مصاريف ضيافة,1/10/2026,26100004,قيد يومي,ف/رقم 2026003 قهوة للمصنع,33.001
SHK,6010101018,مصاريف قرطاسية ومطبوعات,1/10/2026,26100008,قيد يومي,ف/رقم 2600026+ 2600014 طابعة + حبر,500
SHK,6010101019,مصاريف رسوم ورخص وأشتراكات,1/10/2026,26100011,قيد يومي,هيئة الترقيم,125.55
SHK,6020101010,مصاريف صيانة سيارات,1/10/2026,26100012,قيد يومي,صيانة سيارة,255.35
SHK,6020101003,مصاريف تصدير,1/10/2026,26100012,قيد يومي,منشأ,23.05
SHK,6020101003,مصاريف تصدير,1/10/2026,26100012,قيد يومي,حلال,248.5
SHK,6010101018,مصاريف قرطاسية ومطبوعات,1/10/2026,26000124,قيد يومي,بوكس فايل عريض,6
SHK,6020101008,مصاريف نقل وشحن,1/10/2026,26100014,قيد يومي,اجور تقل ماكنات من سوريا,615.35
SHK,6020101015,مصاريف تحميل وتنزيل,1/10/2026,26100014,قيد يومي,تحميل وتنزيل,20
SHK,6020101013,مصاريف بيعية,1/10/2026,26100014,قيد يومي,منسيقين,50350
SHK,6020101010,مصاريف صيانة سيارات,1/10/2026,26100014,قيد يومي,ف/رقم 758,10.35
SHK,6010101009,مصاريف متفرقة,1/10/2026,26100014,قيد يومي,متفرقات,128.899
SHK,6020101015,مصاريف تحميل وتنزيل,1/10/2026,26100014,قيد يومي,تحميل وتنزيل,50
SHK,6020101013,مصاريف بيعية,1/10/2026,26100015,قيد يومي,بيعية,100.35
SHK,6020101013,مصاريف بيعية,1/10/2026,26100015,قيد يومي,بيعية,250.35
SHK,6020101010,مصاريف صيانة سيارات,1/10/2026,26000132,قيد يومي,ف/رقم 758(Reversal) - 483,-10.35
SHK,6020101008,مصاريف نقل وشحن,1/10/2026,26000132,قيد يومي,اجور تقل ماكنات من سوريا(Reversal) - 483,-615.35
SHK,6020101015,مصاريف تحميل وتنزيل,1/10/2026,26000132,قيد يومي,تحميل وتنزيل(Reversal) - 483,-50
SHK,6020101015,مصاريف تحميل وتنزيل,1/10/2026,26000132,قيد يومي,تحميل وتنزيل(Reversal) - 483,-20
SHK,6010101009,مصاريف متفرقة,1/10/2026,26000132,قيد يومي,متفرقات(Reversal) - 483,-128.899
SHK,6020101013,مصاريف بيعية,1/10/2026,26000132,قيد يومي,منسيقين(Reversal) - 483,-50350
SHK,6020101008,مصاريف نقل وشحن,1/10/2026,26100017,قيد يومي,اجور تقل ماكنات من سوريا,615.35
SHK,6020101010,مصاريف صيانة سيارات,1/10/2026,26100017,قيد يومي,ف/رقم 758,10.35
SHK,6020101013,مصاريف بيعية,1/10/2026,26100017,قيد يومي,منسيقين,50.35
SHK,6020101015,مصاريف تحميل وتنزيل,1/10/2026,26100017,قيد يومي,تحميل وتنزيل,50
SHK,6020101015,مصاريف تحميل وتنزيل,1/10/2026,26100017,قيد يومي,تحميل وتنزيل,20
SHK,6010101009,مصاريف متفرقة,1/10/2026,26100017,قيد يومي,متفرقات,128.899
SHK,6020101008,مصاريف نقل وشحن,1/11/2026,26000134,قيد يومي,اجور نقل للعقبة,170.35
SHK,6020101010,مصاريف صيانة سيارات,1/11/2026,26100022,قيد يومي,صيانة سيارة الدكتور في السعودية,440
SHK,6010101021,مصاريف عمولات بنكية,1/8/2026,26100025,قيد يومي,عمولات,0.7
SHK,6010101020,مصاريف حكومية,1/11/2026,26100038,قيد يومي,مراقبة شركات,10.25
SHK,6020101016,مصاريف قبان,1/11/2026,26100039,قيد يومي,مصاريف قبان,2
SHK,6020101010,مصاريف صيانة سيارات,1/11/2026,26100039,قيد يومي,نفخ عجال سيارة ابو لؤي,1
SHK,6020101010,مصاريف صيانة سيارات,1/11/2026,26100040,قيد يومي,ف/343 كوشوك,77.586
SHK,6020101005,مصاريف تعبئة وتغليف,1/11/2026,26100045,قيد يومي,ف/رقم 1831,100
SHK,6010101022,مصاريف عمولات زين كاش,1/11/2026,26100045,قيد يومي,ف/رقم 1831,0.35
SHK,6020101010,مصاريف صيانة سيارات,1/11/2026,26100048,قيد يومي,شحن سيارة,3.1
SHK,6010101012,مصاريف لوازم مستهلكة,1/11/2026,26100051,قيد يومي,ف/رقم 79136,93.103
SHK,6010101012,مصاريف لوازم مستهلكة,1/11/2026,26100052,قيد يومي,ف/رقم 79294,46.552
SHK,6010101012,مصاريف لوازم مستهلكة,1/11/2026,26100054,قيد يومي,ف/رقم 79191,59.483
SHK,6010101022,مصاريف عمولات زين كاش,1/11/2026,26100055,قيد يومي,عمولا زين كاش,0.35
SHK,6010101018,مصاريف قرطاسية ومطبوعات,1/10/2026,26100056,قيد يومي,ف/رقم 2600026+ 2600014 طابعة + حبر(Reversal) - 444,-500
SHK,6020101010,مصاريف صيانة سيارات,1/10/2026,26000202,قيد يومي,صيانة سيارة(Reversal) - 472,-255.35
SHK,6020101003,مصاريف تصدير,1/10/2026,26000202,قيد يومي,منشأ(Reversal) - 472,-23.05
SHK,6020101003,مصاريف تصدير,1/10/2026,26000202,قيد يومي,حلال(Reversal) - 472,-248.5
SHK,6020101003,مصاريف تصدير,1/10/2026,26100057,قيد يومي,حلال,248.5
SHK,6020101003,مصاريف تصدير,1/10/2026,26100057,قيد يومي,منشأ,23.05
SHK,6020101010,مصاريف صيانة سيارات,1/10/2026,26100057,قيد يومي,صيانة سيارة,255.35
SHK,6020101013,مصاريف بيعية,1/11/2026,26000010,سند صرف,شيك رقم 15127,1040
SHK,6010101020,مصاريف حكومية,1/12/2026,26100071,قيد يومي,تجديد غرفة صناعة عمان,301
SHK,6010101004,مصاريف ضيافة,1/12/2026,26100074,قيد يومي,كراتين مياه عدد 10,11.5
SHK,6020101010,مصاريف صيانة سيارات,1/12/2026,26100074,قيد يومي,بنشر,5
SHK,6020101012,مصاريف محروقات سيارات,1/12/2026,26100074,قيد يومي,ديزل,30
SHK,6010101012,مصاريف لوازم مستهلكة,1/12/2026,26100074,قيد يومي,اسمنت حراري + رمال,99
SHK,6010101012,مصاريف لوازم مستهلكة,1/12/2026,26100077,قيد يومي,اسيتون غالون عدد 1,26
SHK,6010101004,مصاريف ضيافة,1/12/2026,26100078,قيد يومي,ف/رقم 2025200716 قهوة 3 كغم,33
SHK,6020101012,مصاريف محروقات سيارات,1/12/2026,26100080,قيد يومي,ديزل,15
SHK,6020101016,مصاريف قبان,1/12/2026,26100080,قيد يومي,قبان,2
SHK,6020101005,مصاريف تعبئة وتغليف,1/12/2026,26100081,قيد يومي,ف/رقم 10041 اكياس للسمسم,62.069
SHK,6010101012,مصاريف لوازم مستهلكة,1/11/2026,26100082,قيد يومي,ف/رقم 79232,93.103
SHK,6010101022,مصاريف عمولات زين كاش,1/12/2026,26100087,قيد يومي,عمولة,0.35
SHK,6010101022,مصاريف عمولات زين كاش,1/12/2026,26100087,قيد يومي,عمولة,0.35
SHK,6010101022,مصاريف عمولات زين كاش,1/12/2026,26100088,قيد يومي,عمولات,0.35
SHK,6010101022,مصاريف عمولات زين كاش,1/12/2026,26100088,قيد يومي,عمولات,0.35
SHK,6010101023,مصاريف سفر واقامة وتنقلات,1/12/2026,26100089,قيد يومي,مصاريف سفر,580
SHK,6020101003,مصاريف تصدير,1/12/2026,26100089,قيد يومي,منشأ,29.4
SHK,6010101022,مصاريف عمولات زين كاش,1/12/2026,26100089,قيد يومي,عمولات,0.35
SHK,6010101019,مصاريف رسوم ورخص وأشتراكات,1/12/2026,26100089,قيد يومي,تجديد اشتراك غرفة التجارة,200
SHK,6010101022,مصاريف عمولات زين كاش,1/12/2026,26100090,قيد يومي,عمولات,0.35
SHK,6010101022,مصاريف عمولات زين كاش,1/12/2026,26000313,قيد يومي,راتب خليل الغلبان,0.35
SHK,6010101022,مصاريف عمولات زين كاش,1/12/2026,26100092,قيد يومي,تابع لفاتورة مشتريات رقم 26000010,0.35
SHK,6020101015,مصاريف تحميل وتنزيل,1/12/2026,26000014,سند صرف,نضال,15
SHK,6010101020,مصاريف حكومية,1/12/2026,26000016,سند صرف,Outgoing Payments - 6010101020,1
SHK,6010101009,مصاريف متفرقة,1/12/2026,26100093,قيد يومي,اغراض,7
SHK,6010101004,مصاريف ضيافة,1/12/2026,26100093,قيد يومي,كاسات بلاستيك,2
SHK,6020101006,مصاريف معارض,1/12/2026,26100093,قيد يومي,ف/1738,19.819
SHK,6020101015,مصاريف تحميل وتنزيل,1/12/2026,26100093,قيد يومي,اجور عمال,5
SHK,6010101004,مصاريف ضيافة,1/12/2026,26100093,قيد يومي,مياه,2
SHK,6010101009,مصاريف متفرقة,1/12/2026,26100093,قيد يومي,مواقف,9.5
SHK,6010101009,مصاريف متفرقة,1/12/2026,26100093,قيد يومي,مواقف,5
SHK,6010101004,مصاريف ضيافة,1/12/2026,26100093,قيد يومي,كاسات عميد,5.45
SHK,6010101018,مصاريف قرطاسية ومطبوعات,1/12/2026,26100093,قيد يومي,سحب عقود,3.5
SHK,6010101018,مصاريف قرطاسية ومطبوعات,1/12/2026,26100093,قيد يومي,ف/15487 طباعة,3
SHK,6020101013,مصاريف بيعية,1/13/2026,26100106,قيد يومي,مصاريف بيعية,925
SHK,6010101021,مصاريف عمولات بنكية,1/13/2026,26100112,قيد يومي,عمولات بنكية لتاريخ 11/01/2026,21
SHK,6010101021,مصاريف عمولات بنكية,1/13/2026,26100114,قيد يومي,عمولات شيكات مؤجلة,0.35
SHK,6020101016,مصاريف قبان,1/13/2026,26100115,قيد يومي,مصاريف قبان,2
SHK,6020101014,خصم مسموح به,1/13/2026,26000424,قيد يومي,خصم نقدي ف 304301 /2025,33.25
SHK,6020101010,مصاريف صيانة سيارات,1/13/2026,26100118,قيد يومي,فاتوره رقم0098-صيانة سيارات,5
SHK,6010101003,مصاريف النظافة,1/13/2026,26100118,قيد يومي,فاتوره رقم -طرد شفاف عدد3,20
SHK,6010101004,مصاريف ضيافة,1/13/2026,26100118,قيد يومي,فاتورة كرتونة مياه,5.75
SHK,6010101018,مصاريف قرطاسية ومطبوعات,1/13/2026,26100118,قيد يومي,فاتورة مصاريف قرطاسيه,6.5
SHK,6020101014,خصم مسموح به,1/13/2026,26000457,قيد يومي,خ ن ف 305788/ 2025,8.142
SHK,6020101014,خصم مسموح به,1/12/2026,26000495,قيد يومي,فرق احتساب ف 26100079,35
SHK,6020101015,مصاريف تحميل وتنزيل,1/14/2026,26100121,قيد يومي,نضال,10
SHK,6010101019,مصاريف رسوم ورخص وأشتراكات,1/14/2026,26100122,قيد يومي,تجديد اشتراك الايميل,160
SHK,6010101022,مصاريف عمولات زين كاش,1/14/2026,26100122,قيد يومي,تجديد اشتراك الايميل,0.35
SHK,6020101010,مصاريف صيانة سيارات,1/14/2026,26100124,قيد يومي,ف/رقم 783 صيانة سيارة مجدي,15
SHK,6020101015,مصاريف تحميل وتنزيل,1/15/2026,26100127,قيد يومي,اجرة عامل - مجدي القجطاني,10
SHK,6020101016,مصاريف قبان,1/15/2026,26100128,قيد يومي,قبان,2
SHK,6020101010,مصاريف صيانة سيارات,1/15/2026,26100129,قيد يومي,صيانه سيارة ابو لؤي,101
SHK,6020101006,مصاريف معارض,1/15/2026,26100130,قيد يومي,ف/رقم 2100 مصاريف معرض دبي,326.35
SHK,6010101022,مصاريف عمولات زين كاش,1/15/2026,26100131,قيد يومي,بورسلان,0.35
SHK,6010101012,مصاريف لوازم مستهلكة,1/15/2026,26100131,قيد يومي,بورسلان,100
SHK,6020101012,مصاريف محروقات سيارات,1/15/2026,26100133,قيد يومي,ديزل,41.004
SHK,6020101012,مصاريف محروقات سيارات,1/15/2026,26100133,قيد يومي,ديزل,40.446
SHK,6020101015,مصاريف تحميل وتنزيل,1/15/2026,26100134,قيد يومي,تحميل وتنزيل للولاء,45
SHK,6010101022,مصاريف عمولات زين كاش,1/15/2026,26100134,قيد يومي,تحميل وتنزيل للولاء,0.35
SHK,6010101022,مصاريف عمولات زين كاش,1/15/2026,26100134,قيد يومي,سلفة عمل بيد حسام الدرابيع,0.35
SHK,6010101006,مصاريف كهرباء,1/15/2026,26100135,قيد يومي,كهرباء,400
SHK,6020101010,مصاريف صيانة سيارات,1/15/2026,26000040,سند صرف,Outgoing Payments - 6020101010,525
SHK,6020101012,مصاريف محروقات سيارات,1/15/2026,26100136,قيد يومي,ديزل,35
SHK,6010101009,مصاريف متفرقة,1/15/2026,26100136,قيد يومي,صيانة ماكينات خياطة,7
SHK,6010101012,مصاريف لوازم مستهلكة,1/15/2026,26100136,قيد يومي,ف/رقم 255,5
SHK,6010101004,مصاريف ضيافة,1/15/2026,26100136,قيد يومي,كراتين مياه عدد 10 + نسكافيه,18
SHK,6020101012,مصاريف محروقات سيارات,1/15/2026,26100136,قيد يومي,ديزل,20
SHK,6020101015,مصاريف تحميل وتنزيل,1/15/2026,26100139,قيد يومي,مخالصة صلاح ابو قدوم,226.5
SHK,6020101015,مصاريف تحميل وتنزيل,1/15/2026,26100139,قيد يومي,دوام مجدي يوم جمعة,10
SHK,6020101016,مصاريف قبان,1/15/2026,26100139,قيد يومي,قبان ابو لؤي,2
SHK,6020101015,مصاريف تحميل وتنزيل,1/15/2026,26100140,قيد يومي,تحميل نضال,20
SHK,6010101004,مصاريف ضيافة,1/15/2026,26100141,قيد يومي,كرتونة مياه عدد 21,24.15
SHK,6010101009,مصاريف متفرقة,1/15/2026,26100141,قيد يومي,تصوير اوراق,1
SHK,6020101010,مصاريف صيانة سيارات,1/15/2026,26100141,قيد يومي,بنشر,2
SHK,6020101017,مصاريف شحن سيارات,1/15/2026,26100141,قيد يومي,قاعدة شحن سيارة سفيان,12
SHK,6010101009,مصاريف متفرقة,1/17/2026,26100148,قيد يومي,متفرقه,50.5
SHK,6010101009,مصاريف متفرقة,1/17/2026,26100148,قيد يومي,بنزين سيارة جبر,30
SHK,6010101020,مصاريف حكومية,1/17/2026,26100148,قيد يومي,شهادة منشا,59.5
SHK,6010101022,مصاريف عمولات زين كاش,1/17/2026,26100149,قيد يومي,تحويل من المول لابو قيس,0.5
SHK,6020101010,مصاريف صيانة سيارات,1/18/2026,26100156,قيد يومي,شيك رقم 15144 حق 14012026,391
SHK,6010101022,مصاريف عمولات زين كاش,1/12/2026,25000423,قيد يومي,تابع لفاتورة مشتريات رقم 26000010(Reversal) - 805,-0.35
SHK,6010101022,مصاريف عمولات زين كاش,1/18/2026,26100157,قيد يومي,تابع لفاتورة مشتريات رقم 26000010,0.35
SHK,6020101013,مصاريف بيعية,1/18/2026,26100158,قيد يومي,بيعية,1000
SHK,6020101013,مصاريف بيعية,1/18/2026,26100158,قيد يومي,بيعية,1000
SHK,6020101013,مصاريف بيعية,1/18/2026,26100158,قيد يومي,بيعية,1000
SHK,6010101020,مصاريف حكومية,1/18/2026,26100160,قيد يومي,جمارك,20.5
SHK,6020101003,مصاريف تصدير,1/18/2026,26100160,قيد يومي,منشأ,13.5
SHK,6010101022,مصاريف عمولات زين كاش,1/18/2026,26100162,قيد يومي,تجديد اشتراك جمعية المستثمرين,0.35
SHK,6010101019,مصاريف رسوم ورخص وأشتراكات,1/18/2026,26100162,قيد يومي,تجديد اشتراك جمعية المستثمرين,150
SHK,6020101015,مصاريف تحميل وتنزيل,1/18/2026,26100164,قيد يومي,نضال,14.152
SHK,6010101022,مصاريف عمولات زين كاش,1/18/2026,26100169,قيد يومي,ف/رقم 92 لف مضخات 3 فاز,0.35
SHK,6010101021,مصاريف عمولات بنكية,1/18/2026,26100170,قيد يومي,تحويل لزين كاش,0.7
SHK,6020101010,مصاريف صيانة سيارات,1/18/2026,26100173,قيد يومي,قفل امريكي,7
SHK,6020101010,مصاريف صيانة سيارات,1/18/2026,26100173,قيد يومي,عاكس + مراي,12
SHK,6010101009,مصاريف متفرقة,1/18/2026,26100176,قيد يومي,مصاريف ابو العبد,5
SHK,6020101014,خصم مسموح به,1/18/2026,25000525,قيد يومي,خصم فرق سعر ف 26100236,15.232
SHK,6020101015,مصاريف تحميل وتنزيل,1/19/2026,26100182,قيد يومي,حساب عيد المصري,860
SHK,6010101022,مصاريف عمولات زين كاش,1/19/2026,26100182,قيد يومي,حساب عيد المصري,0.35
SHK,6010101022,مصاريف عمولات زين كاش,1/19/2026,26100183,قيد يومي,اصدار شهادة منشأ - مؤسسة اعزاز,0.35
SHK,6020101003,مصاريف تصدير,1/19/2026,26100183,قيد يومي,اصدار شهادة منشأ - مؤسسة اعزاز,450
SHK,6020101016,مصاريف قبان,1/19/2026,26100188,قيد يومي,قبان,2
SHK,6020101010,مصاريف صيانة سيارات,1/19/2026,26100188,قيد يومي,صيانة سيارة ابو اؤي,45
SHK,6010101004,مصاريف ضيافة,1/19/2026,26100189,قيد يومي,لحمة,77.5
SHK,6020101012,مصاريف محروقات سيارات,1/19/2026,26100189,قيد يومي,ديزل,10
SHK,6010101004,مصاريف ضيافة,1/19/2026,26100189,قيد يومي,لبن + عصير,3.8
SHK,6010101004,مصاريف ضيافة,1/19/2026,26100189,قيد يومي,لبن + عصير,25
SHK,6010101004,مصاريف ضيافة,1/19/2026,26100189,قيد يومي,نسكافيه كلاسيك + كرتونة مياه عدد 15,21.25
SHK,6010101012,مصاريف لوازم مستهلكة,1/19/2026,26100189,قيد يومي,غاز,14
SHK,6010101004,مصاريف ضيافة,1/19/2026,26000671,قيد يومي,لحمة(Reversal) - 1565,-77.5
SHK,6010101012,مصاريف لوازم مستهلكة,1/19/2026,26000671,قيد يومي,غاز(Reversal) - 1565,-14
SHK,6020101012,مصاريف محروقات سيارات,1/19/2026,26000671,قيد يومي,ديزل(Reversal) - 1565,-10
SHK,6010101004,مصاريف ضيافة,1/19/2026,26000671,قيد يومي,لبن + عصير(Reversal) - 1565,-25
SHK,6010101004,مصاريف ضيافة,1/19/2026,26000671,قيد يومي,نسكافيه كلاسيك + كرتونة مياه عدد 15(Reversal) - 1565,-21.25
SHK,6010101004,مصاريف ضيافة,1/19/2026,26000671,قيد يومي,لبن + عصير(Reversal) - 1565,-3.8
SHK,6010101012,مصاريف لوازم مستهلكة,1/19/2026,26100190,قيد يومي,غاز,14
SHK,6010101004,مصاريف ضيافة,1/19/2026,26100190,قيد يومي,نسكافيه كلاسيك + كرتونة مياه عدد 15,21.25
SHK,6010101004,مصاريف ضيافة,1/19/2026,26100190,قيد يومي,سدر زرب,25
SHK,6010101004,مصاريف ضيافة,1/19/2026,26100190,قيد يومي,لبن + عصير,3.8
SHK,6020101012,مصاريف محروقات سيارات,1/19/2026,26100190,قيد يومي,ديزل,10
SHK,6010101004,مصاريف ضيافة,1/19/2026,26100190,قيد يومي,لحمة,77.5
SHK,6010101004,مصاريف ضيافة,1/19/2026,26100193,قيد يومي,كبسولات دافيدوف,3.75
SHK,6010101003,مصاريف النظافة,1/19/2026,26100193,قيد يومي,فاين,4.25
SHK,6010101009,مصاريف متفرقة,1/19/2026,26100193,قيد يومي,طوابع,2.1
SHK,6010101004,مصاريف ضيافة,1/19/2026,26100193,قيد يومي,قهوة,4
SHK,6010101004,مصاريف ضيافة,1/19/2026,26100193,قيد يومي,كاسات ورقية,2
SHK,6020101017,مصاريف شحن سيارات,1/19/2026,26100195,قيد يومي,شحن سيارة جهاد فقوسة,95
SHK,6010101018,مصاريف قرطاسية ومطبوعات,1/19/2026,26100196,قيد يومي,ف/رقم 595 رول 10 سم طابعات للتاب,56.034
SHK,6010101004,مصاريف ضيافة,1/20/2026,26100202,قيد يومي,ف/رقم 2026200001 قهوة 3 كغم,33
SHK,6010101012,مصاريف لوازم مستهلكة,1/20/2026,26100205,قيد يومي,صوبة سامكس كهرباء,17.241
SHK,6010101004,مصاريف ضيافة,1/20/2026,26100205,قيد يومي,زهورات,5
SHK,6010101004,مصاريف ضيافة,1/20/2026,26000730,قيد يومي,زهورات(Reversal) - 1644,-5
SHK,6010101012,مصاريف لوازم مستهلكة,1/20/2026,26000730,قيد يومي,صوبة سامكس كهرباء(Reversal) - 1644,-17.241
SHK,6010101004,مصاريف ضيافة,1/20/2026,26100206,قيد يومي,زهورات,5
SHK,6010101012,مصاريف لوازم مستهلكة,1/20/2026,26100206,قيد يومي,صوبة سامكس كهرباء,17.241
SHK,6020101018,مصاريف فحص عينات,1/20/2026,26100210,قيد يومي,فحص عينات,90.5
SHK,6020101010,مصاريف صيانة سيارات,1/20/2026,26100211,قيد يومي,بنشر,2
SHK,6010101012,مصاريف لوازم مستهلكة,1/20/2026,26000054,سند صرف,شيك رقم 14970 حق 19/2/2026 طبالي,890
SHK,6020101008,مصاريف نقل وشحن,1/20/2026,26000055,سند صرف,شيك رقم 15151 حق 14/1/2026 البحر الكاريبي للشحن الدولي,4314.72
SHK,6020101012,مصاريف محروقات سيارات,1/21/2026,26100215,قيد يومي,كهرباء سيارة سامر,30
SHK,6020101011,مصاريف تأمين وترخيص ومخالفات سيارات,1/21/2026,26100215,قيد يومي,مصاريف ترخيص وتأمين سيارة سامر الدويك,169.05
SHK,6010101009,مصاريف متفرقة,1/21/2026,26100219,قيد يومي,طوابع - وزارة العدل,5.15
SHK,6010101009,مصاريف متفرقة,1/21/2026,26100220,قيد يومي,طوابع + رسوم كاتب العدل,14.5
SHK,6010101022,مصاريف عمولات زين كاش,1/21/2026,26100221,قيد يومي,تحويل للبنك,0.35
SHK,6010101022,مصاريف عمولات زين كاش,1/21/2026,26100223,قيد يومي,تحويل للراجحي,0.35
SHK,6010101021,مصاريف عمولات بنكية,1/21/2026,26100224,قيد يومي,حوالة لزين كاش,0.7
SHK,6020101003,مصاريف تصدير,1/21/2026,26100225,قيد يومي,منشأ,17.15
SHK,6020101003,مصاريف تصدير,1/21/2026,26100225,قيد يومي,منشأ,51.35
SHK,6010101022,مصاريف عمولات زين كاش,1/21/2026,26100226,قيد يومي,بيعية,0.35
SHK,6020101013,مصاريف بيعية,1/21/2026,26100226,قيد يومي,بيعية,300
SHK,6010101009,مصاريف متفرقة,1/21/2026,26100230,قيد يومي,طوابع الفواتير المسددة بسند قبض رقم 26700208,13
SHK,6010101023,مصاريف سفر واقامة وتنقلات,1/21/2026,26100231,قيد يومي,مصاريف سفر,1285
SHK,6010101023,مصاريف سفر واقامة وتنقلات,1/21/2026,26100232,قيد يومي,مصاريف سفر الدكتور الى دبي,678.525
SHK,6010101022,مصاريف عمولات زين كاش,1/21/2026,26100232,قيد يومي,مصاريف سفر الدكتور الى دبي,0.35
SHK,6020101015,مصاريف تحميل وتنزيل,1/21/2026,26100233,قيد يومي,اجرة عامل,12
SHK,6020101017,مصاريف شحن سيارات,1/21/2026,26100241,قيد يومي,شحس سيارة سفيان,3.25
SHK,6020101017,مصاريف شحن سيارات,1/21/2026,26100244,قيد يومي,شحن سيارة امجد زكي,90
SHK,6020101017,مصاريف شحن سيارات,1/21/2026,26100245,قيد يومي,شحن سيارة لؤي السيد,35.02
SHK,6020101011,مصاريف تأمين وترخيص ومخالفات سيارات,1/21/2026,26100247,قيد يومي,ترخيص سيارة رقم 61651-47,64.55
SHK,6020101011,مصاريف تأمين وترخيص ومخالفات سيارات,1/21/2026,26100247,قيد يومي,دفع مخالفات سيارة رقم 61651-47,20.25
SHK,6020101011,مصاريف تأمين وترخيص ومخالفات سيارات,1/21/2026,26100247,قيد يومي,تأمين سيارة رقم 61651-47,92.48
SHK,6020101003,مصاريف تصدير,1/21/2026,26100248,قيد يومي,منشا,113.7
SHK,6010101022,مصاريف عمولات زين كاش,1/21/2026,26100248,قيد يومي,تحويل للمول,0.35
SHK,6020101014,خصم مسموح به,1/21/2026,26000866,قيد يومي,خصم فواتير غير محملة 2025,1287
SHK,6010101022,مصاريف عمولات زين كاش,1/21/2026,26000869,قيد يومي,تحويل للمول(Reversal) - 1833,-0.35
SHK,6020101003,مصاريف تصدير,1/21/2026,26000869,قيد يومي,منشا(Reversal) - 1833,-113.7
SHK,6010101022,مصاريف عمولات زين كاش,1/21/2026,26100251,قيد يومي,تحويل للمول,0.35
SHK,6020101003,مصاريف تصدير,1/21/2026,26100251,قيد يومي,منشا,113.7
SHK,6010101021,مصاريف عمولات بنكية,1/13/2026,26000871,قيد يومي,عمولات شيكات مؤجلة(Reversal) - 927,-0.35
SHK,6010101021,مصاريف عمولات بنكية,1/21/2026,26100252,قيد يومي,عمولات شيكات مؤجلة,0.35
SHK,6010101018,مصاريف قرطاسية ومطبوعات,1/21/2026,26100254,قيد يومي,ورق + تغليف + طباعة,30
SHK,6010101009,مصاريف متفرقة,1/21/2026,26100254,قيد يومي,دبل فيس,0.75
SHK,6010101008,مصاريف أتعاب مهنية,1/22/2026,26000125,فاتورة مشتريات,A/P Invoices - LV0000193,2000
SHK,6020101003,مصاريف تصدير,1/22/2026,26100257,قيد يومي,شهادة حلال - تصدير للسعودية,115
SHK,6010101022,مصاريف عمولات زين كاش,1/22/2026,26100257,قيد يومي,شهادة حلال - تصدير للسعودية,0.35
SHK,6020101014,خصم مسموح به,1/21/2026,26000921,قيد يومي,خصم 4%دفعة فراس جبر,61.975
SHK,6020101014,خصم مسموح به,1/21/2026,26000922,قيد يومي,خصم 4%دفعة فراس جبر(Reversal) - 1920,-61.975
SHK,6020101014,خصم مسموح به,1/21/2026,26000923,قيد يومي,خصم 4% دفعة فراس جبر,61.975
SHK,6010101009,مصاريف متفرقة,1/22/2026,26100267,قيد يومي,مواقف- ابو العبد,13.5
SHK,6010101018,مصاريف قرطاسية ومطبوعات,1/22/2026,26100267,قيد يومي,ف/رقم 353 تقويم مكتب,4
SHK,6010101009,مصاريف متفرقة,1/22/2026,26100267,قيد يومي,متفرقات - ابو العبد,6
SHK,6010101012,مصاريف لوازم مستهلكة,1/22/2026,26100271,قيد يومي,مصاريف صيانة مخزن اربد,585.6
SHK,6010101013,مصاريف أيجارات,1/22/2026,26100271,قيد يومي,مصاريف ايجار اربد,600
SHK,6020101012,مصاريف محروقات سيارات,1/22/2026,26100273,قيد يومي,ديزل,8
SHK,6020101015,مصاريف تحميل وتنزيل,1/22/2026,26100274,قيد يومي,تحميل وتنزيل نضال,30
SHK,6020101015,مصاريف تحميل وتنزيل,1/22/2026,26100277,قيد يومي,نضال,30
SHK,6010101012,مصاريف لوازم مستهلكة,1/22/2026,26100278,قيد يومي,ف/رقم 96 لف مضخة,60
SHK,6010101012,مصاريف لوازم مستهلكة,1/22/2026,26100278,قيد يومي,صوبة للسعودية,120
SHK,6010101009,مصاريف متفرقة,1/22/2026,26100278,قيد يومي,رسوم طريق,0.85
SHK,6010101009,مصاريف متفرقة,1/22/2026,26100278,قيد يومي,رسوم طريق,0.85
SHK,6020101014,خصم مسموح به,1/21/2026,26000993,قيد يومي,خ ن ف 26100214,8.777
SHK,6010101007,مصاريف مياه,1/25/2026,26100282,قيد يومي,مصاريف مياه,10
SHK,6010101017,مصاريف عينات,1/25/2026,26100282,قيد يومي,طحين 1250 غم,4
SHK,6020101012,مصاريف محروقات سيارات,1/25/2026,26100282,قيد يومي,كاز ابو ادريس,10
SHK,6020101010,مصاريف صيانة سيارات,1/25/2026,26100282,قيد يومي,لمبات خلفية,5
SHK,6010101022,مصاريف عمولات زين كاش,1/25/2026,26100293,قيد يومي,مصاريف نقل دبي,0.35
SHK,6020101008,مصاريف نقل وشحن,1/25/2026,26100293,قيد يومي,مصاريف نقل دبي,1200
SHK,6010101012,مصاريف لوازم مستهلكة,1/25/2026,26100294,قيد يومي,ف/79314,23.276
SHK,6010101020,مصاريف حكومية,1/25/2026,26100295,قيد يومي,مصاريف حكومية دائرة الاثار العامة,4.1
SHK,6010101020,مصاريف حكومية,1/25/2026,26100296,قيد يومي,مصاريف حكومية,12
SHK,6010101020,مصاريف حكومية,1/25/2026,26100298,قيد يومي,مصاريف حكومية,4.3
SHK,6010101012,مصاريف لوازم مستهلكة,1/25/2026,26100299,قيد يومي,ف/79544,42.241
SHK,6020101014,خصم مسموح به,1/25/2026,26100306,قيد يومي,خصم فرق حساب خيرات الكرم,175.124
SHK,6010101008,مصاريف أتعاب مهنية,1/25/2026,26000145,فاتورة مشتريات,A/P Invoices - LV0000193,2750
SHK,6010101024,مصاريف مواصلات,1/25/2026,26000075,سند صرف,مصاريف مواصلات بدوي,14
SHK,6020101012,مصاريف محروقات سيارات,1/26/2026,26100317,قيد يومي,ديزل,10
SHK,6010101004,مصاريف ضيافة,1/26/2026,26100317,قيد يومي,سدر زرب,20
SHK,6010101012,مصاريف لوازم مستهلكة,1/26/2026,26100317,قيد يومي,اجور صيانة انكودر,150
SHK,6010101012,مصاريف لوازم مستهلكة,1/26/2026,26100317,قيد يومي,ف/رقم 159833 شبر كوشوك,36
SHK,6020101012,مصاريف محروقات سيارات,1/26/2026,26100317,قيد يومي,ديزل,20
SHK,6010101004,مصاريف ضيافة,1/26/2026,26100317,قيد يومي,لبن,3
SHK,6010101004,مصاريف ضيافة,1/26/2026,26100317,قيد يومي,معالق,3.074
SHK,6010101004,مصاريف ضيافة,1/26/2026,26100317,قيد يومي,ف/رقم 13342,5.3
SHK,6020101010,مصاريف صيانة سيارات,1/26/2026,26100317,قيد يومي,غيار بريك امامي,8
SHK,6010101004,مصاريف ضيافة,1/26/2026,26100317,قيد يومي,لحم جدي,50
SHK,6020101010,مصاريف صيانة سيارات,1/26/2026,26100318,قيد يومي,بريك امامي كيا بنجو + بلاطات بريك امامي سيارة رقم 20794-47,44.446
SHK,6010101009,مصاريف متفرقة,1/15/2026,26001119,قيد يومي,متفرقة,7.416
SHK,6010101009,مصاريف متفرقة,1/26/2026,26100323,قيد يومي,طوابع,3.6
SHK,6010101022,مصاريف عمولات زين كاش,1/6/2026,26100328,قيد يومي,تحويل للبنك,0.35
SHK,6010101022,مصاريف عمولات زين كاش,1/6/2026,26100328,قيد يومي,تحويل للبنك,0.35
SHK,6010101022,مصاريف عمولات زين كاش,1/26/2026,26100329,قيد يومي,منسق جرش مول,0.35
SHK,6010101022,مصاريف عمولات زين كاش,1/26/2026,26100329,قيد يومي,الدكتور شخصي,0.35
SHK,6010101020,مصاريف حكومية,1/26/2026,26100329,قيد يومي,جمارك,30.5
SHK,6010101020,مصاريف حكومية,1/26/2026,26100329,قيد يومي,جمارك,30.5
SHK,6020101019,مصاريف منسقين,1/26/2026,26100329,قيد يومي,منسق جرش مول,30
SHK,6010101019,مصاريف رسوم ورخص وأشتراكات,1/26/2026,26100329,قيد يومي,نظام تتبع مركبات,600
SHK,6010101025,مصاريف هاتف,1/26/2026,26100329,قيد يومي,هاتف,7.86
SHK,6010101020,مصاريف حكومية,1/26/2026,26100329,قيد يومي,جمارك,30.5
SHK,6020101003,مصاريف تصدير,1/26/2026,26100330,قيد يومي,شهادة حلال - حلومي,248.5
SHK,6020101018,مصاريف فحص عينات,1/26/2026,26100331,قيد يومي,فحص عينات,146.552
SHK,6010101022,مصاريف عمولات زين كاش,1/26/2026,26100331,قيد يومي,فحص عينات,0.35
SHK,6010101022,مصاريف عمولات زين كاش,1/26/2026,26100333,قيد يومي,مقدر اراضي,0.35
SHK,6010101009,مصاريف متفرقة,1/26/2026,26100333,قيد يومي,مقدر اراضي,200
SHK,6010101022,مصاريف عمولات زين كاش,1/26/2026,26100334,قيد يومي,مصاريف سفر رجا ونادر الى دبي,0.35
SHK,6010101023,مصاريف سفر واقامة وتنقلات,1/26/2026,26100334,قيد يومي,مصاريف سفر رجا ونادر الى دبي,600
SHK,6010101022,مصاريف عمولات زين كاش,1/26/2026,26100336,قيد يومي,ادراة حسابات السوشال الميديا,0.35
SHK,6020101004,مصاريف دعاية وإعلان,1/26/2026,26100336,قيد يومي,ادراة حسابات السوشال الميديا,150
SHK,6010101022,مصاريف عمولات زين كاش,1/26/2026,26100340,قيد يومي,ابو حمزة الاكراد,0.35
SHK,6010101009,مصاريف متفرقة,1/27/2026,26100356,قيد يومي,طوابع,1.1
SHK,6020101005,مصاريف تعبئة وتغليف,1/18/2026,26000161,فاتورة مشتريات,A/P Invoices - LV0000290,550
SHK,6020101015,مصاريف تحميل وتنزيل,1/26/2026,26100361,قيد يومي,نضال,15
SHK,6020101015,مصاريف تحميل وتنزيل,1/27/2026,26100362,قيد يومي,نضال,15
SHK,6020101014,خصم مسموح به,1/28/2026,26100364,قيد يومي,خ ن ف 26100397,44.1
SHK,6020101014,خصم مسموح به,1/28/2026,26100365,قيد يومي,اغلاق فروقات,0.624
SHK,6010101009,مصاريف متفرقة,1/28/2026,26100368,قيد يومي,طوابع,128.49
SHK,6020101014,خصم مسموح به,1/28/2026,26100369,قيد يومي,خصم مسحوبات 2025,3199
SHK,6020101014,خصم مسموح به,1/28/2026,26001355,قيد يومي,خصم ستاند 2025 جرش مول و ربوة النصر,3000
SHK,6010101009,مصاريف متفرقة,1/28/2026,26100370,قيد يومي,طوابع,76.2
SHK,6010101009,مصاريف متفرقة,1/28/2026,26100372,قيد يومي,كراج قصر العدل,2.5
SHK,6010101004,مصاريف ضيافة,1/28/2026,26100372,قيد يومي,سدر زرب,20
SHK,6010101012,مصاريف لوازم مستهلكة,1/28/2026,26100372,قيد يومي,غاز,28
SHK,6010101004,مصاريف ضيافة,1/28/2026,26100372,قيد يومي,لبن,3
SHK,6010101012,مصاريف لوازم مستهلكة,1/28/2026,26100372,قيد يومي,شاحن,10
SHK,6020101010,مصاريف صيانة سيارات,1/28/2026,26100373,قيد يومي,بطارية,25.862
SHK,6010101003,مصاريف النظافة,1/28/2026,26100374,قيد يومي,اكياس,17.574
SHK,6020101015,مصاريف تحميل وتنزيل,1/28/2026,26100375,قيد يومي,تحميل وتنزيل,10
SHK,6010101012,مصاريف لوازم مستهلكة,1/28/2026,26100376,قيد يومي,ف/رقم 1208,94.828
SHK,6010101004,مصاريف ضيافة,1/28/2026,26100379,قيد يومي,ضيافة,37
SHK,6020101016,مصاريف قبان,1/28/2026,26100380,قيد يومي,قبان,2
SHK,6020101016,مصاريف قبان,1/28/2026,26100380,قيد يومي,قبان الحج حامد,2
SHK,6010101009,مصاريف متفرقة,1/28/2026,26100381,قيد يومي,مواقف,7.25
SHK,6020101018,مصاريف فحص عينات,1/28/2026,26001404,قيد يومي,ف/رقم 1209,135
SHK,6010101004,مصاريف ضيافة,1/28/2026,26100387,قيد يومي,قهوة 3 كغم,33
SHK,6010101009,مصاريف متفرقة,1/29/2026,26100393,قيد يومي,طوابع,16.9
SHK,6010101009,مصاريف متفرقة,1/29/2026,26100394,قيد يومي,طوابع,11.4
SHK,6010101025,مصاريف هاتف,1/29/2026,26100396,قيد يومي,مصاريف هاتف,21.02
SHK,6010101022,مصاريف عمولات زين كاش,1/29/2026,26100397,قيد يومي,رخصة مهن,0.35
SHK,6010101020,مصاريف حكومية,1/29/2026,26100397,قيد يومي,رخصة مهن,524
SHK,6020101013,مصاريف بيعية,1/29/2026,26100399,قيد يومي,مهند,90
SHK,6010101022,مصاريف عمولات زين كاش,1/29/2026,26100399,قيد يومي,مهند,0.35
SHK,6010101020,مصاريف حكومية,1/29/2026,26100400,قيد يومي,استثمار,50.5
SHK,6010101022,مصاريف عمولات زين كاش,1/29/2026,26100402,قيد يومي,اجور نقل معكرونة,0.35
SHK,6020101008,مصاريف نقل وشحن,1/29/2026,26100402,قيد يومي,اجور نقل معكرونة,80
SHK,6010101022,مصاريف عمولات زين كاش,1/29/2026,26100404,قيد يومي,تصميم موقع الكتروتي,0.35
SHK,6020101004,مصاريف دعاية وإعلان,1/29/2026,26100404,قيد يومي,تصميم موقع الكتروتي,500
SHK,6020101015,مصاريف تحميل وتنزيل,1/29/2026,26100405,قيد يومي,نضال,15
SHK,6010101024,مصاريف مواصلات,1/29/2026,26100406,قيد يومي,مواصلات علي دنون,15
SHK,6010101009,مصاريف متفرقة,1/29/2026,26100407,قيد يومي,نقل طمم,30
SHK,6010101026,مصاريف انترنت,1/29/2026,26100408,قيد يومي,انترنت,31.7
SHK,6020101010,مصاريف صيانة سيارات,1/31/2026,26100411,قيد يومي,ديفينول 15/40 20 لتر عدد 4,179.31
SHK,6020101017,مصاريف شحن سيارات,1/31/2026,26100412,قيد يومي,شحن سيارة رقم 46436 - 37,4.1
SHK,6020101013,مصاريف بيعية,1/31/2026,26100414,قيد يومي,عمولة شهر 11,539
SHK,6010101007,مصاريف مياه,1/31/2026,26100414,قيد يومي,مياه مكتب المقابلين,10
SHK,6010101022,مصاريف عمولات زين كاش,1/31/2026,26100414,قيد يومي,عمولة,0.35
SHK,6010101009,مصاريف متفرقة,1/31/2026,26100414,قيد يومي,خدمات مجمع المقابلين,25
SHK,6010101003,مصاريف النظافة,1/31/2026,26100414,قيد يومي,تنظيف مكتب المقابلين,30
SHK,6020101013,مصاريف بيعية,1/31/2026,26100414,قيد يومي,عمولة شهر 10,616
SHK,6010101004,مصاريف ضيافة,2/1/2026,26100417,قيد يومي,قهوة عربية + كرتونة مياه عدد 10,16.5
SHK,6010101003,مصاريف النظافة,2/1/2026,26100418,قيد يومي,ف/رقم 1268,19.082
SHK,6010101023,مصاريف سفر واقامة وتنقلات,2/1/2026,26100421,قيد يومي,مصاريف سفر,130
SHK,6010101022,مصاريف عمولات زين كاش,2/1/2026,26100421,قيد يومي,مصاريف سفر,0.35
SHK,6010101022,مصاريف عمولات زين كاش,2/1/2026,26100423,قيد يومي,مصاريف بريد,0.35
SHK,6020101020,مصاريف بريد,2/1/2026,26100423,قيد يومي,مصاريف بريد,72
SHK,6020101016,مصاريف قبان,2/1/2026,26100424,قيد يومي,قبان القصراوي,2
SHK,6010101018,مصاريف قرطاسية ومطبوعات,1/29/2026,26000180,فاتورة مشتريات,A/P Invoices - LV0000109,25.862
SHK,6010101012,مصاريف لوازم مستهلكة,2/1/2026,26100425,قيد يومي,اصلاح رسيفر الكاميرات,8.621
SHK,6020101014,خصم مسموح به,1/31/2026,26100429,قيد يومي,علف,-1719.3
SHK,6010101017,مصاريف عينات,2/1/2026,26100432,قيد يومي,فاتورة عينات,21.2
SHK,6020101008,مصاريف نقل وشحن,2/1/2026,26100434,قيد يومي,نقل للعقبة,25
SHK,6020101015,مصاريف تحميل وتنزيل,2/1/2026,26100436,قيد يومي,نضال,34
SHK,6010101021,مصاريف عمولات بنكية,2/2/2026,26100440,قيد يومي,تحويل لزين كاش,0.7
SHK,6010101021,مصاريف عمولات بنكية,2/2/2026,26100440,قيد يومي,تحويل لزين كاش,0.7
SHK,6020101019,مصاريف منسقين,2/2/2026,26100443,قيد يومي,اجور منسق,15
SHK,6020101017,مصاريف شحن سيارات,2/2/2026,26100445,قيد يومي,شحن سيارة اؤي السيد رقم 59880-44,29.25
SHK,6020101019,مصاريف منسقين,2/2/2026,26100448,قيد يومي,منسق ياسر الحسامي,50
SHK,6020101010,مصاريف صيانة سيارات,2/2/2026,26100450,قيد يومي,غسيل سيارة امجد زكي,4
SHK,6020101010,مصاريف صيانة سيارات,2/2/2026,26100451,قيد يومي,اصلاح بنشر سيارة رقم 25797-42,3
SHK,6010101004,مصاريف ضيافة,2/2/2026,26100456,قيد يومي,مصاريف سيارة وغداء مصور,20
SHK,6010101021,مصاريف عمولات بنكية,1/31/2026,26100461,قيد يومي,عمولات,0.7
SHK,6010101021,مصاريف عمولات بنكية,1/31/2026,26100461,قيد يومي,عمولات,0.35
SHK,6010101021,مصاريف عمولات بنكية,1/31/2026,26100461,قيد يومي,عمولات,0.35
SHK,6010101021,مصاريف عمولات بنكية,1/31/2026,26100461,قيد يومي,عمولات,0.35
SHK,6010101021,مصاريف عمولات بنكية,1/31/2026,26100461,قيد يومي,عمولات شيكات مؤجلة,1.4
SHK,6010101021,مصاريف عمولات بنكية,1/31/2026,26100461,قيد يومي,عمولات,0.35
SHK,6010101021,مصاريف عمولات بنكية,1/31/2026,26100461,قيد يومي,عمولات,0.35
SHK,6010101021,مصاريف عمولات بنكية,1/31/2026,26100461,قيد يومي,عمولات,0.35
SHK,6010101021,مصاريف عمولات بنكية,1/31/2026,26100461,قيد يومي,عمولات,0.35
SHK,6010101021,مصاريف عمولات بنكية,1/31/2026,26100461,قيد يومي,عمولات,1
SHK,6010101021,مصاريف عمولات بنكية,1/31/2026,26100466,قيد يومي,عمولات,6.997
SHK,6010101021,مصاريف عمولات بنكية,1/31/2026,26100466,قيد يومي,عمولات,6.997
SHK,6010101021,مصاريف عمولات بنكية,1/31/2026,26100466,قيد يومي,عمولات,6.997
SHK,6010101021,مصاريف عمولات بنكية,1/31/2026,26100466,قيد يومي,عمولات,6.997
SHK,6010101021,مصاريف عمولات بنكية,1/31/2026,26001714,قيد يومي,عمولات(Reversal) - 2973,-6.997
SHK,6010101021,مصاريف عمولات بنكية,1/31/2026,26001714,قيد يومي,عمولات(Reversal) - 2973,-6.997
SHK,6010101021,مصاريف عمولات بنكية,1/31/2026,26001714,قيد يومي,عمولات(Reversal) - 2973,-6.997
SHK,6010101021,مصاريف عمولات بنكية,1/31/2026,26001714,قيد يومي,عمولات(Reversal) - 2973,-6.997
SHK,6010101021,مصاريف عمولات بنكية,1/31/2026,26100467,قيد يومي,عمولات,6.997
SHK,6010101021,مصاريف عمولات بنكية,1/31/2026,26100467,قيد يومي,عمولات,6.997
SHK,6010101021,مصاريف عمولات بنكية,1/31/2026,26100467,قيد يومي,عمولات,6.997
SHK,6010101021,مصاريف عمولات بنكية,1/31/2026,26100467,قيد يومي,عمولات,6.997
SHK,6010101021,مصاريف عمولات بنكية,1/31/2026,26100468,قيد يومي,عمولات,39.046
SHK,6010101021,مصاريف عمولات بنكية,1/31/2026,26001736,قيد يومي,عمولات(Reversal) - 2998,-39.046
SHK,6010101021,مصاريف عمولات بنكية,1/31/2026,26100469,قيد يومي,عمولات,27.684
SHK,6010101018,مصاريف قرطاسية ومطبوعات,2/2/2026,26100470,قيد يومي,دفاتر سندات ارجاع,70
SHK,6010101009,مصاريف متفرقة,2/2/2026,26100471,قيد يومي,مصاريف صيانة عامة,15
SHK,6010101018,مصاريف قرطاسية ومطبوعات,2/2/2026,26100471,قيد يومي,سحب واتس اب,1.5
SHK,6010101009,مصاريف متفرقة,2/2/2026,26100471,قيد يومي,مواقف,3.5
SHK,6010101009,مصاريف متفرقة,2/2/2026,26100471,قيد يومي,مواقف,2
SHK,6010101009,مصاريف متفرقة,2/2/2026,26100471,قيد يومي,مصاريف نور,15
SHK,6020101015,مصاريف تحميل وتنزيل,2/2/2026,26100474,قيد يومي,نضال,15
SHK,6020101012,مصاريف محروقات سيارات,2/2/2026,26100475,قيد يومي,محروقات,10
SHK,6020101015,مصاريف تحميل وتنزيل,2/2/2026,26100481,قيد يومي,اجرة تحميل عامل,10
SHK,6010101009,مصاريف متفرقة,2/2/2026,26100481,قيد يومي,فرق توريد سند رقم 700357,0.74
SHK,6020101017,مصاريف شحن سيارات,2/2/2026,26100481,قيد يومي,شحن سيارة ابو العبد,110
SHK,6010101020,مصاريف حكومية,2/2/2026,26100481,قيد يومي,عقود عمل موظفين,250
SHK,6020101015,مصاريف تحميل وتنزيل,2/2/2026,26100482,قيد يومي,اجرة عامل,10
SHK,6020101015,مصاريف تحميل وتنزيل,2/3/2026,26100490,قيد يومي,تحميل وتنزيل باص الشيخ,50
SHK,6020101003,مصاريف تصدير,2/3/2026,26100491,قيد يومي,منشأ,27.75
SHK,6010101022,مصاريف عمولات زين كاش,2/3/2026,26100495,قيد يومي,دفعة لصبحي اسماعيل,0.35
SHK,6010101020,مصاريف حكومية,2/3/2026,26100496,قيد يومي,حكومية,11.6
SHK,6010101022,مصاريف عمولات زين كاش,2/3/2026,26100496,قيد يومي,حكومية,0.35
SHK,6020101015,مصاريف تحميل وتنزيل,2/3/2026,26100498,قيد يومي,تحميل وتنزيل,10
SHK,6010101009,مصاريف متفرقة,2/3/2026,26100498,قيد يومي,مصروف الجنوب,5
SHK,6010101021,مصاريف عمولات بنكية,2/3/2026,26100499,قيد يومي,غرامات,48.275
SHK,6010101022,مصاريف عمولات زين كاش,2/3/2026,26100500,قيد يومي,سداد فاتورة خميرة,0.35
SHK,6010101027,مصاريف دورات تدريبية للموظفين,2/3/2026,26100501,قيد يومي,تدريب موظفين,200
SHK,6010101022,مصاريف عمولات زين كاش,2/3/2026,26100501,قيد يومي,تدريب موظفين,0.35
SHK,6010101012,مصاريف لوازم مستهلكة,2/3/2026,26100503,قيد يومي,طبالي,80
SHK,6010101022,مصاريف عمولات زين كاش,2/3/2026,26100503,قيد يومي,طبالي,0.35
SHK,6020101015,مصاريف تحميل وتنزيل,2/3/2026,26100504,قيد يومي,تحميل وتنزيل الولاء,75
SHK,6010101022,مصاريف عمولات زين كاش,2/3/2026,26100504,قيد يومي,تحميل وتنزيل الولاء,0.35
SHK,6010101009,مصاريف متفرقة,2/3/2026,26100506,قيد يومي,خدمات دففع,0.75
SHK,6020101011,مصاريف تأمين وترخيص ومخالفات سيارات,2/3/2026,26100506,قيد يومي,دفع مخالفات سيارة رقم 44933 -42,55.25
SHK,6020101011,مصاريف تأمين وترخيص ومخالفات سيارات,2/3/2026,26100508,قيد يومي,ترخيص سيارة رقم 44933-42,62.45
SHK,6020101015,مصاريف تحميل وتنزيل,2/3/2026,26100509,قيد يومي,تحميل وتنزيل,55
SHK,6020101011,مصاريف تأمين وترخيص ومخالفات سيارات,2/3/2026,26100510,قيد يومي,تأمين سيارة رقم 44933-42,149.4
SHK,6020101015,مصاريف تحميل وتنزيل,2/3/2026,26100513,قيد يومي,تحميل وتنزيل سحاب,70
SHK,6010101022,مصاريف عمولات زين كاش,2/3/2026,26100513,قيد يومي,تحميل وتنزيل سحاب,0.35
SHK,6020101013,مصاريف بيعية,2/3/2026,26100515,قيد يومي,بيعية,500
SHK,6020101015,مصاريف تحميل وتنزيل,2/3/2026,26100516,قيد يومي,تحميل وتنزيل عامل الشمال,10
SHK,6010101021,مصاريف عمولات بنكية,2/3/2026,26100519,قيد يومي,عمولات,0.7
SHK,6020101012,مصاريف محروقات سيارات,2/3/2026,26100521,قيد يومي,محروقات,42.031
SHK,6010101004,مصاريف ضيافة,2/3/2026,26100521,قيد يومي,فطور المكتب,15
SHK,6020101010,مصاريف صيانة سيارات,2/3/2026,26100521,قيد يومي,مساحات,12
SHK,6020101012,مصاريف محروقات سيارات,2/3/2026,26100521,قيد يومي,محروقات,43.597
SHK,6020101012,مصاريف محروقات سيارات,2/3/2026,26100522,قيد يومي,دفعه للمناصير,200
SHK,6020101010,مصاريف صيانة سيارات,2/3/2026,26100524,قيد يومي,ف/398 كوشوك,64.655
SHK,6010101028,مصاريف رسوم شهرية واشتراكات,2/3/2026,26100525,قيد يومي,ف/رقم 10278,350
SHK,6020101014,خصم مسموح به,2/3/2026,26100529,قيد يومي,خصم نقدي مرفق,57.07
SHK,6010101024,مصاريف مواصلات,2/4/2026,26100537,قيد يومي,شيك رقم 15101,509
SHK,6010101024,مصاريف مواصلات,2/4/2026,26001876,قيد يومي,شيك رقم 15101(Reversal) - 3225,-509
SHK,6010101024,مصاريف مواصلات,2/4/2026,26000093,سند صرف,شيك رقم 15101 باص الزرقا,509
SHK,6020101015,مصاريف تحميل وتنزيل,2/4/2026,26100538,قيد يومي,نضال,15
SHK,6010101024,مصاريف مواصلات,2/4/2026,26100538,قيد يومي,بدل مواصلات علي دنون,21
SHK,6020101014,خصم مسموح به,2/4/2026,26100544,قيد يومي,خصم عام 2025,42119
SHK,6020101014,خصم مسموح به,2/4/2026,26100545,قيد يومي,خصم عام 2025,291
SHK,6020101003,مصاريف تصدير,2/4/2026,26100546,قيد يومي,حلومي,248.5
SHK,6020101014,خصم مسموح به,2/4/2026,26100554,قيد يومي,خصم نقدي مرفق,23.685
SHK,6010101004,مصاريف ضيافة,2/4/2026,26100556,قيد يومي,ف/رقم 123742,1.55
SHK,6020101010,مصاريف صيانة سيارات,2/4/2026,26100556,قيد يومي,مفتاح,3
SHK,6010101024,مصاريف مواصلات,2/4/2026,26100556,قيد يومي,مواقف ابو العبد,5.5
SHK,6020101011,مصاريف تأمين وترخيص ومخالفات سيارات,2/4/2026,26100557,قيد يومي,ترخيص سيارة رقم 82985-42,191.8
SHK,6020101012,مصاريف محروقات سيارات,2/3/2026,26002004,قيد يومي,دفعه للمناصير(Reversal) - 3163,-200
SHK,6010101021,مصاريف عمولات بنكية,2/4/2026,26100561,قيد يومي,تحويل لزين كاش,0.7
SHK,6010101021,مصاريف عمولات بنكية,2/4/2026,26100561,قيد يومي,تحويل لزين كاش,0.7
SHK,6010101021,مصاريف عمولات بنكية,2/4/2026,26100561,قيد يومي,تحويل لزين كاش,0.7
SHK,6020101010,مصاريف صيانة سيارات,2/4/2026,26100562,قيد يومي,ف/رقم 399 اطارات 205/65 ار,155.172
SHK,6010101003,مصاريف النظافة,2/4/2026,26100563,قيد يومي,رفع نفايات المصنع,70
SHK,6010101003,مصاريف النظافة,2/4/2026,26100564,قيد يومي,مصاريف مكتب المقابلين,55
SHK,6010101022,مصاريف عمولات زين كاش,2/4/2026,26100564,قيد يومي,مصاريف مكتب المقابلين,0.35
SHK,6010101021,مصاريف عمولات بنكية,2/1/2026,26100567,قيد يومي,عمولات,0.35
SHK,6010101022,مصاريف عمولات زين كاش,1/6/2026,26002048,قيد يومي,تحويل للبنك(Reversal) - 2235,-0.35
SHK,6010101022,مصاريف عمولات زين كاش,1/6/2026,26002048,قيد يومي,تحويل للبنك(Reversal) - 2235,-0.35
SHK,6010101022,مصاريف عمولات زين كاش,1/25/2026,26100570,قيد يومي,تحويل للبنك,0.35
SHK,6010101022,مصاريف عمولات زين كاش,1/25/2026,26100570,قيد يومي,تحويل للبنك,0.35
SHK,6020101008,مصاريف نقل وشحن,2/5/2026,26100571,قيد يومي,اجور نقل الى الكرك,120
SHK,6010101022,مصاريف عمولات زين كاش,2/5/2026,26100571,قيد يومي,اجور نقل الى الكرك,0.35
SHK,6020101015,مصاريف تحميل وتنزيل,2/3/2026,26100574,قيد يومي,نضال,44
SHK,6010101009,مصاريف متفرقة,2/5/2026,26100575,قيد يومي,طوابع,31.1
SHK,6020101010,مصاريف صيانة سيارات,2/5/2026,26100577,قيد يومي,تركيب سبير,2
SHK,6020101015,مصاريف تحميل وتنزيل,2/5/2026,26100577,قيد يومي,تحميل وتنزيل,165
SHK,6020101003,مصاريف تصدير,2/5/2026,26100578,قيد يومي,منشأ,26.15
SHK,6010101018,مصاريف قرطاسية ومطبوعات,2/5/2026,26100579,قيد يومي,مصاريف محمود,38
SHK,6010101009,مصاريف متفرقة,2/5/2026,26100580,قيد يومي,طوابع,4.3
SHK,6010101021,مصاريف عمولات بنكية,1/6/2026,26100581,قيد يومي,عمولة ملف,3
SHK,6010101021,مصاريف عمولات بنكية,1/6/2026,26100581,قيد يومي,عمولة ملف,11
SHK,6010101022,مصاريف عمولات زين كاش,2/8/2026,26002182,قيد يومي,ايداع في صفوة,0.35
SHK,6010101022,مصاريف عمولات زين كاش,2/8/2026,26100587,قيد يومي,تحويل لزين كاش,0.7
SHK,6010101021,مصاريف عمولات بنكية,2/8/2026,26100589,قيد يومي,تحويل لزين كاش,0.7
SHK,6010101021,مصاريف عمولات بنكية,2/8/2026,26100589,قيد يومي,تحويل لزين كاش,0.7
SHK,6010101021,مصاريف عمولات بنكية,2/8/2026,26100589,قيد يومي,تحويل لزين كاش,0.7
SHK,6010101021,مصاريف عمولات بنكية,2/8/2026,26100589,قيد يومي,تحويل لزين كاش,0.5
SHK,6010101022,مصاريف عمولات زين كاش,2/8/2026,26100593,قيد يومي,طبالي,0.35
SHK,6010101012,مصاريف لوازم مستهلكة,2/8/2026,26100593,قيد يومي,طبالي,204
SHK,6010101022,مصاريف عمولات زين كاش,2/8/2026,26100594,قيد يومي,ضيافة مكتب المقابلين,0.35
SHK,6010101004,مصاريف ضيافة,2/8/2026,26100594,قيد يومي,ضيافة مكتب المقابلين,14.25
SHK,6010101022,مصاريف عمولات زين كاش,2/8/2026,26100595,قيد يومي,تحميل وتنزيل الولاء,0.35
SHK,6020101015,مصاريف تحميل وتنزيل,2/8/2026,26100595,قيد يومي,تحميل وتنزيل الولاء,50
SHK,6010101022,مصاريف عمولات زين كاش,2/8/2026,26100596,قيد يومي,اجور نقل,0.35
SHK,6020101008,مصاريف نقل وشحن,2/8/2026,26100596,قيد يومي,اجور نقل,150
SHK,6010101022,مصاريف عمولات زين كاش,2/8/2026,26100597,قيد يومي,دفعة لالبان الثنية,0.35
SHK,6020101013,مصاريف بيعية,2/8/2026,26100599,قيد يومي,بيعية,50.35
SHK,6020101005,مصاريف تعبئة وتغليف,2/8/2026,26100601,قيد يومي,تعبئة بقوليات,284
SHK,6010101022,مصاريف عمولات زين كاش,2/8/2026,26100601,قيد يومي,تعبئة بقوليات,0.35
SHK,6020101004,مصاريف دعاية وإعلان,2/8/2026,26100603,قيد يومي,ادارة حسابات السوشال ميديا,150
SHK,6010101022,مصاريف عمولات زين كاش,2/8/2026,26100603,قيد يومي,ادارة حسابات السوشال ميديا,0.35
SHK,6020101008,مصاريف نقل وشحن,2/8/2026,26100604,قيد يومي,اجور نقل,80
SHK,6010101022,مصاريف عمولات زين كاش,2/8/2026,26100604,قيد يومي,اجور نقل,0.5
SHK,6020101006,مصاريف معارض,2/8/2026,26100606,قيد يومي,معرض الخليج للاغذية 2026,13464
SHK,6020101014,خصم مسموح به,2/8/2026,26100607,قيد يومي,فرق احتساب ق 261000064 / موقر,-6.278
SHK,6020101014,خصم مسموح به,2/8/2026,26002208,قيد يومي,فرق احتساب ق 261000064 / موقر(Reversal) - 3650,6.278
SHK,6020101015,مصاريف تحميل وتنزيل,2/8/2026,26100611,قيد يومي,مياومة عمال الزرقاء,25
SHK,6020101015,مصاريف تحميل وتنزيل,2/8/2026,26100611,قيد يومي,مياومة عمال الزرقاء,22.5
SHK,6010101022,مصاريف عمولات زين كاش,2/8/2026,26100611,قيد يومي,مياومة عمال الزرقاء,0.35
SHK,6010101022,مصاريف عمولات زين كاش,2/8/2026,26100611,قيد يومي,مياومة عمال الزرقاء,0.35
SHK,6020101015,مصاريف تحميل وتنزيل,2/8/2026,26100611,قيد يومي,مياومة عمال الزرقاء,747.5
SHK,6010101022,مصاريف عمولات زين كاش,2/8/2026,26100611,قيد يومي,مياومة عمال الزرقاء,0.35
SHK,6020101015,مصاريف تحميل وتنزيل,2/8/2026,26100611,قيد يومي,مياومة عمال الزرقاء,72.5
SHK,6020101003,مصاريف تصدير,2/8/2026,26100615,قيد يومي,منشأ,59.5
SHK,6010101022,مصاريف عمولات زين كاش,2/8/2026,26100616,قيد يومي,تحويل للبنك,0.35
SHK,6010101022,مصاريف عمولات زين كاش,2/8/2026,26100617,قيد يومي,ايداع في حساب الرواتب,0.35
SHK,6020101014,خصم مسموح به,2/8/2026,26100619,قيد يومي,خصم على فاتورة رقم 15041940,-467.749
SHK,6020101015,مصاريف تحميل وتنزيل,2/8/2026,26100622,قيد يومي,نضال,36
SHK,6020101010,مصاريف صيانة سيارات,2/9/2026,26100623,قيد يومي,غيار زيت + غسيل + فلتر نشاف,43.965
SHK,6020101014,خصم مسموح به,2/9/2026,26100635,قيد يومي,فرق فواتير,145
SHK,6010101021,مصاريف عمولات بنكية,2/9/2026,26100666,قيد يومي,عمولات,0.7
SHK,6010101021,مصاريف عمولات بنكية,2/9/2026,26100666,قيد يومي,عمولات,0.5
SHK,6010101021,مصاريف عمولات بنكية,2/9/2026,26100666,قيد يومي,عمولات حوالة,16.295
SHK,6010101021,مصاريف عمولات بنكية,2/9/2026,26002347,قيد يومي,عمولات(Reversal) - 3862,-0.5
SHK,6010101021,مصاريف عمولات بنكية,2/9/2026,26002347,قيد يومي,عمولات حوالة(Reversal) - 3862,-16.295
SHK,6010101021,مصاريف عمولات بنكية,2/9/2026,26002347,قيد يومي,عمولات(Reversal) - 3862,-0.7
SHK,6010101021,مصاريف عمولات بنكية,1/31/2026,26100667,قيد يومي,عمولات,0.7
SHK,6010101021,مصاريف عمولات بنكية,1/31/2026,26100667,قيد يومي,عمولات,0.7
SHK,6010101021,مصاريف عمولات بنكية,1/31/2026,26100667,قيد يومي,عمولات,1
SHK,6010101021,مصاريف عمولات بنكية,1/31/2026,26100667,قيد يومي,عمولات,0.7
SHK,6010101021,مصاريف عمولات بنكية,1/31/2026,26100667,قيد يومي,عمولة طلب كشف حساب,0.5
SHK,6010101021,مصاريف عمولات بنكية,1/31/2026,26100667,قيد يومي,عمولة طلب كشف حساب,0.5
SHK,6010101021,مصاريف عمولات بنكية,1/31/2026,26100667,قيد يومي,عمولة طلب كشف حساب,0.5
SHK,6010101021,مصاريف عمولات بنكية,1/31/2026,26100667,قيد يومي,عمولات حوالة,16.295
SHK,6010101021,مصاريف عمولات بنكية,1/31/2026,26100667,قيد يومي,عمولة طلب كشف حساب,1
SHK,6010101021,مصاريف عمولات بنكية,1/31/2026,26100667,قيد يومي,عمولة طلب كشف حساب,0.5
SHK,6010101021,مصاريف عمولات بنكية,1/31/2026,26100667,قيد يومي,عمولات,0.5
SHK,6010101021,مصاريف عمولات بنكية,1/31/2026,26100667,قيد يومي,عمولات,0.5
SHK,6010101021,مصاريف عمولات بنكية,1/31/2026,26100667,قيد يومي,عمولات,0.7
SHK,6010101021,مصاريف عمولات بنكية,1/31/2026,26100668,قيد يومي,عمولات,1
SHK,6010101021,مصاريف عمولات بنكية,1/31/2026,26100668,قيد يومي,عمولات,3
SHK,6010101021,مصاريف عمولات بنكية,1/31/2026,26100668,قيد يومي,عمولات,10.97
SHK,6010101021,مصاريف عمولات بنكية,1/31/2026,26100668,قيد يومي,عمولات,0.65
SHK,6010101021,مصاريف عمولات بنكية,1/31/2026,26100668,قيد يومي,عمولة شيك معاد,20
SHK,6010101021,مصاريف عمولات بنكية,1/31/2026,26100668,قيد يومي,عمولة,0.5
SHK,6010101021,مصاريف عمولات بنكية,1/31/2026,26100668,قيد يومي,عمولة,0.5
SHK,6010101021,مصاريف عمولات بنكية,1/31/2026,26100668,قيد يومي,عمولات حوالة,14.97
SHK,6010101021,مصاريف عمولات بنكية,1/31/2026,26100668,قيد يومي,عمولات شيك معاد,20
SHK,6010101021,مصاريف عمولات بنكية,1/31/2026,26100668,قيد يومي,عمولات,0.5
SHK,6010101021,مصاريف عمولات بنكية,1/31/2026,26100668,قيد يومي,عمولات,0.5
SHK,6010101021,مصاريف عمولات بنكية,1/31/2026,26100668,قيد يومي,عمولات,0.7
SHK,6010101021,مصاريف عمولات بنكية,1/31/2026,26100668,قيد يومي,عمولات,0.7
SHK,6010101021,مصاريف عمولات بنكية,2/9/2026,26100671,قيد يومي,عمولات,6.998
SHK,6010101021,مصاريف عمولات بنكية,2/9/2026,26100671,قيد يومي,عمولات,6.998
SHK,6010101021,مصاريف عمولات بنكية,2/9/2026,26100671,قيد يومي,عمولات,6.998
SHK,6010101003,مصاريف النظافة,2/10/2026,26100676,قيد يومي,رفع نفايات المستودع,50
SHK,6010101009,مصاريف متفرقة,2/10/2026,26100677,قيد يومي,طوابع,2.65
SHK,6020101015,مصاريف تحميل وتنزيل,2/10/2026,26100677,قيد يومي,اجرة عامل,10
SHK,6020101015,مصاريف تحميل وتنزيل,2/10/2026,26100677,قيد يومي,اجرة عامل,10
SHK,6010101004,مصاريف ضيافة,2/10/2026,26100677,قيد يومي,فطور المستودع,17.5
SHK,6020101021,مصاريف تذوق,2/10/2026,26100683,قيد يومي,مصاريف عمر فاروق,52.9
SHK,6010101021,مصاريف عمولات بنكية,1/5/2026,26100695,قيد يومي,عمولات,2
SHK,6020101018,مصاريف فحص عينات,2/10/2026,26100702,قيد يومي,فحص جميد + كاتشاب +حمص + شوربة,145
SHK,6020101018,مصاريف فحص عينات,2/10/2026,26100703,قيد يومي,فحص كاتشاب,45
SHK,6020101015,مصاريف تحميل وتنزيل,2/10/2026,26100708,قيد يومي,نضال,15
SHK,6020101015,مصاريف تحميل وتنزيل,2/10/2026,26100709,قيد يومي,نضال,15
SHK,6010101012,مصاريف لوازم مستهلكة,2/11/2026,26100718,قيد يومي,ف/رقم 1727 بطارية ليثيوم عدد 4,38.793
SHK,6020101015,مصاريف تحميل وتنزيل,2/11/2026,26100719,قيد يومي,اجرة سائقين يومية,260
SHK,6010101024,مصاريف مواصلات,2/11/2026,26100720,قيد يومي,باص الشيخ,40
SHK,6020101015,مصاريف تحميل وتنزيل,2/11/2026,26100720,قيد يومي,عمال تحميل وتنزيل,180
SHK,6010101018,مصاريف قرطاسية ومطبوعات,2/11/2026,26100720,قيد يومي,سحب ورق,18
SHK,6020101017,مصاريف شحن سيارات,2/11/2026,26100721,قيد يومي,شحن سيارة,4.9
SHK,6020101012,مصاريف محروقات سيارات,2/11/2026,26100721,قيد يومي,سولار,5
SHK,6020101011,مصاريف تأمين وترخيص ومخالفات سيارات,2/11/2026,26100721,قيد يومي,ترخيص,65.4
SHK,6020101012,مصاريف محروقات سيارات,2/11/2026,26100721,قيد يومي,كاز,5
SHK,6010101004,مصاريف ضيافة,2/11/2026,26100721,قيد يومي,كرتونة مياه عدد 4,4.6
SHK,6020101015,مصاريف تحميل وتنزيل,2/11/2026,26100722,قيد يومي,اجرة عامل,50
SHK,6020101017,مصاريف شحن سيارات,2/11/2026,26100727,قيد يومي,شحن سيارة جهاد فقوسة,90
SHK,6020101015,مصاريف تحميل وتنزيل,2/11/2026,26100731,قيد يومي,تحميل وتنزيل - جهاد فقوسة,2
SHK,6020101010,مصاريف صيانة سيارات,2/11/2026,26100731,قيد يومي,بنشر - جهاد فقوسة,3
SHK,6020101017,مصاريف شحن سيارات,2/11/2026,26100736,قيد يومي,شحن سيارة لؤي السيد,20.4
SHK,6010101004,مصاريف ضيافة,2/11/2026,26100740,قيد يومي,قهوة 3 كغم,33
SHK,6010101004,مصاريف ضيافة,2/11/2026,26100744,قيد يومي,كراتين مياه عدد 9,11.25
SHK,6010101020,مصاريف حكومية,2/11/2026,26100745,قيد يومي,بدل كشف - وزارة الزراعة,2
SHK,6010101004,مصاريف ضيافة,2/11/2026,26100745,قيد يومي,غداء مدقق الضريبة,125
SHK,6010101024,مصاريف مواصلات,2/11/2026,26100745,قيد يومي,مواقف,9.5
SHK,6020101014,خصم مسموح به,2/4/2026,26100748,قيد يومي,تعديل خصم اتفاقية,-904
SHK,6020101010,مصاريف صيانة سيارات,2/11/2026,26100756,قيد يومي,غسيل سيارة ابو لؤي,15
SHK,6020101010,مصاريف صيانة سيارات,2/11/2026,26100756,قيد يومي,ف/رقم 1493,45
SHK,6010101021,مصاريف عمولات بنكية,2/10/2026,26100758,قيد يومي,عمولات بنكية,3.5
SHK,6010101021,مصاريف عمولات بنكية,2/10/2026,26100758,قيد يومي,تسديد تمويل,718.298
SHK,6010101021,مصاريف عمولات بنكية,2/10/2026,26100758,قيد يومي,عمولة دفع فاتورة,2
SHK,6010101021,مصاريف عمولات بنكية,2/10/2026,26100758,قيد يومي,طوابع واردات,226.2
SHK,6010101021,مصاريف عمولات بنكية,2/10/2026,26100758,قيد يومي,عمولات بنكية,11
SHK,6010101021,مصاريف عمولات بنكية,2/10/2026,26100758,قيد يومي,عمولات بنكية,2
SHK,6010101021,مصاريف عمولات بنكية,2/10/2026,26100758,قيد يومي,رفع سقف مخصصات,3000
SHK,6010101021,مصاريف عمولات بنكية,2/10/2026,26100758,قيد يومي,عمولات بنكية,10
SHK,6010101021,مصاريف عمولات بنكية,2/10/2026,26100758,قيد يومي,عمولات بنكية,41.2
SHK,6010101021,مصاريف عمولات بنكية,2/10/2026,26100758,قيد يومي,طوابع واردات,140
SHK,6010101021,مصاريف عمولات بنكية,2/9/2026,26002624,قيد يومي,عمولات(Reversal) - 3898,-6.998
SHK,6010101021,مصاريف عمولات بنكية,2/9/2026,26002624,قيد يومي,عمولات(Reversal) - 3898,-6.998
SHK,6010101021,مصاريف عمولات بنكية,2/9/2026,26002624,قيد يومي,عمولات(Reversal) - 3898,-6.998
SHK,6010101021,مصاريف عمولات بنكية,2/9/2026,26100759,قيد يومي,عمولات,6.998
SHK,6010101021,مصاريف عمولات بنكية,2/9/2026,26100759,قيد يومي,عمولات,6.998
SHK,6010101021,مصاريف عمولات بنكية,2/9/2026,26100759,قيد يومي,عمولات,6.998
SHK,6020101015,مصاريف تحميل وتنزيل,2/11/2026,26100762,قيد يومي,مخالصة روان السردية,87
SHK,6010101022,مصاريف عمولات زين كاش,2/12/2026,26100767,قيد يومي,مصعب,0.35
SHK,6020101013,مصاريف بيعية,2/12/2026,26100767,قيد يومي,مصعب,250
SHK,6010101022,مصاريف عمولات زين كاش,2/12/2026,26100768,قيد يومي,البان الثنية,0.35
SHK,6010101022,مصاريف عمولات زين كاش,2/12/2026,26100771,قيد يومي,صيانة سيارة,0.35
SHK,6020101010,مصاريف صيانة سيارات,2/12/2026,26100771,قيد يومي,صيانة سيارة,475
SHK,6020101013,مصاريف بيعية,2/12/2026,26100773,قيد يومي,بيعية,480
SHK,6010101022,مصاريف عمولات زين كاش,2/12/2026,26100775,قيد يومي,تحميل وتنزيل الولاء,0.35
SHK,6020101015,مصاريف تحميل وتنزيل,2/12/2026,26100775,قيد يومي,تحميل وتنزيل الولاء,45
SHK,6010101022,مصاريف عمولات زين كاش,2/12/2026,26100776,قيد يومي,نقل ماكنة,0.35
SHK,6020101008,مصاريف نقل وشحن,2/12/2026,26100776,قيد يومي,نقل ماكنة,65
SHK,6020101004,مصاريف دعاية وإعلان,2/12/2026,26100777,قيد يومي,تمويل اعلان طرود,150
SHK,6010101022,مصاريف عمولات زين كاش,2/12/2026,26100777,قيد يومي,تمويل اعلان طرود,0.35
SHK,6020101014,خصم مسموح به,2/12/2026,26100778,قيد يومي,خصم فرق حساب,27.5
SHK,6010101022,مصاريف عمولات زين كاش,2/12/2026,26100780,قيد يومي,جاري  الشريك,0.35
SHK,6010101022,مصاريف عمولات زين كاش,2/12/2026,26100786,قيد يومي,اجور نقل سيارة من الموقر,0.35
SHK,6020101008,مصاريف نقل وشحن,2/12/2026,26100786,قيد يومي,اجور نقل سيارة من الموقر,240
SHK,6020101015,مصاريف تحميل وتنزيل,2/12/2026,26100787,قيد يومي,تحميل وتنزيل,40
SHK,6020101013,مصاريف بيعية,2/12/2026,26100789,قيد يومي,بيعية,60
SHK,6020101015,مصاريف تحميل وتنزيل,2/12/2026,26100790,قيد يومي,نضال,15
SHK,6020101015,مصاريف تحميل وتنزيل,2/12/2026,26100791,قيد يومي,نضال,15
SHK,6010101022,مصاريف عمولات زين كاش,2/12/2026,26100792,قيد يومي,الدكتور شخصي,0.35
SHK,6020101015,مصاريف تحميل وتنزيل,2/12/2026,26100794,قيد يومي,مياومات عمال الزرقاء,466
SHK,6010101028,مصاريف رسوم شهرية واشتراكات,2/3/2026,26100795,قيد يومي,ف/رقم 10358,75
SHK,6020101012,مصاريف محروقات سيارات,2/15/2026,26100796,قيد يومي,ديزل,10
SHK,6020101015,مصاريف تحميل وتنزيل,2/15/2026,26100797,قيد يومي,اجرة عامل مع يوسف,10
SHK,6020101010,مصاريف صيانة سيارات,2/15/2026,26100797,قيد يومي,بناشر,2
SHK,6020101015,مصاريف تحميل وتنزيل,2/15/2026,26100797,قيد يومي,اجور تحميل وتنزيل عيد,300
SHK,6020101014,خصم مسموح به,2/15/2026,26100799,قيد يومي,خصم مسموح,0.6
SHK,6020101014,خصم مسموح به,2/11/2026,26100800,قيد يومي,خ ن ف 26100299+26100438,7.15
SHK,6010101019,مصاريف رسوم ورخص وأشتراكات,2/15/2026,26000289,فاتورة مشتريات,A/P Invoices - LV0000330,2500
SHK,6020101005,مصاريف تعبئة وتغليف,2/15/2026,26000290,فاتورة مشتريات,A/P Invoices - LV0000186,376.333
SHK,6020101015,مصاريف تحميل وتنزيل,2/15/2026,26100807,قيد يومي,تحميل وتنزيل سمسم (عيد المصري),1000
SHK,6020101014,خصم مسموح به,2/15/2026,26100809,قيد يومي,خصم ربوة النصر,12481
SHK,6020101012,مصاريف محروقات سيارات,2/15/2026,26100810,قيد يومي,محروقات,20
SHK,6020101003,مصاريف تصدير,2/15/2026,26000129,سند صرف,شيك رقم 15059,3952
SHK,6010101023,مصاريف سفر واقامة وتنقلات,2/15/2026,26100813,قيد يومي,مصاريف سفر نور الى السعودية,289.7
SHK,6010101023,مصاريف سفر واقامة وتنقلات,2/15/2026,26100813,قيد يومي,مصاريف سفر نور الى السعودية,200
SHK,6010101023,مصاريف سفر واقامة وتنقلات,2/15/2026,26002820,قيد يومي,مصاريف سفر نور الى السعودية(Reversal) - 4507,-289.7
SHK,6010101023,مصاريف سفر واقامة وتنقلات,2/15/2026,26002820,قيد يومي,مصاريف سفر نور الى السعودية(Reversal) - 4507,-200
SHK,6010101023,مصاريف سفر واقامة وتنقلات,2/15/2026,26100814,قيد يومي,مصاريف سفر نور الى السعودية,739.7
SHK,6020101013,مصاريف بيعية,2/15/2026,26000131,سند صرف,شيك رقم 15071,725
SHK,6020101014,خصم مسموح به,2/15/2026,26100821,قيد يومي,خصم,2.56
SHK,6020101003,مصاريف تصدير,2/15/2026,26000134,سند صرف,شيك رقم 15081,1851
SHK,6010101021,مصاريف عمولات بنكية,2/15/2026,26100822,قيد يومي,عمولات,0.7
SHK,6010101021,مصاريف عمولات بنكية,2/15/2026,26100822,قيد يومي,عمولات,0.7
SHK,6010101021,مصاريف عمولات بنكية,2/15/2026,26100822,قيد يومي,عمولات,0.7
SHK,6010101021,مصاريف عمولات بنكية,2/15/2026,26100822,قيد يومي,عمولات,0.7
SHK,6010101021,مصاريف عمولات بنكية,2/15/2026,26100823,قيد يومي,عمولات,0.7
SHK,6020101015,مصاريف تحميل وتنزيل,2/16/2026,26100826,قيد يومي,مخالصة محمد ايمن,88.55
SHK,6020101010,مصاريف صيانة سيارات,2/16/2026,26100827,قيد يومي,عجل عدد 2 مقاس 165 ار 13,64.655
SHK,6020101015,مصاريف تحميل وتنزيل,2/16/2026,26100832,قيد يومي,اجرة عمال جرش,20
SHK,6020101008,مصاريف نقل وشحن,2/16/2026,26100833,قيد يومي,باص اتش 100,100
SHK,6020101015,مصاريف تحميل وتنزيل,2/16/2026,26100833,قيد يومي,اجرة عمال,330
SHK,6020101008,مصاريف نقل وشحن,2/16/2026,26100833,قيد يومي,اجرة نقل 4 نقلات,280
SHK,6020101017,مصاريف شحن سيارات,2/16/2026,26100834,قيد يومي,شحن سيارة,5
SHK,6010101009,مصاريف متفرقة,2/16/2026,26100834,قيد يومي,مصافي,3
SHK,6020101010,مصاريف صيانة سيارات,2/16/2026,26100834,قيد يومي,بنشر,2
SHK,6020101010,مصاريف صيانة سيارات,2/16/2026,26100834,قيد يومي,جنط بنجو,20
SHK,6010101018,مصاريف قرطاسية ومطبوعات,2/16/2026,26100834,قيد يومي,قرطاسية,3.5
SHK,6020101012,مصاريف محروقات سيارات,2/16/2026,26100834,قيد يومي,ديزل,15
SHK,6020101022,مصاريف صيانة عامة,2/16/2026,26100835,قيد يومي,غيار طقم اصلاح + تعبئة زيت,90
SHK,6020101022,مصاريف صيانة عامة,2/16/2026,26100835,قيد يومي,غيار طقم اصلاح + تعبئة زيت,70
SHK,6010101003,مصاريف النظافة,2/16/2026,26100836,قيد يومي,قشاطات,46.4
SHK,6010101009,مصاريف متفرقة,2/16/2026,26100837,قيد يومي,طوابع,0.5
SHK,6010101022,مصاريف عمولات زين كاش,2/16/2026,26100839,قيد يومي,محمود شيخ الكار للالات,0.35
SHK,6010101022,مصاريف عمولات زين كاش,2/16/2026,26100840,قيد يومي,الدكتور شخصي,0.35
SHK,6010101022,مصاريف عمولات زين كاش,2/16/2026,26100841,قيد يومي,عيد المصري,0.35
SHK,6020101015,مصاريف تحميل وتنزيل,2/16/2026,26100841,قيد يومي,عيد المصري,1545
SHK,6010101022,مصاريف عمولات زين كاش,2/16/2026,26100842,قيد يومي,دفعة لمخبز العفيف,0.35
SHK,6020101014,خصم مسموح به,2/16/2026,26100845,قيد يومي,خ ن ف 26100671,21.476
SHK,6020101014,خصم مسموح به,2/16/2026,26100852,قيد يومي,خصم فرق سعر 26100838,23.39
SHK,6020101014,خصم مسموح به,2/16/2026,26100854,قيد يومي,خ ن ف 26100658,2.605
SHK,6010101003,مصاريف النظافة,2/16/2026,26100858,قيد يومي,سداد ف/رقم 323479,325.5
SHK,6010101022,مصاريف عمولات زين كاش,2/16/2026,26100858,قيد يومي,سداد ف/رقم 323479,0.35
SHK,6020101008,مصاريف نقل وشحن,2/16/2026,26100859,قيد يومي,اجور نقل,60
SHK,6010101022,مصاريف عمولات زين كاش,2/16/2026,26100859,قيد يومي,اجور نقل,0.35
SHK,6010101025,مصاريف هاتف,2/16/2026,26100860,قيد يومي,مصاريف هاتف,29.79
SHK,6010101022,مصاريف عمولات زين كاش,2/16/2026,26100861,قيد يومي,تحويل للبنك,0.35
SHK,6010101022,مصاريف عمولات زين كاش,2/16/2026,26100861,قيد يومي,تحويل للبنك,0.35
SHK,6020101003,مصاريف تصدير,2/16/2026,26100862,قيد يومي,منشأ,4.5
SHK,6020101013,مصاريف بيعية,2/16/2026,26100863,قيد يومي,بيعية,300
SHK,6010101022,مصاريف عمولات زين كاش,2/16/2026,26100863,قيد يومي,بيعية,0.35
SHK,6020101013,مصاريف بيعية,2/16/2026,26100864,قيد يومي,بيعية,300
SHK,6010101022,مصاريف عمولات زين كاش,2/16/2026,26100864,قيد يومي,بيعية,0.35
SHK,6010101023,مصاريف سفر واقامة وتنقلات,2/16/2026,26100865,قيد يومي,مصاريف سفر دبي,427
SHK,6010101022,مصاريف عمولات زين كاش,2/16/2026,26100865,قيد يومي,مصاريف سفر دبي,0.35
SHK,6010101023,مصاريف سفر واقامة وتنقلات,2/16/2026,26100866,قيد يومي,مصاريف سفر دبي,427
SHK,6010101022,مصاريف عمولات زين كاش,2/16/2026,26100866,قيد يومي,مصاريف سفر دبي,0.35
SHK,6010101023,مصاريف سفر واقامة وتنقلات,2/16/2026,26100867,قيد يومي,سفر نور الى الرياض,55
SHK,6010101022,مصاريف عمولات زين كاش,2/16/2026,26100867,قيد يومي,سفر نور الى الرياض,0.35
SHK,6020101019,مصاريف منسقين,2/16/2026,26100872,قيد يومي,منسق جرش مول,30
SHK,6010101022,مصاريف عمولات زين كاش,2/16/2026,26100872,قيد يومي,منسق جرش مول,0.35
SHK,6020101019,مصاريف منسقين,2/16/2026,26100873,قيد يومي,منسق جرش مول,30
SHK,6010101022,مصاريف عمولات زين كاش,2/16/2026,26100873,قيد يومي,منسق جرش مول,0.35
SHK,6020101014,خصم مسموح به,2/16/2026,26100874,قيد يومي,فرق احتساب ف 26100844,40
SHK,6020101012,مصاريف محروقات سيارات,2/16/2026,26100875,قيد يومي,ديزل,10
SHK,6020101013,مصاريف بيعية,2/16/2026,26002972,قيد يومي,بيعية(Reversal) - 4718,-300
SHK,6010101022,مصاريف عمولات زين كاش,2/16/2026,26002972,قيد يومي,بيعية(Reversal) - 4718,-0.35
SHK,6010101022,مصاريف عمولات زين كاش,2/16/2026,26002973,قيد يومي,مصاريف سفر دبي(Reversal) - 4720,-0.35
SHK,6010101023,مصاريف سفر واقامة وتنقلات,2/16/2026,26002973,قيد يومي,مصاريف سفر دبي(Reversal) - 4720,-427
SHK,6010101022,مصاريف عمولات زين كاش,2/16/2026,26002974,قيد يومي,منسق جرش مول(Reversal) - 4727,-0.35
SHK,6020101019,مصاريف منسقين,2/16/2026,26002974,قيد يومي,منسق جرش مول(Reversal) - 4727,-30
SHK,6020101014,خصم مسموح به,2/16/2026,26100876,قيد يومي,خصم 4%  العقرباوية,269.439
SHK,6010101009,مصاريف متفرقة,2/16/2026,26100877,قيد يومي,طوابع,1.41
SHK,6020101012,مصاريف محروقات سيارات,2/16/2026,26100879,قيد يومي,بنزين - معن,46
SHK,6020101012,مصاريف محروقات سيارات,2/16/2026,26100879,قيد يومي,بنزين - معن,45.79
SHK,6020101006,مصاريف معارض,2/17/2026,26100886,قيد يومي,تصميم فيديو معرض دبي,100
SHK,6010101022,مصاريف عمولات زين كاش,2/17/2026,26100886,قيد يومي,تصميم فيديو معرض دبي,0.35
SHK,6020101014,خصم مسموح به,2/17/2026,26100895,قيد يومي,خصم فرق حساب,3
SHK,6020101014,خصم مسموح به,2/17/2026,26100896,قيد يومي,خصم نقدي كشف مرفق,17.322
SHK,6010101024,مصاريف مواصلات,2/1/2026,26100902,قيد يومي,توصيل موظفين من عمان الى الموقر  عن شهر 01,2375
SHK,6020101014,خصم مسموح به,2/18/2026,26100904,قيد يومي,فرق احتساب صرف الدولار,42.917
SHK,6010101022,مصاريف عمولات زين كاش,2/19/2026,26100913,قيد يومي,8 اجهزة تابلت,0.35
SHK,6020101005,مصاريف تعبئة وتغليف,2/15/2026,26000319,فاتورة مشتريات,A/P Invoice - Cancellation - LV0000186,-376.333
SHK,6020101005,مصاريف تعبئة وتغليف,2/19/2026,26000320,فاتورة مشتريات,A/P Invoices - LV0000332,376.333
SHK,6020101012,مصاريف محروقات سيارات,2/19/2026,26100917,قيد يومي,ديزل,10
SHK,6020101012,مصاريف محروقات سيارات,2/19/2026,26100917,قيد يومي,ديزل,15
SHK,6010101009,مصاريف متفرقة,2/19/2026,26100917,قيد يومي,ف/رقم 4677,1
SHK,6020101010,مصاريف صيانة سيارات,2/19/2026,26100917,قيد يومي,اصلاح سيارة رقم 25280-42,10
SHK,6020101010,مصاريف صيانة سيارات,2/19/2026,26100917,قيد يومي,اصلاح سيارة رقم 25280-42,2
SHK,6020101010,مصاريف صيانة سيارات,2/19/2026,26100917,قيد يومي,اصلاح سيارة رقم 25280-42,40
SHK,6020101010,مصاريف صيانة سيارات,2/19/2026,26100917,قيد يومي,اصلاح سيارة رقم 25280-42,5
SHK,6010101009,مصاريف متفرقة,2/19/2026,26100918,قيد يومي,ف/رقم 4677,1
SHK,6020101010,مصاريف صيانة سيارات,2/19/2026,26100918,قيد يومي,اصلاح سيارة رقم 25280-42,10
SHK,6020101010,مصاريف صيانة سيارات,2/19/2026,26100918,قيد يومي,اصلاح سيارة رقم 25280-42,5
SHK,6020101010,مصاريف صيانة سيارات,2/19/2026,26100918,قيد يومي,اصلاح سيارة رقم 25280-42,40
SHK,6020101012,مصاريف محروقات سيارات,2/19/2026,26100918,قيد يومي,ديزل,15
SHK,6020101012,مصاريف محروقات سيارات,2/19/2026,26100918,قيد يومي,ديزل,10
SHK,6020101010,مصاريف صيانة سيارات,2/19/2026,26100918,قيد يومي,اصلاح سيارة رقم 25280-42,2
SHK,6020101010,مصاريف صيانة سيارات,2/19/2026,26100919,قيد يومي,غسيل سيارة لؤي السيد,3
SHK,6020101017,مصاريف شحن سيارات,2/19/2026,26100919,قيد يومي,شحن سيارة لؤي السيد,13.8
SHK,6020101017,مصاريف شحن سيارات,2/19/2026,26100920,قيد يومي,شحن سيارة لؤي السيد,13.8
SHK,6020101010,مصاريف صيانة سيارات,2/19/2026,26100920,قيد يومي,غسيل سيارة لؤي السيد,3
SHK,6020101011,مصاريف تأمين وترخيص ومخالفات سيارات,2/19/2026,26100922,قيد يومي,ترخيص سيارة لؤي السيد,54.3
SHK,6020101011,مصاريف تأمين وترخيص ومخالفات سيارات,2/19/2026,26100923,قيد يومي,تأمين سيارة لؤي السيد,92.48
SHK,6020101017,مصاريف شحن سيارات,2/19/2026,26003243,قيد يومي,شحن سيارة لؤي السيد(Reversal) - 5013,-13.8
SHK,6020101010,مصاريف صيانة سيارات,2/19/2026,26003243,قيد يومي,غسيل سيارة لؤي السيد(Reversal) - 5013,-3
SHK,6020101012,مصاريف محروقات سيارات,2/22/2026,26100939,قيد يومي,ديزل,15
SHK,6020101012,مصاريف محروقات سيارات,2/22/2026,26100939,قيد يومي,ديزل,8
SHK,6020101010,مصاريف صيانة سيارات,2/22/2026,26100940,قيد يومي,اصلاح سيارة,35
SHK,6010101022,مصاريف عمولات زين كاش,2/22/2026,26100941,قيد يومي,ف/رقم 306 تصميم فيديو شيخ الكار + ستاند,0.35
SHK,6020101006,مصاريف معارض,2/22/2026,26100941,قيد يومي,ف/رقم 306 تصميم فيديو شيخ الكار + ستاند,192
SHK,6020101010,مصاريف صيانة سيارات,2/22/2026,26100942,قيد يومي,غيار شصي صندوق,1100
SHK,6010101022,مصاريف عمولات زين كاش,2/22/2026,26100942,قيد يومي,غيار شصي صندوق,0.35
SHK,6010101026,مصاريف انترنت,2/22/2026,26100944,قيد يومي,انترنت المقابلين,87.03
SHK,6010101021,مصاريف عمولات بنكية,2/22/2026,26100945,قيد يومي,عمولات بنكية,14
SHK,6010101006,مصاريف كهرباء,2/22/2026,26100946,قيد يومي,كهرباء المقابلين,100.531
SHK,6010101021,مصاريف عمولات بنكية,2/22/2026,26100949,قيد يومي,عمولات بنكية,0.35
SHK,6010101022,مصاريف عمولات زين كاش,2/22/2026,26100950,قيد يومي,تحويل للبنك,0.35
SHK,6020101010,مصاريف صيانة سيارات,2/22/2026,26100951,قيد يومي,صيانة سيارة,45
SHK,6020101003,مصاريف تصدير,2/22/2026,26100952,قيد يومي,منشأ,59.5
SHK,6020101008,مصاريف نقل وشحن,2/22/2026,26100953,قيد يومي,اجور ونش,60
SHK,6010101022,مصاريف عمولات زين كاش,2/22/2026,26100953,قيد يومي,اجور ونش,0.35
SHK,6010101022,مصاريف عمولات زين كاش,2/22/2026,26100955,قيد يومي,تحويل للبنك,0.35
SHK,6010101021,مصاريف عمولات بنكية,2/22/2026,26100956,قيد يومي,عمولات,0.7
SHK,6010101021,مصاريف عمولات بنكية,2/22/2026,26100956,قيد يومي,عمولات,0.7
SHK,6010101021,مصاريف عمولات بنكية,2/22/2026,26100956,قيد يومي,عمولات,0.7
SHK,6010101021,مصاريف عمولات بنكية,2/22/2026,26100956,قيد يومي,عمولات,0.5
SHK,6010101022,مصاريف عمولات زين كاش,2/22/2026,26100957,قيد يومي,دفعة للاوائل,0.35
SHK,6010101022,مصاريف عمولات زين كاش,2/22/2026,26100958,قيد يومي,مصاريف سفر قاسم وابو قاسم,0.35
SHK,6020101003,مصاريف تصدير,2/22/2026,26100959,قيد يومي,منشا,45.05
SHK,6010101022,مصاريف عمولات زين كاش,2/22/2026,26100960,قيد يومي,طبالي خشب,0.35
SHK,6010101012,مصاريف لوازم مستهلكة,2/22/2026,26100960,قيد يومي,طبالي خشب,750
SHK,6010101022,مصاريف عمولات زين كاش,2/22/2026,26100962,قيد يومي,حساب الباص,0.35
SHK,6010101022,مصاريف عمولات زين كاش,2/22/2026,26100963,قيد يومي,تحويل للبنك,0.35
SHK,6020101013,مصاريف بيعية,2/22/2026,26100964,قيد يومي,بيعية,1000
SHK,6010101022,مصاريف عمولات زين كاش,2/22/2026,26100964,قيد يومي,بيعية,0.35
SHK,6020101011,مصاريف تأمين وترخيص ومخالفات سيارات,2/22/2026,26100966,قيد يومي,مخالفات نور,644
SHK,6010101025,مصاريف هاتف,2/22/2026,26100967,قيد يومي,مصروف هاتف,9.32
SHK,6010101025,مصاريف هاتف,2/22/2026,26100967,قيد يومي,مصروف هاتف,12.25
SHK,6010101023,مصاريف سفر واقامة وتنقلات,2/22/2026,26100970,قيد يومي,سفر نور الى جدة,80
SHK,6010101022,مصاريف عمولات زين كاش,2/22/2026,26100970,قيد يومي,سفر نور الى جدة,0.35
SHK,6010101022,مصاريف عمولات زين كاش,2/22/2026,26100974,قيد يومي,مؤسسة سمير العنزي,0.35
SHK,6010101021,مصاريف عمولات بنكية,2/22/2026,26100976,قيد يومي,عمولات,0.7
SHK,6010101021,مصاريف عمولات بنكية,2/22/2026,26100976,قيد يومي,عمولات,0.7
SHK,6020101003,مصاريف تصدير,2/22/2026,26100978,قيد يومي,حلومي- حلال,497
SHK,6020101008,مصاريف نقل وشحن,2/22/2026,26100980,قيد يومي,مصاريف نقل,180
SHK,6020101005,مصاريف تعبئة وتغليف,2/19/2026,26000328,فاتورة مشتريات,A/P Invoice - Cancellation - LV0000332,-376.333
SHK,6020101005,مصاريف تعبئة وتغليف,2/22/2026,26000329,فاتورة مشتريات,A/P Invoices - LV0000186,376.333
SHK,6020101014,خصم مسموح به,2/22/2026,26100983,قيد يومي,خصم نقدي كشف مرفق,30.735
SHK,6020101014,خصم مسموح به,2/22/2026,26100985,قيد يومي,خ ن ف 26100633 + 26100630,38.38
SHK,6010101020,مصاريف حكومية,2/23/2026,26100987,قيد يومي,طوابع + غرامات طوابع,35.1
SHK,6010101022,مصاريف عمولات زين كاش,2/23/2026,26100987,قيد يومي,طوابع + غرامات طوابع,0.35
SHK,6020101010,مصاريف صيانة سيارات,2/23/2026,26100988,قيد يومي,صيانة سيارة,107
SHK,6010101022,مصاريف عمولات زين كاش,2/23/2026,26100988,قيد يومي,صيانة سيارة,0.35
SHK,6010101018,مصاريف قرطاسية ومطبوعات,2/23/2026,26100989,قيد يومي,ف/29052,233.621
SHK,6020101017,مصاريف شحن سيارات,2/23/2026,26100990,قيد يومي,شحن سيارة امجد زكي,90
SHK,6020101010,مصاريف صيانة سيارات,2/23/2026,26100990,قيد يومي,بنشر سيارة امجد زكي,3
SHK,6010101012,مصاريف لوازم مستهلكة,2/23/2026,26000331,فاتورة مشتريات,A/P Invoices - LV0000101,26.293
SHK,6010101021,مصاريف عمولات بنكية,2/15/2026,26100992,قيد يومي,عمولات بنكية,20
SHK,6010101021,مصاريف عمولات بنكية,2/15/2026,26100992,قيد يومي,عمولات شيك رقم 13619,20
SHK,6010101021,مصاريف عمولات بنكية,2/15/2026,26100992,قيد يومي,عمولات بنكية,20
SHK,6020101012,مصاريف محروقات سيارات,2/23/2026,26100994,قيد يومي,بنزين - معن,41.41
SHK,6020101012,مصاريف محروقات سيارات,2/23/2026,26100998,قيد يومي,محروقات,15
SHK,6020101017,مصاريف شحن سيارات,2/23/2026,26100998,قيد يومي,شحن سيارات,4.45
SHK,6020101010,مصاريف صيانة سيارات,2/23/2026,26100998,قيد يومي,ف/180,35
SHK,6020101010,مصاريف صيانة سيارات,2/23/2026,26100998,قيد يومي,ف/193,45
SHK,6010101025,مصاريف هاتف,2/23/2026,26100998,قيد يومي,هاتف,11.542
SHK,6010101025,مصاريف هاتف,2/23/2026,26100998,قيد يومي,هاتف,11.542
SHK,6010101025,مصاريف هاتف,2/23/2026,26100998,قيد يومي,هاتف,11.542
SHK,6020101014,خصم مسموح به,2/22/2026,26100999,قيد يومي,خصم فرق احتساب ف 26101084,17.35
SHK,6020101010,مصاريف صيانة سيارات,2/23/2026,26101000,قيد يومي,صيانه سيارت يوسف ابودوشش,15
SHK,6020101011,مصاريف تأمين وترخيص ومخالفات سيارات,2/23/2026,26101000,قيد يومي,ترخيص سيارة,65.2
SHK,6020101015,مصاريف تحميل وتنزيل,2/23/2026,26101000,قيد يومي,اجرة تحميل وتنزيل,540
SHK,6020101015,مصاريف تحميل وتنزيل,2/23/2026,26101000,قيد يومي,عرباي,5
SHK,6020101015,مصاريف تحميل وتنزيل,2/23/2026,26101000,قيد يومي,اجرة سيارة دكان النصر,80
SHK,6020101010,مصاريف صيانة سيارات,2/23/2026,26101000,قيد يومي,ف/1807,20
SHK,6020101010,مصاريف صيانة سيارات,2/23/2026,26101000,قيد يومي,ف/71 صيانه بطارية,15
SHK,6020101010,مصاريف صيانة سيارات,2/23/2026,26101000,قيد يومي,ف/2913,30
SHK,6020101015,مصاريف تحميل وتنزيل,2/23/2026,26101000,قيد يومي,مكافاه ابو لؤي,20
SHK,6020101015,مصاريف تحميل وتنزيل,2/23/2026,26003482,قيد يومي,باص الشيخ تحميل وتنزيل,100
SHK,6020101017,مصاريف شحن سيارات,2/23/2026,26101003,قيد يومي,مصارف شحن سيارة ابو العبد,102.5
SHK,6020101017,مصاريف شحن سيارات,2/23/2026,26101003,قيد يومي,شحن,5
SHK,6020101010,مصاريف صيانة سيارات,2/23/2026,26101003,قيد يومي,متفرقة,3
SHK,6010101009,مصاريف متفرقة,2/23/2026,26101003,قيد يومي,مصاريف,5.5
SHK,6020101015,مصاريف تحميل وتنزيل,2/23/2026,26101003,قيد يومي,تحميل وتنزيل,20
SHK,6010101009,مصاريف متفرقة,2/23/2026,26101003,قيد يومي,متفرقع,3
SHK,6020101010,مصاريف صيانة سيارات,2/23/2026,26101003,قيد يومي,بناشر,4
SHK,6010101018,مصاريف قرطاسية ومطبوعات,2/23/2026,26101003,قيد يومي,سحب اوراق,1.5
SHK,6010101020,مصاريف حكومية,2/23/2026,26101004,قيد يومي,مصادة على توقيع,4
SHK,6010101009,مصاريف متفرقة,2/23/2026,26101006,قيد يومي,مواقف,2.5
SHK,6020101010,مصاريف صيانة سيارات,2/23/2026,26101008,قيد يومي,ف/رقم 2347 كتاوت دينمو + اجور صيانة,45
SHK,6010101022,مصاريف عمولات زين كاش,2/23/2026,26101010,قيد يومي,تحويل للبنك,0.35
SHK,6020101014,خصم مسموح به,2/23/2026,26101013,قيد يومي,خصم نقدي كشف مرفق,6.788
SHK,6020101014,خصم مسموح به,2/23/2026,26101016,قيد يومي,خ ن كشف مرفق,44.102
SHK,6020101011,مصاريف تأمين وترخيص ومخالفات سيارات,2/24/2026,26101018,قيد يومي,مصاريف ترخيص سيارة سفيان,274.7
SHK,6010101020,مصاريف حكومية,2/24/2026,26101021,قيد يومي,مصاريف حكومية مستشفى حمزة,8.4
SHK,6020101005,مصاريف تعبئة وتغليف,2/24/2026,26101022,قيد يومي,تعبئة وتغليف جوز هند,38
SHK,6020101001,مصاريف ورواتب وأجور- المبيعات,1/31/2026,26101027,قيد يومي,رواتب شهر 01,23617.362
SHK,6020101002,مصاريف الضمان الاجتماعي - المبيعات,1/31/2026,26101027,قيد يومي,راتب شهر 01,2397.562
SHK,6020101014,خصم مسموح به,2/25/2026,26101028,قيد يومي,خ ن ف 26101044,2.205
SHK,6020101014,خصم مسموح به,2/25/2026,26101028,قيد يومي,خصم نقدي كشف مرفق,8.106
SHK,6020101014,خصم مسموح به,2/25/2026,26101028,قيد يومي,خ ن ف 26100873,22.053
SHK,6010101009,مصاريف متفرقة,2/26/2026,26101030,قيد يومي,طوابع,96.7
SHK,6010101009,مصاريف متفرقة,2/26/2026,26101033,قيد يومي,طوابع,57.6
SHK,6010101009,مصاريف متفرقة,2/26/2026,26101034,قيد يومي,طوابع,26.8
SHK,6010101009,مصاريف متفرقة,2/26/2026,26101035,قيد يومي,طوابع,72.8
SHK,6010101009,مصاريف متفرقة,2/26/2026,26101036,قيد يومي,طوابع,11
SHK,6010101009,مصاريف متفرقة,2/26/2026,26101037,قيد يومي,طوابع,13.6
SHK,6020101015,مصاريف تحميل وتنزيل,2/28/2026,26101038,قيد يومي,عمال مياومة شهر 02,403.75
SHK,6010101022,مصاريف عمولات زين كاش,2/28/2026,26101039,قيد يومي,تحويل للبنك,0.35
SHK,6020101008,مصاريف نقل وشحن,2/28/2026,26101040,قيد يومي,نقل بك اب من الموقر الى الرجيب,40
SHK,6020101020,مصاريف بريد,2/28/2026,26101040,قيد يومي,ارامكس,47
SHK,6010101022,مصاريف عمولات زين كاش,2/28/2026,26101040,قيد يومي,نقل بك اب من الموقر الى الرجيب,0.35
SHK,6010101022,مصاريف عمولات زين كاش,2/28/2026,26101040,قيد يومي,ارامكس,0.35
SHK,6010101020,مصاريف حكومية,2/28/2026,26101040,قيد يومي,اصدار رخصة استيراد حيواني,10.5
SHK,6020101003,مصاريف تصدير,2/28/2026,26101040,قيد يومي,منشأ,53.7
SHK,6010101022,مصاريف عمولات زين كاش,2/28/2026,26101043,قيد يومي,تحويل للبنك,0.35
SHK,6010101022,مصاريف عمولات زين كاش,2/28/2026,26101043,قيد يومي,تحويل للبنك,0.35
SHK,6010101021,مصاريف عمولات بنكية,2/28/2026,26101044,قيد يومي,عمولات,0.7
SHK,6010101021,مصاريف عمولات بنكية,2/28/2026,26101044,قيد يومي,عمولات,0.7
SHK,6020101010,مصاريف صيانة سيارات,2/28/2026,26101045,قيد يومي,تصفيح سيارة,150
SHK,6010101022,مصاريف عمولات زين كاش,2/28/2026,26101045,قيد يومي,عمولات,0.35
SHK,6020101013,مصاريف بيعية,2/28/2026,26101047,قيد يومي,بيعية - مهند الزعبي,631.7
SHK,6010101022,مصاريف عمولات زين كاش,2/28/2026,26101047,قيد يومي,بيعية - مهند الزعبي,0.35
SHK,6020101015,مصاريف تحميل وتنزيل,2/28/2026,26101048,قيد يومي,دفعة من حساب عيد المصري,890
SHK,6010101022,مصاريف عمولات زين كاش,2/28/2026,26101048,قيد يومي,دفعة من حساب عيد المصري,0.35
SHK,6020101013,مصاريف بيعية,2/28/2026,26101049,قيد يومي,مخالصة ابو محمد الجملة,290
SHK,6010101022,مصاريف عمولات زين كاش,2/28/2026,26101049,قيد يومي,مخالصة ابو محمد الجملة,0.35
SHK,6020101012,مصاريف محروقات سيارات,2/28/2026,26101051,قيد يومي,ديزل,50
SHK,6010101012,مصاريف لوازم مستهلكة,2/28/2026,26101051,قيد يومي,شادر شوال,50
SHK,6020101010,مصاريف صيانة سيارات,2/28/2026,26101051,قيد يومي,خزانة غيار قيير كامل,30
SHK,6020101010,مصاريف صيانة سيارات,2/28/2026,26101057,قيد يومي,بنشر,6
SHK,6020101016,مصاريف قبان,2/28/2026,26101057,قيد يومي,قبان,2
SHK,6020101015,مصاريف تحميل وتنزيل,2/28/2026,26101057,قيد يومي,عمال يومية,20
SHK,6020101010,مصاريف صيانة سيارات,2/28/2026,26101057,قيد يومي,غيار بريك,20
SHK,6020101010,مصاريف صيانة سيارات,2/28/2026,26101058,قيد يومي,ف/رقم 30429 بريك امامي - / خلفي مايتي + غماز امامي  + يد باب,155.226
SHK,6020101010,مصاريف صيانة سيارات,2/28/2026,26101058,قيد يومي,ف/رقم 30428 كفة سفلي + بريك امامي كيا بنجو + هونداي بورتر,81.844
SHK,6020101010,مصاريف صيانة سيارات,2/28/2026,26101059,قيد يومي,بنشر,2
SHK,6020101008,مصاريف نقل وشحن,2/8/2026,26101066,قيد يومي,ف/857 اجور شحن,1100
SHK,6010101021,مصاريف عمولات بنكية,3/1/2026,26101073,قيد يومي,عمولات,0.7
SHK,6020101013,مصاريف بيعية,3/1/2026,26101073,قيد يومي,بيعية,1000
SHK,6020101018,مصاريف فحص عينات,3/1/2026,26101075,قيد يومي,فحص عينات,287
SHK,6010101022,مصاريف عمولات زين كاش,3/1/2026,26101075,قيد يومي,فحص عينات,2
SHK,6010101020,مصاريف حكومية,3/1/2026,26101076,قيد يومي,المواصفات والمقاييس,510
SHK,6010101022,مصاريف عمولات زين كاش,3/1/2026,26101076,قيد يومي,المواصفات والمقاييس,3
SHK,6010101023,مصاريف سفر واقامة وتنقلات,3/1/2026,26101077,قيد يومي,تذكرة سفر نور,80
SHK,6010101022,مصاريف عمولات زين كاش,3/1/2026,26101077,قيد يومي,تذكرة سفر نور,0.35
SHK,6010101022,مصاريف عمولات زين كاش,3/1/2026,26101078,قيد يومي,طبالي خشب,0.35
SHK,6010101012,مصاريف لوازم مستهلكة,3/1/2026,26101078,قيد يومي,طبالي خشب,435
SHK,6010101023,مصاريف سفر واقامة وتنقلات,3/1/2026,26101079,قيد يومي,تذكرة سفر نور,55
SHK,6010101022,مصاريف عمولات زين كاش,3/1/2026,26101079,قيد يومي,تذكرة سفر نور,0.35
SHK,6010101022,مصاريف عمولات زين كاش,3/1/2026,26101081,قيد يومي,باقي حساب عيد المصري,0.35
SHK,6020101015,مصاريف تحميل وتنزيل,3/1/2026,26101081,قيد يومي,باقي حساب عيد المصري,1000
SHK,6010101022,مصاريف عمولات زين كاش,3/1/2026,26101083,قيد يومي,رسوم بازار جمعية دورا,0.35
SHK,6020101006,مصاريف معارض,3/1/2026,26101083,قيد يومي,رسوم بازار جمعية دورا,20
SHK,6010101021,مصاريف عمولات بنكية,3/1/2026,26101084,قيد يومي,عمولات,0.35
SHK,6010101021,مصاريف عمولات بنكية,2/22/2026,26101087,قيد يومي,عمولات بنكية,7
SHK,6010101021,مصاريف عمولات بنكية,2/22/2026,26101087,قيد يومي,عمولات بنكية,56.263
SHK,6010101021,مصاريف عمولات بنكية,2/22/2026,26101087,قيد يومي,عمولات بنكية,20
SHK,6020101014,خصم مسموح به,2/28/2026,26101088,قيد يومي,خصم حسب المرفق,133.741
SHK,6020101002,مصاريف الضمان الاجتماعي - المبيعات,1/31/2026,26003978,قيد يومي,راتب شهر 01(Reversal) - 5615,-2397.562
SHK,6020101001,مصاريف ورواتب وأجور- المبيعات,1/31/2026,26003978,قيد يومي,رواتب شهر 01(Reversal) - 5615,-23617.362
SHK,6020101001,مصاريف ورواتب وأجور- المبيعات,1/31/2026,26101089,قيد يومي,رواتب شهر 01,24487.362
SHK,6020101002,مصاريف الضمان الاجتماعي - المبيعات,1/31/2026,26101089,قيد يومي,راتب شهر 01,2485.913
SHK,6020101012,مصاريف محروقات سيارات,3/1/2026,26101091,قيد يومي,ديزل,10
SHK,6020101014,خصم مسموح به,3/1/2026,26101094,قيد يومي,خ ن ف 26101167,28.05
SHK,6020101010,مصاريف صيانة سيارات,3/2/2026,26101097,قيد يومي,صيانة سيارة الدكتور,296
SHK,6020101010,مصاريف صيانة سيارات,3/2/2026,26101102,قيد يومي,بطارية سيارة معن,55
SHK,6010101023,مصاريف سفر واقامة وتنقلات,3/2/2026,26101103,قيد يومي,مصاريف سفر نور,250
SHK,6020101010,مصاريف صيانة سيارات,3/2/2026,26101104,قيد يومي,صيانة سيارة الدكتور,540
SHK,6020101010,مصاريف صيانة سيارات,3/2/2026,26101105,قيد يومي,صيانة سيارة,83
SHK,6010101022,مصاريف عمولات زين كاش,3/2/2026,26101105,قيد يومي,صيانة سيارة,0.35
SHK,6020101003,مصاريف تصدير,3/2/2026,26101106,قيد يومي,منشأ,50.5
SHK,6020101010,مصاريف صيانة سيارات,3/2/2026,26101115,قيد يومي,غسيل سيارة لؤي السيد,6
SHK,6010101009,مصاريف متفرقة,2/19/2026,26101121,قيد يومي,خبز الاحداث,267.85
SHK,6010101004,مصاريف ضيافة,3/2/2026,26101122,قيد يومي,افطار المناديب,10
SHK,6010101021,مصاريف عمولات بنكية,3/2/2026,26101123,قيد يومي,عمولات,0.7
SHK,6010101021,مصاريف عمولات بنكية,3/2/2026,26101123,قيد يومي,عمولات,0.7
SHK,6010101021,مصاريف عمولات بنكية,3/2/2026,26101123,قيد يومي,عمولات,0.7
SHK,6020101003,مصاريف تصدير,3/2/2026,26101124,قيد يومي,منشأ,59.5
SHK,6010101028,مصاريف رسوم شهرية واشتراكات,3/2/2026,26101125,قيد يومي,تجديد اشتراك غرفة تجارة عمان,50
SHK,6020101017,مصاريف شحن سيارات,2/28/2026,26101128,قيد يومي,شحن سيارة سامر دويك,55
SHK,6010101018,مصاريف قرطاسية ومطبوعات,3/3/2026,26101130,قيد يومي,تصوير ورق + مكبس,4.5
SHK,6020101011,مصاريف تأمين وترخيص ومخالفات سيارات,3/3/2026,26101130,قيد يومي,دفع مخالفة,40
SHK,6010101023,مصاريف سفر واقامة وتنقلات,3/3/2026,26101131,قيد يومي,شحن اغراض على القريات,15
SHK,6020101017,مصاريف شحن سيارات,3/3/2026,26101132,قيد يومي,شحن سيارة لؤي السيد,30
SHK,6010101021,مصاريف عمولات بنكية,2/25/2026,26101133,قيد يومي,عمولات مرابحة,421.387
SHK,6020101016,مصاريف قبان,3/3/2026,26101136,قيد يومي,قبان,2
SHK,6020101022,مصاريف صيانة عامة,3/3/2026,26101136,قيد يومي,لحام صاجات,60
SHK,6010101020,مصاريف حكومية,3/3/2026,26101136,قيد يومي,بدل خدمات,5
SHK,6010101020,مصاريف حكومية,3/3/2026,26101136,قيد يومي,بدل خدمات,5
SHK,6020101015,مصاريف تحميل وتنزيل,3/3/2026,26101136,قيد يومي,تحميل وتنزيل,110
SHK,6020101015,مصاريف تحميل وتنزيل,3/3/2026,26101136,قيد يومي,اجرة سائق + اكراميات,205
SHK,6020101015,مصاريف تحميل وتنزيل,3/3/2026,26101136,قيد يومي,تحميل وتنزيل,85
SHK,6020101015,مصاريف تحميل وتنزيل,3/3/2026,26101136,قيد يومي,تحميل وتنزيل,90
SHK,6020101010,مصاريف صيانة سيارات,3/3/2026,26101136,قيد يومي,لمبة امامية,15
SHK,6020101016,مصاريف قبان,3/3/2026,26101136,قيد يومي,قبان,2
SHK,6020101015,مصاريف تحميل وتنزيل,3/3/2026,26101136,قيد يومي,تحميل وتنزيل,100
SHK,6020101015,مصاريف تحميل وتنزيل,3/3/2026,26101136,قيد يومي,اجرة نقل بضاعة,40
SHK,6020101010,مصاريف صيانة سيارات,3/3/2026,26101136,قيد يومي,بنشر,4
SHK,6020101015,مصاريف تحميل وتنزيل,3/3/2026,26101136,قيد يومي,تحميل وتنزيل,30
SHK,6020101015,مصاريف تحميل وتنزيل,3/3/2026,26101136,قيد يومي,تحميل وتنزيل,35
SHK,6020101022,مصاريف صيانة عامة,3/3/2026,26101136,قيد يومي,صيانة الرافعة,35
SHK,6020101007,مصاريف أدوية وعلاجات,3/3/2026,26101136,قيد يومي,علاج موظفين,9.5
SHK,6020101015,مصاريف تحميل وتنزيل,3/3/2026,26101136,قيد يومي,تحميل وتنزيل سمسم,140
SHK,6020101014,خصم مسموح به,3/3/2026,26101137,قيد يومي,طوابع على ف 26100236 + 26100776,9.5
SHK,6010101003,مصاريف النظافة,3/3/2026,26101138,قيد يومي,فاين,5.172
SHK,6010101024,مصاريف مواصلات,3/3/2026,26101138,قيد يومي,مواقف,9
SHK,6010101024,مصاريف مواصلات,3/3/2026,26101138,قيد يومي,سرفيس,3
SHK,6010101009,مصاريف متفرقة,3/3/2026,26101138,قيد يومي,مصاريف ابو العبد,1.5
SHK,6010101009,مصاريف متفرقة,3/3/2026,26101138,قيد يومي,طوابغ,2.5
SHK,6020101014,خصم مسموح به,3/3/2026,26101139,قيد يومي,نقل جزئ من دفعه 26800036 الموقر,62.504
SHK,6020101010,مصاريف صيانة سيارات,3/3/2026,26101140,قيد يومي,ف/رقم 35138 بطارية,67.241
SHK,6020101015,مصاريف تحميل وتنزيل,3/3/2026,26101143,قيد يومي,مواصلات + بناشر + عمال تحميل وتنزيل,35
SHK,6020101008,مصاريف نقل وشحن,3/3/2026,26101143,قيد يومي,اجرة نقل بضاعة,65
SHK,6020101012,مصاريف محروقات سيارات,3/3/2026,26101143,قيد يومي,ديزل,15
SHK,6020101015,مصاريف تحميل وتنزيل,3/3/2026,26004197,قيد يومي,مواصلات + بناشر + عمال تحميل وتنزيل(Reversal) - 6300,-35
SHK,6020101012,مصاريف محروقات سيارات,3/3/2026,26004197,قيد يومي,ديزل(Reversal) - 6300,-15
SHK,6020101008,مصاريف نقل وشحن,3/3/2026,26004197,قيد يومي,اجرة نقل بضاعة(Reversal) - 6300,-65
SHK,6020101015,مصاريف تحميل وتنزيل,3/3/2026,26101144,قيد يومي,مواصلات + بناشر + عمال تحميل وتنزيل,35
SHK,6020101012,مصاريف محروقات سيارات,3/3/2026,26101144,قيد يومي,ديزل,15
SHK,6020101008,مصاريف نقل وشحن,3/3/2026,26101144,قيد يومي,اجرة نقل بضاعة,65
SHK,6020101015,مصاريف تحميل وتنزيل,2/15/2026,26004201,قيد يومي,اجور تحميل وتنزيل عيد(Reversal) - 4413,-300
SHK,6020101010,مصاريف صيانة سيارات,2/15/2026,26004201,قيد يومي,بناشر(Reversal) - 4413,-2
SHK,6020101015,مصاريف تحميل وتنزيل,2/15/2026,26004201,قيد يومي,اجرة عامل مع يوسف(Reversal) - 4413,-10
SHK,6020101015,مصاريف تحميل وتنزيل,2/15/2026,26101146,قيد يومي,اجرة عامل مع يوسف,10
SHK,6020101010,مصاريف صيانة سيارات,2/15/2026,26101146,قيد يومي,بناشر,2
SHK,6020101015,مصاريف تحميل وتنزيل,2/15/2026,26101146,قيد يومي,اجور تحميل وتنزيل عيد,300
SHK,6010101021,مصاريف عمولات بنكية,2/15/2026,26004202,قيد يومي,عمولات بنكية(Reversal) - 5361,-20
SHK,6010101021,مصاريف عمولات بنكية,2/15/2026,26004202,قيد يومي,عمولات بنكية(Reversal) - 5361,-20
SHK,6010101021,مصاريف عمولات بنكية,2/15/2026,26004202,قيد يومي,عمولات شيك رقم 13619(Reversal) - 5361,-20
SHK,6010101021,مصاريف عمولات بنكية,2/15/2026,26101147,قيد يومي,عمولات بنكية,20
SHK,6010101021,مصاريف عمولات بنكية,2/15/2026,26101147,قيد يومي,عمولات شيك رقم 13619,20
SHK,6010101021,مصاريف عمولات بنكية,2/15/2026,26101147,قيد يومي,عمولات بنكية,20
SHK,6010101009,مصاريف متفرقة,3/2/2026,26101149,قيد يومي,مواقف,5.255
SHK,6020101008,مصاريف نقل وشحن,3/3/2026,26101151,قيد يومي,نقل حديد,25
SHK,6020101012,مصاريف محروقات سيارات,3/3/2026,26101152,قيد يومي,ديزل,15
SHK,6020101012,مصاريف محروقات سيارات,3/4/2026,26101155,قيد يومي,بنزين - معن,43.18
SHK,6010101022,مصاريف عمولات زين كاش,3/4/2026,26101166,قيد يومي,تحويل للمول,0.35
SHK,6010101022,مصاريف عمولات زين كاش,3/4/2026,26101167,قيد يومي,سمير العنزي,0.35
SHK,6010101017,مصاريف عينات,2/28/2026,26101173,قيد يومي,اغلاق ذمم العينات,224.357
SHK,6020101014,خصم مسموح به,3/4/2026,26101175,قيد يومي,خ ن,5.123
SHK,6020101012,مصاريف محروقات سيارات,3/5/2026,26101178,قيد يومي,ديزل,2
SHK,6010101009,مصاريف متفرقة,3/5/2026,26101179,قيد يومي,طوابع,2.6
SHK,6010101018,مصاريف قرطاسية ومطبوعات,3/5/2026,26101180,قيد يومي,سحب ورق,5
SHK,6010101024,مصاريف مواصلات,3/5/2026,26101180,قيد يومي,سرفيس الكرك,3
SHK,6010101009,مصاريف متفرقة,3/5/2026,26101180,قيد يومي,مواقف,4.5
SHK,6020101010,مصاريف صيانة سيارات,3/5/2026,26101181,قيد يومي,ف/رقم 35179 بطارية DELKOR 70 AH / SL,77.586
SHK,6010101018,مصاريف قرطاسية ومطبوعات,3/5/2026,26101182,قيد يومي,تصوير + طباعة + كرتون اسود A4,18.5
SHK,6020101013,مصاريف بيعية,1/10/2026,26101183,قيد يومي,بدل اجازات,270
SHK,6010101003,مصاريف النظافة,3/5/2026,26101185,قيد يومي,خدمات مكتب المقابلين,55
SHK,6010101022,مصاريف عمولات زين كاش,3/5/2026,26101185,قيد يومي,خدمات مكتب المقابلين,0.35
SHK,6020101015,مصاريف تحميل وتنزيل,3/5/2026,26101186,قيد يومي,تحميل وتنزيل,70
SHK,6010101022,مصاريف عمولات زين كاش,3/5/2026,26101186,قيد يومي,تحميل وتنزيل,0.35
SHK,6020101010,مصاريف صيانة سيارات,3/5/2026,26101187,قيد يومي,ف/رقم 30574 راس محرك  بنجو,181.034
SHK,6020101010,مصاريف صيانة سيارات,3/5/2026,26101187,قيد يومي,ف/رقم 654 صيانة سيارة,70
SHK,6020101005,مصاريف تعبئة وتغليف,3/5/2026,26000463,فاتورة مشتريات,A/P Invoices - LV0000347,70
SHK,6010101018,مصاريف قرطاسية ومطبوعات,3/1/2026,26000468,فاتورة مشتريات,A/P Invoices - LV0000109,18.103
SHK,6020101014,خصم مسموح به,3/5/2026,26101191,قيد يومي,خ ن كشف مرفق,4.392
SHK,6010101023,مصاريف سفر واقامة وتنقلات,3/5/2026,26101194,قيد يومي,مصاريف سفر ننور,390
SHK,6010101022,مصاريف عمولات زين كاش,3/5/2026,26101194,قيد يومي,مصاريف سفر ننور,0.35
SHK,6010101021,مصاريف عمولات بنكية,2/28/2026,26101195,قيد يومي,عمولات بنكية,49.076
SHK,6010101012,مصاريف لوازم مستهلكة,3/5/2026,26101197,قيد يومي,زيت,16.99
SHK,6010101012,مصاريف لوازم مستهلكة,3/5/2026,26101197,قيد يومي,جرة غاز عدد 2,14
SHK,6010101003,مصاريف النظافة,3/5/2026,26101197,قيد يومي,فاين,1.85
SHK,6020101015,مصاريف تحميل وتنزيل,3/5/2026,26101197,قيد يومي,دفعة باص الشيخ,50
SHK,6020101015,مصاريف تحميل وتنزيل,3/5/2026,26101197,قيد يومي,تحميل وتنزيل,60
SHK,6020101015,مصاريف تحميل وتنزيل,3/5/2026,26101197,قيد يومي,اجرة عمال,160
SHK,6010101009,مصاريف متفرقة,3/5/2026,26101197,قيد يومي,قبان عدد 3,5.5
SHK,6020101015,مصاريف تحميل وتنزيل,3/5/2026,26101197,قيد يومي,اجرة عامل يومين,60
SHK,6020101012,مصاريف محروقات سيارات,3/5/2026,26101197,قيد يومي,ديزل,15
SHK,6020101012,مصاريف محروقات سيارات,3/5/2026,26101198,قيد يومي,ديزل,15
SHK,6020101012,مصاريف محروقات سيارات,3/8/2026,26101201,قيد يومي,سحن سيارة سفيان شهر 2/2026,93.09
SHK,6020101012,مصاريف محروقات سيارات,3/8/2026,26101201,قيد يومي,سحن سيارة سفيان شهر 1/2026,82.172
SHK,6010101021,مصاريف عمولات بنكية,2/24/2026,26101206,قيد يومي,عمولات ملف,12
SHK,6020101014,خصم مسموح به,3/8/2026,26101213,قيد يومي,خصم فرق عملة,63.937
SHK,6020101014,خصم مسموح به,3/8/2026,26101217,قيد يومي,خصم اتفاقية اسواق الجامع 2025,9664
SHK,6010101009,مصاريف متفرقة,3/8/2026,26101218,قيد يومي,مصاريف ابو العبد,8
SHK,6020101010,مصاريف صيانة سيارات,3/8/2026,26101218,قيد يومي,بنشر,3
SHK,6020101010,مصاريف صيانة سيارات,3/8/2026,26101218,قيد يومي,دينمو,90
SHK,6020101015,مصاريف تحميل وتنزيل,3/8/2026,26101220,قيد يومي,عمال المياومة,170
SHK,6020101012,مصاريف محروقات سيارات,3/8/2026,26101230,قيد يومي,ديزل,10
SHK,6010101006,مصاريف كهرباء,3/9/2026,26101235,قيد يومي,كهرباء,68.338
SHK,6010101020,مصاريف حكومية,3/9/2026,26101236,قيد يومي,رسوم رهن,59.9
SHK,6010101020,مصاريف حكومية,3/9/2026,26101237,قيد يومي,رسوم رهن,59.9
SHK,6010101020,مصاريف حكومية,3/9/2026,26004566,قيد يومي,رسوم رهن(Reversal) - 6800,-59.9
SHK,6020101012,مصاريف محروقات سيارات,3/9/2026,26101238,قيد يومي,بدل بنزين,5
SHK,6010101021,مصاريف عمولات بنكية,3/9/2026,26101240,قيد يومي,عمولات,0.7
SHK,6010101021,مصاريف عمولات بنكية,3/9/2026,26101240,قيد يومي,عمولات,0.7
SHK,6020101003,مصاريف تصدير,3/9/2026,26101241,قيد يومي,منشأ,35.4
SHK,6010101020,مصاريف حكومية,3/9/2026,26101242,قيد يومي,استخراج قوشان,3
SHK,6010101022,مصاريف عمولات زين كاش,3/9/2026,26101243,قيد يومي,تحميل وتنزيل الولاء,0.35
SHK,6020101015,مصاريف تحميل وتنزيل,3/9/2026,26101243,قيد يومي,تحميل وتنزيل الولاء,50
SHK,6010101022,مصاريف عمولات زين كاش,3/9/2026,26101244,قيد يومي,اجور نقل,0.35
SHK,6020101008,مصاريف نقل وشحن,3/9/2026,26101244,قيد يومي,اجور نقل,140
SHK,6010101022,مصاريف عمولات زين كاش,3/9/2026,26101247,قيد يومي,حساب خليل شامي,0.35
SHK,6010101021,مصاريف عمولات بنكية,3/9/2026,26101249,قيد يومي,عمولات,0.5
SHK,6020101010,مصاريف صيانة سيارات,2/19/2026,26004593,قيد يومي,اصلاح سيارة رقم 25280-42(Reversal) - 5003,-5
SHK,6020101012,مصاريف محروقات سيارات,2/19/2026,26004593,قيد يومي,ديزل(Reversal) - 5003,-10
SHK,6020101012,مصاريف محروقات سيارات,2/19/2026,26004593,قيد يومي,ديزل(Reversal) - 5003,-15
SHK,6010101009,مصاريف متفرقة,2/19/2026,26004593,قيد يومي,ف/رقم 4677(Reversal) - 5003,-1
SHK,6020101010,مصاريف صيانة سيارات,2/19/2026,26004593,قيد يومي,اصلاح سيارة رقم 25280-42(Reversal) - 5003,-40
SHK,6020101010,مصاريف صيانة سيارات,2/19/2026,26004593,قيد يومي,اصلاح سيارة رقم 25280-42(Reversal) - 5003,-2
SHK,6020101010,مصاريف صيانة سيارات,2/19/2026,26004593,قيد يومي,اصلاح سيارة رقم 25280-42(Reversal) - 5003,-10
SHK,6010101009,مصاريف متفرقة,3/9/2026,26101251,قيد يومي,متفرقة,8
SHK,6010101022,مصاريف عمولات زين كاش,3/9/2026,26101251,قيد يومي,متفرقة,0.35
SHK,6020101013,مصاريف بيعية,3/9/2026,26101253,قيد يومي,بيعية,1040
SHK,6020101018,مصاريف فحص عينات,3/9/2026,26101254,قيد يومي,فحص عينات,90.5
SHK,6010101021,مصاريف عمولات بنكية,3/9/2026,26101255,قيد يومي,عمولات,0.7
SHK,6010101021,مصاريف عمولات بنكية,3/9/2026,26101255,قيد يومي,عمولات,0.7
SHK,6010101021,مصاريف عمولات بنكية,3/9/2026,26101255,قيد يومي,عمولات,0.7
SHK,6010101022,مصاريف عمولات زين كاش,3/9/2026,26101256,قيد يومي,تسديد حساب النظرة الذكية,0.35
SHK,6010101022,مصاريف عمولات زين كاش,3/9/2026,26101257,قيد يومي,تحوبل للبنك من زين كاش,0.35
SHK,6010101022,مصاريف عمولات زين كاش,3/9/2026,26101258,قيد يومي,تحوبل للبنك من زين كاش 2,0.35
SHK,6020101008,مصاريف نقل وشحن,2/24/2026,26004618,قيد يومي,أجرة نقل,180
SHK,6020101005,مصاريف تعبئة وتغليف,2/28/2026,26101263,قيد يومي,ف/رقم 55 تعبئة بقوليات,245
SHK,6020101015,مصاريف تحميل وتنزيل,3/9/2026,26101264,قيد يومي,عمال المياومة,50
SHK,6020101015,مصاريف تحميل وتنزيل,3/2/2026,26101265,قيد يومي,مواصلات + بناشر + عمال تحميل وتنزيل,35
SHK,6020101008,مصاريف نقل وشحن,3/2/2026,26101265,قيد يومي,اجرة نقل بضاعة,65
SHK,6020101015,مصاريف تحميل وتنزيل,3/2/2026,26004629,قيد يومي,مواصلات + بناشر + عمال تحميل وتنزيل(Reversal) - 6895,-35
SHK,6020101008,مصاريف نقل وشحن,3/2/2026,26004629,قيد يومي,اجرة نقل بضاعة(Reversal) - 6895,-65
SHK,6020101015,مصاريف تحميل وتنزيل,3/9/2026,26101266,قيد يومي,عمال المياومة,65
SHK,6020101008,مصاريف نقل وشحن,2/21/2026,26004634,قيد يومي,اجرة نقل بضاعة,65
SHK,6020101015,مصاريف تحميل وتنزيل,2/21/2026,26004634,قيد يومي,مواصلات + بناشر + عمال تحميل وتنزيل,35
SHK,6020101012,مصاريف محروقات سيارات,3/9/2026,26101267,قيد يومي,ديزل,10
SHK,6010101018,مصاريف قرطاسية ومطبوعات,3/10/2026,26101271,قيد يومي,حبر عدد 20,137.932
SHK,6010101018,مصاريف قرطاسية ومطبوعات,3/10/2026,26101273,قيد يومي,ف/رقم 29244 حبر عدد 3,23.276
SHK,6010101018,مصاريف قرطاسية ومطبوعات,3/10/2026,26101274,قيد يومي,ف/رقم 29146 حبر,24.138
SHK,6020101014,خصم مسموح به,2/20/2026,26101275,قيد يومي,علف,-1927.2
SHK,6020101012,مصاريف محروقات سيارات,3/10/2026,26101278,قيد يومي,بنزين - معن,52.439
SHK,6010101022,مصاريف عمولات زين كاش,2/28/2026,26004682,قيد يومي,تحويل للبنك(Reversal) - 5866,-0.35
SHK,6010101021,مصاريف عمولات بنكية,2/28/2026,26101280,قيد يومي,عمولات بنكية,10
SHK,6010101021,مصاريف عمولات بنكية,2/28/2026,26101280,قيد يومي,عمولات بنكية,0.7
SHK,6010101021,مصاريف عمولات بنكية,2/28/2026,26101280,قيد يومي,طوابع واردات,509
SHK,6010101021,مصاريف عمولات بنكية,2/28/2026,26101280,قيد يومي,عمولات بنكية,838.499
SHK,6010101021,مصاريف عمولات بنكية,2/28/2026,26101280,قيد يومي,عمولات بنكية,10
SHK,6010101021,مصاريف عمولات بنكية,2/28/2026,26101280,قيد يومي,عمولات بنكية,10
SHK,6010101021,مصاريف عمولات بنكية,2/28/2026,26101280,قيد يومي,عمولات بنكية,0.7
SHK,6010101013,مصاريف أيجارات,2/24/2026,26101285,قيد يومي,ايجار مستودع الكرك,215
SHK,6020101010,مصاريف صيانة سيارات,2/24/2026,26101285,قيد يومي,صيانة سيارة محمد ياسر,197
SHK,6020101015,مصاريف تحميل وتنزيل,2/24/2026,26101285,قيد يومي,تحميل وتنزيل,282
SHK,6010101021,مصاريف عمولات بنكية,3/10/2026,26101289,قيد يومي,عمولات بنكية,2
SHK,6010101018,مصاريف قرطاسية ومطبوعات,3/10/2026,26101289,قيد يومي,سحب أوراق,3
SHK,6010101009,مصاريف متفرقة,3/10/2026,26101289,قيد يومي,مواقف,8
SHK,6020101012,مصاريف محروقات سيارات,3/10/2026,26101291,قيد يومي,مصاريف محروقات,2
SHK,6020101015,مصاريف تحميل وتنزيل,3/10/2026,26101291,قيد يومي,تحميل وتنزيل مجدي,50
SHK,6020101010,مصاريف صيانة سيارات,3/10/2026,26101291,قيد يومي,مصاريف صيانة سيارات,155
SHK,6020101010,مصاريف صيانة سيارات,3/10/2026,26101291,قيد يومي,ف64,228.448
SHK,6020101016,مصاريف قبان,3/10/2026,26101291,قيد يومي,قبان,1.5
SHK,6010101009,مصاريف متفرقة,3/10/2026,26101293,قيد يومي,مصاريف متفرقة,345
SHK,6010101015,مصاريف غير قابله للخصم,3/10/2026,26101297,قيد يومي,فرق سعر,8
SHK,6020101010,مصاريف صيانة سيارات,3/8/2026,26101314,قيد يومي,دلاية نيكو,2
SHK,6020101010,مصاريف صيانة سيارات,3/8/2026,26101314,قيد يومي,ف/110 تجليس ودهان باص,300
SHK,6020101015,مصاريف تحميل وتنزيل,3/8/2026,26101314,قيد يومي,حساب باص الشيخ,100
SHK,6020101020,مصاريف بريد,3/11/2026,26101318,قيد يومي,مصاريف بريد,45
SHK,6010101022,مصاريف عمولات زين كاش,3/11/2026,26101318,قيد يومي,مصاريف بريد,0.35
SHK,6010101022,مصاريف عمولات زين كاش,3/11/2026,26101320,قيد يومي,بيعية,0.35
SHK,6020101013,مصاريف بيعية,3/11/2026,26101320,قيد يومي,بيعية,150
SHK,6010101021,مصاريف عمولات بنكية,3/11/2026,26101321,قيد يومي,عمولات,0.7
SHK,6010101021,مصاريف عمولات بنكية,3/11/2026,26101321,قيد يومي,عمولات,0.7
SHK,6010101024,مصاريف مواصلات,3/11/2026,26004792,قيد يومي,مواصلات,2400
SHK,6010101022,مصاريف عمولات زين كاش,3/11/2026,26101323,قيد يومي,تحويل للبنك,0.35
SHK,6010101022,مصاريف عمولات زين كاش,3/11/2026,26101324,قيد يومي,بيعية,0.35
SHK,6020101013,مصاريف بيعية,3/11/2026,26101324,قيد يومي,بيعية,250
SHK,6020101015,مصاريف تحميل وتنزيل,3/11/2026,26101325,قيد يومي,تحميل وتنزيل الولاء,80
SHK,6010101003,مصاريف النظافة,3/11/2026,26101327,قيد يومي,نظافة,100
SHK,6010101022,مصاريف عمولات زين كاش,3/11/2026,26101327,قيد يومي,نظافة,0.35
SHK,6010101020,مصاريف حكومية,3/11/2026,26101329,قيد يومي,جمارك,30.5
SHK,6010101022,مصاريف عمولات زين كاش,3/11/2026,26101331,قيد يومي,دهين ابو قاسم,0.35
SHK,6020101006,مصاريف معارض,3/11/2026,26101335,قيد يومي,ف/19,25000
SHK,6020101003,مصاريف تصدير,3/11/2026,26101337,قيد يومي,حلومي - حلال,496.4
SHK,6010101020,مصاريف حكومية,3/11/2026,26101339,قيد يومي,تشجيع استثمار,50.5
SHK,6020101014,خصم مسموح به,3/11/2026,26101345,قيد يومي,خصم 4 % دفعات العقرباوية,296.813
SHK,6020101014,خصم مسموح به,3/5/2026,26101346,قيد يومي,خصم فرق سعر ف 26101466,20
SHK,6010101015,مصاريف غير قابله للخصم,3/11/2026,26004834,قيد يومي,فرق سعر(Reversal) - 7038,-8
SHK,6020101014,خصم مسموح به,3/11/2026,26101347,قيد يومي,خ ن  ف 26101299,6.035
SHK,6010101021,مصاريف عمولات بنكية,2/25/2026,26101349,قيد يومي,عمولات بنكية,4.5
SHK,6010101024,مصاريف مواصلات,3/12/2026,26101351,قيد يومي,اجرة سيارة,-15
SHK,6020101017,مصاريف شحن سيارات,3/12/2026,26101352,قيد يومي,شحن سيارة لؤي السيد,20.1
SHK,6020101010,مصاريف صيانة سيارات,3/12/2026,26101354,قيد يومي,غسيل سيارة امجد زكي,3
SHK,6020101019,مصاريف منسقين,3/12/2026,26101355,قيد يومي,تحويل منسق ياسر الحسامي,50
SHK,6020101010,مصاريف صيانة سيارات,3/12/2026,26101356,قيد يومي,بناشر,2
SHK,6020101017,مصاريف شحن سيارات,3/12/2026,26101356,قيد يومي,شحن سيارة جهاد فقوسة,85
SHK,6010101012,مصاريف لوازم مستهلكة,3/12/2026,26101356,قيد يومي,مفاتيح مكتب,3
SHK,6010101022,مصاريف عمولات زين كاش,3/12/2026,26101356,قيد يومي,عمولات زين كاش فقوسة,1
SHK,6010101021,مصاريف عمولات بنكية,3/8/2026,26004886,قيد يومي,عمولات بنكية,2.1
SHK,6010101021,مصاريف عمولات بنكية,3/9/2026,26004891,قيد يومي,عمولات بنكية,27.991
SHK,6010101021,مصاريف عمولات بنكية,3/12/2026,26004911,قيد يومي,عمولات,17.136
SHK,6010101021,مصاريف عمولات بنكية,3/12/2026,26004911,قيد يومي,عمولات,10
SHK,6010101021,مصاريف عمولات بنكية,3/12/2026,26004911,قيد يومي,عمولات,0.7
SHK,6010101021,مصاريف عمولات بنكية,3/12/2026,26004911,قيد يومي,عمولات,2
SHK,6010101021,مصاريف عمولات بنكية,3/12/2026,26004911,قيد يومي,عمولات,10
SHK,6010101021,مصاريف عمولات بنكية,3/12/2026,26004911,قيد يومي,عمولات,10
SHK,6010101021,مصاريف عمولات بنكية,3/12/2026,26004911,قيد يومي,عمولة دفتر شيكات,25
SHK,6010101021,مصاريف عمولات بنكية,3/12/2026,26004911,قيد يومي,عمولة حوالة,40
SHK,6010101021,مصاريف عمولات بنكية,3/12/2026,26004911,قيد يومي,عمولات,10
SHK,6020101012,مصاريف محروقات سيارات,3/12/2026,26101370,قيد يومي,ديزل,10
SHK,6020101002,مصاريف الضمان الاجتماعي - المبيعات,2/28/2026,26004929,قيد يومي,راتب شهر 02,2650.073
SHK,6020101001,مصاريف ورواتب وأجور- المبيعات,2/28/2026,26004929,قيد يومي,راتب شهر 02,20934.572
SHK,6020101003,مصاريف تصدير,3/12/2026,26101372,قيد يومي,مصاريف تصدير,79
SHK,6020101003,مصاريف تصدير,3/12/2026,26101372,قيد يومي,مصاريف تصدير,88
SHK,6020101003,مصاريف تصدير,3/12/2026,26101372,قيد يومي,مصاريف تصدير,114
SHK,6020101003,مصاريف تصدير,3/12/2026,26101372,قيد يومي,مصاريف تصدير,31
SHK,6020101003,مصاريف تصدير,3/12/2026,26101372,قيد يومي,مصاريف تصدير,69.5
SHK,6020101003,مصاريف تصدير,3/12/2026,26101372,قيد يومي,مصاريف تصدير,100
SHK,6020101003,مصاريف تصدير,3/12/2026,26101372,قيد يومي,مصاريف تصدير,36
SHK,6020101008,مصاريف نقل وشحن,3/12/2026,26004973,قيد يومي,شيك رقم 15169 حسين العوادي للنقل,2612
SHK,6020101010,مصاريف صيانة سيارات,3/15/2026,26101377,قيد يومي,بنشر + رقعة,9
SHK,6010101018,مصاريف قرطاسية ومطبوعات,3/15/2026,26101378,قيد يومي,ختم,11
SHK,6010101009,مصاريف متفرقة,3/15/2026,26101378,قيد يومي,مواقف,7.5
SHK,6020101010,مصاريف صيانة سيارات,3/15/2026,26101378,قيد يومي,بنشر,2.5
SHK,6010101012,مصاريف لوازم مستهلكة,3/15/2026,26101378,قيد يومي,منفاخ هوا,14
SHK,6020101012,مصاريف محروقات سيارات,3/15/2026,26101382,قيد يومي,ديزل,4
SHK,6010101003,مصاريف النظافة,3/15/2026,26101382,قيد يومي,مكنسة عدد 6,3
SHK,6020101012,مصاريف محروقات سيارات,3/15/2026,26101382,قيد يومي,ديزل,13
SHK,6020101012,مصاريف محروقات سيارات,3/15/2026,26101382,قيد يومي,ديزل,10
SHK,6020101015,مصاريف تحميل وتنزيل,3/15/2026,26101382,قيد يومي,باص الشيخ,100
SHK,6020101022,مصاريف صيانة عامة,3/15/2026,26101382,قيد يومي,صيانة باب المستودع,20
SHK,6020101010,مصاريف صيانة سيارات,3/15/2026,26101382,قيد يومي,صيانة سيارة رقم 25280-42,52
SHK,6010101009,مصاريف متفرقة,3/15/2026,26101382,قيد يومي,قبان,1.5
SHK,6020101015,مصاريف تحميل وتنزيل,3/15/2026,26101382,قيد يومي,مصروف ابو  لؤي مشوار الطفيلة,5
SHK,6020101015,مصاريف تحميل وتنزيل,3/15/2026,26101382,قيد يومي,اجرة عامل اسبوع + اجرة عرباي,63
SHK,6020101015,مصاريف تحميل وتنزيل,3/15/2026,26101382,قيد يومي,تحميل وتنزيل,50
SHK,6020101015,مصاريف تحميل وتنزيل,3/15/2026,26101382,قيد يومي,تحميل وتنزيل 3 ايتم,60
SHK,6020101015,مصاريف تحميل وتنزيل,3/15/2026,26101382,قيد يومي,تحميل وتنزيل,10
SHK,6020101012,مصاريف محروقات سيارات,3/15/2026,26101382,قيد يومي,ديزل,10
SHK,6010101018,مصاريف قرطاسية ومطبوعات,3/15/2026,26101382,قيد يومي,ختم ناريخ,5
SHK,6020101015,مصاريف تحميل وتنزيل,3/15/2026,26101382,قيد يومي,تحميل وتنزيل,20
SHK,6020101010,مصاريف صيانة سيارات,3/15/2026,26101383,قيد يومي,غسيل سيارات من 1/3,381.95
SHK,6010101009,مصاريف متفرقة,3/15/2026,26101387,قيد يومي,مواقف,7.5
SHK,6020101012,مصاريف محروقات سيارات,3/15/2026,26101390,قيد يومي,ديزل - ابو محمد,20
SHK,6010101021,مصاريف عمولات بنكية,3/15/2026,26101393,قيد يومي,عمولات,2.45
SHK,6010101021,مصاريف عمولات بنكية,3/15/2026,26101393,قيد يومي,عمولات,0.35
SHK,6010101021,مصاريف عمولات بنكية,3/15/2026,26101393,قيد يومي,عمولات,0.35
SHK,6010101021,مصاريف عمولات بنكية,3/15/2026,26101393,قيد يومي,عمولات,0.35
SHK,6010101021,مصاريف عمولات بنكية,3/15/2026,26101393,قيد يومي,عمولات,0.35
SHK,6010101021,مصاريف عمولات بنكية,3/15/2026,26101393,قيد يومي,عمولات,0.35
SHK,6010101021,مصاريف عمولات بنكية,3/15/2026,26101393,قيد يومي,عمولات,0.35
SHK,6010101021,مصاريف عمولات بنكية,3/15/2026,26101393,قيد يومي,عمولات,0.35
SHK,6010101021,مصاريف عمولات بنكية,3/15/2026,26101393,قيد يومي,عمولات,0.35
SHK,6010101021,مصاريف عمولات بنكية,3/15/2026,26101393,قيد يومي,عمولات,0.35
SHK,6010101021,مصاريف عمولات بنكية,3/15/2026,26101393,قيد يومي,عمولات,0.35
SHK,6010101021,مصاريف عمولات بنكية,3/15/2026,26101393,قيد يومي,عمولات,0.35
SHK,6010101021,مصاريف عمولات بنكية,3/15/2026,26101393,قيد يومي,عمولات,0.35
SHK,6010101021,مصاريف عمولات بنكية,3/15/2026,26101393,قيد يومي,عمولات,0.35
SHK,6010101021,مصاريف عمولات بنكية,3/15/2026,26101393,قيد يومي,عمولات,0.35
SHK,6010101021,مصاريف عمولات بنكية,3/15/2026,26101393,قيد يومي,عمولات,0.35
SHK,6010101021,مصاريف عمولات بنكية,3/15/2026,26101393,قيد يومي,عمولات,0.35
SHK,6010101021,مصاريف عمولات بنكية,3/15/2026,26101393,قيد يومي,عمولات,0.35
SHK,6020101014,خصم مسموح به,3/15/2026,26101396,قيد يومي,خ ن  كشف مرفق,5.313
SHK,6010101021,مصاريف عمولات بنكية,3/15/2026,26101398,قيد يومي,عمولات,6.998
SHK,6010101021,مصاريف عمولات بنكية,3/15/2026,26101398,قيد يومي,عمولات,6.998
SHK,6020101003,مصاريف تصدير,3/16/2026,26101399,قيد يومي,منشأ,59
SHK,6010101022,مصاريف عمولات زين كاش,3/16/2026,26101400,قيد يومي,صيانة سيارة عمر فاروق,0.35
SHK,6020101010,مصاريف صيانة سيارات,3/16/2026,26101400,قيد يومي,صيانة سيارة عمر فاروق,60
SHK,6010101022,مصاريف عمولات زين كاش,3/12/2026,26101401,قيد يومي,تحويل للبنك,0.35
SHK,6010101022,مصاريف عمولات زين كاش,3/16/2026,26101402,قيد يومي,رخصة مهن,0.35
SHK,6010101020,مصاريف حكومية,3/16/2026,26101402,قيد يومي,رخصة مهن,125
SHK,6010101021,مصاريف عمولات بنكية,3/16/2026,26101403,قيد يومي,عمولات,0.7
SHK,6010101021,مصاريف عمولات بنكية,3/16/2026,26101403,قيد يومي,عمولات,0.7
SHK,6010101021,مصاريف عمولات بنكية,3/16/2026,26101403,قيد يومي,عمولات,0.7
SHK,6010101022,مصاريف عمولات زين كاش,3/16/2026,26101404,قيد يومي,طبالي,0.35
SHK,6010101012,مصاريف لوازم مستهلكة,3/16/2026,26101404,قيد يومي,طبالي,590
SHK,6010101022,مصاريف عمولات زين كاش,3/16/2026,26101405,قيد يومي,حساب عيد المصري,0.35
SHK,6020101015,مصاريف تحميل وتنزيل,3/16/2026,26101405,قيد يومي,حساب عيد المصري,950
SHK,6010101022,مصاريف عمولات زين كاش,3/16/2026,26101406,قيد يومي,مياومة,0.35
SHK,6020101015,مصاريف تحميل وتنزيل,3/16/2026,26101406,قيد يومي,مياومة,130.35
SHK,6010101022,مصاريف عمولات زين كاش,3/16/2026,26101407,قيد يومي,مياومة,0.35
SHK,6020101015,مصاريف تحميل وتنزيل,3/16/2026,26101407,قيد يومي,مياومة,130.35
SHK,6010101022,مصاريف عمولات زين كاش,3/12/2026,26101408,قيد يومي,تحويل للبنك,0.35
SHK,6010101022,مصاريف عمولات زين كاش,3/12/2026,26101408,قيد يومي,تحويل للبنك,0.35
SHK,6020101010,مصاريف صيانة سيارات,3/16/2026,26101410,قيد يومي,غيار زيت + فلتر,18.104
SHK,6010101022,مصاريف عمولات زين كاش,3/16/2026,26101410,قيد يومي,غيار زيت + فلتر,0.35
SHK,6020101013,مصاريف بيعية,3/16/2026,26101411,قيد يومي,بيعية,1000
SHK,6010101022,مصاريف عمولات زين كاش,3/16/2026,26101411,قيد يومي,بيعية,0.35
SHK,6020101003,مصاريف تصدير,3/16/2026,26101413,قيد يومي,بطاقة مستورد,15.35
SHK,6010101022,مصاريف عمولات زين كاش,3/16/2026,26101414,قيد يومي,تحميل وتنزيل الولاء,0.35
SHK,6020101015,مصاريف تحميل وتنزيل,3/16/2026,26101414,قيد يومي,تحميل وتنزيل الولاء,100
SHK,6010101026,مصاريف انترنت,3/16/2026,26101416,قيد يومي,انترنت,63.4
SHK,6020101014,خصم مسموح به,3/16/2026,26101417,قيد يومي,علف,-1696.2
SHK,6020101014,خصم مسموح به,3/16/2026,26101418,قيد يومي,خصم فرق ف 26100029,455
SHK,6010101022,مصاريف عمولات زين كاش,3/16/2026,26101420,قيد يومي,الدكتور شخصي,0.35
SHK,6010101022,مصاريف عمولات زين كاش,3/16/2026,26101421,قيد يومي,تحويل للبنك,0.35
SHK,6020101014,خصم مسموح به,3/16/2026,26101423,قيد يومي,خصم كشف مرفق,159.08
SHK,6020101014,خصم مسموح به,3/16/2026,26101426,قيد يومي,خصم نقدي كشف مرفق,66.295
SHK,6020101013,مصاريف بيعية,3/17/2026,26101431,قيد يومي,بيعية,360
SHK,6010101022,مصاريف عمولات زين كاش,3/17/2026,26101431,قيد يومي,بيعية,0.35
SHK,6020101012,مصاريف محروقات سيارات,3/17/2026,26101435,قيد يومي,بدل بنزين,7
SHK,6010101009,مصاريف متفرقة,3/12/2026,26101438,قيد يومي,عمولات,0.7
SHK,6010101009,مصاريف متفرقة,3/12/2026,26101438,قيد يومي,عمولات,1
SHK,6020101012,مصاريف محروقات سيارات,2/5/2026,26101443,قيد يومي,ديزل,40
SHK,6020101014,خصم مسموح به,3/16/2026,26101445,قيد يومي,خصم فرق احتساب ف 26101663,17.28
SHK,6020101003,مصاريف تصدير,3/17/2026,26101446,قيد يومي,تخليص,75
SHK,6010101021,مصاريف عمولات بنكية,3/16/2026,26101449,قيد يومي,عمولات,0.35
SHK,6010101021,مصاريف عمولات بنكية,3/16/2026,26101449,قيد يومي,عمولات,0.35
SHK,6010101021,مصاريف عمولات بنكية,3/16/2026,26101449,قيد يومي,عمولات,0.35
SHK,6010101021,مصاريف عمولات بنكية,3/16/2026,26101449,قيد يومي,عمولات,0.35
SHK,6010101021,مصاريف عمولات بنكية,3/16/2026,26101449,قيد يومي,عمولات,0.35
SHK,6010101021,مصاريف عمولات بنكية,3/16/2026,26101449,قيد يومي,عمولات,0.35
SHK,6010101021,مصاريف عمولات بنكية,3/16/2026,26101449,قيد يومي,عمولات,0.35
SHK,6010101021,مصاريف عمولات بنكية,3/16/2026,26101449,قيد يومي,عمولات,0.35
SHK,6010101021,مصاريف عمولات بنكية,3/15/2026,26101450,قيد يومي,عمولات,6.998
SHK,6010101022,مصاريف عمولات زين كاش,3/18/2026,26101451,قيد يومي,تحويل زين كاش - سفيان التعمري,0.5
SHK,6010101025,مصاريف هاتف,3/18/2026,26101452,قيد يومي,تسديد فاتورة هواتف الشركة,1313.448
SHK,6020101012,مصاريف محروقات سيارات,3/18/2026,26101453,قيد يومي,ديزل,3
SHK,6020101010,مصاريف صيانة سيارات,3/18/2026,26101453,قيد يومي,صيانة سيارة سفيان,60
SHK,6020101015,مصاريف تحميل وتنزيل,3/18/2026,26101456,قيد يومي,تحميل وتنزيل,50
SHK,6010101003,مصاريف النظافة,3/18/2026,26101460,قيد يومي,رفع نفايات,50
SHK,6020101008,مصاريف نقل وشحن,3/18/2026,26101460,قيد يومي,اجرة نقل,290
SHK,6020101012,مصاريف محروقات سيارات,3/18/2026,26101460,قيد يومي,ديزل,63
SHK,6020101010,مصاريف صيانة سيارات,3/18/2026,26101460,قيد يومي,تغبئة زيت,30
SHK,6020101015,مصاريف تحميل وتنزيل,3/18/2026,26101460,قيد يومي,تحميل وتنزيل,20
SHK,6020101010,مصاريف صيانة سيارات,3/18/2026,26101461,قيد يومي,ف/رقم 217 فلتر زيت,17.241
SHK,6010101009,مصاريف متفرقة,3/15/2026,26005282,قيد يومي,مواقف(Reversal) - 7501,-7.5
SHK,6010101006,مصاريف كهرباء,3/18/2026,26101482,قيد يومي,كهرباء,102
SHK,6010101009,مصاريف متفرقة,3/18/2026,26101482,قيد يومي,مصاريف ابو العبد,16.5
SHK,6020101015,مصاريف تحميل وتنزيل,3/18/2026,26101484,قيد يومي,تحميل وتنزيل,20
SHK,6020101015,مصاريف تحميل وتنزيل,3/18/2026,26101484,قيد يومي,تحميل وتنزيل,26
SHK,6020101015,مصاريف تحميل وتنزيل,3/18/2026,26101484,قيد يومي,تحميل وتنزيل,60
SHK,6010101022,مصاريف عمولات زين كاش,3/21/2026,26101488,قيد يومي,تسجيل علامة تجارية,0.35
SHK,6010101020,مصاريف حكومية,3/21/2026,26101488,قيد يومي,تسجيل علامة تجارية,100
SHK,6010101022,مصاريف عمولات زين كاش,3/21/2026,26101489,قيد يومي,مصاريف سفر,0.35
SHK,6010101023,مصاريف سفر واقامة وتنقلات,3/21/2026,26101489,قيد يومي,مصاريف سفر,200
SHK,6010101022,مصاريف عمولات زين كاش,3/21/2026,26101490,قيد يومي,الدكتور شخصي,0.35
SHK,6010101022,مصاريف عمولات زين كاش,3/21/2026,26101491,قيد يومي,دهين ابو قاسم,0.35
SHK,6010101022,مصاريف عمولات زين كاش,3/21/2026,26101494,قيد يومي,منسق جرش مول,0.35
SHK,6010101020,مصاريف حكومية,3/21/2026,26101496,قيد يومي,غرفة تجارة عمان,7.25
SHK,6010101022,مصاريف عمولات زين كاش,3/21/2026,26101497,قيد يومي,دعاي واعلان عن شهر 03,0.35
SHK,6020101004,مصاريف دعاية وإعلان,3/21/2026,26101497,قيد يومي,دعاي واعلان عن شهر 03,250
SHK,6020101003,مصاريف تصدير,3/21/2026,26101498,قيد يومي,رسوم جمركية + تخليص,63
SHK,6020101003,مصاريف تصدير,3/21/2026,26101499,قيد يومي,رسوم جمركية + تخليص,79
SHK,6020101003,مصاريف تصدير,3/21/2026,26101500,قيد يومي,رسوم جمركية + تخليص,331
SHK,6020101003,مصاريف تصدير,3/21/2026,26101501,قيد يومي,رسوم جمركية + تخليص,63
SHK,6020101003,مصاريف تصدير,3/21/2026,26101502,قيد يومي,رسوم جمركية + تخليص,130
SHK,6020101003,مصاريف تصدير,3/21/2026,26101503,قيد يومي,رسوم جمركية + تخليص,69.5
SHK,6020101003,مصاريف تصدير,3/21/2026,26101504,قيد يومي,رسوم جمركية + تخليص,70
SHK,6010101021,مصاريف عمولات بنكية,3/18/2026,26101509,قيد يومي,عمولات,0.7
SHK,6010101021,مصاريف عمولات بنكية,3/18/2026,26101509,قيد يومي,عمولات,0.7
SHK,6010101021,مصاريف عمولات بنكية,3/18/2026,26101509,قيد يومي,عمولات,0.5
SHK,6010101021,مصاريف عمولات بنكية,3/18/2026,26101509,قيد يومي,عمولات,0.7
SHK,6010101021,مصاريف عمولات بنكية,3/18/2026,26101509,قيد يومي,عمولات,0.7
SHK,6010101022,مصاريف عمولات زين كاش,3/23/2026,26101510,قيد يومي,بيعية,0.35
SHK,6020101013,مصاريف بيعية,3/23/2026,26101510,قيد يومي,بيعية,300
SHK,6010101022,مصاريف عمولات زين كاش,3/23/2026,26101511,قيد يومي,باقي حساب عيد,0.35
SHK,6020101015,مصاريف تحميل وتنزيل,3/23/2026,26101511,قيد يومي,باقي حساب عيد,1000
SHK,6010101020,مصاريف حكومية,3/23/2026,26101513,قيد يومي,جمارك,30.5
SHK,6010101020,مصاريف حكومية,3/23/2026,26101515,قيد يومي,طلب تسجيل علامة تجارية 2,100.35
SHK,6010101009,مصاريف متفرقة,3/23/2026,26101516,قيد يومي,طوابع,7.5
SHK,6010101009,مصاريف متفرقة,3/23/2026,26101517,قيد يومي,طوابع,9.9
SHK,6010101009,مصاريف متفرقة,3/23/2026,26101518,قيد يومي,طوابع,12.7
SHK,6010101009,مصاريف متفرقة,3/23/2026,26101519,قيد يومي,طوابع,11.8
SHK,6010101009,مصاريف متفرقة,3/23/2026,26101520,قيد يومي,طوابع,9.3
SHK,6010101009,مصاريف متفرقة,3/24/2026,26101521,قيد يومي,طوابع,29.925
SHK,6010101009,مصاريف متفرقة,3/24/2026,26101522,قيد يومي,طوابع,2.3
SHK,6010101009,مصاريف متفرقة,3/24/2026,26101523,قيد يومي,طوابع,23.96
SHK,6010101009,مصاريف متفرقة,3/24/2026,26101524,قيد يومي,طوابع,9.8
SHK,6010101021,مصاريف عمولات بنكية,3/23/2026,26005364,قيد يومي,عمولات بنكية,2
SHK,6020101010,مصاريف صيانة سيارات,3/24/2026,26101526,قيد يومي,غسيل سياؤة قصي ذيب,6
SHK,6020101004,مصاريف دعاية وإعلان,3/24/2026,26101529,قيد يومي,دعايات وتصميم شهر 02,250
SHK,6010101022,مصاريف عمولات زين كاش,3/24/2026,26101529,قيد يومي,دعايات وتصميم شهر 02,0.35
SHK,6010101004,مصاريف ضيافة,3/24/2026,26101530,قيد يومي,مشتريات المكتب,33.1
SHK,6010101022,مصاريف عمولات زين كاش,3/24/2026,26101530,قيد يومي,باقي مصاريف دبي,0.35
SHK,6010101023,مصاريف سفر واقامة وتنقلات,3/24/2026,26101530,قيد يومي,باقي مصاريف دبي,220
SHK,6020101014,خصم مسموح به,3/24/2026,26101531,قيد يومي,خصم طوابع,4.6
SHK,6010101022,مصاريف عمولات زين كاش,3/24/2026,26101537,قيد يومي,ايجار نقل حليب,0.35
SHK,6020101015,مصاريف تحميل وتنزيل,3/18/2026,26101539,قيد يومي,عمال المياومة,170
SHK,6020101013,مصاريف بيعية,3/24/2026,26101541,قيد يومي,بيعية,50
SHK,6010101009,مصاريف متفرقة,3/25/2026,26101542,قيد يومي,طوابع,178.4
SHK,6010101009,مصاريف متفرقة,3/25/2026,26101543,قيد يومي,طوابع,33.4
SHK,6010101009,مصاريف متفرقة,3/25/2026,26101545,قيد يومي,طوايع,26.3
SHK,6010101022,مصاريف عمولات زين كاش,3/25/2026,26101549,قيد يومي,سلفة عمل بيد حسام الدرابيع,0.35
SHK,6010101022,مصاريف عمولات زين كاش,3/25/2026,26101550,قيد يومي,نقل حليب,0.35
SHK,6020101004,مصاريف دعاية وإعلان,3/21/2026,26005509,قيد يومي,دعاي واعلان عن شهر 03(Reversal) - 7884,-250
SHK,6010101022,مصاريف عمولات زين كاش,3/21/2026,26005509,قيد يومي,دعاي واعلان عن شهر 03(Reversal) - 7884,-0.35
SHK,6020101014,خصم مسموح به,3/24/2026,26101553,قيد يومي,اغلاق فرق حساب,2.1
SHK,6010101022,مصاريف عمولات زين كاش,3/21/2026,26005516,قيد يومي,منسق جرش مول(Reversal) - 7880,-0.35
SHK,6020101019,مصاريف منسقين,3/21/2026,26101554,قيد يومي,منسق جرش مول,30
SHK,6010101022,مصاريف عمولات زين كاش,3/21/2026,26101554,قيد يومي,منسق جرش مول,0.35
SHK,6010101009,مصاريف متفرقة,3/25/2026,26101556,قيد يومي,طوابع,26.1
SHK,6020101010,مصاريف صيانة سيارات,3/25/2026,26101557,قيد يومي,بنشر ابو العبد,2.5
SHK,6010101009,مصاريف متفرقة,3/25/2026,26101557,قيد يومي,مواقف + طوابع ابو العبد,71.5
SHK,6010101004,مصاريف ضيافة,3/25/2026,26101563,قيد يومي,فطور مستودع سحاب,6
SHK,6020101012,مصاريف محروقات سيارات,3/25/2026,26101563,قيد يومي,ديزل,40
SHK,6010101025,مصاريف هاتف,3/25/2026,26101563,قيد يومي,هاتف,12.25
SHK,6020101015,مصاريف تحميل وتنزيل,3/25/2026,26101563,قيد يومي,دفعة لعيد المصري,400
SHK,6020101010,مصاريف صيانة سيارات,3/25/2026,26101563,قيد يومي,نفخ,1
SHK,6010101025,مصاريف هاتف,3/25/2026,26101563,قيد يومي,هاتف,12.25
SHK,6020101010,مصاريف صيانة سيارات,3/25/2026,26101563,قيد يومي,غسيل,7
SHK,6020101015,مصاريف تحميل وتنزيل,3/25/2026,26101563,قيد يومي,تحميل وتنزيل,65
SHK,6020101012,مصاريف محروقات سيارات,3/25/2026,26101563,قيد يومي,ديزل,7
SHK,6010101012,مصاريف لوازم مستهلكة,3/25/2026,26101563,قيد يومي,صيد قوارض,5
SHK,6010101007,مصاريف مياه,3/25/2026,26101563,قيد يومي,مياه,2.5
SHK,6020101012,مصاريف محروقات سيارات,3/25/2026,26101563,قيد يومي,ديزل,34.007
SHK,6020101012,مصاريف محروقات سيارات,3/25/2026,26101563,قيد يومي,ديزل,10
SHK,6010101004,مصاريف ضيافة,3/25/2026,26101563,قيد يومي,كراتين مياه عدد 20,23
SHK,6010101012,مصاريف لوازم مستهلكة,3/25/2026,26101563,قيد يومي,كفوف,3
SHK,6020101012,مصاريف محروقات سيارات,3/25/2026,26101563,قيد يومي,ديزل,10
SHK,6010101012,مصاريف لوازم مستهلكة,3/25/2026,26101563,قيد يومي,ف/رقم 3034,25
SHK,6010101012,مصاريف لوازم مستهلكة,3/25/2026,26101564,قيد يومي,ف/رقم 49662 شفرة مقص مواسي,15.517
SHK,6010101012,مصاريف لوازم مستهلكة,3/25/2026,26101565,قيد يومي,ف/رقم 1908 درم شوال صودا,34.488
SHK,6020101014,خصم مسموح به,3/25/2026,26101583,قيد يومي,خصم,-912.5
SHK,6020101017,مصاريف شحن سيارات,3/26/2026,26101592,قيد يومي,شحن سيارة جهاد فقوس ة,10.7
SHK,6010101009,مصاريف متفرقة,3/26/2026,26101593,قيد يومي,طوابع,2
SHK,6020101017,مصاريف شحن سيارات,3/26/2026,26101596,قيد يومي,شحن سيارة لؤي السيد,11.45
SHK,6020101010,مصاريف صيانة سيارات,3/26/2026,26101602,قيد يومي,صيانة سيارة محمد ياسر,86
SHK,6010101017,مصاريف عينات,3/25/2026,26101603,قيد يومي,فاتورة مبيعات رقم 26100754,24.707
SHK,6020101014,خصم مسموح به,3/25/2026,26101604,قيد يومي,طوابع على فاتورة 26101674,10
SHK,6020101023,مصاريف ايجار,3/26/2026,26101605,قيد يومي,ايجار مستودع محمد ياسر,105
SHK,6020101015,مصاريف تحميل وتنزيل,3/26/2026,26101605,قيد يومي,تحميل وتنزيل - محمد ياسر,45
SHK,6020101017,مصاريف شحن سيارات,3/26/2026,26101610,قيد يومي,شحن سيارة امجد زكي,50
SHK,6010101004,مصاريف ضيافة,3/26/2026,26101614,قيد يومي,فطور المكتب,19
SHK,6020101012,مصاريف محروقات سيارات,3/26/2026,26101614,قيد يومي,ديزل,45
SHK,6020101012,مصاريف محروقات سيارات,3/26/2026,26101615,قيد يومي,ديزل,34
SHK,6020101010,مصاريف صيانة سيارات,3/26/2026,26101616,قيد يومي,صيانة سيارة عمار عنبة,25
SHK,6020101010,مصاريف صيانة سيارات,3/26/2026,26101617,قيد يومي,لمبة بريك - احمد ابو حشيش,1
SHK,6010101020,مصاريف حكومية,3/26/2026,26101634,قيد يومي,جمارك,9.07
SHK,6020101020,مصاريف بريد,3/26/2026,26101638,قيد يومي,بريد,30
SHK,6010101022,مصاريف عمولات زين كاش,3/26/2026,26101638,قيد يومي,بريد,0.35
SHK,6020101015,مصاريف تحميل وتنزيل,3/26/2026,26101641,قيد يومي,دفعة من حساب العيد المصري,550
SHK,6010101022,مصاريف عمولات زين كاش,3/26/2026,26101641,قيد يومي,دفعة من حساب العيد المصري,0.35
SHK,6020101018,مصاريف فحص عينات,3/26/2026,26101644,قيد يومي,فحص عينات,120.5
SHK,6020101003,مصاريف تصدير,3/26/2026,26101645,قيد يومي,منشأ,14.65
SHK,6020101003,مصاريف تصدير,3/26/2026,26101646,قيد يومي,شهادة صحية,30.5
SHK,6020101022,مصاريف صيانة عامة,3/26/2026,26101647,قيد يومي,صيانة حمام مكتب المقابلين,10
SHK,6020101010,مصاريف صيانة سيارات,3/26/2026,26101651,قيد يومي,بنشر - ابو لؤي,10
SHK,6020101010,مصاريف صيانة سيارات,3/26/2026,26101651,قيد يومي,انتي فريز kat سيارة ابو لؤي,49.655
SHK,6020101010,مصاريف صيانة سيارات,3/26/2026,26101651,قيد يومي,اضوية الماني - سيارة ابو لؤي,8.5
SHK,6020101012,مصاريف محروقات سيارات,3/26/2026,26005758,قيد يومي,ديزل(Reversal) - 8442,-34
SHK,6010101022,مصاريف عمولات زين كاش,3/29/2026,26101655,قيد يومي,دهين ابو قاسم,0.35
SHK,6010101022,مصاريف عمولات زين كاش,3/24/2026,26005821,قيد يومي,ايجار نقل حليب(Reversal) - 8097,-0.35
SHK,6010101012,مصاريف لوازم مستهلكة,3/29/2026,26101657,قيد يومي,ف/رقم 4917,80
SHK,6010101012,مصاريف لوازم مستهلكة,3/29/2026,26101657,قيد يومي,معاصم,6
SHK,6010101012,مصاريف لوازم مستهلكة,3/29/2026,26101657,قيد يومي,اكياس شفاف,6
SHK,6010101012,مصاريف لوازم مستهلكة,3/29/2026,26101657,قيد يومي,تحميل وتنزيل,30
SHK,6010101004,مصاريف ضيافة,3/29/2026,26101657,قيد يومي,مياه,35
SHK,6020101012,مصاريف محروقات سيارات,3/29/2026,26101657,قيد يومي,ديزل,10
SHK,6020101012,مصاريف محروقات سيارات,3/29/2026,26101657,قيد يومي,ديزل,19
SHK,6020101015,مصاريف تحميل وتنزيل,3/29/2026,26101657,قيد يومي,تحميل وتنزيل سامر,15
SHK,6010101014,مصاريف طعام موظفين,3/29/2026,26101657,قيد يومي,فطور مستودع سحاب,6
SHK,6020101014,خصم مسموح به,3/26/2026,26101665,قيد يومي,خصم نقدي كشوفات مرفقة,28.13
SHK,6010101025,مصاريف هاتف,3/29/2026,26101666,قيد يومي,اتصالات,7.86
SHK,6010101009,مصاريف متفرقة,3/25/2026,26101667,قيد يومي,طوابع,1
SHK,6010101009,مصاريف متفرقة,3/25/2026,26101668,قيد يومي,طوابع,4.2
SHK,6010101022,مصاريف عمولات زين كاش,3/29/2026,26101669,قيد يومي,تحويل للبنك,0.35
SHK,6010101025,مصاريف هاتف,3/29/2026,26101676,قيد يومي,الهاتف الارضي,47.5
SHK,6010101009,مصاريف متفرقة,3/29/2026,26101676,قيد يومي,مواقف + سحب اوراق - ابو العبد,6
SHK,6020101015,مصاريف تحميل وتنزيل,3/29/2026,26101681,قيد يومي,نضال,5.85
SHK,6010101012,مصاريف لوازم مستهلكة,3/30/2026,26101682,قيد يومي,صيانة طبالي,55
SHK,6010101012,مصاريف لوازم مستهلكة,3/30/2026,26101682,قيد يومي,شبر كوشوك,64.5
SHK,6020101010,مصاريف صيانة سيارات,3/30/2026,26101682,قيد يومي,بنشر,5
SHK,6020101015,مصاريف تحميل وتنزيل,3/30/2026,26101682,قيد يومي,دفعة باص الاتش 100,30
SHK,6020101015,مصاريف تحميل وتنزيل,3/30/2026,26101682,قيد يومي,اجرة توصيل عطاء رويشد + اكرامية معاذ,30
SHK,6020101015,مصاريف تحميل وتنزيل,3/30/2026,26101682,قيد يومي,تحميل وتنزيل الولاء,75
SHK,6020101015,مصاريف تحميل وتنزيل,3/30/2026,26101682,قيد يومي,اجرة يومية ابن ابو العبد,20
SHK,6020101010,مصاريف صيانة سيارات,3/30/2026,26101682,قيد يومي,فردة كوشوك,10
SHK,6010101022,مصاريف عمولات زين كاش,3/30/2026,26101684,قيد يومي,نور - باقي ال 4000,0.35
SHK,6010101009,مصاريف متفرقة,3/30/2026,26101685,قيد يومي,طوابع,5.4
SHK,6010101009,مصاريف متفرقة,3/30/2026,26101686,قيد يومي,طوابع,10.5
SHK,6010101009,مصاريف متفرقة,3/30/2026,26101687,قيد يومي,طوابع,5.5
SHK,6010101009,مصاريف متفرقة,3/30/2026,26101688,قيد يومي,طوابع,7.9
SHK,6010101009,مصاريف متفرقة,3/30/2026,26101689,قيد يومي,طوابع,19.6
SHK,6010101022,مصاريف عمولات زين كاش,3/30/2026,26101690,قيد يومي,رسوم دفاع مدني,0.35
SHK,6010101020,مصاريف حكومية,3/30/2026,26101690,قيد يومي,رسوم دفاع مدني,7
SHK,6010101009,مصاريف متفرقة,3/30/2026,26101691,قيد يومي,طوابع,24.1
SHK,6020101010,مصاريف صيانة سيارات,3/30/2026,26101692,قيد يومي,ف/رقم 467 كوشوك,77.586
SHK,6010101012,مصاريف لوازم مستهلكة,3/14/2026,26101693,قيد يومي,ف/رقم 80946 مبروم حديد 14 ملم,4.526
SHK,6010101012,مصاريف لوازم مستهلكة,3/13/2026,26101694,قيد يومي,ف/رقم 79140صاج+ تيوبات + حديد مبسط,440.732
SHK,6020101006,مصاريف معارض,3/30/2026,26101699,قيد يومي,اغلاق في ح المصاريف,616.197
SHK,6020101014,خصم مسموح به,3/30/2026,26101699,قيد يومي,اغلاق فرق حساب,184.87
SHK,6020101014,خصم مسموح به,3/30/2026,26101699,قيد يومي,خصم ذمة احسان ابو عودة,810.92
SHK,6020101014,خصم مسموح به,3/30/2026,26101708,قيد يومي,خصم فرق ف 26100029,19
SHK,6020101010,مصاريف صيانة سيارات,3/30/2026,26101711,قيد يومي,تبديل كوشوك,4
SHK,6020101012,مصاريف محروقات سيارات,3/30/2026,26101711,قيد يومي,ديزل,65.03
SHK,6020101005,مصاريف تعبئة وتغليف,3/30/2026,26101711,قيد يومي,تعبئة وتغليف نص طن جوز هند,50
SHK,6010101009,مصاريف متفرقة,3/30/2026,26101711,قيد يومي,ف/رقم 14785,6
SHK,6020101010,مصاريف صيانة سيارات,3/30/2026,26101711,قيد يومي,بنشر,3
SHK,6020101014,خصم مسموح به,3/30/2026,26101712,قيد يومي,فروقات حساب,-57.589
SHK,6010101022,مصاريف عمولات زين كاش,3/30/2026,26101713,قيد يومي,تحويل للبنك,0.35
SHK,6020101015,مصاريف تحميل وتنزيل,3/30/2026,26101718,قيد يومي,نضال,15
SHK,6020101017,مصاريف شحن سيارات,3/31/2026,26101721,قيد يومي,شحش سيارة سفيان,2.7
SHK,6010101023,مصاريف سفر واقامة وتنقلات,3/31/2026,26101723,قيد يومي,مصاريف سفر -سفيان التعمري,130
SHK,6020101018,مصاريف فحص عينات,3/31/2026,26101727,قيد يومي,فحص عينات تصدير السعودية,110
SHK,6010101021,مصاريف عمولات بنكية,3/31/2026,26101728,قيد يومي,عمولات,0.5
SHK,6010101009,مصاريف متفرقة,3/31/2026,26101732,قيد يومي,طوابع,4.8
SHK,6020101003,مصاريف تصدير,3/31/2026,26101733,قيد يومي,منشأ,59.5
SHK,6020101012,مصاريف محروقات سيارات,3/31/2026,26101743,قيد يومي,بنزين,5
SHK,6020101015,مصاريف تحميل وتنزيل,3/31/2026,26101745,قيد يومي,نضال,20
SHK,6020101012,مصاريف محروقات سيارات,4/1/2026,26101747,قيد يومي,ديزل,5
SHK,6020101010,مصاريف صيانة سيارات,4/1/2026,26101747,قيد يومي,تركيب كوشوك,3
SHK,6020101015,مصاريف تحميل وتنزيل,4/1/2026,26101747,قيد يومي,باص الشيخ,50
SHK,6020101015,مصاريف تحميل وتنزيل,4/1/2026,26101747,قيد يومي,تحميل وتنزيل,20
SHK,6020101010,مصاريف صيانة سيارات,4/1/2026,26101748,قيد يومي,كوشوك,10.345
SHK,6020101010,مصاريف صيانة سيارات,4/1/2026,26101749,قيد يومي,ف/رقم 2926 فلتز زيت + جالون زيت + فلتر ديزل,273.296
SHK,6010101009,مصاريف متفرقة,4/1/2026,26101750,قيد يومي,طوابع + رسوم تمديد عطاء,3502.9
SHK,6010101022,مصاريف عمولات زين كاش,4/1/2026,26101751,قيد يومي,باقي ال 4000,0.35
SHK,6020101003,مصاريف تصدير,4/1/2026,26101752,قيد يومي,منشأ,4.5
SHK,6010101009,مصاريف متفرقة,4/1/2026,26101754,قيد يومي,طوابع,42.9
SHK,6010101021,مصاريف عمولات بنكية,3/17/2026,26101755,قيد يومي,عمولات,6.997
SHK,6010101021,مصاريف عمولات بنكية,3/31/2026,26101756,قيد يومي,عمولات,6.997
SHK,6010101021,مصاريف عمولات بنكية,3/31/2026,26101756,قيد يومي,عمولات,17.703
SHK,6010101021,مصاريف عمولات بنكية,3/31/2026,26101756,قيد يومي,عمولات,6.997
SHK,6010101021,مصاريف عمولات بنكية,3/31/2026,26101756,قيد يومي,عمولات,6.997
SHK,6010101021,مصاريف عمولات بنكية,3/31/2026,26101756,قيد يومي,عمولات,6.997
SHK,6010101021,مصاريف عمولات بنكية,3/31/2026,26101756,قيد يومي,فرق عملة,0.028
SHK,6010101021,مصاريف عمولات بنكية,3/31/2026,26101756,قيد يومي,عمولة طلب كشف حساب,2.517
SHK,6020101014,خصم مسموح به,4/1/2026,26101760,قيد يومي,خصم,1.095
SHK,6010101028,مصاريف رسوم شهرية واشتراكات,4/2/2026,26101768,قيد يومي,نظام التتبع,540.56
SHK,6020101012,مصاريف محروقات سيارات,4/2/2026,26101769,قيد يومي,محروقات,20
SHK,6020101015,مصاريف تحميل وتنزيل,4/2/2026,26101771,قيد يومي,تحميل وتنزيل نضال,15
SHK,6020101015,مصاريف تحميل وتنزيل,4/2/2026,26101772,قيد يومي,اكرامية عامل انتاج,15
SHK,6010101004,مصاريف ضيافة,4/2/2026,26101773,قيد يومي,مصاريف ضيافة,2
SHK,6020101013,مصاريف بيعية,4/5/2026,26101779,قيد يومي,بيعية - مهند,672.5
SHK,6010101009,مصاريف متفرقة,4/5/2026,26101779,قيد يومي,بيعية - مهند,0.35
SHK,6020101015,مصاريف تحميل وتنزيل,4/5/2026,26101780,قيد يومي,تحميل وتنزيل الولاء,60
SHK,6010101009,مصاريف متفرقة,4/5/2026,26101780,قيد يومي,تحميل وتنزيل الولاء,0.35
SHK,6010101025,مصاريف هاتف,4/5/2026,26101781,قيد يومي,هاتف,41.76
SHK,6020101014,خصم مسموح به,4/5/2026,26101795,قيد يومي,خصم كشف مرفق,61
SHK,6020101017,مصاريف شحن سيارات,4/5/2026,26101797,قيد يومي,شحن سيارة سامر,35.45
SHK,6010101009,مصاريف متفرقة,3/12/2026,26006566,قيد يومي,عمولات(Reversal) - 7711,-1
SHK,6010101009,مصاريف متفرقة,3/12/2026,26006566,قيد يومي,عمولات(Reversal) - 7711,-0.7
SHK,6010101020,مصاريف حكومية,4/5/2026,26101799,قيد يومي,طوابع بلدية الرصيفة,3.4
SHK,6010101009,مصاريف متفرقة,3/12/2026,26101800,قيد يومي,عمولات,1
SHK,6010101009,مصاريف متفرقة,3/12/2026,26101800,قيد يومي,عمولات,0.7
SHK,6010101021,مصاريف عمولات بنكية,3/1/2026,26006568,قيد يومي,عمولات(Reversal) - 5996,-0.35
SHK,6010101021,مصاريف عمولات بنكية,3/1/2026,26101801,قيد يومي,عمولات,0.7
SHK,6010101018,مصاريف قرطاسية ومطبوعات,4/5/2026,26101802,قيد يومي,تصوير وثائق,1.967
SHK,6020101017,مصاريف شحن سيارات,4/5/2026,26101802,قيد يومي,شحن سيارة جهاد فقوسة,12.55
SHK,6010101009,مصاريف متفرقة,3/30/2026,26101805,قيد يومي,شحن طرد لبنان,10
SHK,6020101013,مصاريف بيعية,4/5/2026,26101809,قيد يومي,عمولة شهر 02,457.27
SHK,6020101015,مصاريف تحميل وتنزيل,4/5/2026,26101810,قيد يومي,تحميل وتنزيل الكرك,25
SHK,6020101017,مصاريف شحن سيارات,4/5/2026,26101816,قيد يومي,شحن سيارة لؤي السيد,22.85
SHK,6010101003,مصاريف النظافة,4/5/2026,26101818,قيد يومي,نظافة المكتب,20
SHK,6020101010,مصاريف صيانة سيارات,4/5/2026,26101819,قيد يومي,بناشر,4
SHK,6020101010,مصاريف صيانة سيارات,4/5/2026,26101820,قيد يومي,ف/473,129.1
SHK,6020101010,مصاريف صيانة سيارات,4/5/2026,26101821,قيد يومي,صيانة,1
SHK,6020101012,مصاريف محروقات سيارات,4/5/2026,26101822,قيد يومي,محروقات,20
SHK,6010101009,مصاريف متفرقة,4/5/2026,26101824,قيد يومي,خدمات المجمع,20
SHK,6010101007,مصاريف مياه,4/5/2026,26101824,قيد يومي,مصاريف مياه,15
SHK,6020101014,خصم مسموح به,4/5/2026,26101826,قيد يومي,خ ن ف 26102011,4.4
SHK,6010101021,مصاريف عمولات بنكية,3/31/2026,26101827,قيد يومي,عمولات,19.5
SHK,6010101021,مصاريف عمولات بنكية,3/31/2026,26101827,قيد يومي,عمولات,0.5
SHK,6010101021,مصاريف عمولات بنكية,3/31/2026,26101827,قيد يومي,عمولات,0.7
SHK,6010101021,مصاريف عمولات بنكية,3/31/2026,26101827,قيد يومي,عمولات,0.7
SHK,6010101021,مصاريف عمولات بنكية,3/31/2026,26101827,قيد يومي,عمولات,20
SHK,6010101021,مصاريف عمولات بنكية,3/31/2026,26101827,قيد يومي,عمولات,0.7
SHK,6010101021,مصاريف عمولات بنكية,3/31/2026,26101827,قيد يومي,عمولات,20
SHK,6010101021,مصاريف عمولات بنكية,3/31/2026,26101827,قيد يومي,عمولات,20
SHK,6010101021,مصاريف عمولات بنكية,3/31/2026,26101827,قيد يومي,عمولات,20
SHK,6010101021,مصاريف عمولات بنكية,3/31/2026,26101827,قيد يومي,عمولات,20
SHK,6010101021,مصاريف عمولات بنكية,3/31/2026,26101827,قيد يومي,عمولات,1
SHK,6010101021,مصاريف عمولات بنكية,3/31/2026,26101827,قيد يومي,عمولة شيك معاد,20
SHK,6010101021,مصاريف عمولات بنكية,3/31/2026,26101827,قيد يومي,عمولات شيك معاد,20
SHK,6010101021,مصاريف عمولات بنكية,3/31/2026,26101827,قيد يومي,عمولات شيك معاد,20
SHK,6010101021,مصاريف عمولات بنكية,3/31/2026,26101827,قيد يومي,عمولات شيك معاد,20
SHK,6010101021,مصاريف عمولات بنكية,3/31/2026,26101827,قيد يومي,عمولات شيك معاد,20
SHK,6010101021,مصاريف عمولات بنكية,3/31/2026,26101827,قيد يومي,عمولة طلب كشف حساب,40
SHK,6010101021,مصاريف عمولات بنكية,3/31/2026,26101827,قيد يومي,عمولات,0.7
SHK,6010101021,مصاريف عمولات بنكية,3/31/2026,26101827,قيد يومي,عمولات,0.7
SHK,6010101021,مصاريف عمولات بنكية,3/31/2026,26101827,قيد يومي,عمولات,10
SHK,6010101021,مصاريف عمولات بنكية,3/31/2026,26101827,قيد يومي,عمولات,10
SHK,6010101021,مصاريف عمولات بنكية,3/31/2026,26101827,قيد يومي,قسط معاملة,10
SHK,6010101021,مصاريف عمولات بنكية,3/31/2026,26101827,قيد يومي,عمولات,20
SHK,6010101021,مصاريف عمولات بنكية,3/31/2026,26101827,قيد يومي,عمولات,20
SHK,6020101015,مصاريف تحميل وتنزيل,1/3/2026,26101833,قيد يومي,راتب,500
SHK,6020101015,مصاريف تحميل وتنزيل,1/31/2026,26101835,قيد يومي,راتب,500
SHK,6020101015,مصاريف تحميل وتنزيل,2/28/2026,26101836,قيد يومي,راتب,500
SHK,6020101015,مصاريف تحميل وتنزيل,4/5/2026,26006627,قيد يومي,تحميل,-80
SHK,6020101003,مصاريف تصدير,3/31/2026,26101852,قيد يومي,شهادة منشأ,247.8
SHK,6020101003,مصاريف تصدير,3/31/2026,26101852,قيد يومي,شهادة منشأ,247.8
SHK,6010101028,مصاريف رسوم شهرية واشتراكات,4/6/2026,26101853,قيد يومي,رسوم تصديق ميزانية 2025 تجاري,10
SHK,6010101028,مصاريف رسوم شهرية واشتراكات,4/6/2026,26101853,قيد يومي,رسوم تصديق ميزانية 2025 موقر,10
SHK,6010101024,مصاريف مواصلات,4/6/2026,26101853,قيد يومي,مواقف - ابو العبد,12
SHK,6010101009,مصاريف متفرقة,4/6/2026,26101853,قيد يومي,مصاريف ابو العبد,5
SHK,6010101009,مصاريف متفرقة,4/6/2026,26101853,قيد يومي,تصوير اوراق,3
SHK,6020101014,خصم مسموح به,3/31/2026,26101855,قيد يومي,متفرقة,6.565
SHK,6010101021,مصاريف عمولات بنكية,4/5/2026,26101861,قيد يومي,عمولات,24.85
SHK,6010101021,مصاريف عمولات بنكية,4/5/2026,26101862,قيد يومي,عمولات,0.5
SHK,6010101021,مصاريف عمولات بنكية,4/5/2026,26101862,قيد يومي,عمولات,1
SHK,6010101021,مصاريف عمولات بنكية,4/5/2026,26101862,قيد يومي,عمولات,1
SHK,6010101021,مصاريف عمولات بنكية,4/5/2026,26101865,قيد يومي,عمولات,6.997
SHK,6010101014,مصاريف طعام موظفين,4/6/2026,26101867,قيد يومي,طعام موظفين المستودع,9.5
SHK,6020101011,مصاريف تأمين وترخيص ومخالفات سيارات,4/6/2026,26101867,قيد يومي,مخالفات سيارة رقم 85067-43,14.25
SHK,6010101018,مصاريف قرطاسية ومطبوعات,4/6/2026,26101867,قيد يومي,سحب اوراق,2.25
SHK,6010101018,مصاريف قرطاسية ومطبوعات,4/6/2026,26101867,قيد يومي,ورق,30
SHK,6010101014,مصاريف طعام موظفين,4/6/2026,26101867,قيد يومي,فطور مستودع سحاب,10
SHK,6010101009,مصاريف متفرقة,4/6/2026,26101867,قيد يومي,طوابع,15
SHK,6010101014,مصاريف طعام موظفين,4/6/2026,26101867,قيد يومي,طعام موظفين المستودع,15
SHK,6010101009,مصاريف متفرقة,4/6/2026,26101867,قيد يومي,متفرقة,0.75
SHK,6020101010,مصاريف صيانة سيارات,4/6/2026,26101867,قيد يومي,مسحات,3
SHK,6020101015,مصاريف تحميل وتنزيل,4/6/2026,26101867,قيد يومي,عمال البقعة + مشوار العقبة,75
SHK,6020101010,مصاريف صيانة سيارات,4/6/2026,26101867,قيد يومي,دهان صندوق للترخيص + غسيل,28
SHK,6020101010,مصاريف صيانة سيارات,4/6/2026,26101867,قيد يومي,غسيل + زيت,20
SHK,6020101010,مصاريف صيانة سيارات,4/6/2026,26101867,قيد يومي,ف/رقم 204,15
SHK,6020101015,مصاريف تحميل وتنزيل,4/6/2026,26101867,قيد يومي,تحميل وتنزيل,50
SHK,6020101015,مصاريف تحميل وتنزيل,4/6/2026,26101867,قيد يومي,تحميل وتنزيل,190
SHK,6020101015,مصاريف تحميل وتنزيل,4/6/2026,26101867,قيد يومي,تحميل وتنزيل,210
SHK,6020101015,مصاريف تحميل وتنزيل,4/6/2026,26101867,قيد يومي,تحميل وتنزيل,15
SHK,6020101015,مصاريف تحميل وتنزيل,4/6/2026,26101867,قيد يومي,تحميل وتنزيل,10
SHK,6020101012,مصاريف محروقات سيارات,4/6/2026,26101867,قيد يومي,ديزل,15
SHK,6010101018,مصاريف قرطاسية ومطبوعات,4/6/2026,26101867,قيد يومي,سحب اوراق,5
SHK,6020101011,مصاريف تأمين وترخيص ومخالفات سيارات,4/6/2026,26101868,قيد يومي,تأمين سيارة رقم 85067-43 اسوزو,251.4
SHK,6010101024,مصاريف مواصلات,4/6/2026,26101870,قيد يومي,بدل بنزين طارق بطاح,5
SHK,6020101015,مصاريف تحميل وتنزيل,4/7/2026,26101874,قيد يومي,عيد المصري,750
SHK,6020101014,خصم مسموح به,4/6/2026,26101881,قيد يومي,خ ن ف 26102096,4.4
SHK,6020101014,خصم مسموح به,4/7/2026,26101882,قيد يومي,اغلاق فروقات,0.647
SHK,6020101014,خصم مسموح به,4/7/2026,26101883,قيد يومي,,0.1
SHK,6020101003,مصاريف تصدير,4/7/2026,26101884,قيد يومي,تصدير,59.5
SHK,6010101021,مصاريف عمولات بنكية,4/7/2026,26101885,قيد يومي,عمولات,0.5
SHK,6010101021,مصاريف عمولات بنكية,4/7/2026,26101885,قيد يومي,عمولات,0.7
SHK,6010101022,مصاريف عمولات زين كاش,4/7/2026,26101886,قيد يومي,نور,0.35
SHK,6010101003,مصاريف النظافة,4/7/2026,26101887,قيد يومي,رفع نفايات المصنع,70
SHK,6010101022,مصاريف عمولات زين كاش,4/7/2026,26101887,قيد يومي,رفع نفايات المصنع,0.35
SHK,6020101015,مصاريف تحميل وتنزيل,4/7/2026,26101888,قيد يومي,تحميل وتنزيل الولاء,55
SHK,6010101022,مصاريف عمولات زين كاش,4/7/2026,26101888,قيد يومي,تحميل وتنزيل الولاء,0.35
SHK,6010101025,مصاريف هاتف,4/7/2026,26101890,قيد يومي,اتصالات,49
SHK,6010101021,مصاريف عمولات بنكية,4/7/2026,26101891,قيد يومي,تحويل لزين كاش من البنك,0.7
SHK,6010101012,مصاريف لوازم مستهلكة,4/7/2026,26101893,قيد يومي,كلس,280
SHK,6010101022,مصاريف عمولات زين كاش,4/7/2026,26101893,قيد يومي,كلس,0.35
SHK,6020101015,مصاريف تحميل وتنزيل,4/7/2026,26101896,قيد يومي,تحميل وتنزيل الولاء,40
SHK,6010101022,مصاريف عمولات زين كاش,4/7/2026,26101896,قيد يومي,تحميل وتنزيل الولاء,0.35
SHK,6020101015,مصاريف تحميل وتنزيل,4/7/2026,26101899,قيد يومي,دفعة من حساب عيد المصري,1
SHK,6020101015,مصاريف تحميل وتنزيل,4/7/2026,26101899,قيد يومي,دفعة من حساب عيد المصري,749
SHK,6010101009,مصاريف متفرقة,4/7/2026,26101900,قيد يومي,طوابع,21
SHK,6020101014,خصم مسموح به,4/7/2026,26101902,قيد يومي,خصم كشف مرفق,14.1
SHK,6020101014,خصم مسموح به,4/7/2026,26101902,قيد يومي,خصم دفعة العقرباوية 4%,719.792
SHK,6010101012,مصاريف لوازم مستهلكة,4/7/2026,26101907,قيد يومي,شيك رقم 15235 سداد ف/رقم 778 طبالي,855
SHK,6020101019,مصاريف منسقين,4/5/2026,26101909,قيد يومي,تحويل زين كاش - امجد زكي,50
SHK,6020101023,مصاريف ايجار,4/8/2026,26101910,قيد يومي,ايجار مستودع - محمد ياسر,215
SHK,6020101015,مصاريف تحميل وتنزيل,4/8/2026,26101910,قيد يومي,عمال تحميل وتنزيل,282
SHK,6020101010,مصاريف صيانة سيارات,4/8/2026,26101910,قيد يومي,صيانة سيارة محمد ياسر,197
SHK,6010101024,مصاريف مواصلات,3/31/2026,26006795,قيد يومي,مواصلا شهر 03 من عمان للموقر,2150
SHK,6020101012,مصاريف محروقات سيارات,4/8/2026,26006796,قيد يومي,بنزين - معن,43
SHK,6020101012,مصاريف محروقات سيارات,4/8/2026,25000548,قيد يومي,ديزل,10
SHK,6020101010,مصاريف صيانة سيارات,4/8/2026,25000550,قيد يومي,اصلاح الشانجان,10
SHK,6020101012,مصاريف محروقات سيارات,4/8/2026,25000550,قيد يومي,ديزل,30
SHK,6010101004,مصاريف ضيافة,4/8/2026,25000550,قيد يومي,كرتون مياه عدد 20,23
SHK,6020101012,مصاريف محروقات سيارات,4/8/2026,25000550,قيد يومي,ديزل,20
SHK,6020101010,مصاريف صيانة سيارات,4/8/2026,25000550,قيد يومي,بنشر سيارة رقم 55623-42,2
SHK,6020101015,مصاريف تحميل وتنزيل,4/8/2026,25000550,قيد يومي,باص الشيخ,50
SHK,6020101015,مصاريف تحميل وتنزيل,4/8/2026,25000550,قيد يومي,تحميل وتنزيل ابو محمد,30
SHK,6020101022,مصاريف صيانة عامة,4/8/2026,25000552,قيد يومي,صيانة بورد جك,23.276
SHK,6020101022,مصاريف صيانة عامة,4/8/2026,26101911,قيد يومي,شاحن 8.4 فولت,6.897
SHK,6020101015,مصاريف تحميل وتنزيل,4/6/2026,26006811,قيد يومي,تحميل وتنزيل(Reversal) - 9704,-210
SHK,6010101018,مصاريف قرطاسية ومطبوعات,4/6/2026,26006811,قيد يومي,سحب اوراق(Reversal) - 9704,-5
SHK,6010101014,مصاريف طعام موظفين,4/6/2026,26006811,قيد يومي,طعام موظفين المستودع(Reversal) - 9704,-9.5
SHK,6020101012,مصاريف محروقات سيارات,4/6/2026,26006811,قيد يومي,ديزل(Reversal) - 9704,-15
SHK,6020101011,مصاريف تأمين وترخيص ومخالفات سيارات,4/6/2026,26006811,قيد يومي,مخالفات سيارة رقم 85067-43(Reversal) - 9704,-14.25
SHK,6010101009,مصاريف متفرقة,4/6/2026,26006811,قيد يومي,متفرقة(Reversal) - 9704,-0.75
SHK,6010101018,مصاريف قرطاسية ومطبوعات,4/6/2026,26006811,قيد يومي,ورق(Reversal) - 9704,-30
SHK,6020101010,مصاريف صيانة سيارات,4/6/2026,26006811,قيد يومي,مسحات(Reversal) - 9704,-3
SHK,6020101010,مصاريف صيانة سيارات,4/6/2026,26006811,قيد يومي,دهان صندوق للترخيص + غسيل(Reversal) - 9704,-28
SHK,6010101009,مصاريف متفرقة,4/6/2026,26006811,قيد يومي,طوابع(Reversal) - 9704,-15
SHK,6020101010,مصاريف صيانة سيارات,4/6/2026,26006811,قيد يومي,غسيل + زيت(Reversal) - 9704,-20
SHK,6020101010,مصاريف صيانة سيارات,4/6/2026,26006811,قيد يومي,ف/رقم 204(Reversal) - 9704,-15
SHK,6020101015,مصاريف تحميل وتنزيل,4/6/2026,26006811,قيد يومي,تحميل وتنزيل(Reversal) - 9704,-50
SHK,6020101015,مصاريف تحميل وتنزيل,4/6/2026,26006811,قيد يومي,تحميل وتنزيل(Reversal) - 9704,-190
SHK,6020101015,مصاريف تحميل وتنزيل,4/6/2026,26006811,قيد يومي,تحميل وتنزيل(Reversal) - 9704,-15
SHK,6020101015,مصاريف تحميل وتنزيل,4/6/2026,26006811,قيد يومي,تحميل وتنزيل(Reversal) - 9704,-10
SHK,6010101014,مصاريف طعام موظفين,4/6/2026,26006811,قيد يومي,فطور مستودع سحاب(Reversal) - 9704,-10
SHK,6010101014,مصاريف طعام موظفين,4/6/2026,26006811,قيد يومي,طعام موظفين المستودع(Reversal) - 9704,-15
SHK,6020101015,مصاريف تحميل وتنزيل,4/6/2026,26006811,قيد يومي,عمال البقعة + مشوار العقبة(Reversal) - 9704,-75
SHK,6010101018,مصاريف قرطاسية ومطبوعات,4/6/2026,26006811,قيد يومي,سحب اوراق(Reversal) - 9704,-2.25
SHK,6020101012,مصاريف محروقات سيارات,4/6/2026,26101912,قيد يومي,ديزل,15
SHK,6010101018,مصاريف قرطاسية ومطبوعات,4/6/2026,26101912,قيد يومي,ورق,30
SHK,6010101018,مصاريف قرطاسية ومطبوعات,4/6/2026,26101912,قيد يومي,سحب اوراق,5
SHK,6010101014,مصاريف طعام موظفين,4/6/2026,26101912,قيد يومي,فطور مستودع سحاب,10
SHK,6010101014,مصاريف طعام موظفين,4/6/2026,26101912,قيد يومي,طعام موظفين المستودع,9.5
SHK,6010101014,مصاريف طعام موظفين,4/6/2026,26101912,قيد يومي,طعام موظفين المستودع,15
SHK,6020101015,مصاريف تحميل وتنزيل,4/6/2026,26101912,قيد يومي,تحميل وتنزيل,50
SHK,6020101015,مصاريف تحميل وتنزيل,4/6/2026,26101912,قيد يومي,تحميل وتنزيل,10
SHK,6010101018,مصاريف قرطاسية ومطبوعات,4/6/2026,26101912,قيد يومي,سحب اوراق,2.25
SHK,6010101009,مصاريف متفرقة,4/6/2026,26101912,قيد يومي,متفرقة,0.75
SHK,6020101010,مصاريف صيانة سيارات,4/6/2026,26101912,قيد يومي,مسحات,3
SHK,6020101015,مصاريف تحميل وتنزيل,4/6/2026,26101912,قيد يومي,عمال البقعة + مشوار العقبة,75
SHK,6020101010,مصاريف صيانة سيارات,4/6/2026,26101912,قيد يومي,دهان صندوق للترخيص + غسيل,28
SHK,6010101009,مصاريف متفرقة,4/6/2026,26101912,قيد يومي,طوابع,15
SHK,6020101010,مصاريف صيانة سيارات,4/6/2026,26101912,قيد يومي,غسيل + زيت,20
SHK,6020101010,مصاريف صيانة سيارات,4/6/2026,26101912,قيد يومي,ف/رقم 204,15
SHK,6020101015,مصاريف تحميل وتنزيل,4/6/2026,26101912,قيد يومي,تحميل وتنزيل,190
SHK,6020101015,مصاريف تحميل وتنزيل,4/6/2026,26101912,قيد يومي,تحميل وتنزيل,210
SHK,6020101015,مصاريف تحميل وتنزيل,4/6/2026,26101912,قيد يومي,تحميل وتنزيل,15
SHK,6020101014,خصم مسموح به,4/8/2026,26101916,قيد يومي,,2
SHK,6010101020,مصاريف حكومية,4/8/2026,26101917,قيد يومي,مصاريف طوابع مستشفى حمزة,81.943
SHK,6010101012,مصاريف لوازم مستهلكة,4/8/2026,26101919,قيد يومي,سند قبد 1881,315
SHK,6020101014,خصم مسموح به,4/8/2026,26101923,قيد يومي,خصم مسحوبات 2025 1% اضافي بللاخ الرائع,464
SHK,6020101014,خصم مسموح به,1/1/2026,26101940,قيد يومي,مطابقة لغاية 1-1-2025,2800
SHK,6010101020,مصاريف حكومية,4/12/2026,26101946,قيد يومي,عمولات وطوابع,38.591
SHK,6010101020,مصاريف حكومية,4/12/2026,26101947,قيد يومي,طوابع,36
SHK,6020101012,مصاريف محروقات سيارات,4/12/2026,26007060,قيد يومي,بنزين - معن,50.005
SHK,6010101009,مصاريف متفرقة,4/12/2026,26101951,قيد يومي,طوابع,4.7
SHK,6020101023,مصاريف ايجار,4/12/2026,26101961,قيد يومي,ايجار مستودع محمد ياسر,105
SHK,6020101015,مصاريف تحميل وتنزيل,4/12/2026,26101961,قيد يومي,دفعة راتب عامل شهر 4 - محمد ياسر,50
SHK,6020101010,مصاريف صيانة سيارات,4/12/2026,26101966,قيد يومي,بنشر,2
SHK,6020101010,مصاريف صيانة سيارات,4/12/2026,26101967,قيد يومي,تصليح سيارة ابو حشيش,10
SHK,6020101017,مصاريف شحن سيارات,4/13/2026,26101971,قيد يومي,شحن سيارة جهاد فقوسة,16.4
SHK,6020101014,خصم مسموح به,4/13/2026,26101975,قيد يومي,خصم طوابع,7.2
SHK,6020101014,خصم مسموح به,4/13/2026,26101977,قيد يومي,خ ن ف 26102162,4.4
SHK,6010101009,مصاريف متفرقة,4/13/2026,26101979,قيد يومي,مواقف,5
SHK,6010101018,مصاريف قرطاسية ومطبوعات,4/13/2026,26101979,قيد يومي,سحب اوراق وسحب عقود,4.5
SHK,6020101010,مصاريف صيانة سيارات,4/13/2026,26101979,قيد يومي,غسيل سيارة,3
SHK,6020101010,مصاريف صيانة سيارات,4/13/2026,26101979,قيد يومي,بناشر,4
SHK,6020101015,مصاريف تحميل وتنزيل,4/13/2026,26101979,قيد يومي,اجرة عامل,10
SHK,6010101009,مصاريف متفرقة,4/13/2026,26101979,قيد يومي,مواقف,6.5
SHK,6020101014,خصم مسموح به,4/13/2026,26101986,قيد يومي,بدل توالف 50 كرتونة كاتشب 800 غم,-350
SHK,6020101014,خصم مسموح به,4/13/2026,26101998,قيد يومي,اغلاق فروقات,-47.5
SHK,6020101017,مصاريف شحن سيارات,4/13/2026,26102000,قيد يومي,شحن سيارة لؤي السيد,13.05
SHK,6010101012,مصاريف لوازم مستهلكة,4/13/2026,26102001,قيد يومي,كراسي,54
SHK,6020101023,مصاريف ايجار,4/13/2026,26102002,قيد يومي,ايجار مستودع اربد,600
SHK,6010101012,مصاريف لوازم مستهلكة,4/13/2026,26000737,فاتورة مشتريات,A/P Invoices - LV0000173,1088.942
SHK,6020101008,مصاريف نقل وشحن,4/13/2026,26102014,قيد يومي,اخراج بضاعة من البوندد شيك رقم 15257 حق 20-05-2026,1282
SHK,6020101014,خصم مسموح به,4/13/2026,26102019,قيد يومي,خصم فرق سعر فطر,20.279
SHK,6020101024,مصاريف تخزين بضاعة,4/13/2026,26000740,فاتورة مشتريات,A/P Invoices - LV0000343,726.283
SHK,6020101024,مصاريف تخزين بضاعة,4/13/2026,26000741,فاتورة مشتريات,A/P Invoices - LV0000343,394.479
SHK,6020101024,مصاريف تخزين بضاعة,4/13/2026,26000742,فاتورة مشتريات,A/P Invoices - LV0000343,83.798
SHK,6020101024,مصاريف تخزين بضاعة,4/13/2026,26000743,فاتورة مشتريات,A/P Invoices - LV0000343,97.25
SHK,6020101024,مصاريف تخزين بضاعة,4/13/2026,26000744,فاتورة مشتريات,A/P Invoices - LV0000343,712.233
SHK,6020101024,مصاريف تخزين بضاعة,4/13/2026,26000745,فاتورة مشتريات,A/P Invoices - LV0000343,386.929
SHK,6020101024,مصاريف تخزين بضاعة,4/13/2026,26000746,فاتورة مشتريات,A/P Invoices - LV0000343,40.947
SHK,6020101024,مصاريف تخزين بضاعة,4/13/2026,26000747,فاتورة مشتريات,A/P Invoices - LV0000343,488.35
SHK,6020101024,مصاريف تخزين بضاعة,4/13/2026,26000748,فاتورة مشتريات,A/P Invoices - LV0000343,726.283
SHK,6020101024,مصاريف تخزين بضاعة,4/13/2026,26000749,فاتورة مشتريات,A/P Invoices - LV0000343,41.897
SHK,6020101024,مصاريف تخزين بضاعة,4/13/2026,26000750,فاتورة مشتريات,A/P Invoices - LV0000343,1127.25
SHK,6020101024,مصاريف تخزين بضاعة,4/13/2026,26000751,فاتورة مشتريات,A/P Invoices - LV0000324,51.519
SHK,6020101024,مصاريف تخزين بضاعة,4/13/2026,26000752,فاتورة مشتريات,A/P Invoices - LV0000324,133.402
SHK,6020101023,مصاريف ايجار,4/13/2026,26000753,فاتورة مشتريات,A/P Invoices - LV0000324,1416.667
SHK,6020101024,مصاريف تخزين بضاعة,4/13/2026,26000754,فاتورة مشتريات,A/P Invoices - LV0000324,41.85
SHK,6020101024,مصاريف تخزين بضاعة,4/13/2026,26000755,فاتورة مشتريات,A/P Invoices - LV0000324,57.45
SHK,6020101024,مصاريف تخزين بضاعة,4/13/2026,26000756,فاتورة مشتريات,A/P Invoices - LV0000324,39.85
SHK,6020101024,مصاريف تخزين بضاعة,4/13/2026,26000757,فاتورة مشتريات,A/P Invoices - LV0000324,207.922
SHK,6020101023,مصاريف ايجار,4/13/2026,26000758,فاتورة مشتريات,A/P Invoices - LV0000324,1416.667
SHK,6020101023,مصاريف ايجار,4/13/2026,26000759,فاتورة مشتريات,A/P Invoices - LV0000324,1416.667
SHK,6020101024,مصاريف تخزين بضاعة,4/13/2026,26000760,فاتورة مشتريات,A/P Invoices - LV0000324,211.162
SHK,6020101005,مصاريف تعبئة وتغليف,4/14/2026,26000762,فاتورة مشتريات,A/P Invoices - LV0000347,140
SHK,6020101005,مصاريف تعبئة وتغليف,4/14/2026,26000763,فاتورة مشتريات,A/P Invoices - LV0000347,49
SHK,6020101010,مصاريف صيانة سيارات,4/14/2026,26000764,فاتورة مشتريات,A/P Invoices - LV0000215,68.966
SHK,6010101020,مصاريف حكومية,4/14/2026,26102031,قيد يومي,اقتطاعات عطاء,2
SHK,6010101020,مصاريف حكومية,4/14/2026,26102032,قيد يومي,مصاريف عطاءات وطوابع,15.5
SHK,6010101020,مصاريف حكومية,4/14/2026,26102036,قيد يومي,مصاريف عطاء وطوابع,76
SHK,6010101020,مصاريف حكومية,4/14/2026,26102038,قيد يومي,مصاريف عطاء وطوابع,64.201
SHK,6010101024,مصاريف مواصلات,4/14/2026,26102040,قيد يومي,مواصلات,20
SHK,6010101004,مصاريف ضيافة,4/14/2026,26102040,قيد يومي,مرامية,3
SHK,6020101012,مصاريف محروقات سيارات,4/14/2026,26102040,قيد يومي,محروقات,10
SHK,6010101003,مصاريف النظافة,4/14/2026,26102040,قيد يومي,نظافة,16.55
SHK,6010101024,مصاريف مواصلات,4/14/2026,26102040,قيد يومي,باص الشيخ مشاوير الجنوب,50
SHK,6020101012,مصاريف محروقات سيارات,4/14/2026,26102040,قيد يومي,ف/823,25
SHK,6010101012,مصاريف لوازم مستهلكة,4/14/2026,26102040,قيد يومي,لوازم,11.542
SHK,6010101012,مصاريف لوازم مستهلكة,4/14/2026,26102040,قيد يومي,ف/1970,40.02
SHK,6020101022,مصاريف صيانة عامة,4/14/2026,26102040,قيد يومي,ف/141 صيانة مضخة,25
SHK,6010101012,مصاريف لوازم مستهلكة,4/14/2026,26102040,قيد يومي,ف/14352,40
SHK,6020101012,مصاريف محروقات سيارات,4/14/2026,26102040,قيد يومي,محروقات,5
SHK,6020101010,مصاريف صيانة سيارات,4/14/2026,26102040,قيد يومي,ف/367930,7
SHK,6020101012,مصاريف محروقات سيارات,4/14/2026,26102040,قيد يومي,محروقات,50
SHK,6020101022,مصاريف صيانة عامة,4/14/2026,26102040,قيد يومي,ف/149 لف ماتور,40
SHK,6020101010,مصاريف صيانة سيارات,4/14/2026,26102040,قيد يومي,ف/424,8
SHK,6020101010,مصاريف صيانة سيارات,4/14/2026,26102040,قيد يومي,معدن قياس 12*10,24
SHK,6020101015,مصاريف تحميل وتنزيل,4/14/2026,26102040,قيد يومي,عمال الولاء,20
SHK,6020101015,مصاريف تحميل وتنزيل,4/14/2026,26102040,قيد يومي,تحميل وتنزيل,16
SHK,6020101015,مصاريف تحميل وتنزيل,4/14/2026,26102040,قيد يومي,عمال المفرق,15
SHK,6020101010,مصاريف صيانة سيارات,4/14/2026,26102040,قيد يومي,ف/2023,35
SHK,6020101015,مصاريف تحميل وتنزيل,4/14/2026,26102040,قيد يومي,اجرة عامل يومية 8 ايام,80
SHK,6010101012,مصاريف لوازم مستهلكة,4/14/2026,26102040,قيد يومي,ف/3039,23
SHK,6010101012,مصاريف لوازم مستهلكة,4/14/2026,26102040,قيد يومي,حشوات,46
SHK,6010101020,مصاريف حكومية,4/14/2026,26102043,قيد يومي,طوابع واقتطاعات عطاء,11.3
SHK,6010101020,مصاريف حكومية,4/14/2026,26102044,قيد يومي,ف/628 طوابع,3.5
SHK,6010101020,مصاريف حكومية,4/14/2026,26102044,قيد يومي,ف/464 طوابع,5.2
SHK,6010101020,مصاريف حكومية,4/14/2026,26102044,قيد يومي,ف/627 طوابع,4.4
SHK,6010101020,مصاريف حكومية,4/14/2026,26102044,قيد يومي,ف/465 طوابع,13.3
SHK,6010101026,مصاريف انترنت,4/14/2026,26102050,قيد يومي,مصاريف انترنت,23.2
SHK,6020101013,مصاريف بيعية,4/14/2026,26102050,قيد يومي,بيعية,540
SHK,6010101023,مصاريف سفر واقامة وتنقلات,4/14/2026,26102050,قيد يومي,تأشيرة حسام,350
SHK,6020101013,مصاريف بيعية,4/14/2026,26102050,قيد يومي,بيعية,300
SHK,6010101020,مصاريف حكومية,4/14/2026,26102050,قيد يومي,شهادات منشأ,13.5
SHK,6020101013,مصاريف بيعية,4/14/2026,26102050,قيد يومي,بيعية,50
SHK,6020101008,مصاريف نقل وشحن,4/14/2026,26102050,قيد يومي,شحن وتخليص,285
SHK,6010101022,مصاريف عمولات زين كاش,4/14/2026,26102051,قيد يومي,عمولات زين كاش,0.35
SHK,6020101010,مصاريف صيانة سيارات,4/14/2026,26102051,قيد يومي,ف/292+293,150
SHK,6010101022,مصاريف عمولات زين كاش,4/14/2026,26102051,قيد يومي,عمولات زين كاش,2.8
SHK,6010101021,مصاريف عمولات بنكية,4/14/2026,26102052,قيد يومي,تحويل لزين كاش,0.7
SHK,6010101021,مصاريف عمولات بنكية,4/14/2026,26102052,قيد يومي,تحويل لزين كاش,0.7
SHK,6010101021,مصاريف عمولات بنكية,4/14/2026,26102052,قيد يومي,تحويل لزين كاش,0.7
SHK,6020101018,مصاريف فحص عينات,4/14/2026,26102054,قيد يومي,فحص غذاء ودواء,90.5
SHK,6010101023,مصاريف سفر واقامة وتنقلات,4/14/2026,26000773,فاتورة مشتريات,A/P Invoices - LV0000309,268.35
SHK,6010101021,مصاريف عمولات بنكية,4/14/2026,26102058,قيد يومي,عمولة سحب شيكات,-5
SHK,6010101021,مصاريف عمولات بنكية,4/14/2026,26102058,قيد يومي,عمولات بنكية,3.15
SHK,6020101015,مصاريف تحميل وتنزيل,4/14/2026,26102062,قيد يومي,نضال,15
SHK,6010101021,مصاريف عمولات بنكية,3/31/2026,26007605,قيد يومي,عمولات صفوة رواتب,20.746
SHK,6010101012,مصاريف لوازم مستهلكة,4/15/2026,26102069,قيد يومي,ف/رقم 4314 اكياس نايلون,254.528
SHK,6020101005,مصاريف تعبئة وتغليف,4/15/2026,26102071,قيد يومي,ف/رقم 55 تعبئة بقوليات,245
SHK,6020101005,مصاريف تعبئة وتغليف,4/15/2026,26102072,قيد يومي,ف/رقم 114تعبئة بقوليات,175
SHK,6020101005,مصاريف تعبئة وتغليف,4/15/2026,26102073,قيد يومي,ف/رقم 114تعبئة بقوليات,70
SHK,6010101009,مصاريف متفرقة,4/9/2026,26102074,قيد يومي,متفرقة,150.35
SHK,6010101021,مصاريف عمولات بنكية,4/12/2026,26102075,قيد يومي,عمولات على خطاب ضمان,93.61
SHK,6010101021,مصاريف عمولات بنكية,4/12/2026,26102075,قيد يومي,طوابع على خطاب ضمان,62
SHK,6010101021,مصاريف عمولات بنكية,4/12/2026,26102075,قيد يومي,عمولات سحب شيك,5
SHK,6010101021,مصاريف عمولات بنكية,4/12/2026,26102075,قيد يومي,عمولة,10
SHK,6020101014,خصم مسموح به,4/15/2026,26102079,قيد يومي,خ ن ف 26102090,2.5
SHK,6010101021,مصاريف عمولات بنكية,4/15/2026,26102081,قيد يومي,عمولات,0.35
SHK,6010101021,مصاريف عمولات بنكية,4/15/2026,26102081,قيد يومي,عمولات,0.35
SHK,6010101021,مصاريف عمولات بنكية,4/15/2026,26102081,قيد يومي,عمولات,0.35
SHK,6020101010,مصاريف صيانة سيارات,4/15/2026,26102082,قيد يومي,بنشر,3
SHK,6010101014,مصاريف طعام موظفين,4/15/2026,26102083,قيد يومي,فطور مستودع سحاب,7
SHK,6020101012,مصاريف محروقات سيارات,4/15/2026,26102083,قيد يومي,ديزل,10
SHK,6010101004,مصاريف ضيافة,4/15/2026,26102083,قيد يومي,زهورات,7.5
SHK,6020101010,مصاريف صيانة سيارات,4/15/2026,26102083,قيد يومي,غيار زيت,2
SHK,6020101015,مصاريف تحميل وتنزيل,4/15/2026,26102083,قيد يومي,تحميل وتنزيل,10.4
SHK,6020101010,مصاريف صيانة سيارات,4/15/2026,26102083,قيد يومي,كيبل,7
SHK,6020101015,مصاريف تحميل وتنزيل,4/15/2026,26102083,قيد يومي,تحميل وتنزيل,100
SHK,6020101015,مصاريف تحميل وتنزيل,4/15/2026,26102083,قيد يومي,اكرامية سامر سفيان,20
SHK,6010101004,مصاريف ضيافة,4/15/2026,26102084,قيد يومي,كاسات ورقية,30.3
SHK,6020101022,مصاريف صيانة عامة,4/15/2026,26102085,قيد يومي,صيانة طابعة,1.724
SHK,6010101012,مصاريف لوازم مستهلكة,4/15/2026,26102087,قيد يومي,ف/رقم 625484,8.5
SHK,6010101012,مصاريف لوازم مستهلكة,4/15/2026,26007646,قيد يومي,ف/رقم 625484(Reversal) - 10950,-8.5
SHK,6020101014,خصم مسموح به,4/15/2026,26102100,قيد يومي,خ ن كشف مرفق,26.812
SHK,6020101014,خصم مسموح به,2/20/2026,26102101,قيد يومي,علف,-1815
SHK,6010101012,مصاريف لوازم مستهلكة,4/11/2026,26102103,قيد يومي,شيك رقم 15267 عن ف/رقم 44590,988.28
SHK,6010101009,مصاريف متفرقة,4/15/2026,26102106,قيد يومي,طوابع,4.9
SHK,6010101009,مصاريف متفرقة,4/12/2026,26007686,قيد يومي,طوابع(Reversal) - 10207,-4.7
SHK,6010101009,مصاريف متفرقة,4/12/2026,26102107,قيد يومي,طوابع,4.7
SHK,6020101003,مصاريف تصدير,4/16/2026,26102112,قيد يومي,تصدير,50.95
SHK,6020101003,مصاريف تصدير,4/16/2026,26102113,قيد يومي,تصدير,44.9
SHK,6010101022,مصاريف عمولات زين كاش,4/16/2026,26102115,قيد يومي,تحميل وتنزيل,0.35
SHK,6020101015,مصاريف تحميل وتنزيل,4/16/2026,26102115,قيد يومي,تحميل وتنزيل,35
SHK,6010101022,مصاريف عمولات زين كاش,4/16/2026,26102116,قيد يومي,عمولات,0.7
SHK,6010101022,مصاريف عمولات زين كاش,4/16/2026,26102116,قيد يومي,عمولات,0.7
SHK,6010101022,مصاريف عمولات زين كاش,4/16/2026,26102116,قيد يومي,عمولات,0.7
SHK,6010101022,مصاريف عمولات زين كاش,4/16/2026,26102116,قيد يومي,عمولات,0.7
SHK,6010101022,مصاريف عمولات زين كاش,4/16/2026,26102117,قيد يومي,دفعة لمخبز الهلسة,0.35
SHK,6010101022,مصاريف عمولات زين كاش,4/16/2026,26102119,قيد يومي,بيعية,0.35
SHK,6020101013,مصاريف بيعية,4/16/2026,26102119,قيد يومي,بيعية,500
SHK,6010101022,مصاريف عمولات زين كاش,4/16/2026,26102122,قيد يومي,غسيل مع تشحيم,0.35
SHK,6020101010,مصاريف صيانة سيارات,4/16/2026,26102122,قيد يومي,غسيل مع تشحيم,17
SHK,6010101020,مصاريف حكومية,4/16/2026,26102123,قيد يومي,تشجيع استثمار,50.5
SHK,6010101020,مصاريف حكومية,4/16/2026,26102124,قيد يومي,جمارك,30.5
SHK,6010101020,مصاريف حكومية,4/16/2026,26102125,قيد يومي,جمارك,30.5
SHK,6010101020,مصاريف حكومية,4/16/2026,26102126,قيد يومي,تشجيع استثمار,50.5
SHK,6010101020,مصاريف حكومية,4/16/2026,26102127,قيد يومي,جمارك,30.5
SHK,6020101003,مصاريف تصدير,4/16/2026,26102130,قيد يومي,منشا,16.5
SHK,6020101019,مصاريف منسقين,4/16/2026,26102131,قيد يومي,منسق جرش مول,30.35
SHK,6010101028,مصاريف رسوم شهرية واشتراكات,4/16/2026,26102132,قيد يومي,رسوم انتساب نقابة التجار,200.35
SHK,6010101020,مصاريف حكومية,4/16/2026,26102133,قيد يومي,جمارك,30.5
SHK,6010101020,مصاريف حكومية,4/16/2026,26102137,قيد يومي,طوابع عطاءات,15.9
SHK,6010101010,مصاريف تأمين,4/16/2026,26000793,فاتورة مشتريات,A/P Invoices - LV0000299,2740.586
SHK,6010101020,مصاريف حكومية,4/16/2026,26102139,قيد يومي,جمارك,30.5
SHK,6020101003,مصاريف تصدير,4/16/2026,26102140,قيد يومي,منشأ,59.5
SHK,6010101012,مصاريف لوازم مستهلكة,4/16/2026,26000794,فاتورة مشتريات,A/P Invoices - LV0000309,1258.6
SHK,6020101009,مصاريف خصم مسموح به,4/16/2026,26102141,قيد يومي,خصم جميد,-35.5
SHK,6010101009,مصاريف متفرقة,4/19/2026,26102143,قيد يومي,طوابع,23.9
SHK,6010101014,مصاريف طعام موظفين,4/19/2026,26102151,قيد يومي,طعام قسم الصيانة,10
SHK,6010101009,مصاريف متفرقة,4/19/2026,26102152,قيد يومي,صيانة سيارة حسام البستنجي,0.35
SHK,6020101010,مصاريف صيانة سيارات,4/19/2026,26102152,قيد يومي,صيانة سيارة حسام البستنجي,90
SHK,6010101022,مصاريف عمولات زين كاش,4/19/2026,26102153,قيد يومي,مصاريف متفرقة - حسام البستنجي,0.35
SHK,6010101009,مصاريف متفرقة,4/19/2026,26102153,قيد يومي,مصاريف متفرقة - حسام البستنجي,130
SHK,6010101022,مصاريف عمولات زين كاش,4/19/2026,26102157,قيد يومي,مصاريف بريد,0.35
SHK,6020101020,مصاريف بريد,4/19/2026,26102157,قيد يومي,مصاريف بريد,85
SHK,6020101014,خصم مسموح به,4/19/2026,26102161,قيد يومي,فرق احتساب ف 26102560,9
SHK,6020101014,خصم مسموح به,4/19/2026,26102164,قيد يومي,خصم,200
SHK,6010101004,مصاريف ضيافة,4/20/2026,26102169,قيد يومي,لبن وبيبسي,4.35
SHK,6010101012,مصاريف لوازم مستهلكة,4/20/2026,26102169,قيد يومي,جرة غاز,7
SHK,6010101003,مصاريف النظافة,4/20/2026,26102169,قيد يومي,مكب البيض وعرباي,15
SHK,6010101004,مصاريف ضيافة,4/20/2026,26102169,قيد يومي,نسكافيه,6.5
SHK,6010101004,مصاريف ضيافة,4/20/2026,26102169,قيد يومي,سدر زرب,25
SHK,6010101012,مصاريف لوازم مستهلكة,4/20/2026,26102169,قيد يومي,جرة غاز,7
SHK,6010101004,مصاريف ضيافة,4/20/2026,26102169,قيد يومي,نص خاروف,88
SHK,6020101012,مصاريف محروقات سيارات,4/20/2026,26102169,قيد يومي,محروقات,10
SHK,6020101015,مصاريف تحميل وتنزيل,4/20/2026,26102169,قيد يومي,حساب باص الشيخ,40
SHK,6020101015,مصاريف تحميل وتنزيل,4/20/2026,26102169,قيد يومي,تحميل وتنزيل,10
SHK,6020101010,مصاريف صيانة سيارات,4/20/2026,26102169,قيد يومي,بناشر,2
SHK,6020101010,مصاريف صيانة سيارات,4/20/2026,26102169,قيد يومي,غسيل سيارة,2
SHK,6010101012,مصاريف لوازم مستهلكة,4/20/2026,26102169,قيد يومي,جرة غاز,14
SHK,6010101012,مصاريف لوازم مستهلكة,4/20/2026,26102170,قيد يومي,جرة غاز,7
SHK,6020101022,مصاريف صيانة عامة,4/20/2026,26000798,فاتورة مشتريات,A/P Invoices - LV0000104,208.621
SHK,6010101002,مصاريف الضمان الاجتماعي - الادراة,3/31/2026,26102172,قيد يومي,راتب شهر 03,-4045.94
SHK,6010101001,مصاريف ورواتب وأجور- الادارة,3/31/2026,26102172,قيد يومي,راتب شهر 03,24187.84
SHK,6010101002,مصاريف الضمان الاجتماعي - الادراة,3/31/2026,26102173,قيد يومي,راتب شهر 03,-4045.94
SHK,6010101001,مصاريف ورواتب وأجور- الادارة,3/31/2026,26102173,قيد يومي,راتب شهر 03,24187.84
SHK,6010101001,مصاريف ورواتب وأجور- الادارة,3/31/2026,26008029,قيد يومي,راتب شهر 03(Reversal) - 11439,-24187.84
SHK,6010101002,مصاريف الضمان الاجتماعي - الادراة,3/31/2026,26008029,قيد يومي,راتب شهر 03(Reversal) - 11439,4045.94
SHK,6010101002,مصاريف الضمان الاجتماعي - الادراة,3/31/2026,26102175,قيد يومي,راتب شهر 03,2650.79
SHK,6010101001,مصاريف ورواتب وأجور- الادارة,3/31/2026,26102175,قيد يومي,راتب شهر 03,24187.84
SHK,6020101017,مصاريف شحن سيارات,4/20/2026,26102184,قيد يومي,شحن كهرباء,19.35
SHK,6020101017,مصاريف شحن سيارات,4/20/2026,26102184,قيد يومي,كهرباء سيارة جهاد,16.61
SHK,6020101014,خصم مسموح به,4/20/2026,26102186,قيد يومي,خ نقدي,48.145
SHK,6020101014,خصم مسموح به,4/20/2026,26102187,قيد يومي,الغاء قيد 26102186,-1.095
SHK,6020101017,مصاريف شحن سيارات,4/20/2026,26102194,قيد يومي,كهرباء سيارة امجد زكي,75
SHK,6020101010,مصاريف صيانة سيارات,4/20/2026,26102194,قيد يومي,ف/562 دورة اسئل تبريد,20
SHK,6020101014,خصم مسموح به,4/9/2026,26102195,قيد يومي,خصم,87.282
SHK,6020101017,مصاريف شحن سيارات,4/20/2026,26102196,قيد يومي,شحن سيارة سفيان,7.5
SHK,6020101014,خصم مسموح به,4/9/2026,26008076,قيد يومي,خصم(Reversal) - 11525,-87.282
SHK,6020101014,خصم مسموح به,4/19/2026,26008077,قيد يومي,خصم,-87.282
SHK,6020101014,خصم مسموح به,4/20/2026,26102197,قيد يومي,خصم 4% دفعات العقرباوية,503.731
SHK,6010101020,مصاريف حكومية,4/20/2026,26102201,قيد يومي,رسوم رخص ومخطط,15
SHK,6010101025,مصاريف هاتف,4/20/2026,26102203,قيد يومي,هاتف خلوي,161.509
SHK,6010101004,مصاريف ضيافة,4/20/2026,26102203,قيد يومي,طعام موظفين,12.5
SHK,6020101017,مصاريف شحن سيارات,4/20/2026,26102208,قيد يومي,شحن سيارة لؤي,18.4
SHK,6020101012,مصاريف محروقات سيارات,4/20/2026,26102209,قيد يومي,محروقات,20
SHK,6020101015,مصاريف تحميل وتنزيل,4/20/2026,26102209,قيد يومي,جعفر ابو سمرة,50
SHK,6020101010,مصاريف صيانة سيارات,4/20/2026,26102212,قيد يومي,تصليح,1
SHK,6010101020,مصاريف حكومية,4/20/2026,26102220,قيد يومي,طوابع حكومية,9.9
SHK,6020101012,مصاريف محروقات سيارات,4/20/2026,26102223,قيد يومي,محروقات,49
SHK,6010101020,مصاريف حكومية,4/20/2026,26102225,قيد يومي,طوابع,2.65
SHK,6010101021,مصاريف عمولات بنكية,4/19/2026,26102227,قيد يومي,عمولات شيك راجع رقم 15046,20
SHK,6020101011,مصاريف تأمين وترخيص ومخالفات سيارات,4/22/2026,26008189,قيد يومي,ترخيص سيارة رقم 85067-43,83.8
SHK,6020101011,مصاريف تأمين وترخيص ومخالفات سيارات,4/22/2026,26008190,قيد يومي,تأمين سيارة رقم 49947-46 اسوزو,149.4
SHK,6020101015,مصاريف تحميل وتنزيل,4/22/2026,26008191,قيد يومي,اكرامية ابو محمد,20
SHK,6020101015,مصاريف تحميل وتنزيل,4/22/2026,26008193,قيد يومي,عيد المصري,2665
SHK,6010101004,مصاريف ضيافة,4/22/2026,26008196,قيد يومي,عصير,3.2
SHK,6020101014,خصم مسموح به,4/22/2026,26102236,قيد يومي,خصم مردود رقم 260502,18.695
SHK,6020101003,مصاريف تصدير,4/22/2026,26102245,قيد يومي,شيك رقم 15317,1171.5
SHK,6020101014,خصم مسموح به,4/8/2026,26102251,قيد يومي,علف,-1815
SHK,6020101015,مصاريف تحميل وتنزيل,4/23/2026,26102255,قيد يومي,نضال,27.144
SHK,6010101022,مصاريف عمولات زين كاش,4/20/2026,26102258,قيد يومي,تحويل للبنك من زين كاش,0.35
SHK,6010101022,مصاريف عمولات زين كاش,4/23/2026,26102259,قيد يومي,بيعية,0.35
SHK,6020101013,مصاريف بيعية,4/23/2026,26102259,قيد يومي,بيعية,1000
SHK,6010101021,مصاريف عمولات بنكية,4/23/2026,26102261,قيد يومي,تحويل من البنك لزين كاش,0.7
SHK,6010101022,مصاريف عمولات زين كاش,4/23/2026,26102263,قيد يومي,اجور تركيب انتركم,0.35
SHK,6010101012,مصاريف لوازم مستهلكة,4/23/2026,26102263,قيد يومي,اجور تركيب انتركم,50
SHK,6010101012,مصاريف لوازم مستهلكة,4/23/2026,26102263,قيد يومي,انتركم,86.207
SHK,6020101012,مصاريف محروقات سيارات,4/23/2026,26102270,قيد يومي,بنزين,4.85
SHK,6020101017,مصاريف شحن سيارات,4/23/2026,26102270,قيد يومي,شحن مركبة,2.6
SHK,6020101017,مصاريف شحن سيارات,4/23/2026,26102271,قيد يومي,شحن سيارة سفيان,80
SHK,6010101022,مصاريف عمولات زين كاش,4/23/2026,26102273,قيد يومي,عمولة تحويل زين كاش,2.25
SHK,6010101021,مصاريف عمولات بنكية,4/23/2026,26102274,قيد يومي,عمولة سحب ابراج عمان,3
SHK,6020101011,مصاريف تأمين وترخيص ومخالفات سيارات,4/23/2026,26102279,قيد يومي,مخالفة,15
SHK,6010101024,مصاريف مواصلات,4/23/2026,26102280,قيد يومي,تاكسي,3
SHK,6020101022,مصاريف صيانة عامة,4/23/2026,26102280,قيد يومي,اجرة صيانة ستاندات مستودع سحاب,40
SHK,6020101022,مصاريف صيانة عامة,4/23/2026,26102280,قيد يومي,غياز زيت + غيار قاعدة خلفية  رافعة,40
SHK,6010101012,مصاريف لوازم مستهلكة,4/23/2026,26102280,قيد يومي,براغي + مفك,36
SHK,6020101017,مصاريف شحن سيارات,4/23/2026,26102280,قيد يومي,شحن سيارة رقم 46436-37,2
SHK,6020101022,مصاريف صيانة عامة,4/23/2026,26102280,قيد يومي,صيانة رافعة المستودع,75
SHK,6020101015,مصاريف تحميل وتنزيل,4/23/2026,26102280,قيد يومي,سامر سفيان بدل دوام الجمعة,10
SHK,6020101010,مصاريف صيانة سيارات,4/23/2026,26102280,قيد يومي,بنشر,2
SHK,6020101015,مصاريف تحميل وتنزيل,4/23/2026,26102280,قيد يومي,تحميل وتنزيل,10
SHK,6020101015,مصاريف تحميل وتنزيل,4/23/2026,26102280,قيد يومي,اكراميات,10
SHK,6010101012,مصاريف لوازم مستهلكة,4/23/2026,26102281,قيد يومي,ف/رقم 5011 لبادة,4.31
SHK,6010101022,مصاريف عمولات زين كاش,4/23/2026,26102282,قيد يومي,تحميل وتنزيل الولاء,0.35
SHK,6020101015,مصاريف تحميل وتنزيل,4/23/2026,26102282,قيد يومي,تحميل وتنزيل الولاء,45
SHK,6010101012,مصاريف لوازم مستهلكة,4/23/2026,26102284,قيد يومي,ف/رقم 240 بكرة كمبرسر + قشاط + بكرة عيار,60
SHK,6020101003,مصاريف تصدير,3/12/2026,26008302,قيد يومي,مصاريف تصدير(Reversal) - 7363,-100
SHK,6020101003,مصاريف تصدير,3/12/2026,26008302,قيد يومي,مصاريف تصدير(Reversal) - 7363,-88
SHK,6020101003,مصاريف تصدير,3/12/2026,26008302,قيد يومي,مصاريف تصدير(Reversal) - 7363,-31
SHK,6020101003,مصاريف تصدير,3/12/2026,26008302,قيد يومي,مصاريف تصدير(Reversal) - 7363,-114
SHK,6020101003,مصاريف تصدير,3/12/2026,26008302,قيد يومي,مصاريف تصدير(Reversal) - 7363,-79
SHK,6020101003,مصاريف تصدير,3/12/2026,26008302,قيد يومي,مصاريف تصدير(Reversal) - 7363,-69.5
SHK,6020101003,مصاريف تصدير,3/12/2026,26008302,قيد يومي,مصاريف تصدير(Reversal) - 7363,-36
SHK,6020101003,مصاريف تصدير,3/12/2026,26008303,قيد يومي,مصاريف تصدير,88
SHK,6020101003,مصاريف تصدير,3/12/2026,26008303,قيد يومي,مصاريف تصدير,31
SHK,6020101003,مصاريف تصدير,3/12/2026,26008303,قيد يومي,مصاريف تصدير,114
SHK,6020101003,مصاريف تصدير,3/12/2026,26008303,قيد يومي,مصاريف تصدير,79
SHK,6020101003,مصاريف تصدير,3/12/2026,26008303,قيد يومي,مصاريف تصدير,79
SHK,6020101003,مصاريف تصدير,3/12/2026,26008303,قيد يومي,مصاريف تصدير,100
SHK,6020101003,مصاريف تصدير,3/12/2026,26008303,قيد يومي,مصاريف تصدير,36
SHK,6020101015,مصاريف تحميل وتنزيل,4/23/2026,26102285,قيد يومي,بدل تحميل 165 طن سكر 2.5 للطن,412.5
SHK,6020101003,مصاريف تصدير,4/4/2026,26102286,قيد يومي,رسوم جمركية + تخليص,87
SHK,6010101004,مصاريف ضيافة,4/23/2026,26102288,قيد يومي,قهوة 3 كغم,33
SHK,6010101009,مصاريف متفرقة,4/23/2026,26102290,قيد يومي,طوابع,3.9
SHK,6020101015,مصاريف تحميل وتنزيل,4/23/2026,26102291,قيد يومي,نضال,20
SHK,6010101022,مصاريف عمولات زين كاش,4/23/2026,26102292,قيد يومي,ف/رقم 326766 مكانس عدد 120,0.35
SHK,6010101003,مصاريف النظافة,4/23/2026,26102292,قيد يومي,ف/رقم 326766 مكانس عدد 120,236.779
SHK,6010101022,مصاريف عمولات زين كاش,4/23/2026,26102293,قيد يومي,دفعة مساهمة وطنية,1
SHK,6010101021,مصاريف عمولات بنكية,4/23/2026,26102296,قيد يومي,عمولات,0.5
SHK,6010101003,مصاريف النظافة,4/23/2026,26102298,قيد يومي,نظافة,50
SHK,6010101007,مصاريف مياه,4/23/2026,26102298,قيد يومي,مياه,10
SHK,6010101024,مصاريف مواصلات,4/23/2026,26102298,قيد يومي,سرفيس الكرك,3
SHK,6010101024,مصاريف مواصلات,4/23/2026,26102298,قيد يومي,مواقف,6.5
SHK,6010101024,مصاريف مواصلات,4/23/2026,26102298,قيد يومي,مواقف,4
SHK,6020101015,مصاريف تحميل وتنزيل,4/23/2026,26102298,قيد يومي,عامل,10
SHK,6010101009,مصاريف متفرقة,4/23/2026,26102298,قيد يومي,سحب اوراق,3.8
SHK,6020101010,مصاريف صيانة سيارات,4/23/2026,26102298,قيد يومي,بنشر,3.5
SHK,6020101014,خصم مسموح به,4/26/2026,26102302,قيد يومي,خصم فرق سعر على ف/رقم 22,-71
SHK,6010101021,مصاريف عمولات بنكية,4/22/2026,26102304,قيد يومي,عمولة شيك معاد,20
SHK,6020101014,خصم مسموح به,4/26/2026,26102309,قيد يومي,فرق احتساب ف 26101663,17.28
SHK,6010101004,مصاريف ضيافة,4/26/2026,26008461,قيد يومي,قهوة + شاي مكتب المقابلين,23.64
SHK,6010101018,مصاريف قرطاسية ومطبوعات,4/26/2026,26008461,قيد يومي,قرطاسية المكتب,6
SHK,6010101004,مصاريف ضيافة,4/26/2026,26008461,قيد يومي,مياه + كاسات كرتون للمكتب,3.5
SHK,6020101010,مصاريف صيانة سيارات,4/26/2026,26008461,قيد يومي,غسيل سيارة امجد زكي,4
SHK,6020101014,خصم مسموح به,4/26/2026,26008466,قيد يومي,فرق احتساب ف 26101663(Reversal) - 12042,-17.28
SHK,6020101014,خصم مسموح به,4/26/2026,26102314,قيد يومي,فرق احتساب ف 26101663,17.32
SHK,6020101014,خصم مسموح به,4/26/2026,26102316,قيد يومي,خ ن كشف مرفق,12.452
SHK,6020101014,خصم مسموح به,4/26/2026,26102318,قيد يومي,علف,-752.4
SHK,6020101014,خصم مسموح به,4/26/2026,26102319,قيد يومي,بدل توالف,-25
SHK,6020101014,خصم مسموح به,4/26/2026,26102329,قيد يومي,خصم نقدي كشف مرفق,4.98
SHK,6020101010,مصاريف صيانة سيارات,4/26/2026,26102332,قيد يومي,غسيل سيارة ابو حشيش,5
SHK,6020101017,مصاريف شحن سيارات,4/26/2026,26102336,قيد يومي,شحن سيارة لؤي السيد,13.4
SHK,6020101017,مصاريف شحن سيارات,4/26/2026,26102339,قيد يومي,شحن سيارة جهاد فقوسه,16.15
SHK,6020101010,مصاريف صيانة سيارات,4/27/2026,26102348,قيد يومي,صيانة سيارة ابو لؤي,46
SHK,6020101011,مصاريف تأمين وترخيص ومخالفات سيارات,4/27/2026,26102361,قيد يومي,ترخيص,65.75
SHK,6020101012,مصاريف محروقات سيارات,4/27/2026,26102361,قيد يومي,ديزل,10
SHK,6010101009,مصاريف متفرقة,4/27/2026,26102361,قيد يومي,دفع مخالفات,2.75
SHK,6020101015,مصاريف تحميل وتنزيل,4/27/2026,26102361,قيد يومي,تحميل وتنزيل مشوار العقبة,20
SHK,6020101011,مصاريف تأمين وترخيص ومخالفات سيارات,4/27/2026,26102366,قيد يومي,نرخيص,63.5
SHK,6010101009,مصاريف متفرقة,4/27/2026,26102366,قيد يومي,عمولات دفع مخالفات,7.75
SHK,6020101011,مصاريف تأمين وترخيص ومخالفات سيارات,4/27/2026,26102366,قيد يومي,مخالفات,38
SHK,6020101010,مصاريف صيانة سيارات,4/27/2026,26102367,قيد يومي,ديفينول 15-40 20 لتر,217.241
SHK,6010101012,مصاريف لوازم مستهلكة,4/27/2026,26102369,قيد يومي,عازل فيبر + تب,327.156
SHK,6020101011,مصاريف تأمين وترخيص ومخالفات سيارات,4/27/2026,26102370,قيد يومي,تأمين سيارة رقم 93644-46,89.24
SHK,6010101009,مصاريف متفرقة,4/27/2026,26102371,قيد يومي,عمولة دفع مخالفات,0.25
SHK,6020101011,مصاريف تأمين وترخيص ومخالفات سيارات,4/27/2026,26102372,قيد يومي,تامين,46.4
SHK,6020101011,مصاريف تأمين وترخيص ومخالفات سيارات,4/27/2026,26102372,قيد يومي,تامين,63.55
SHK,6020101011,مصاريف تأمين وترخيص ومخالفات سيارات,4/27/2026,26102373,قيد يومي,تامين سيارة رقم 44725-36,157.44
SHK,6020101011,مصاريف تأمين وترخيص ومخالفات سيارات,4/27/2026,26102374,قيد يومي,تامين سيارة رقم 44725-36,46.4
SHK,6020101011,مصاريف تأمين وترخيص ومخالفات سيارات,4/27/2026,26102374,قيد يومي,مخالفات  سيارة رقم 44725-36,86.25
SHK,6010101014,مصاريف طعام موظفين,4/27/2026,26102376,قيد يومي,غداء شباب المستودع بدل 15 طن سكر,10
SHK,6010101004,مصاريف ضيافة,4/27/2026,26102379,قيد يومي,نسكافيه + مياه,30.5
SHK,6020101010,مصاريف صيانة سيارات,4/27/2026,26102379,قيد يومي,صيانة سيارة,40
SHK,6020101015,مصاريف تحميل وتنزيل,4/27/2026,26102379,قيد يومي,بدل جوام يوم الجمعة,10
SHK,6010101012,مصاريف لوازم مستهلكة,4/27/2026,26102380,قيد يومي,مزيل صدا + مشرط ف/رقم 2014,31.466
SHK,6020101022,مصاريف صيانة عامة,4/27/2026,26102381,قيد يومي,صيانة عامة,28.448
SHK,6010101009,مصاريف متفرقة,4/27/2026,26008616,قيد يومي,عمولة دفع مخالفات(Reversal) - 12238,-0.25
SHK,6010101009,مصاريف متفرقة,4/27/2026,26102389,قيد يومي,عمولة دفع مخالفات,0.25
SHK,6010101002,مصاريف الضمان الاجتماعي - الادراة,3/31/2026,26008642,قيد يومي,راتب شهر 03(Reversal) - 11440,4045.94
SHK,6010101001,مصاريف ورواتب وأجور- الادارة,3/31/2026,26008642,قيد يومي,راتب شهر 03(Reversal) - 11440,-24187.84
SHK,6010101022,مصاريف عمولات زين كاش,4/28/2026,26102392,قيد يومي,دفعة من حساب عيد,0.35
SHK,6020101015,مصاريف تحميل وتنزيل,4/28/2026,26102392,قيد يومي,دفعة من حساب عيد,353
SHK,6010101022,مصاريف عمولات زين كاش,4/28/2026,26102393,قيد يومي,تحويل لسمير العنزي,0.35
SHK,6010101022,مصاريف عمولات زين كاش,4/28/2026,26102394,قيد يومي,دفعة لشركة نماذج الكمبيوتر,0.35
SHK,6010101022,مصاريف عمولات زين كاش,4/28/2026,26102395,قيد يومي,دفعة لمخبز يوسف هلالات,0.35
SHK,6010101025,مصاريف هاتف,4/28/2026,26102397,قيد يومي,اتصالات,18.09
SHK,6010101025,مصاريف هاتف,4/28/2026,26102397,قيد يومي,اتصالات,18.09
SHK,6010101020,مصاريف حكومية,4/28/2026,26102399,قيد يومي,جمارك,30.5
SHK,6010101022,مصاريف عمولات زين كاش,4/26/2026,26102400,قيد يومي,تحويل للبنك من زين كاش,0.35
SHK,6010101020,مصاريف حكومية,4/28/2026,26102401,قيد يومي,جمارك,30.5
SHK,6020101003,مصاريف تصدير,4/28/2026,26102402,قيد يومي,منشا,4.5
SHK,6010101020,مصاريف حكومية,4/28/2026,26102403,قيد يومي,جمارك,2.2
SHK,6010101021,مصاريف عمولات بنكية,4/28/2026,26102404,قيد يومي,تحويل من البنك لزين كاش,0.7
SHK,6010101021,مصاريف عمولات بنكية,4/28/2026,26102407,قيد يومي,عمولات,0.5
SHK,6010101022,مصاريف عمولات زين كاش,4/28/2026,26102408,قيد يومي,تحميل وتنزيل الولاء,0.35
SHK,6020101015,مصاريف تحميل وتنزيل,4/28/2026,26102408,قيد يومي,تحميل وتنزيل الولاء,35
SHK,6010101022,مصاريف عمولات زين كاش,4/28/2026,26102409,قيد يومي,سلفة عمل بيد حسام الدرابيع,0.35
SHK,6010101022,مصاريف عمولات زين كاش,4/28/2026,26102409,قيد يومي,سلفة عمل بيد حسام الدرابيع,0.35
SHK,6010101018,مصاريف قرطاسية ومطبوعات,4/28/2026,26000849,فاتورة مشتريات,A/P Invoices - LV0000109,33.621
SHK,6010101009,مصاريف متفرقة,4/29/2026,26102415,قيد يومي,طوابع,26.274
SHK,6010101009,مصاريف متفرقة,4/29/2026,26102417,قيد يومي,طوابع,27.4
SHK,6010101009,مصاريف متفرقة,4/29/2026,26102418,قيد يومي,طوابع,27.6
SHK,6020101014,خصم مسموح به,4/28/2026,26102419,قيد يومي,خصم نقدي كشف مرفق,29.751
SHK,6010101025,مصاريف هاتف,4/29/2026,26102427,قيد يومي,هاتف اورنج,12.74
SHK,6010101025,مصاريف هاتف,4/29/2026,26102427,قيد يومي,هاتف اورنج,7.64
SHK,6010101026,مصاريف انترنت,4/29/2026,26102427,قيد يومي,انترنت اورنج,31.7
SHK,6010101025,مصاريف هاتف,4/29/2026,26102427,قيد يومي,هاتف اورنج,14.21
SHK,6010101009,مصاريف متفرقة,4/29/2026,26102430,قيد يومي,طوابع,2.9
SHK,6020101011,مصاريف تأمين وترخيص ومخالفات سيارات,4/29/2026,26102431,قيد يومي,ترخيص,97.8
SHK,6010101012,مصاريف لوازم مستهلكة,4/29/2026,26102431,قيد يومي,جرة غاز عدد 5,35
SHK,6020101010,مصاريف صيانة سيارات,4/29/2026,26102431,قيد يومي,غيار زيت + فلتر زيت + غسيل,75
SHK,6020101010,مصاريف صيانة سيارات,4/29/2026,26102431,قيد يومي,بنشر + فردة كوشوك,28
SHK,6010101009,مصاريف متفرقة,4/29/2026,26102431,قيد يومي,كلبسات,1
SHK,6010101022,مصاريف عمولات زين كاش,4/29/2026,26102434,قيد يومي,مصاريف سفر نور الى السعودية,0.35
SHK,6010101023,مصاريف سفر واقامة وتنقلات,4/29/2026,26102434,قيد يومي,مصاريف سفر نور الى السعودية,290
SHK,6010101023,مصاريف سفر واقامة وتنقلات,4/29/2026,26102434,قيد يومي,مصاريف سفر نور الى السعودية,300
SHK,6010101022,مصاريف عمولات زين كاش,4/29/2026,26102436,قيد يومي,خدمات مكتب المقابلين,0.35
SHK,6010101009,مصاريف متفرقة,4/29/2026,26102436,قيد يومي,خدمات مكتب المقابلين,75
SHK,6010101021,مصاريف عمولات بنكية,4/29/2026,26008901,قيد يومي,تحويل من البنك لزين كاش,0.5
SHK,6010101022,مصاريف عمولات زين كاش,5/3/2026,26008902,قيد يومي,دفعة للضمان,1.5
SHK,6010101022,مصاريف عمولات زين كاش,5/3/2026,26008905,قيد يومي,دفعة لضريبة الدخل,2
SHK,6010101021,مصاريف عمولات بنكية,4/27/2026,26102437,قيد يومي,عمولات,2
SHK,6010101021,مصاريف عمولات بنكية,4/27/2026,26102437,قيد يومي,عمولة شيك معاد رقم 14903,20
SHK,6010101021,مصاريف عمولات بنكية,4/27/2026,26102437,قيد يومي,عمولة شيك معاد رقم 14773,20
SHK,6010101021,مصاريف عمولات بنكية,4/27/2026,26102437,قيد يومي,عمولة شيك معاد رقم 14429,20
SHK,6010101021,مصاريف عمولات بنكية,4/26/2026,26102438,قيد يومي,عمولات,9.87
SHK,6010101021,مصاريف عمولات بنكية,4/26/2026,26008917,قيد يومي,عمولات(Reversal) - 12666,-9.87
SHK,6010101021,مصاريف عمولات بنكية,4/26/2026,26102439,قيد يومي,عمولات,6.997
SHK,6010101020,مصاريف حكومية,5/3/2026,26102449,قيد يومي,طوابع,21.5
SHK,6010101020,مصاريف حكومية,5/3/2026,26102450,قيد يومي,طزابع,33.3
SHK,6010101020,مصاريف حكومية,5/3/2026,26102451,قيد يومي,طوابع,27.18
SHK,6010101020,مصاريف حكومية,5/3/2026,26008935,قيد يومي,طوابع(Reversal) - 12699,-27.18
SHK,6010101020,مصاريف حكومية,5/3/2026,26102452,قيد يومي,طوابع,27.2
SHK,6020101009,مصاريف خصم مسموح به,5/3/2026,26102460,قيد يومي,خصم على فاتورة رقم 26102941,2.5
SHK,6020101015,مصاريف تحميل وتنزيل,5/3/2026,26102460,قيد يومي,حساب عيد عبدالكريم,960
SHK,6020101017,مصاريف شحن سيارات,5/3/2026,26102466,قيد يومي,مصاريف شحن سيارة سامر الدويم,21.15
SHK,6020101012,مصاريف محروقات سيارات,5/3/2026,26102470,قيد يومي,دبزل,25
SHK,6010101018,مصاريف قرطاسية ومطبوعات,5/3/2026,26102470,قيد يومي,قرطاسية للمستودع,4
SHK,6020101012,مصاريف محروقات سيارات,5/3/2026,26102470,قيد يومي,دبزل,40
SHK,6020101010,مصاريف صيانة سيارات,5/3/2026,26102470,قيد يومي,حافظة ديانة + قشط,150
SHK,6010101020,مصاريف حكومية,5/3/2026,26102476,قيد يومي,الاستثمار,50.5
SHK,6010101026,مصاريف انترنت,5/3/2026,26102476,قيد يومي,انترنت,28.88
SHK,6020101003,مصاريف تصدير,5/3/2026,26102476,قيد يومي,منشا,4.5
SHK,6020101017,مصاريف شحن سيارات,5/4/2026,26102478,قيد يومي,شحن سيارة لؤي السيد,6.65
SHK,6020101017,مصاريف شحن سيارات,5/4/2026,26102488,قيد يومي,شحن سيارة سفيان التعمري,18.4
SHK,6010101012,مصاريف لوازم مستهلكة,5/4/2026,26102492,قيد يومي,ف/رقم 842 طبالي,195
SHK,6010101012,مصاريف لوازم مستهلكة,5/4/2026,26102492,قيد يومي,ف/رقم 832 طبالي,601
SHK,6020101002,مصاريف الضمان الاجتماعي - المبيعات,1/31/2026,26009010,قيد يومي,راتب شهر 01(Reversal) - 6014,-2485.913
SHK,6020101001,مصاريف ورواتب وأجور- المبيعات,1/31/2026,26009010,قيد يومي,رواتب شهر 01(Reversal) - 6014,-24487.362
SHK,6020101002,مصاريف الضمان الاجتماعي - المبيعات,1/31/2026,26102494,قيد يومي,راتب شهر 01,2485.913
SHK,6020101001,مصاريف ورواتب وأجور- المبيعات,1/31/2026,26102494,قيد يومي,رواتب شهر 01,24487.362
SHK,6020101015,مصاريف تحميل وتنزيل,1/1/2026,26009013,قيد يومي,تسكير حساب سامر سفيان 2025,450.085
SHK,6010101007,مصاريف مياه,5/4/2026,26102497,قيد يومي,مياه,4
SHK,6020101012,مصاريف محروقات سيارات,5/4/2026,26102497,قيد يومي,ديزل,20
SHK,6020101015,مصاريف تحميل وتنزيل,5/4/2026,26102497,قيد يومي,اجرة عامل,10
SHK,6020101015,مصاريف تحميل وتنزيل,5/4/2026,26102497,قيد يومي,عمال تحميل وتنزيل + عرباي توصيل,26
SHK,6020101015,مصاريف تحميل وتنزيل,5/4/2026,26102497,قيد يومي,توصيل طلبية عطاء,20
SHK,6010101024,مصاريف مواصلات,4/30/2026,26009020,قيد يومي,مواصلا شهر 04من عمان للموقر,2150
SHK,6010101020,مصاريف حكومية,5/4/2026,26102498,قيد يومي,طوابع,50.8
SHK,6020101015,مصاريف تحميل وتنزيل,3/31/2026,26102501,قيد يومي,تحميل وتنزيل سامر,66.99
SHK,6010101021,مصاريف عمولات بنكية,4/30/2026,26102503,قيد يومي,عمولات,0.35
SHK,6010101021,مصاريف عمولات بنكية,4/30/2026,26102503,قيد يومي,عمولات,0.35
SHK,6010101021,مصاريف عمولات بنكية,4/30/2026,26102503,قيد يومي,عمولات,0.35
SHK,6010101021,مصاريف عمولات بنكية,4/30/2026,26102503,قيد يومي,عمولات,1.4
SHK,6010101021,مصاريف عمولات بنكية,4/15/2026,26009036,قيد يومي,عمولات(Reversal) - 10935,-0.35
SHK,6010101021,مصاريف عمولات بنكية,4/15/2026,26009036,قيد يومي,عمولات(Reversal) - 10935,-0.35
SHK,6010101021,مصاريف عمولات بنكية,4/15/2026,26009036,قيد يومي,عمولات(Reversal) - 10935,-0.35
SHK,6010101021,مصاريف عمولات بنكية,4/15/2026,26102504,قيد يومي,عمولات,0.35
SHK,6010101021,مصاريف عمولات بنكية,4/15/2026,26102504,قيد يومي,عمولات,0.35
SHK,6010101021,مصاريف عمولات بنكية,4/15/2026,26102504,قيد يومي,عمولات,0.35
SHK,6010101021,مصاريف عمولات بنكية,4/14/2026,26102505,قيد يومي,تعديل قيد رقم 26102058,-3.15
SHK,6020101015,مصاريف تحميل وتنزيل,5/4/2026,26102511,قيد يومي,نضال,30
SHK,6010101010,مصاريف تأمين,5/5/2026,26000867,فاتورة مشتريات,A/P Invoices - LV0000299,507.759
SHK,6020101010,مصاريف صيانة سيارات,4/20/2026,26009189,قيد يومي,ف/562 دورة اسئل تبريد(Reversal) - 11522,-20
SHK,6020101017,مصاريف شحن سيارات,4/20/2026,26009189,قيد يومي,كهرباء سيارة امجد زكي(Reversal) - 11522,-75
SHK,6020101017,مصاريف شحن سيارات,4/20/2026,26102520,قيد يومي,كهرباء سيارة امجد زكي,75
SHK,6020101010,مصاريف صيانة سيارات,4/20/2026,26102520,قيد يومي,ف/562 دورة اسئل تبريد,20
SHK,6010101021,مصاريف عمولات بنكية,4/20/2026,26102521,قيد يومي,عمولات,1
SHK,6010101021,مصاريف عمولات بنكية,4/20/2026,26102521,قيد يومي,عمولات,1
SHK,6010101021,مصاريف عمولات بنكية,4/20/2026,26102521,قيد يومي,عمولات,0.7
SHK,6010101021,مصاريف عمولات بنكية,4/20/2026,26102521,قيد يومي,عمولات,0.5
SHK,6010101021,مصاريف عمولات بنكية,4/29/2026,26102522,قيد يومي,عمولات,1
SHK,6010101021,مصاريف عمولات بنكية,4/29/2026,26102522,قيد يومي,عمولات,1
SHK,6010101021,مصاريف عمولات بنكية,4/29/2026,26102522,قيد يومي,عمولة شيك معاد رقم 14774,20
SHK,6010101021,مصاريف عمولات بنكية,4/29/2026,26102522,قيد يومي,عمولة شيك معاد رقم 14430,20
SHK,6010101021,مصاريف عمولات بنكية,4/12/2026,26009190,قيد يومي,طوابع على خطاب ضمان(Reversal) - 10916,-62
SHK,6010101021,مصاريف عمولات بنكية,4/12/2026,26009190,قيد يومي,عمولات سحب شيك(Reversal) - 10916,-5
SHK,6010101021,مصاريف عمولات بنكية,4/12/2026,26009190,قيد يومي,عمولة(Reversal) - 10916,-10
SHK,6010101021,مصاريف عمولات بنكية,4/12/2026,26009190,قيد يومي,عمولات على خطاب ضمان(Reversal) - 10916,-93.61
SHK,6010101021,مصاريف عمولات بنكية,4/12/2026,26102524,قيد يومي,عمولات على خطاب ضمان,93.61
SHK,6010101021,مصاريف عمولات بنكية,4/12/2026,26102524,قيد يومي,طوابع على خطاب ضمان,62
SHK,6010101021,مصاريف عمولات بنكية,4/12/2026,26102524,قيد يومي,عمولات سحب شيك,5
SHK,6010101021,مصاريف عمولات بنكية,4/12/2026,26102524,قيد يومي,عمولة,10
SHK,6010101021,مصاريف عمولات بنكية,4/15/2026,26102528,قيد يومي,عمولات,1
SHK,6010101021,مصاريف عمولات بنكية,4/8/2026,26102534,قيد يومي,عمولات,0.5
SHK,6010101021,مصاريف عمولات بنكية,4/20/2026,26102535,قيد يومي,عمولة شيك معاد رقم 15046,10
SHK,6010101021,مصاريف عمولات بنكية,4/7/2026,26102536,قيد يومي,عمولات,1
SHK,6010101021,مصاريف عمولات بنكية,4/7/2026,26102536,قيد يومي,عمولات,0.7
SHK,6010101021,مصاريف عمولات بنكية,4/7/2026,26102536,قيد يومي,عمولات,1
SHK,6010101012,مصاريف لوازم مستهلكة,4/7/2026,26009206,قيد يومي,شيك رقم 15235 سداد ف/رقم 778 طبالي(Reversal) - 9868,-855
SHK,6010101021,مصاريف عمولات بنكية,4/30/2026,26102539,قيد يومي,عمولات بنكية,10
SHK,6010101012,مصاريف لوازم مستهلكة,4/11/2026,26009211,قيد يومي,شيك رقم 15267 عن ف/رقم 44590(Reversal) - 11004,-988.28
SHK,6010101009,مصاريف متفرقة,4/30/2026,26102545,قيد يومي,فرق عمولات,-414.323
SHK,6020101003,مصاريف تصدير,4/22/2026,26009219,قيد يومي,شيك رقم 15317(Reversal) - 11743,-1171.5
SHK,6020101003,مصاريف تصدير,4/22/2026,26102548,قيد يومي,شيك رقم 15317,1171.5
SHK,6010101004,مصاريف ضيافة,5/6/2026,26009221,قيد يومي,ف/612034,7.804
SHK,6010101025,مصاريف هاتف,5/6/2026,26009221,قيد يومي,هاتف خلوي,11.542
SHK,6020101010,مصاريف صيانة سيارات,5/6/2026,26009221,قيد يومي,ف/992 اجرة فك وتركيب,7
SHK,6020101015,مصاريف تحميل وتنزيل,5/6/2026,26009221,قيد يومي,تحميل وتنزيل,10
SHK,6020101015,مصاريف تحميل وتنزيل,5/6/2026,26009221,قيد يومي,عامل تحميل وتنزيل,10
SHK,6020101003,مصاريف تصدير,5/6/2026,26009224,قيد يومي,منشأ,59.5
SHK,6010101022,مصاريف عمولات زين كاش,5/6/2026,26009226,قيد يومي,تحميل وتنزيل الولاء,0.35
SHK,6020101015,مصاريف تحميل وتنزيل,5/6/2026,26009226,قيد يومي,تحميل وتنزيل الولاء,50
SHK,6010101025,مصاريف هاتف,5/6/2026,26009227,قيد يومي,اتصالات,7.86
SHK,6010101022,مصاريف عمولات زين كاش,5/5/2026,26102550,قيد يومي,ف/رقم 455 صيانة صندوق,0.35
SHK,6020101010,مصاريف صيانة سيارات,5/5/2026,26102550,قيد يومي,ف/رقم 455 صيانة صندوق,150
SHK,6010101006,مصاريف كهرباء,5/6/2026,26102551,قيد يومي,كهرباء مكتب المقابلين,92.873
SHK,6020101012,مصاريف محروقات سيارات,5/6/2026,26102552,قيد يومي,بنزين - معن,51.834
SHK,6020101012,مصاريف محروقات سيارات,5/6/2026,26102552,قيد يومي,بنزين - معن,54.406
SHK,6020101010,مصاريف صيانة سيارات,5/6/2026,26102552,قيد يومي,صيانة سيارة معن,20
SHK,6010101022,مصاريف عمولات زين كاش,5/6/2026,26009268,قيد يومي,متفرقة,0.35
SHK,6010101009,مصاريف متفرقة,5/6/2026,26009268,قيد يومي,متفرقة,0.25
SHK,6020101015,مصاريف تحميل وتنزيل,5/6/2026,26102555,قيد يومي,نضال,15
SHK,6010101024,مصاريف مواصلات,5/7/2026,26102557,قيد يومي,مواصلات,6
SHK,6010101018,مصاريف قرطاسية ومطبوعات,5/7/2026,26102557,قيد يومي,دفتر فواتير عدد 2,1.4
SHK,6020101010,مصاريف صيانة سيارات,5/7/2026,26102558,قيد يومي,ف/رقم 32087 صيانة سيارة الشركة,594.269
SHK,6010101022,مصاريف عمولات زين كاش,5/7/2026,26102559,قيد يومي,تحويل للبنك من زين كاش,0.35
SHK,6010101022,مصاريف عمولات زين كاش,5/7/2026,26102559,قيد يومي,تحويل للبنك من زين كاش,0.35
SHK,6010101021,مصاريف عمولات بنكية,5/7/2026,26102560,قيد يومي,عمولات,0.7
SHK,6010101021,مصاريف عمولات بنكية,5/7/2026,26102560,قيد يومي,عمولات,0.7
SHK,6020101014,خصم مسموح به,5/7/2026,26102563,قيد يومي,خصم مسموح به,143.388
SHK,6010101022,مصاريف عمولات زين كاش,5/7/2026,26009365,قيد يومي,سلفة نثرية بيد حسام الدرابيع,0.35
SHK,6010101020,مصاريف حكومية,5/7/2026,26009369,قيد يومي,مصاريف ضريبية,1391.893
SHK,6010101022,مصاريف عمولات زين كاش,5/7/2026,26009371,قيد يومي,ونش,0.35
SHK,6020101015,مصاريف تحميل وتنزيل,5/7/2026,26009371,قيد يومي,ونش,95
SHK,6020101015,مصاريف تحميل وتنزيل,5/7/2026,26009376,قيد يومي,راتب احمد صالح,95
SHK,6010101012,مصاريف لوازم مستهلكة,5/10/2026,26102564,قيد يومي,ف/رقم 6400 سقالة + لواح,150
SHK,6020101010,مصاريف صيانة سيارات,5/10/2026,26102565,قيد يومي,بنشر,5
SHK,6020101010,مصاريف صيانة سيارات,5/10/2026,26102565,قيد يومي,ف/رقم 4165,10
SHK,6020101022,مصاريف صيانة عامة,5/10/2026,26102566,قيد يومي,صيانه عامه,3
SHK,6010101009,مصاريف متفرقة,5/10/2026,26102566,قيد يومي,مواصلات ابو العبد,13.5
SHK,6020101010,مصاريف صيانة سيارات,5/10/2026,26102566,قيد يومي,ف/رقم 645,4
SHK,6010101009,مصاريف متفرقة,5/10/2026,26102567,قيد يومي,مواقف + سحب اوراق,12
SHK,6020101015,مصاريف تحميل وتنزيل,5/10/2026,26102567,قيد يومي,اجرة عامل,10
SHK,6010101009,مصاريف متفرقة,5/10/2026,26009439,قيد يومي,مواقف + سحب اوراق(Reversal) - 13348,-12
SHK,6020101015,مصاريف تحميل وتنزيل,5/10/2026,26009439,قيد يومي,اجرة عامل(Reversal) - 13348,-10
SHK,6010101009,مصاريف متفرقة,5/10/2026,26102568,قيد يومي,مواقف + سحب اوراق,22
SHK,6020101015,مصاريف تحميل وتنزيل,5/10/2026,26102568,قيد يومي,اجرة عامل,10
SHK,6010101020,مصاريف حكومية,5/10/2026,26102570,قيد يومي,وزارة الاستثمار,42.5
SHK,6010101023,مصاريف سفر واقامة وتنقلات,5/10/2026,26102571,قيد يومي,مصاريف حسام,50
SHK,6010101021,مصاريف عمولات بنكية,5/10/2026,26102572,قيد يومي,عمولات,0.7
SHK,6010101021,مصاريف عمولات بنكية,5/10/2026,26102572,قيد يومي,عمولات,0.7
SHK,6010101021,مصاريف عمولات بنكية,4/22/2026,26009448,قيد يومي,عمولة شيك معاد(Reversal) - 12007,-20
SHK,6010101021,مصاريف عمولات بنكية,4/22/2026,26102573,قيد يومي,عمولة شيك معاد,20
SHK,6020101010,مصاريف صيانة سيارات,5/10/2026,26102574,قيد يومي,غسيل سيارة نور,8.35
SHK,6010101023,مصاريف سفر واقامة وتنقلات,5/10/2026,26102575,قيد يومي,مصاريف سفر,290.35
SHK,6010101012,مصاريف لوازم مستهلكة,5/10/2026,26009458,قيد يومي,ف/رقم 6400 سقالة + لواح(Reversal) - 13341,-150
SHK,6010101021,مصاريف عمولات بنكية,5/10/2026,26102578,قيد يومي,عمولات,0.5
SHK,6010101021,مصاريف عمولات بنكية,5/10/2026,26009483,قيد يومي,عمولات بنكية,2.25
SHK,6010101021,مصاريف عمولات بنكية,5/10/2026,26009484,قيد يومي,عمولات بنكية(Reversal) - 13410,-2.25
SHK,6010101021,مصاريف عمولات بنكية,5/10/2026,26009485,قيد يومي,عمولات بنكية,2.25
SHK,6010101020,مصاريف حكومية,5/10/2026,26102582,قيد يومي,طوابع,56.8
SHK,6010101020,مصاريف حكومية,5/10/2026,26009489,قيد يومي,طوابع(Reversal) - 13415,-56.8
SHK,6010101020,مصاريف حكومية,5/10/2026,26102583,قيد يومي,طوابع,56.8
SHK,6010101020,مصاريف حكومية,5/10/2026,26009493,قيد يومي,طوابع(Reversal) - 13421,-56.8
SHK,6010101020,مصاريف حكومية,5/10/2026,26102584,قيد يومي,طوابع,71.141
SHK,6020101015,مصاريف تحميل وتنزيل,5/10/2026,26102587,قيد يومي,نضال,10
SHK,6010101023,مصاريف سفر واقامة وتنقلات,5/5/2026,26009501,قيد يومي,مصاريف سفر نور سعودية,166.5
SHK,6020101012,مصاريف محروقات سيارات,5/11/2026,26102588,قيد يومي,ديزل,5
SHK,6020101015,مصاريف تحميل وتنزيل,5/11/2026,26102588,قيد يومي,مصاريف عمال + عرباية الوحدات,45
SHK,6010101024,مصاريف مواصلات,5/5/2026,26102590,قيد يومي,بدل بنزين طارق,8
SHK,6010101024,مصاريف مواصلات,5/5/2026,26009508,قيد يومي,بدل بنزين طارق(Reversal) - 13445,-8
SHK,6020101013,مصاريف بيعية,5/11/2026,26102592,قيد يومي,بيعية,688.7
SHK,6010101021,مصاريف عمولات بنكية,5/11/2026,26102596,قيد يومي,عمولات,1.5
SHK,6010101029,مصاريف بنكية,5/11/2026,26102597,قيد يومي,ايداع نقدي - الشركة الاردنية لضمان القروض,3187.5
SHK,6010101008,مصاريف أتعاب مهنية,5/11/2026,26102599,قيد يومي,اتعاب,465
SHK,6010101020,مصاريف حكومية,5/11/2026,26102600,قيد يومي,اقتطاعات,203.18
SHK,6010101020,مصاريف حكومية,5/11/2026,26102600,قيد يومي,اقتطاعات,153.5
SHK,6010101020,مصاريف حكومية,5/11/2026,26102600,قيد يومي,اقتطاعات,370.05
SHK,6010101020,مصاريف حكومية,5/11/2026,26102603,قيد يومي,طوابع,7.9
SHK,6010101020,مصاريف حكومية,5/11/2026,26102605,قيد يومي,طوابع,33
SHK,6020101012,مصاريف محروقات سيارات,3/31/2026,26102611,قيد يومي,محروقات عن شهر 3/2025 - المناصير,5650.103
SHK,6020101012,مصاريف محروقات سيارات,4/30/2026,26102612,قيد يومي,محروقات عن شهر 4/2026- المناصير,6234.993
SHK,6010101020,مصاريف حكومية,5/12/2026,26102613,قيد يومي,طوابع,9.7
SHK,6010101020,مصاريف حكومية,5/12/2026,26102614,قيد يومي,طوابع,24.3
SHK,6010101021,مصاريف عمولات بنكية,5/10/2026,26009571,قيد يومي,عمولات بنكية(Reversal) - 13412,-2.25
SHK,6010101021,مصاريف عمولات بنكية,4/30/2026,26009572,قيد يومي,عمولات بنكية,2.25
SHK,6010101021,مصاريف عمولات بنكية,4/30/2026,26009573,قيد يومي,عمولات بنكية(Reversal) - 13543,-2.25
SHK,6010101021,مصاريف عمولات بنكية,4/30/2026,26009574,قيد يومي,عمولات بنكية,2.25
SHK,6020101014,خصم مسموح به,5/12/2026,26102621,قيد يومي,خصم,128.934
SHK,6010101021,مصاريف عمولات بنكية,2/25/2026,26102623,قيد يومي,عمولات مرابحة,1140.896
SHK,6010101021,مصاريف عمولات بنكية,5/5/2026,26102626,قيد يومي,عمولات,2
SHK,6010101021,مصاريف عمولات بنكية,5/5/2026,26102626,قيد يومي,عمولات,0.5
SHK,6010101021,مصاريف عمولات بنكية,5/5/2026,26102626,قيد يومي,عمولات,0.7
SHK,6010101021,مصاريف عمولات بنكية,5/5/2026,26102626,قيد يومي,عمولات,0.5
SHK,6010101021,مصاريف عمولات بنكية,5/5/2026,26102626,قيد يومي,عمولة شيك معاد رقم 14904,20
SHK,6010101021,مصاريف عمولات بنكية,5/5/2026,26102626,قيد يومي,عمولة شيك معاد رقم 14775,20
SHK,6010101021,مصاريف عمولات بنكية,5/5/2026,26102626,قيد يومي,عمولة شيك معاد رقم 14431,20
SHK,6010101021,مصاريف عمولات بنكية,5/5/2026,26102626,قيد يومي,عمولات على خطاب ضمان,226.2
SHK,6010101021,مصاريف عمولات بنكية,5/5/2026,26102626,قيد يومي,طوابع واردات,140
SHK,6010101021,مصاريف عمولات بنكية,4/30/2026,26102628,قيد يومي,عمولات راجحي,2612.308
SHK,6020101022,مصاريف صيانة عامة,5/13/2026,26102630,قيد يومي,ف/رقم 8811 فلتر هوا + فلتز زيت + زيت,210
SHK,6020101022,مصاريف صيانة عامة,5/13/2026,26102632,قيد يومي,ف/رقم 8824فلتر هوا + فلتز زيت + زيت,431
SHK,6020101013,مصاريف بيعية,5/13/2026,26102633,قيد يومي,بيعية,400.35
SHK,6020101012,مصاريف محروقات سيارات,5/13/2026,26102636,قيد يومي,ديزل,10.6
SHK,6010101021,مصاريف عمولات بنكية,5/13/2026,26102638,قيد يومي,عمولات,0.7
SHK,6010101021,مصاريف عمولات بنكية,5/13/2026,26102638,قيد يومي,عمولات,0.7
SHK,6020101013,مصاريف بيعية,5/13/2026,26102642,قيد يومي,بيعية,400.35
SHK,6010101021,مصاريف عمولات بنكية,5/13/2026,26102643,قيد يومي,عمولات,0.7
SHK,6010101021,مصاريف عمولات بنكية,5/13/2026,26102643,قيد يومي,عمولات,0.7
SHK,6010101021,مصاريف عمولات بنكية,5/13/2026,26102643,قيد يومي,عمولات,0.7
SHK,6020101010,مصاريف صيانة سيارات,5/13/2026,26102644,قيد يومي,ف/رقم 269 صيانة سيارات,363.35
SHK,6010101007,مصاريف مياه,5/13/2026,26102649,قيد يومي,مياه مكتب المقابلين,10.35
SHK,6020101022,مصاريف صيانة عامة,5/13/2026,26102654,قيد يومي,تفصيل عامود,70.35
SHK,6010101026,مصاريف انترنت,5/13/2026,26102655,قيد يومي,انترنت,31.7
SHK,6020101020,مصاريف بريد,5/13/2026,26102656,قيد يومي,ارامكس,55.35
SHK,6020101015,مصاريف تحميل وتنزيل,5/13/2026,26102657,قيد يومي,ثائر حمدان,35.35
SHK,6010101022,مصاريف عمولات زين كاش,5/13/2026,26102658,قيد يومي,فلاتر هوا + زيت جوبترول,0.35
SHK,6020101010,مصاريف صيانة سيارات,5/13/2026,26102658,قيد يومي,فلاتر هوا + زيت جوبترول,324.138
SHK,6010101009,مصاريف متفرقة,5/13/2026,26102659,قيد يومي,متفرقة,25
SHK,6020101012,مصاريف محروقات سيارات,5/13/2026,26102663,قيد يومي,بنزين - معن,50
SHK,6010101020,مصاريف حكومية,5/13/2026,26102665,قيد يومي,طوابع,36.8
SHK,6010101020,مصاريف حكومية,5/13/2026,26102666,قيد يومي,طوابع,5.1
SHK,6010101020,مصاريف حكومية,5/13/2026,26102667,قيد يومي,طوابع,3.65
SHK,6010101020,مصاريف حكومية,5/13/2026,26102669,قيد يومي,طوابع,37.431
SHK,6020101010,مصاريف صيانة سيارات,5/13/2026,26102670,قيد يومي,بنشر,3
SHK,6020101010,مصاريف صيانة سيارات,5/13/2026,26102670,قيد يومي,شحن سيارة امجد العمري,9.425
SHK,6020101015,مصاريف تحميل وتنزيل,1/1/2026,26009721,قيد يومي,اغلاق,300
SHK,6020101014,خصم مسموح به,5/13/2026,26009723,قيد يومي,خصم على ف/رقم 21,-76
SHK,6010101022,مصاريف عمولات زين كاش,5/14/2026,26102674,قيد يومي,دفعة مساهمة وطنية,1
SHK,6010101022,مصاريف عمولات زين كاش,5/14/2026,26102675,قيد يومي,سلفة عمل بيد حسام الدرابيع,0.35
SHK,6010101022,مصاريف عمولات زين كاش,5/14/2026,26102677,قيد يومي,تحويل للمول,0.35
SHK,6010101021,مصاريف عمولات بنكية,5/14/2026,26102678,قيد يومي,عمولات,0.7
SHK,6010101021,مصاريف عمولات بنكية,5/14/2026,26102678,قيد يومي,عمولات,0.7
SHK,6010101021,مصاريف عمولات بنكية,5/14/2026,26102678,قيد يومي,عمولات,0.7
SHK,6010101021,مصاريف عمولات بنكية,5/14/2026,26102678,قيد يومي,عمولات,0.7
SHK,6010101021,مصاريف عمولات بنكية,5/14/2026,26102678,قيد يومي,عمولات,0.7
SHK,6020101010,مصاريف صيانة سيارات,5/14/2026,26102681,قيد يومي,غسيل سيارة نايف الحلبوني,3
SHK,6020101010,مصاريف صيانة سيارات,5/14/2026,26102681,قيد يومي,شحن سيارة نايف الحلبوني,25.05
SHK,6020101017,مصاريف شحن سيارات,5/14/2026,26102692,قيد يومي,شحن سيارة لؤي السيد,18
SHK,6020101014,خصم مسموح به,5/16/2026,26102700,قيد يومي,خصم مسحوبات 4 %,240.713
SHK,6010101024,مصاريف مواصلات,5/17/2026,26102701,قيد يومي,اجور مواصلات,5
SHK,6010101025,مصاريف هاتف,5/17/2026,26102705,قيد يومي,خطوط اتصال زين,400
SHK,6010101021,مصاريف عمولات بنكية,5/17/2026,26102706,قيد يومي,عمولات,0.5
SHK,6010101021,مصاريف عمولات بنكية,5/17/2026,26102706,قيد يومي,عمولات,0.7
SHK,6010101021,مصاريف عمولات بنكية,5/17/2026,26102706,قيد يومي,عمولات,0.7
SHK,6010101021,مصاريف عمولات بنكية,5/17/2026,26102706,قيد يومي,عمولات,0.5
SHK,6010101021,مصاريف عمولات بنكية,5/17/2026,26102706,قيد يومي,عمولات,0.7
SHK,6010101021,مصاريف عمولات بنكية,5/17/2026,26102706,قيد يومي,عمولات,0.7
SHK,6020101010,مصاريف صيانة سيارات,5/17/2026,26102707,قيد يومي,غيار زيت,3
SHK,6020101017,مصاريف شحن سيارات,5/17/2026,26102708,قيد يومي,شحن سيارة ابو العبد,108
SHK,6010101020,مصاريف حكومية,5/17/2026,26102708,قيد يومي,تصديق معاملات,40
SHK,6010101020,مصاريف حكومية,5/17/2026,26102708,قيد يومي,مصادقة  على صحة توقيع,8
SHK,6010101009,مصاريف متفرقة,5/17/2026,26102708,قيد يومي,اجرة مواقف - ابو العبد,4
SHK,6010101009,مصاريف متفرقة,5/17/2026,26102709,قيد يومي,مصاريف ابو العبد,10.5
SHK,6010101012,مصاريف لوازم مستهلكة,5/17/2026,26102711,قيد يومي,ف/رقم 82476 صاج اسود,126.725
SHK,6020101008,مصاريف نقل وشحن,5/17/2026,26102714,قيد يومي,شيك رقم 23 حق 20/6/2026 البنك الاهلي,964
SHK,6020101024,مصاريف تخزين بضاعة,5/17/2026,26000898,فاتورة مشتريات,A/P Invoices - LV0000008,712.233
SHK,6020101024,مصاريف تخزين بضاعة,5/17/2026,26000899,فاتورة مشتريات,A/P Invoices - LV0000008,386.929
SHK,6020101024,مصاريف تخزين بضاعة,5/17/2026,26000900,فاتورة مشتريات,A/P Invoices - LV0000008,40.947
SHK,6020101024,مصاريف تخزين بضاعة,5/17/2026,26000901,فاتورة مشتريات,A/P Invoices - LV0000008,488.35
SHK,6020101024,مصاريف تخزين بضاعة,5/17/2026,26000902,فاتورة مشتريات,A/P Invoices - LV0000008,726.283
SHK,6020101024,مصاريف تخزين بضاعة,5/17/2026,26000903,فاتورة مشتريات,A/P Invoices - LV0000008,41.897
SHK,6020101024,مصاريف تخزين بضاعة,5/17/2026,26000904,فاتورة مشتريات,A/P Invoices - LV0000008,1127.25
SHK,6020101024,مصاريف تخزين بضاعة,5/17/2026,26000905,فاتورة مشتريات,A/P Invoices - LV0000008,107.65
SHK,6020101024,مصاريف تخزين بضاعة,5/17/2026,26000906,فاتورة مشتريات,A/P Invoices - LV0000324,1416.667
SHK,6020101024,مصاريف تخزين بضاعة,5/17/2026,26000907,فاتورة مشتريات,A/P Invoices - LV0000324,1416.667
SHK,6020101024,مصاريف تخزين بضاعة,5/17/2026,26000908,فاتورة مشتريات,A/P Invoices - LV0000324,41.85
SHK,6020101024,مصاريف تخزين بضاعة,5/17/2026,26000909,فاتورة مشتريات,A/P Invoices - LV0000324,57.45
SHK,6020101024,مصاريف تخزين بضاعة,5/17/2026,26000910,فاتورة مشتريات,A/P Invoices - LV0000324,39.85
SHK,6020101024,مصاريف تخزين بضاعة,5/17/2026,26000911,فاتورة مشتريات,A/P Invoices - LV0000324,207.922
SHK,6020101024,مصاريف تخزين بضاعة,5/17/2026,26000912,فاتورة مشتريات,A/P Invoices - LV0000324,211.162
SHK,6020101024,مصاريف تخزين بضاعة,5/17/2026,26000913,فاتورة مشتريات,A/P Invoices - LV0000324,168.2
SHK,6020101024,مصاريف تخزين بضاعة,5/17/2026,26000914,فاتورة مشتريات,A/P Invoices - LV0000324,108.25
SHK,6020101024,مصاريف تخزين بضاعة,5/17/2026,26000915,فاتورة مشتريات,A/P Invoices - LV0000324,104.393
SHK,6020101024,مصاريف تخزين بضاعة,5/17/2026,26000916,فاتورة مشتريات,A/P Invoices - LV0000324,1416.667
SHK,6020101014,خصم مسموح به,5/16/2026,26009977,قيد يومي,خصم مسموح,84.873
SHK,6020101014,خصم مسموح به,5/16/2026,26009983,قيد يومي,خصم مسحوبات 4 %(Reversal) - 13952,-240.713
SHK,6020101014,خصم مسموح به,5/16/2026,26102724,قيد يومي,خصم مسحوبات 4 %,195.951
SHK,6020101005,مصاريف تعبئة وتغليف,5/17/2026,26102728,قيد يومي,تعبئة وتغليف تمر,875
SHK,6010101003,مصاريف النظافة,5/17/2026,26009992,قيد يومي,نظافة المصنع لشهر 04,70
SHK,6020101010,مصاريف صيانة سيارات,5/17/2026,26102737,قيد يومي,غسيل سيارة امجد زكي,4
SHK,6020101019,مصاريف منسقين,5/17/2026,26102738,قيد يومي,منسق ياسر,50
SHK,6010101021,مصاريف عمولات بنكية,3/9/2026,26010024,قيد يومي,عمولات بنكية(Reversal) - 7280,-27.991
SHK,6010101021,مصاريف عمولات بنكية,3/9/2026,26010026,قيد يومي,عمولات بنكية,27.991
SHK,6010101012,مصاريف لوازم مستهلكة,5/17/2026,26000029,إشعار دائن مشتريات,A/P Credit Memos - LV0000101,-26.293
SHK,6010101022,مصاريف عمولات زين كاش,5/3/2026,26010049,قيد يومي,دفعة لضريبة الدخل(Reversal) - 12652,-2
SHK,6010101009,مصاريف متفرقة,1/10/2026,26010066,قيد يومي,متفرقات(Reversal) - 491,-128.899
SHK,6020101008,مصاريف نقل وشحن,1/10/2026,26010066,قيد يومي,اجور تقل ماكنات من سوريا(Reversal) - 491,-615.35
SHK,6020101010,مصاريف صيانة سيارات,1/10/2026,26010066,قيد يومي,ف/رقم 758(Reversal) - 491,-10.35
SHK,6020101013,مصاريف بيعية,1/10/2026,26010066,قيد يومي,منسيقين(Reversal) - 491,-50.35
SHK,6020101015,مصاريف تحميل وتنزيل,1/10/2026,26010066,قيد يومي,تحميل وتنزيل(Reversal) - 491,-20
SHK,6020101015,مصاريف تحميل وتنزيل,1/10/2026,26010066,قيد يومي,تحميل وتنزيل(Reversal) - 491,-50
SHK,6010101009,مصاريف متفرقة,1/10/2026,26102763,قيد يومي,متفرقات,128.899
SHK,6020101008,مصاريف نقل وشحن,1/10/2026,26102763,قيد يومي,اجور تقل ماكنات من سوريا,615.35
SHK,6020101013,مصاريف بيعية,1/10/2026,26102763,قيد يومي,منسيقين,50.35
SHK,6020101010,مصاريف صيانة سيارات,1/10/2026,26102763,قيد يومي,ف/رقم 758,10.35
SHK,6020101015,مصاريف تحميل وتنزيل,1/10/2026,26102763,قيد يومي,تحميل وتنزيل,20
SHK,6020101015,مصاريف تحميل وتنزيل,1/10/2026,26102763,قيد يومي,تحميل وتنزيل,50
SHK,6010101020,مصاريف حكومية,5/18/2026,26010067,قيد يومي,حكومية,1448.979
SHK,6020101003,مصاريف تصدير,5/18/2026,26102764,قيد يومي,شيك رقم 27,2157
SHK,6020101017,مصاريف شحن سيارات,5/13/2026,26102765,قيد يومي,شحن بطاريه,2
SHK,6010101012,مصاريف لوازم مستهلكة,5/18/2026,26010084,قيد يومي,اسمنت,100
SHK,6010101012,مصاريف لوازم مستهلكة,5/18/2026,26010084,قيد يومي,لوازم,10
SHK,6010101012,مصاريف لوازم مستهلكة,5/18/2026,26010084,قيد يومي,اسمنت,25
SHK,6020101010,مصاريف صيانة سيارات,5/18/2026,26010084,قيد يومي,فلتر,60
SHK,6020101010,مصاريف صيانة سيارات,5/18/2026,26102768,قيد يومي,غسيل بودي,4
SHK,6020101010,مصاريف صيانة سيارات,5/18/2026,26102768,قيد يومي,ماء امونيا,15
SHK,6020101010,مصاريف صيانة سيارات,5/18/2026,26102768,قيد يومي,غسيل كامل,15
SHK,6020101010,مصاريف صيانة سيارات,5/18/2026,26102769,قيد يومي,ديفينول 15-40 20 لتر,127.586
SHK,6010101003,مصاريف النظافة,5/18/2026,26102770,قيد يومي,اجور نقل نفايات,50
SHK,6020101010,مصاريف صيانة سيارات,5/18/2026,26102771,قيد يومي,صيانة سيارات,240.35
SHK,6020101017,مصاريف شحن سيارات,5/18/2026,26102773,قيد يومي,شحن سيارة جهاد فقوسة,25.5
SHK,6020101017,مصاريف شحن سيارات,5/18/2026,26102783,قيد يومي,شحن سياره,18.2
SHK,6020101010,مصاريف صيانة سيارات,5/18/2026,26102783,قيد يومي,صيانة سيارات,5
SHK,6010101021,مصاريف عمولات بنكية,5/18/2026,26102784,قيد يومي,زيت - شيخ الكار,0.35
SHK,6010101022,مصاريف عمولات زين كاش,5/18/2026,26102785,قيد يومي,تحويل للبنك,0.35
SHK,6010101025,مصاريف هاتف,5/18/2026,26102786,قيد يومي,اتصالات,7.86
SHK,6010101026,مصاريف انترنت,5/18/2026,26102789,قيد يومي,انترنت,23.2
SHK,6020101010,مصاريف صيانة سيارات,5/18/2026,26102790,قيد يومي,صيانة سيارات,45.35
SHK,6020101010,مصاريف صيانة سيارات,5/18/2026,26102791,قيد يومي,صيانة سيارات,15.35
SHK,6010101022,مصاريف عمولات زين كاش,5/18/2026,26102793,قيد يومي,تحويل للمول,0.35
SHK,6010101020,مصاريف حكومية,5/18/2026,26102794,قيد يومي,مراقبة شركات,10.25
SHK,6010101020,مصاريف حكومية,5/18/2026,26102794,قيد يومي,مراقبة شركات,5.25
SHK,6010101020,مصاريف حكومية,5/18/2026,26102794,قيد يومي,مراقبة شركات,20.5
SHK,6020101017,مصاريف شحن سيارات,5/18/2026,26102795,قيد يومي,شحن سيارات,4.7
SHK,6010101004,مصاريف ضيافة,5/18/2026,26102795,قيد يومي,ثمن قوارير ماء,10
SHK,6020101010,مصاريف صيانة سيارات,5/18/2026,26102795,قيد يومي,غسيل بودي,3
SHK,6020101010,مصاريف صيانة سيارات,5/18/2026,26102795,قيد يومي,بنشر,1.5
SHK,6010101021,مصاريف عمولات بنكية,5/18/2026,26102796,قيد يومي,عمولات,0.7
SHK,6010101021,مصاريف عمولات بنكية,5/18/2026,26102796,قيد يومي,عمولات,0.7
SHK,6010101021,مصاريف عمولات بنكية,5/18/2026,26102796,قيد يومي,عمولات,0.7
SHK,6010101021,مصاريف عمولات بنكية,5/18/2026,26102799,قيد يومي,دفعه للضمان,1.5
SHK,6010101009,مصاريف متفرقة,5/18/2026,26102800,قيد يومي,العميان,30.35
SHK,6010101004,مصاريف ضيافة,5/18/2026,26102803,قيد يومي,نسكافيه جولد,4.2
SHK,6010101012,مصاريف لوازم مستهلكة,5/18/2026,26102803,قيد يومي,اكياس نايلون,2.25
SHK,6020101015,مصاريف تحميل وتنزيل,5/18/2026,26102803,قيد يومي,تحميل وتنزيل,8.75
SHK,6010101012,مصاريف لوازم مستهلكة,5/18/2026,26102807,قيد يومي,ماكنة غسيل سجاد,230
SHK,6020101010,مصاريف صيانة سيارات,5/18/2026,26102807,قيد يومي,غسيل بودي,10
SHK,6020101010,مصاريف صيانة سيارات,5/18/2026,26102807,قيد يومي,صيانة سيارة الدكتور,10
SHK,6010101004,مصاريف ضيافة,5/18/2026,26102809,قيد يومي,كراتين ماء,23
SHK,6010101020,مصاريف حكومية,5/18/2026,26102811,قيد يومي,شيك رقم 14,9854.28
SHK,6010101021,مصاريف عمولات بنكية,5/18/2026,26102812,قيد يومي,عمولات بنكية,130.753
SHK,6020101014,خصم مسموح به,5/19/2026,26102817,قيد يومي,خصم مسموح,2.492
SHK,6020101014,خصم مسموح به,5/16/2026,26010182,قيد يومي,خصم مسحوبات 4 %(Reversal) - 14115,-195.951
SHK,6020101014,خصم مسموح به,5/16/2026,26102818,قيد يومي,خصم مسحوبات 4 %,174.883
SHK,6020101014,خصم مسموح به,5/19/2026,26010183,قيد يومي,خصم على فواتير نقد,19.553
SHK,6010101009,مصاريف متفرقة,4/5/2026,26102821,قيد يومي,طوابع,60.35
SHK,6010101020,مصاريف حكومية,5/19/2026,26102823,قيد يومي,خدمة اعفاءات للمؤسسات,50.5
SHK,6010101021,مصاريف عمولات بنكية,5/19/2026,26102826,قيد يومي,عمولات,0.7
SHK,6020101013,مصاريف بيعية,5/19/2026,26102826,قيد يومي,بيعية,1000
SHK,6010101020,مصاريف حكومية,5/19/2026,26102828,قيد يومي,طوابع,4.2
SHK,6020101005,مصاريف تعبئة وتغليف,2/28/2026,26010224,قيد يومي,ف/رقم 55 تعبئة بقوليات(Reversal) - 6885,-245
SHK,6010101021,مصاريف عمولات بنكية,5/19/2026,26010229,قيد يومي,عمولات,1
SHK,6010101021,مصاريف عمولات بنكية,5/19/2026,26010229,قيد يومي,طوابع واردات,38
SHK,6010101021,مصاريف عمولات بنكية,5/19/2026,26010229,قيد يومي,عمولة خطاب,54.128
SHK,6010101021,مصاريف عمولات بنكية,5/19/2026,26010229,قيد يومي,عمولات بنكية,20
SHK,6010101021,مصاريف عمولات بنكية,5/19/2026,26010229,قيد يومي,عمولات بنكية,90
SHK,6010101021,مصاريف عمولات بنكية,5/19/2026,26010229,قيد يومي,عمولات بنكية,61.75
SHK,6020101010,مصاريف صيانة سيارات,5/19/2026,26102831,قيد يومي,صيانة سيارة عمر فاروق,38
SHK,6020101015,مصاريف تحميل وتنزيل,5/19/2026,26102832,قيد يومي,نضال,13
SHK,6010101017,مصاريف عينات,5/20/2026,26102848,قيد يومي,اغلاق حساب العينات,715.33
SHK,6010101022,مصاريف عمولات زين كاش,5/14/2026,26010341,قيد يومي,دفعة مساهمة وطنية(Reversal) - 13807,-1
SHK,6010101020,مصاريف حكومية,5/14/2026,26102859,قيد يومي,دفعة مساهمة وطنية,220.8
SHK,6010101022,مصاريف عمولات زين كاش,5/14/2026,26102859,قيد يومي,دفعة مساهمة وطنية,1
SHK,6020101003,مصاريف تصدير,5/18/2026,26010344,قيد يومي,شيك رقم 27(Reversal) - 14246,-2157
SHK,6020101010,مصاريف صيانة سيارات,5/18/2026,26010345,قيد يومي,غسيل بودي(Reversal) - 14266,-4
SHK,6020101010,مصاريف صيانة سيارات,5/18/2026,26010345,قيد يومي,ماء امونيا(Reversal) - 14266,-15
SHK,6020101010,مصاريف صيانة سيارات,5/18/2026,26010345,قيد يومي,غسيل كامل(Reversal) - 14266,-15
SHK,6020101010,مصاريف صيانة سيارات,5/18/2026,26102862,قيد يومي,غسيل بودي,4
SHK,6020101010,مصاريف صيانة سيارات,5/18/2026,26102862,قيد يومي,ماء امونيا,10
SHK,6020101010,مصاريف صيانة سيارات,5/18/2026,26102862,قيد يومي,غسيل كامل,15
SHK,6010101012,مصاريف لوازم مستهلكة,5/17/2026,26000944,فاتورة مشتريات,AP Invoices - LV0000309,147
SHK,6020101013,مصاريف بيعية,5/21/2026,26102865,قيد يومي,بيعية,50.35
SHK,6020101003,مصاريف تصدير,5/21/2026,26102867,قيد يومي,منشأ,55.6
SHK,6020101011,مصاريف تأمين وترخيص ومخالفات سيارات,5/21/2026,26102868,قيد يومي,مخالفة,50
SHK,6010101022,مصاريف عمولات زين كاش,5/21/2026,26102870,قيد يومي,صيانة سيارة نور,0.35
SHK,6020101010,مصاريف صيانة سيارات,5/21/2026,26102870,قيد يومي,صيانة سيارة نور,34.484
SHK,6010101025,مصاريف هاتف,5/21/2026,26102872,قيد يومي,اتصالات,3.373
SHK,6010101020,مصاريف حكومية,5/21/2026,26102873,قيد يومي,حكومية,15.5
SHK,6010101020,مصاريف حكومية,5/21/2026,26102874,قيد يومي,طوابع,22.7
SHK,6010101020,مصاريف حكومية,5/21/2026,26102875,قيد يومي,طوابع,26
SHK,6010101020,مصاريف حكومية,5/21/2026,26102876,قيد يومي,طوابع,41.6
SHK,6020101014,خصم مسموح به,5/21/2026,26102878,قيد يومي,علف,-884.4
SHK,6020101010,مصاريف صيانة سيارات,5/21/2026,26102882,قيد يومي,صيانه,7.5
SHK,6010101018,مصاريف قرطاسية ومطبوعات,5/21/2026,26010399,قيد يومي,سحب اوراق,2.5
SHK,6010101009,مصاريف متفرقة,5/21/2026,26010399,قيد يومي,مواقف,7.5
SHK,6010101009,مصاريف متفرقة,5/21/2026,26010399,قيد يومي,مواقف,4.85
SHK,6020101015,مصاريف تحميل وتنزيل,5/21/2026,26010400,قيد يومي,تحميل وتنزيل نضال,15
SHK,6010101020,مصاريف حكومية,5/24/2026,26102887,قيد يومي,طوابع عطاءات,223.7
SHK,6020101017,مصاريف شحن سيارات,5/24/2026,26102889,قيد يومي,شحن سيارة سامر الدويك,30
SHK,6020101010,مصاريف صيانة سيارات,5/24/2026,26102889,قيد يومي,صيانة سيارة سامر,300
SHK,6020101015,مصاريف تحميل وتنزيل,5/24/2026,26102892,قيد يومي,تحميل وتنزيل الولاء,50.35
SHK,6020101012,مصاريف محروقات سيارات,5/24/2026,26102895,قيد يومي,محروقات,10
SHK,6020101017,مصاريف شحن سيارات,5/24/2026,26102895,قيد يومي,شحن سيارة لؤي,20.9
SHK,6010101009,مصاريف متفرقة,5/24/2026,26102896,قيد يومي,متفرقة,6.85
SHK,6020101019,مصاريف منسقين,5/24/2026,26102897,قيد يومي,منسق جرش مول,30.35
SHK,6010101022,مصاريف عمولات زين كاش,5/24/2026,26102899,قيد يومي,سلفة عمل بيد حسام الدرابيع,0.35
SHK,6010101022,مصاريف عمولات زين كاش,5/24/2026,26102899,قيد يومي,سلفة عمل بيد حسام الدرابيع,0.35
SHK,6020101012,مصاريف محروقات سيارات,5/24/2026,26102900,قيد يومي,محروقات,52
SHK,6020101017,مصاريف شحن سيارات,5/24/2026,26102900,قيد يومي,شحن سيارة جهاد,22.25
SHK,6010101024,مصاريف مواصلات,5/24/2026,26102901,قيد يومي,مواصلات  حسام البستنجي,10.35
SHK,6010101024,مصاريف مواصلات,5/24/2026,26102901,قيد يومي,مواصلات  حسام البستنجي,100.35
SHK,6020101017,مصاريف شحن سيارات,5/24/2026,26102905,قيد يومي,شحن سيارة نايف,29.05
SHK,6020101010,مصاريف صيانة سيارات,5/24/2026,26102905,قيد يومي,غسيل,4
SHK,6020101010,مصاريف صيانة سيارات,5/24/2026,26102905,قيد يومي,لمبات سيارة,3
SHK,6020101013,مصاريف بيعية,5/24/2026,26102906,قيد يومي,بيعية رجا,300.35
SHK,6010101026,مصاريف انترنت,5/24/2026,26102909,قيد يومي,انترنت مكتب المقابلين,87
SHK,6020101019,مصاريف منسقين,5/24/2026,26102912,قيد يومي,منسق ياسر الحسامي,50
SHK,6020101017,مصاريف شحن سيارات,5/24/2026,26102912,قيد يومي,شحن سيارة,45
SHK,6010101020,مصاريف حكومية,5/24/2026,26102914,قيد يومي,دفعة ضريبة دخل شهر 1,54.167
SHK,6010101020,مصاريف حكومية,5/24/2026,26102914,قيد يومي,غرامات,12.831
SHK,6010101020,مصاريف حكومية,5/24/2026,26102915,قيد يومي,دفعة لضريبة الدخل شهر 02,54.167
SHK,6010101020,مصاريف حكومية,5/24/2026,26102915,قيد يومي,دفعة لضريبة الدخل شهر 02,8.904
SHK,6010101020,مصاريف حكومية,5/24/2026,26102916,قيد يومي,دفعة لضريبة الدخل شهر 03,54.167
SHK,6010101020,مصاريف حكومية,5/24/2026,26102916,قيد يومي,دفعة لضريبة الدخل شهر 03,4.956
SHK,6010101020,مصاريف حكومية,5/24/2026,26102917,قيد يومي,دفعة لضريبة الدخل شهر 04,54.167
SHK,6010101020,مصاريف حكومية,5/24/2026,26102917,قيد يومي,عمولات,1.009
SHK,6020101010,مصاريف صيانة سيارات,5/24/2026,26102919,قيد يومي,غاز مكيف,20
SHK,6020101010,مصاريف صيانة سيارات,5/24/2026,26102923,قيد يومي,خالد نبهان,500.35
SHK,6020101005,مصاريف تعبئة وتغليف,5/24/2026,26000950,فاتورة مشتريات,AP Invoices - LV0000347,35
SHK,6020101005,مصاريف تعبئة وتغليف,5/24/2026,26000952,فاتورة مشتريات,AP Invoices - LV0000347,241.5
SHK,6020101017,مصاريف شحن سيارات,5/24/2026,26010466,قيد يومي,شحن سيارة سامر الدويك(Reversal) - 14766,-30
SHK,6020101010,مصاريف صيانة سيارات,5/24/2026,26010466,قيد يومي,صيانة سيارة سامر(Reversal) - 14766,-300
SHK,6020101017,مصاريف شحن سيارات,5/24/2026,26102926,قيد يومي,شحن سيارة سامر الدويك,30
SHK,6020101010,مصاريف صيانة سيارات,5/24/2026,26102926,قيد يومي,صيانة سيارة سامر,300
SHK,6020101012,مصاريف محروقات سيارات,5/24/2026,26010467,قيد يومي,محروقات(Reversal) - 14775,-10
SHK,6020101017,مصاريف شحن سيارات,5/24/2026,26010467,قيد يومي,شحن سيارة لؤي(Reversal) - 14775,-20.9
SHK,6020101012,مصاريف محروقات سيارات,5/24/2026,26102927,قيد يومي,محروقات,10
SHK,6020101017,مصاريف شحن سيارات,5/24/2026,26102927,قيد يومي,شحن سيارة لؤي,20.9
SHK,6020101015,مصاريف تحميل وتنزيل,5/24/2026,26102928,قيد يومي,تحميل وتنزيل نضال,15
SHK,6010101021,مصاريف عمولات بنكية,5/24/2026,26102931,قيد يومي,طوابع واردات خطاب ضمان,509
SHK,6010101021,مصاريف عمولات بنكية,5/24/2026,26102931,قيد يومي,طوابع واردات خطاب ضمان,838.499
SHK,6010101021,مصاريف عمولات بنكية,5/24/2026,26102932,قيد يومي,عمولات بنكية,29.593
SHK,6020101013,مصاريف بيعية,5/24/2026,26102934,قيد يومي,بيعية,1230.85
SHK,6020101010,مصاريف صيانة سيارات,5/24/2026,26102935,قيد يومي,بدل صيانه سياراه,-300
SHK,6020101010,مصاريف صيانة سيارات,5/31/2026,26102936,قيد يومي,خالد نبهان,300.35
SHK,6020101011,مصاريف تأمين وترخيص ومخالفات سيارات,5/21/2026,26102937,قيد يومي,ترخيص,26
SHK,6020101010,مصاريف صيانة سيارات,5/21/2026,26102937,قيد يومي,جنط+بنشر,16
SHK,6020101015,مصاريف تحميل وتنزيل,5/21/2026,26102937,قيد يومي,تحميل وتنزيل سكر,20
SHK,6020101015,مصاريف تحميل وتنزيل,5/21/2026,26102937,قيد يومي,تحميل وتنزيل الجنوب,10
SHK,6010101020,مصاريف حكومية,5/31/2026,26102938,قيد يومي,طوابع,32.4
SHK,6010101020,مصاريف حكومية,5/31/2026,26102939,قيد يومي,طوابع,4.5
SHK,6010101001,مصاريف ورواتب وأجور- الادارة,4/30/2026,26102943,قيد يومي,رواتب شهر 04-2025,6553.26
SHK,6010101002,مصاريف الضمان الاجتماعي - الادراة,4/30/2026,26102943,قيد يومي,رواتب شهر 04-2025,910.575
SHK,6020101012,مصاريف محروقات سيارات,5/31/2026,26102949,قيد يومي,ديزل,10
SHK,6020101010,مصاريف صيانة سيارات,5/31/2026,26102949,قيد يومي,اصلاح بنشر خارجي لسيارة رقم 2528-42,2
SHK,6020101010,مصاريف صيانة سيارات,5/31/2026,26102949,قيد يومي,بنشر لسيارة رقم 49947-46,5
SHK,6020101010,مصاريف صيانة سيارات,5/31/2026,26102949,قيد يومي,ف/رقم 161,70
SHK,6020101010,مصاريف صيانة سيارات,5/31/2026,26102949,قيد يومي,امونيا,20
SHK,6020101012,مصاريف محروقات سيارات,5/31/2026,26102951,قيد يومي,ديزل,10
SHK,6020101012,مصاريف محروقات سيارات,5/31/2026,26102951,قيد يومي,ديزل,40
SHK,6020101017,مصاريف شحن سيارات,5/31/2026,26102951,قيد يومي,شحن سيارة,2.2
SHK,6020101012,مصاريف محروقات سيارات,5/31/2026,26102951,قيد يومي,ديزل,2.5
SHK,6020101015,مصاريف تحميل وتنزيل,5/31/2026,26102951,قيد يومي,مشوار الجنوب + دوام عيد الاستقلال,40
SHK,6020101015,مصاريف تحميل وتنزيل,5/31/2026,26102951,قيد يومي,مشوار الجنوب,10
SHK,6010101001,مصاريف ورواتب وأجور- الادارة,4/30/2026,26010575,قيد يومي,راتب شهر 04/2026,1430.26
SHK,6020101015,مصاريف تحميل وتنزيل,5/31/2026,26102960,قيد يومي,نضال,10
SHK,6010101021,مصاريف عمولات بنكية,5/31/2026,26102961,قيد يومي,عمولات مصرف الراجحي,500.192
SHK,6010101022,مصاريف عمولات زين كاش,5/31/2026,26102962,قيد يومي,للبنك من زين كاش,0.35
SHK,6010101021,مصاريف عمولات بنكية,5/31/2026,26102963,قيد يومي,عمولات,0.7
SHK,6010101021,مصاريف عمولات بنكية,5/31/2026,26102963,قيد يومي,عمولات,0.7
SHK,6010101021,مصاريف عمولات بنكية,5/31/2026,26102963,قيد يومي,عمولات,0.7
SHK,6020101003,مصاريف تصدير,6/1/2026,26102964,قيد يومي,منشأ,59.5
SHK,6010101020,مصاريف حكومية,6/1/2026,26102965,قيد يومي,مراقبة شركات,5.25
SHK,6010101020,مصاريف حكومية,6/1/2026,26102968,قيد يومي,طوابع,1.62
SHK,6010101022,مصاريف عمولات زين كاش,6/1/2026,26102969,قيد يومي,طوابع + رسوم كاتب العدل,0.5
SHK,6010101020,مصاريف حكومية,6/1/2026,26102969,قيد يومي,طوابع + رسوم كاتب العدل,13
SHK,6010101020,مصاريف حكومية,6/1/2026,26102974,قيد يومي,طوابع,5.7
SHK,6010101012,مصاريف لوازم مستهلكة,6/1/2026,26102975,قيد يومي,تصليح طبالي,40
SHK,6010101003,مصاريف النظافة,6/1/2026,26102975,قيد يومي,معاصم,42
SHK,6020101015,مصاريف تحميل وتنزيل,6/1/2026,26102975,قيد يومي,اجرة ابو محمد,10
SHK,6020101015,مصاريف تحميل وتنزيل,6/1/2026,26102975,قيد يومي,تحميل وتنزيل,10
SHK,6020101010,مصاريف صيانة سيارات,6/1/2026,26102975,قيد يومي,تصليح جنط سيارة نور,30
SHK,6020101018,مصاريف فحص عينات,6/1/2026,26102976,قيد يومي,رسوم فحص فيزيائي,271
SHK,6020101018,مصاريف فحص عينات,6/1/2026,26102977,قيد يومي,رسوم فحص كيميائي,90.5
SHK,6020101010,مصاريف صيانة سيارات,6/1/2026,26102978,قيد يومي,صيانة سيارة حسام,40.35
SHK,6020101015,مصاريف تحميل وتنزيل,6/1/2026,26102979,قيد يومي,تحميل وتنزيل الولاء,30.35
SHK,6010101022,مصاريف عمولات زين كاش,6/1/2026,26102980,قيد يومي,تحويل للبنك من زين كاش,0.35
SHK,6020101012,مصاريف محروقات سيارات,6/2/2026,26010813,قيد يومي,ديزل,20
SHK,6020101015,مصاريف تحميل وتنزيل,6/2/2026,26103003,قيد يومي,راتب جعفر شهر 4,190
SHK,6020101010,مصاريف صيانة سيارات,6/2/2026,26103003,قيد يومي,غسيل سيارة محمد ياسر,7
SHK,6020101015,مصاريف تحميل وتنزيل,6/2/2026,26103003,قيد يومي,اجرة نقل,9
SHK,6020101014,خصم مسموح به,6/2/2026,26103004,قيد يومي,خصم,40
SHK,6020101015,مصاريف تحميل وتنزيل,6/2/2026,26103005,قيد يومي,نضال,14
SHK,6020101012,مصاريف محروقات سيارات,6/3/2026,26010822,قيد يومي,ديزل,50
SHK,6020101017,مصاريف شحن سيارات,6/3/2026,26103006,قيد يومي,شحن سيارة,35
SHK,6020101015,مصاريف تحميل وتنزيل,6/3/2026,26103006,قيد يومي,تحميل وتنزيل,20
SHK,6020101010,مصاريف صيانة سيارات,6/3/2026,26103006,قيد يومي,ف/رقم 4976,48
SHK,6010101020,مصاريف حكومية,6/3/2026,26103010,قيد يومي,طوابع,64.2
SHK,6010101020,مصاريف حكومية,6/3/2026,26103011,قيد يومي,طوابع,7.8
SHK,6010101020,مصاريف حكومية,6/3/2026,26103012,قيد يومي,طوابع,15.9
SHK,6010101020,مصاريف حكومية,6/3/2026,26103013,قيد يومي,طوابع,4.4
SHK,6010101020,مصاريف حكومية,6/3/2026,26103014,قيد يومي,طوابع,28.8
SHK,6010101020,مصاريف حكومية,6/3/2026,26103015,قيد يومي,جمارك,30.5
SHK,6010101022,مصاريف عمولات زين كاش,6/3/2026,26103018,قيد يومي,صيانة سيارة ابو لؤي,0.35
SHK,6020101010,مصاريف صيانة سيارات,6/3/2026,26103018,قيد يومي,صيانة سيارة ابو لؤي,98
SHK,6010101022,مصاريف عمولات زين كاش,6/3/2026,26103019,قيد يومي,صيانة سيارة ابو لؤي,0.35
SHK,6020101010,مصاريف صيانة سيارات,6/3/2026,26103019,قيد يومي,صيانة سيارة ابو لؤي,80
SHK,6010101022,مصاريف عمولات زين كاش,6/3/2026,26103020,قيد يومي,برمجة سيارة ابو لؤي,0.35
SHK,6020101010,مصاريف صيانة سيارات,6/3/2026,26103020,قيد يومي,برمجة سيارة ابو لؤي,10
SHK,6010101021,مصاريف عمولات بنكية,6/3/2026,26103026,قيد يومي,تجديد تسهيلات مصرف الراجحي,2805
SHK,6010101009,مصاريف متفرقة,6/3/2026,26010923,قيد يومي,عمولات,2
SHK,6020101017,مصاريف شحن سيارات,6/3/2026,26010924,قيد يومي,شحن سيارة نايف الحلبوني,11.35
SHK,6010101004,مصاريف ضيافة,4/2/2026,26010929,قيد يومي,مصاريف ضيافة(Reversal) - 9301,-2
SHK,6010101004,مصاريف ضيافة,4/2/2026,26103030,قيد يومي,مصاريف ضيافة,2
SHK,6020101017,مصاريف شحن سيارات,6/3/2026,26010930,قيد يومي,شحن سيارة نايف الحلبوني(Reversal) - 15407,-11.35
SHK,6020101017,مصاريف شحن سيارات,6/3/2026,26010931,قيد يومي,شحن سيارة نايف الحلبوني,8.45
SHK,6020101017,مصاريف شحن سيارات,6/3/2026,26010932,قيد يومي,شحن سيارة نايف الحلبوني(Reversal) - 15415,-8.45
SHK,6020101017,مصاريف شحن سيارات,6/3/2026,26010933,قيد يومي,شحن سيارة نايف الحلبوني,11.35
SHK,6010101020,مصاريف حكومية,6/1/2026,26010934,قيد يومي,طوابع(Reversal) - 15086,-1.62
SHK,6010101020,مصاريف حكومية,6/1/2026,26103031,قيد يومي,طوابع,4.5
SHK,6020101017,مصاريف شحن سيارات,6/4/2026,26010938,قيد يومي,شحن سيارة امجد العمري,17.2
SHK,6020101017,مصاريف شحن سيارات,6/4/2026,26103033,قيد يومي,مصاريف شحن سيارة,104
SHK,6010101009,مصاريف متفرقة,6/4/2026,26103033,قيد يومي,موقف سيارة,13.5
SHK,6020101010,مصاريف صيانة سيارات,6/4/2026,26103033,قيد يومي,بنشر,2.5
SHK,6010101004,مصاريف ضيافة,6/4/2026,26103040,قيد يومي,شاي اخضر,2.75
SHK,6020101015,مصاريف تحميل وتنزيل,6/4/2026,26103040,قيد يومي,تحميل وتنزيل 10 طن سكر,10
SHK,6010101024,مصاريف مواصلات,5/31/2026,26010955,قيد يومي,مواصلا شهر 05 من عمان للموقر,2150
SHK,6020101014,خصم مسموح به,5/6/2026,26103041,قيد يومي,خصم فرق,16.16
SHK,6020101014,خصم مسموح به,5/17/2026,26103042,قيد يومي,خصم مسحوبات %4,218.179
SHK,6020101018,مصاريف فحص عينات,6/4/2026,26103043,قيد يومي,ف/رقم 1710 فحص طحينية,105
SHK,6010101009,مصاريف متفرقة,6/4/2026,26103044,قيد يومي,طوابع,2.2
SHK,6010101020,مصاريف حكومية,6/4/2026,26103046,قيد يومي,طوابع,15.95
SHK,6010101020,مصاريف حكومية,6/4/2026,26103047,قيد يومي,طوابع,15
SHK,6020101010,مصاريف صيانة سيارات,6/4/2026,26103048,قيد يومي,ف/رقم 1641 محرك كامل 651,1471.552
SHK,6020101010,مصاريف صيانة سيارات,6/4/2026,26103049,قيد يومي,ف/رقم 1603 ستيرنج + زيت بور + اجور فك,175
SHK,6020101010,مصاريف صيانة سيارات,6/4/2026,26103050,قيد يومي,ف/رقم 1601 فلتر ديزل + قشاط محرك + اجور فك,49.138
SHK,6020101010,مصاريف صيانة سيارات,6/4/2026,26103051,قيد يومي,ف/رقم 5435 باب سحاب + طقم كفات امامية سيارة عمر الشيخ,185
SHK,6020101010,مصاريف صيانة سيارات,6/4/2026,26103052,قيد يومي,ف/رقم 5404 اجور فك وتركيب,280
SHK,6020101010,مصاريف صيانة سيارات,6/4/2026,26103054,قيد يومي,طقم كلتش + اجور مخرطة  + اجور فك,410
SHK,6020101010,مصاريف صيانة سيارات,6/4/2026,26103055,قيد يومي,تيربو كامل + زيت محرك 9 لتر + اجور مخرطة,470
SHK,6020101010,مصاريف صيانة سيارات,6/4/2026,26103056,قيد يومي,صيانة سيارة رقم 54579 - 42,282
SHK,6020101010,مصاريف صيانة سيارات,6/4/2026,26103057,قيد يومي,صيانة سيارة رقم 53039- 42,80
SHK,6020101015,مصاريف تحميل وتنزيل,6/4/2026,26010993,قيد يومي,تحميل وتنزيل نضال,30
SHK,6020101015,مصاريف تحميل وتنزيل,6/7/2026,26103060,قيد يومي,تحميل وتنزيل,10
SHK,6010101021,مصاريف عمولات بنكية,6/7/2026,26103062,قيد يومي,عمولات,0.7
SHK,6010101021,مصاريف عمولات بنكية,6/7/2026,26103062,قيد يومي,عمولات,0.7
SHK,6010101021,مصاريف عمولات بنكية,6/7/2026,26103062,قيد يومي,عمولات,0.7
SHK,6010101021,مصاريف عمولات بنكية,6/7/2026,26103062,قيد يومي,عمولات,0.7
SHK,6010101021,مصاريف عمولات بنكية,6/7/2026,26103062,قيد يومي,عمولات,0.7
SHK,6010101026,مصاريف انترنت,6/7/2026,26103063,قيد يومي,انترنت,20.88
SHK,6020101003,مصاريف تصدير,6/7/2026,26103065,قيد يومي,منشأ,13.5
SHK,6020101003,مصاريف تصدير,6/7/2026,26103065,قيد يومي,منشأ,42.3
SHK,6020101003,مصاريف تصدير,6/7/2026,26103065,قيد يومي,منشأ,59.5
SHK,6010101020,مصاريف حكومية,6/7/2026,26103066,قيد يومي,رخصة مهن,484.2
SHK,6010101022,مصاريف عمولات زين كاش,6/7/2026,26103067,قيد يومي,تحويل للمول,0.35
SHK,6010101020,مصاريف حكومية,6/7/2026,26103069,قيد يومي,جمارك,30.5
SHK,6010101020,مصاريف حكومية,6/7/2026,26103070,قيد يومي,جمارك,30.5
SHK,6010101022,مصاريف عمولات زين كاش,6/7/2026,26103071,قيد يومي,فحص عينات تصدير للسعودية,0.35
SHK,6020101018,مصاريف فحص عينات,6/7/2026,26103071,قيد يومي,فحص عينات تصدير للسعودية,23.2
SHK,6010101022,مصاريف عمولات زين كاش,6/7/2026,26103073,قيد يومي,تذكرة سفر نور الى جدة,0.35
SHK,6010101023,مصاريف سفر واقامة وتنقلات,6/7/2026,26103073,قيد يومي,تذكرة سفر نور الى جدة,160
SHK,6010101022,مصاريف عمولات زين كاش,6/7/2026,26103074,قيد يومي,تحويل للمول,0.35
SHK,6020101010,مصاريف صيانة سيارات,6/7/2026,26103080,قيد يومي,ف/رقم 35667,290.35
SHK,6020101010,مصاريف صيانة سيارات,6/7/2026,26103081,قيد يومي,ف/رقم 2625 غسيل + زيت هيدرولك,18.35
SHK,6020101010,مصاريف صيانة سيارات,5/31/2026,26011068,قيد يومي,خالد نبهان(Reversal) - 14846,-300.35
SHK,6020101010,مصاريف صيانة سيارات,5/24/2026,26011069,قيد يومي,خالد نبهان(Reversal) - 14812,-500.35
SHK,6010101020,مصاريف حكومية,6/7/2026,26103087,قيد يومي,طوابع,3.9
SHK,6010101020,مصاريف حكومية,6/7/2026,26103088,قيد يومي,طوابع,7.5
SHK,6010101022,مصاريف عمولات زين كاش,6/7/2026,26103099,قيد يومي,مصاريف سفر نور,0.35
SHK,6010101023,مصاريف سفر واقامة وتنقلات,6/7/2026,26103099,قيد يومي,مصاريف سفر نور,150
SHK,6010101025,مصاريف هاتف,6/7/2026,26103101,قيد يومي,هاتف,29.79
SHK,6010101020,مصاريف حكومية,6/7/2026,26103102,قيد يومي,استثمار,50.5
SHK,6020101010,مصاريف صيانة سيارات,6/4/2026,26011128,قيد يومي,تيربو كامل + زيت محرك 9 لتر + اجور مخرطة(Reversal) - 15492,-470
SHK,6020101010,مصاريف صيانة سيارات,6/4/2026,26011129,قيد يومي,طقم كلتش + اجور مخرطة  + اجور فك(Reversal) - 15491,-410
SHK,6020101010,مصاريف صيانة سيارات,6/4/2026,26011130,قيد يومي,ف/رقم 5404 اجور فك وتركيب(Reversal) - 15483,-280
SHK,6020101010,مصاريف صيانة سيارات,6/4/2026,26011131,قيد يومي,ف/رقم 5435 باب سحاب + طقم كفات امامية سيارة عمر الشيخ(Reversal) - 15482,-185
SHK,6020101010,مصاريف صيانة سيارات,6/4/2026,26011132,قيد يومي,صيانة سيارة رقم 54579 - 42(Reversal) - 15493,-282
SHK,6020101010,مصاريف صيانة سيارات,6/4/2026,26011133,قيد يومي,صيانة سيارة رقم 53039- 42(Reversal) - 15494,-80
SHK,6020101003,مصاريف تصدير,6/7/2026,26103103,قيد يومي,رسوم جمركية + تخليص,89
SHK,6020101003,مصاريف تصدير,6/7/2026,26103104,قيد يومي,رسوم جمركية + تخليص,66
SHK,6020101015,مصاريف تحميل وتنزيل,6/7/2026,26103105,قيد يومي,نضال,10
SHK,6020101015,مصاريف تحميل وتنزيل,4/30/2026,26011135,قيد يومي,تحميل وتنزيل ابو لؤي,500
SHK,6010101021,مصاريف عمولات بنكية,5/31/2026,26011174,قيد يومي,عمولات بنكية,1
SHK,6010101021,مصاريف عمولات بنكية,5/19/2026,26011178,قيد يومي,طوابع واردات(Reversal) - 14480,-38
SHK,6010101021,مصاريف عمولات بنكية,5/19/2026,26011178,قيد يومي,عمولة خطاب(Reversal) - 14480,-54.128
SHK,6010101021,مصاريف عمولات بنكية,5/19/2026,26011178,قيد يومي,عمولات بنكية(Reversal) - 14480,-20
SHK,6010101021,مصاريف عمولات بنكية,5/19/2026,26011178,قيد يومي,عمولات بنكية(Reversal) - 14480,-90
SHK,6010101021,مصاريف عمولات بنكية,5/19/2026,26011178,قيد يومي,عمولات(Reversal) - 14480,-1
SHK,6010101021,مصاريف عمولات بنكية,5/19/2026,26011178,قيد يومي,عمولات بنكية(Reversal) - 14480,-61.75
SHK,6010101021,مصاريف عمولات بنكية,5/19/2026,26011179,قيد يومي,عمولات,1
SHK,6010101021,مصاريف عمولات بنكية,5/19/2026,26011179,قيد يومي,طوابع واردات,38
SHK,6010101021,مصاريف عمولات بنكية,5/19/2026,26011179,قيد يومي,عمولة خطاب,54.128
SHK,6010101021,مصاريف عمولات بنكية,5/19/2026,26011179,قيد يومي,عمولات بنكية,20
SHK,6010101021,مصاريف عمولات بنكية,5/19/2026,26011179,قيد يومي,عمولات بنكية,90
SHK,6010101021,مصاريف عمولات بنكية,5/19/2026,26011179,قيد يومي,عمولات بنكية,61.75
SHK,6020101012,مصاريف محروقات سيارات,6/9/2026,26103107,قيد يومي,ديزل,20
SHK,6020101011,مصاريف تأمين وترخيص ومخالفات سيارات,6/9/2026,26103107,قيد يومي,ترخيص,62.7
SHK,6010101012,مصاريف لوازم مستهلكة,6/9/2026,26103107,قيد يومي,ورق حف + تب,6
SHK,6010101018,مصاريف قرطاسية ومطبوعات,6/9/2026,26103107,قيد يومي,دفتر فواتير,2.5
SHK,6020101011,مصاريف تأمين وترخيص ومخالفات سيارات,6/9/2026,26103107,قيد يومي,مخالفات سيارة عمر,20
SHK,6020101012,مصاريف محروقات سيارات,6/9/2026,26103107,قيد يومي,ديزل,20
SHK,6020101015,مصاريف تحميل وتنزيل,6/9/2026,26103107,قيد يومي,تحميل وتنزيل,8
SHK,6020101010,مصاريف صيانة سيارات,6/9/2026,26103107,قيد يومي,لمبة + عاكس,2.5
SHK,6020101015,مصاريف تحميل وتنزيل,6/9/2026,26103107,قيد يومي,اجرة تنزيل سكر,10
SHK,6020101015,مصاريف تحميل وتنزيل,6/9/2026,26103107,قيد يومي,مشوار الجنوب,20
SHK,6020101015,مصاريف تحميل وتنزيل,6/9/2026,26103107,قيد يومي,عرباي الغور,5
SHK,6020101015,مصاريف تحميل وتنزيل,6/9/2026,26103107,قيد يومي,تحميل وتنزيل يوسف وسامر,20
SHK,6020101010,مصاريف صيانة سيارات,6/9/2026,26103107,قيد يومي,ف/رقم 175,10
SHK,6020101010,مصاريف صيانة سيارات,6/9/2026,26103107,قيد يومي,اصلاح طنبونات + تجليس ودهان باص رقم 53039-42,225
SHK,6020101011,مصاريف تأمين وترخيص ومخالفات سيارات,6/9/2026,26103109,قيد يومي,تأمين سيارة رقم 53198-42 مرسيدس فان,149.4
SHK,6010101003,مصاريف النظافة,6/9/2026,26103110,قيد يومي,ف/رقم 224 مماسح ارض + ليف جلي + محارم,205.6
SHK,6010101012,مصاريف لوازم مستهلكة,6/9/2026,26103110,قيد يومي,ف/رقم 74 اسيتون,20
SHK,6020101017,مصاريف شحن سيارات,6/9/2026,26103113,قيد يومي,شحن سيارة جهاد فقوسة,20.45
SHK,6010101018,مصاريف قرطاسية ومطبوعات,6/9/2026,26103115,قيد يومي,ورق,13
SHK,6010101009,مصاريف متفرقة,6/9/2026,26103120,قيد يومي,مواقف - ابو العبد,6.5
SHK,6010101016,مصاريف لوازم كمبيوتر,6/9/2026,26103121,قيد يومي,SSD 512 GB,64.655
SHK,6020101012,مصاريف محروقات سيارات,6/9/2026,26103122,قيد يومي,ديزل,120
SHK,6010101020,مصاريف حكومية,6/9/2026,26103125,قيد يومي,طوابع,44.5
SHK,6020101012,مصاريف محروقات سيارات,6/10/2026,26103128,قيد يومي,ديزل,28
SHK,6010101009,مصاريف متفرقة,6/10/2026,26103128,قيد يومي,تصوير ورق,1
SHK,6020101010,مصاريف صيانة سيارات,6/10/2026,26103128,قيد يومي,جنط + فردة كوشوك سيارة ابو ادريس,25
SHK,6020101010,مصاريف صيانة سيارات,6/10/2026,26103128,قيد يومي,غسيل بودي,6
SHK,6020101015,مصاريف تحميل وتنزيل,6/10/2026,26103128,قيد يومي,تحميل وتنزيل سكر عمان والجنوب,25
SHK,6020101015,مصاريف تحميل وتنزيل,6/10/2026,26103128,قيد يومي,اجرة عامل,35
SHK,6020101001,مصاريف ورواتب وأجور- المبيعات,4/30/2026,26011285,قيد يومي,رواتب شهر 04/2026,12790.454
SHK,6020101002,مصاريف الضمان الاجتماعي - المبيعات,4/30/2026,26011285,قيد يومي,رواتب شهر 04/2026,1167.075
SHK,6020101003,مصاريف تصدير,6/10/2026,26103130,قيد يومي,منشأ,59.5
SHK,6020101015,مصاريف تحميل وتنزيل,6/10/2026,26103131,قيد يومي,تحميل وتنزيل الولاء,60.35
SHK,6020101015,مصاريف تحميل وتنزيل,6/10/2026,26103135,قيد يومي,عيد المصري,620.35
SHK,6010101020,مصاريف حكومية,6/10/2026,26103137,قيد يومي,طوابع وزارة العمل,45.35
SHK,6020101015,مصاريف تحميل وتنزيل,6/10/2026,26103138,قيد يومي,تحميل وتنزيل الولاء,55.35
SHK,6010101021,مصاريف عمولات بنكية,6/10/2026,26103142,قيد يومي,عمولات,0.7
SHK,6010101021,مصاريف عمولات بنكية,6/10/2026,26103142,قيد يومي,عمولات,0.7
SHK,6010101021,مصاريف عمولات بنكية,6/10/2026,26103143,قيد يومي,عمولات,0.5
SHK,6010101009,مصاريف متفرقة,6/10/2026,26103153,قيد يومي,طوابع,53
SHK,6010101009,مصاريف متفرقة,2/28/2026,26011336,قيد يومي,عمولات بيع,355.897
SHK,6010101021,مصاريف عمولات بنكية,6/10/2026,26103157,قيد يومي,عمولات,0.7
SHK,6010101021,مصاريف عمولات بنكية,6/10/2026,26103157,قيد يومي,عمولات,0.7
SHK,6010101021,مصاريف عمولات بنكية,6/10/2026,26103157,قيد يومي,عمولات,0.7
SHK,6020101013,مصاريف بيعية,6/10/2026,26103158,قيد يومي,بيعية,50
SHK,6010101012,مصاريف لوازم مستهلكة,6/2/2026,26011341,قيد يومي,ف/رقم 26701539,44.24
SHK,6010101012,مصاريف لوازم مستهلكة,5/30/2026,26011342,قيد يومي,ف/رقم 26701539(Reversal) - 15975,-44.24
SHK,6020101012,مصاريف محروقات سيارات,5/31/2026,26011343,قيد يومي,ديزل(Reversal) - 14943,-2.5
SHK,6020101012,مصاريف محروقات سيارات,5/31/2026,26011343,قيد يومي,ديزل(Reversal) - 14943,-10
SHK,6020101012,مصاريف محروقات سيارات,5/31/2026,26011343,قيد يومي,ديزل(Reversal) - 14943,-40
SHK,6020101015,مصاريف تحميل وتنزيل,5/31/2026,26011343,قيد يومي,مشوار الجنوب + دوام عيد الاستقلال(Reversal) - 14943,-40
SHK,6020101015,مصاريف تحميل وتنزيل,5/31/2026,26011343,قيد يومي,مشوار الجنوب(Reversal) - 14943,-10
SHK,6020101017,مصاريف شحن سيارات,5/31/2026,26011343,قيد يومي,شحن سيارة(Reversal) - 14943,-2.2
SHK,6020101012,مصاريف محروقات سيارات,5/31/2026,26103161,قيد يومي,ديزل,2.5
SHK,6020101012,مصاريف محروقات سيارات,5/31/2026,26103161,قيد يومي,ديزل,40
SHK,6020101017,مصاريف شحن سيارات,5/31/2026,26103161,قيد يومي,شحن سيارة,46.44
SHK,6020101015,مصاريف تحميل وتنزيل,5/31/2026,26103161,قيد يومي,مشوار الجنوب + دوام عيد الاستقلال,40
SHK,6020101012,مصاريف محروقات سيارات,5/31/2026,26103161,قيد يومي,ديزل,10
SHK,6020101015,مصاريف تحميل وتنزيل,5/31/2026,26103161,قيد يومي,مشوار الجنوب,10
SHK,6010101009,مصاريف متفرقة,6/4/2026,26011344,قيد يومي,موقف سيارة(Reversal) - 15432,-13.5
SHK,6020101017,مصاريف شحن سيارات,6/4/2026,26011344,قيد يومي,مصاريف شحن سيارة(Reversal) - 15432,-104
SHK,6020101010,مصاريف صيانة سيارات,6/4/2026,26011344,قيد يومي,بنشر(Reversal) - 15432,-2.5
SHK,6010101009,مصاريف متفرقة,6/4/2026,26103162,قيد يومي,موقف سيارة,13.5
SHK,6020101017,مصاريف شحن سيارات,6/4/2026,26103162,قيد يومي,مصاريف شحن سيارة,59.763
SHK,6020101010,مصاريف صيانة سيارات,6/4/2026,26103162,قيد يومي,بنشر,2.5
SHK,6020101012,مصاريف محروقات سيارات,6/11/2026,26103164,قيد يومي,ديزل,20
SHK,6020101015,مصاريف تحميل وتنزيل,6/11/2026,26103164,قيد يومي,مشوار الجنوب تنزيل سكر,10
SHK,6010101009,مصاريف متفرقة,6/11/2026,26103164,قيد يومي,مواقف,4
SHK,6010101009,مصاريف متفرقة,6/11/2026,26103164,قيد يومي,مواقف,2
SHK,6010101024,مصاريف مواصلات,1/10/2026,26011356,قيد يومي,مواصلات موظفين,2150
SHK,6020101015,مصاريف تحميل وتنزيل,6/11/2026,26103168,قيد يومي,اكرامية حسن الاخ الرائع بعلم نور,10
SHK,6020101012,مصاريف محروقات سيارات,6/11/2026,26103169,قيد يومي,ديزل,22
SHK,6010101003,مصاريف النظافة,6/11/2026,26103177,قيد يومي,بدل خدمات مكتب المقابلين,65
SHK,6020101014,خصم مسموح به,6/11/2026,26103178,قيد يومي,خصم على ف/رقم 49562 فرق سعر,-20
SHK,6010101021,مصاريف عمولات بنكية,6/11/2026,26103181,قيد يومي,عمولات,0.5
SHK,6020101015,مصاريف تحميل وتنزيل,6/11/2026,26103183,قيد يومي,اجور نقل سمسم,450.35
SHK,6020101003,مصاريف تصدير,6/11/2026,26103184,قيد يومي,فحص عينات,60
SHK,6010101022,مصاريف عمولات زين كاش,6/11/2026,26103184,قيد يومي,فحص عينات,0.35
SHK,6020101003,مصاريف تصدير,6/11/2026,26103185,قيد يومي,اصدار رخصة استيراد حيواني,10
SHK,6010101022,مصاريف عمولات زين كاش,6/11/2026,26103185,قيد يومي,اصدار رخصة استيراد حيواني,0.5
SHK,6010101023,مصاريف سفر واقامة وتنقلات,6/11/2026,26103186,قيد يومي,مصاريف سفر نور الى السعودية,160.35
SHK,6010101020,مصاريف حكومية,6/11/2026,26103187,قيد يومي,طوابع,25.3
SHK,6010101023,مصاريف سفر واقامة وتنقلات,6/11/2026,26011382,قيد يومي,مصاريف سفر نور الى السعودية(Reversal) - 16045,-160.35
SHK,6010101023,مصاريف سفر واقامة وتنقلات,6/11/2026,26103189,قيد يومي,مصاريف سفر نور الى السعودية,180.7
SHK,6010101021,مصاريف عمولات بنكية,5/5/2026,26011486,قيد يومي,عمولات(Reversal) - 13675,-2
SHK,6010101021,مصاريف عمولات بنكية,5/5/2026,26011486,قيد يومي,عمولة شيك معاد رقم 14904(Reversal) - 13675,-20
SHK,6010101021,مصاريف عمولات بنكية,5/5/2026,26011486,قيد يومي,عمولة شيك معاد رقم 14431(Reversal) - 13675,-20
SHK,6010101021,مصاريف عمولات بنكية,5/5/2026,26011486,قيد يومي,عمولات(Reversal) - 13675,-0.5
SHK,6010101021,مصاريف عمولات بنكية,5/5/2026,26011486,قيد يومي,عمولات على خطاب ضمان(Reversal) - 13675,-226.2
SHK,6010101021,مصاريف عمولات بنكية,5/5/2026,26011486,قيد يومي,عمولة شيك معاد رقم 14775(Reversal) - 13675,-20
SHK,6010101021,مصاريف عمولات بنكية,5/5/2026,26011486,قيد يومي,عمولات(Reversal) - 13675,-0.7
SHK,6010101021,مصاريف عمولات بنكية,5/5/2026,26011486,قيد يومي,عمولات(Reversal) - 13675,-0.5
SHK,6010101021,مصاريف عمولات بنكية,5/5/2026,26011486,قيد يومي,طوابع واردات(Reversal) - 13675,-140
SHK,6010101021,مصاريف عمولات بنكية,5/5/2026,26103190,قيد يومي,عمولات,2
SHK,6010101021,مصاريف عمولات بنكية,5/5/2026,26103190,قيد يومي,عمولة شيك معاد رقم 14904,20
SHK,6010101021,مصاريف عمولات بنكية,5/5/2026,26103190,قيد يومي,عمولة شيك معاد رقم 14775,20
SHK,6010101021,مصاريف عمولات بنكية,5/5/2026,26103190,قيد يومي,عمولة شيك معاد رقم 14431,20
SHK,6010101021,مصاريف عمولات بنكية,5/5/2026,26103190,قيد يومي,عمولات,0.5
SHK,6010101021,مصاريف عمولات بنكية,5/5/2026,26103190,قيد يومي,طوابع واردات,140
SHK,6010101021,مصاريف عمولات بنكية,5/5/2026,26103190,قيد يومي,عمولات,0.7
SHK,6010101021,مصاريف عمولات بنكية,5/5/2026,26103190,قيد يومي,عمولات,0.5
SHK,6010101021,مصاريف عمولات بنكية,5/5/2026,26103190,قيد يومي,عمولات على خطاب ضمان,226.2
SHK,6010101021,مصاريف عمولات بنكية,5/31/2026,26103195,قيد يومي,عمولات بنكية,6.255
SHK,6010101021,مصاريف عمولات بنكية,5/31/2026,26103195,قيد يومي,عمولات بنكية,0.031
SHK,6010101021,مصاريف عمولات بنكية,5/31/2026,26103195,قيد يومي,عمولات بنكية,0.7
SHK,6010101021,مصاريف عمولات بنكية,5/31/2026,26103195,قيد يومي,عمولات بنكية,40
SHK,6010101021,مصاريف عمولات بنكية,5/31/2026,26103195,قيد يومي,عمولات بنكية,60
SHK,6010101021,مصاريف عمولات بنكية,5/31/2026,26103195,قيد يومي,عمولات بنكية,0.35
SHK,6010101021,مصاريف عمولات بنكية,5/31/2026,26011496,قيد يومي,عمولات بنكية(Reversal) - 16180,-60
SHK,6010101021,مصاريف عمولات بنكية,5/31/2026,26011496,قيد يومي,عمولات بنكية(Reversal) - 16180,-6.255
SHK,6010101021,مصاريف عمولات بنكية,5/31/2026,26011496,قيد يومي,عمولات بنكية(Reversal) - 16180,-0.031
SHK,6010101021,مصاريف عمولات بنكية,5/31/2026,26011496,قيد يومي,عمولات بنكية(Reversal) - 16180,-0.7
SHK,6010101021,مصاريف عمولات بنكية,5/31/2026,26011496,قيد يومي,عمولات بنكية(Reversal) - 16180,-0.35
SHK,6010101021,مصاريف عمولات بنكية,5/31/2026,26011496,قيد يومي,عمولات بنكية(Reversal) - 16180,-40
SHK,6010101021,مصاريف عمولات بنكية,5/31/2026,26103197,قيد يومي,عمولات بنكية,60
SHK,6010101021,مصاريف عمولات بنكية,5/31/2026,26103197,قيد يومي,عمولات بنكية,6.255
SHK,6010101021,مصاريف عمولات بنكية,5/31/2026,26103197,قيد يومي,عمولات بنكية,0.031
SHK,6010101021,مصاريف عمولات بنكية,5/31/2026,26103197,قيد يومي,عمولات بنكية,0.7
SHK,6010101021,مصاريف عمولات بنكية,5/31/2026,26103197,قيد يومي,عمولات بنكية,0.35
SHK,6010101021,مصاريف عمولات بنكية,5/31/2026,26103197,قيد يومي,عمولات بنكية,40
SHK,6010101020,مصاريف حكومية,6/14/2026,26103198,قيد يومي,طوابع,65.722
SHK,6020101015,مصاريف تحميل وتنزيل,6/14/2026,26103204,قيد يومي,نضال,30
SHK,6020101015,مصاريف تحميل وتنزيل,6/14/2026,26103207,قيد يومي,نضال,10
SHK,6020101012,مصاريف محروقات سيارات,6/14/2026,26103208,قيد يومي,ديزل,10
SHK,6010101004,مصاريف ضيافة,6/14/2026,26103214,قيد يومي,كراتين مياه عدد 10 + كوفي بريك,18.5
SHK,6010101025,مصاريف هاتف,6/14/2026,26103214,قيد يومي,شحن خط,11.542
SHK,6010101025,مصاريف هاتف,6/14/2026,26103214,قيد يومي,شحن خط,11.542
SHK,6020101010,مصاريف صيانة سيارات,6/14/2026,26103214,قيد يومي,بنشر,3
SHK,6020101010,مصاريف صيانة سيارات,6/14/2026,26103214,قيد يومي,صيانة سيارة رقم 55623-42,120
SHK,6010101003,مصاريف النظافة,6/14/2026,26103215,قيد يومي,فاين هايتكس + فاين مطبخ,29.5
SHK,6020101010,مصاريف صيانة سيارات,6/14/2026,26103216,قيد يومي,ديفينول,331.034
SHK,6020101014,خصم مسموح به,6/14/2026,26103217,قيد يومي,خصم على ف/رقم 1627,-4
SHK,6020101008,مصاريف نقل وشحن,6/14/2026,26103219,قيد يومي,مصاريف شحن - مصعب,250.35
SHK,6020101015,مصاريف تحميل وتنزيل,6/14/2026,26103220,قيد يومي,نضال,14
SHK,6010101022,مصاريف عمولات زين كاش,6/15/2026,26103229,قيد يومي,دفعة لمخبز الهلسة حساب شهر 4,0.35
SHK,6010101022,مصاريف عمولات زين كاش,6/15/2026,26103230,قيد يومي,مخالصة نايف الحلبوني,0.35
SHK,6020101020,مصاريف بريد,6/15/2026,26103231,قيد يومي,بريد,3.35
SHK,6010101022,مصاريف عمولات زين كاش,6/15/2026,26103234,قيد يومي,تحويل للبنك,0.35
SHK,6010101021,مصاريف عمولات بنكية,6/15/2026,26103235,قيد يومي,عمولات,0.5
SHK,6010101020,مصاريف حكومية,6/15/2026,26103237,قيد يومي,ضريبة دخل,125.75
SHK,6020101010,مصاريف صيانة سيارات,6/15/2026,26103238,قيد يومي,غسيل سيارة يوسف احمد,5
SHK,6020101010,مصاريف صيانة سيارات,6/15/2026,26103241,قيد يومي,صيانة سيارة يزن حمدان,50
SHK,6010101022,مصاريف عمولات زين كاش,6/15/2026,26103242,قيد يومي,عمولات تحويل زين كاش,3.9
SHK,6020101017,مصاريف شحن سيارات,6/15/2026,26103251,قيد يومي,شحن سيارة لؤي,26.4
SHK,6020101017,مصاريف شحن سيارات,6/15/2026,26103255,قيد يومي,شحن سيارة جهاد,4.1
SHK,6020101013,مصاريف بيعية,6/15/2026,26103257,قيد يومي,امجد الفيومي,135
SHK,6020101013,مصاريف بيعية,6/15/2026,26103258,قيد يومي,بيعية - امجد الفيومي,200
SHK,6010101021,مصاريف عمولات بنكية,6/15/2026,26103259,قيد يومي,عمولات,0.5
SHK,6020101013,مصاريف بيعية,6/15/2026,26103259,قيد يومي,بيعية - امجد الفيومي,425
SHK,6020101015,مصاريف تحميل وتنزيل,6/15/2026,26103260,قيد يومي,نضال,13
SHK,6020101015,مصاريف تحميل وتنزيل,6/16/2026,26103264,قيد يومي,تحميل وتنزيل سكر + تمر الجنوب,30
SHK,6010101004,مصاريف ضيافة,6/16/2026,26103264,قيد يومي,كراتين مياه عدد 15,17.25
SHK,6010101004,مصاريف ضيافة,6/16/2026,26103264,قيد يومي,قوارير مياه,2
SHK,6020101012,مصاريف محروقات سيارات,6/16/2026,26103264,قيد يومي,ديزل,20
SHK,6020101007,مصاريف أدوية وعلاجات,6/16/2026,26103264,قيد يومي,سبيرتو + بنادول,8.4
SHK,6020101010,مصاريف صيانة سيارات,6/16/2026,26103264,قيد يومي,زيت,70
SHK,6010101022,مصاريف عمولات زين كاش,6/16/2026,26103265,قيد يومي,عمولات تحويل لزين كاش,4
SHK,6020101017,مصاريف شحن سيارات,6/16/2026,26103266,قيد يومي,شحن سيارة امجد العمري,18.35
SHK,6020101017,مصاريف شحن سيارات,6/16/2026,26103268,قيد يومي,شحن سياره جهاد فقوسة,8.9
SHK,6020101017,مصاريف شحن سيارات,6/16/2026,26011697,قيد يومي,شحن سياره جهاد فقوسة(Reversal) - 16462,-8.9
SHK,6020101017,مصاريف شحن سيارات,6/16/2026,26103271,قيد يومي,شحن سياره جهاد فقوسة,8.9
SHK,6010101027,مصاريف دورات تدريبية للموظفين,6/16/2026,26103275,قيد يومي,رسوم دورة عبدالله ياسر,50.35
SHK,6010101021,مصاريف عمولات بنكية,6/16/2026,26103279,قيد يومي,عمولات,0.5
SHK,6010101021,مصاريف عمولات بنكية,6/16/2026,26103279,قيد يومي,عمولات,0.7
SHK,6010101021,مصاريف عمولات بنكية,6/16/2026,26103279,قيد يومي,عمولات,0.7
SHK,6010101020,مصاريف حكومية,6/16/2026,26103280,قيد يومي,طوابع,259.2
SHK,6010101012,مصاريف لوازم مستهلكة,6/16/2026,26103281,قيد يومي,لبادة + مضخة,30
SHK,6020101015,مصاريف تحميل وتنزيل,6/16/2026,26103285,قيد يومي,نضال,15
SHK,6020101010,مصاريف صيانة سيارات,6/16/2026,26103287,قيد يومي,بنشر,3
SHK,6020101019,مصاريف منسقين,6/16/2026,26103288,قيد يومي,منسق جرش مول,30.35
SHK,6010101021,مصاريف عمولات بنكية,6/17/2026,26103301,قيد يومي,عمولات بنكية,4.5
SHK,6020101003,مصاريف تصدير,6/17/2026,26103304,قيد يومي,منشأ,4.5
SHK,6020101003,مصاريف تصدير,6/17/2026,26103304,قيد يومي,منشأ,44.8
SHK,6020101003,مصاريف تصدير,6/17/2026,26103304,قيد يومي,منشأ,47.85
SHK,6020101018,مصاريف فحص عينات,6/17/2026,26103305,قيد يومي,رسوم شهادة مطابقة + رسوم فحص,497
SHK,6010101022,مصاريف عمولات زين كاش,6/17/2026,26103305,قيد يومي,رسوم شهادة مطابقة + رسوم فحص,0.35
SHK,6010101021,مصاريف عمولات بنكية,6/17/2026,26103307,قيد يومي,عمولات,0.7
SHK,6010101021,مصاريف عمولات بنكية,6/17/2026,26103307,قيد يومي,عمولات,0.5
SHK,6010101021,مصاريف عمولات بنكية,6/17/2026,26103307,قيد يومي,عمولات,0.7
SHK,6010101021,مصاريف عمولات بنكية,6/17/2026,26103308,قيد يومي,عمولات,0.7
SHK,6010101021,مصاريف عمولات بنكية,6/17/2026,26103308,قيد يومي,عمولات,0.5
SHK,6010101021,مصاريف عمولات بنكية,6/17/2026,26103308,قيد يومي,عمولات,0.7
SHK,6010101021,مصاريف عمولات بنكية,6/17/2026,26011819,قيد يومي,عمولات(Reversal) - 16636,-0.7
SHK,6010101021,مصاريف عمولات بنكية,6/17/2026,26011819,قيد يومي,عمولات(Reversal) - 16636,-0.5
SHK,6010101021,مصاريف عمولات بنكية,6/17/2026,26011819,قيد يومي,عمولات(Reversal) - 16636,-0.7
SHK,6010101021,مصاريف عمولات بنكية,6/17/2026,26103309,قيد يومي,عمولات,0.7
SHK,6010101021,مصاريف عمولات بنكية,6/17/2026,26103309,قيد يومي,عمولات,0.5
SHK,6010101021,مصاريف عمولات بنكية,6/17/2026,26103309,قيد يومي,عمولات,0.7
SHK,6010101021,مصاريف عمولات بنكية,6/17/2026,26103309,قيد يومي,عمولات,0.7
SHK,6010101021,مصاريف عمولات بنكية,6/17/2026,26103311,قيد يومي,عمولات بنكية,15.1
SHK,6010101021,مصاريف عمولات بنكية,6/17/2026,26011820,قيد يومي,عمولات بنكية(Reversal) - 16641,-15.1
SHK,6010101021,مصاريف عمولات بنكية,6/17/2026,26103312,قيد يومي,عمولات بنكية,15.1
SHK,6020101014,خصم مسموح به,6/9/2026,26103316,قيد يومي,خصم مسموح,142.251
SHK,6020101015,مصاريف تحميل وتنزيل,6/21/2026,26103317,قيد يومي,تحميل وتنزيل,60
SHK,6020101015,مصاريف تحميل وتنزيل,6/21/2026,26103317,قيد يومي,بدل دوام الاربعا والخميس,20
SHK,6020101010,مصاريف صيانة سيارات,6/21/2026,26103317,قيد يومي,بنشر,3
SHK,6010101020,مصاريف حكومية,6/21/2026,26103317,قيد يومي,غرامات - محكمة بلدية الموقر,40
SHK,6010101020,مصاريف حكومية,6/21/2026,26103317,قيد يومي,غرامات - محكمة بلدية الموقر,2
SHK,6010101020,مصاريف حكومية,6/21/2026,26103318,قيد يومي,طوابع,21.9
SHK,6010101020,مصاريف حكومية,6/21/2026,26103319,قيد يومي,طوابع,6.1
SHK,6010101009,مصاريف متفرقة,6/21/2026,26103320,قيد يومي,مصاريف حسام ابو صخر,166
SHK,6010101021,مصاريف عمولات بنكية,6/21/2026,26103321,قيد يومي,عمولات بنكية,0.35
SHK,6010101021,مصاريف عمولات بنكية,6/21/2026,26103321,قيد يومي,تغطية كشوفات,48
SHK,6010101021,مصاريف عمولات بنكية,6/21/2026,26103321,قيد يومي,عمولات بنكية,0.35
SHK,6010101021,مصاريف عمولات بنكية,6/21/2026,26103321,قيد يومي,عمولات بنكية,0.35
SHK,6010101021,مصاريف عمولات بنكية,6/21/2026,26103321,قيد يومي,عمولات بنكية,0.35
SHK,6010101021,مصاريف عمولات بنكية,6/21/2026,26103321,قيد يومي,عمولات بنكية,0.35
SHK,6010101021,مصاريف عمولات بنكية,6/21/2026,26103321,قيد يومي,عمولات بنكية,0.35
SHK,6010101021,مصاريف عمولات بنكية,6/21/2026,26103321,قيد يومي,عمولات بنكية,3.15
SHK,6010101009,مصاريف متفرقة,6/21/2026,26011918,قيد يومي,مصاريف حسام ابو صخر(Reversal) - 16748,-166
SHK,6010101009,مصاريف متفرقة,6/21/2026,26103322,قيد يومي,مصاريف حسام ابو صخر,166
SHK,6010101021,مصاريف عمولات بنكية,6/21/2026,26103322,قيد يومي,عمولات الضمان,2.5
SHK,6010101021,مصاريف عمولات بنكية,6/21/2026,26103323,قيد يومي,عمولات بنكية,34.989
SHK,6020101014,خصم مسموح به,6/21/2026,26103325,قيد يومي,خصم مسموح,19.51
SHK,6020101015,مصاريف تحميل وتنزيل,6/21/2026,26103328,قيد يومي,تحميل وتنزيل نضال,15
SHK,6020101022,مصاريف صيانة عامة,6/21/2026,26103329,قيد يومي,ف/239 صيانة الباب,50
SHK,6020101010,مصاريف صيانة سيارات,6/21/2026,26103330,قيد يومي,صيانة سيارات,19.583
SHK,6010101020,مصاريف حكومية,6/22/2026,26103336,قيد يومي,طوابع,80.7
SHK,6020101015,مصاريف تحميل وتنزيل,6/22/2026,26103344,قيد يومي,نضال,17
SHK,6020101010,مصاريف صيانة سيارات,6/23/2026,26103345,قيد يومي,بنشر سيارة رقم 92720-49,3
SHK,6020101010,مصاريف صيانة سيارات,6/23/2026,26103346,قيد يومي,ف/رقم 25 صيانة سيارة يوسف,60
SHK,6010101001,مصاريف ورواتب وأجور- الادارة,5/31/2026,26103348,قيد يومي,راتب شهر 05-2026,7112.444
SHK,6010101002,مصاريف الضمان الاجتماعي - الادراة,5/31/2026,26103348,قيد يومي,راتب شهر 05-2026,979.688
SHK,6020101015,مصاريف تحميل وتنزيل,3/8/2026,26012042,قيد يومي,تحميل وتنزيل بكر,37
SHK,6020101015,مصاريف تحميل وتنزيل,6/23/2026,26103351,قيد يومي,راتب عامل- محمد ياسر,290
SHK,6020101001,مصاريف ورواتب وأجور- المبيعات,5/31/2026,26103352,قيد يومي,راتب شهر 05-2026,12819.486
SHK,6020101002,مصاريف الضمان الاجتماعي - المبيعات,5/31/2026,26103352,قيد يومي,راتب شهر 05-2026,1652.573
SHK,6020101014,خصم مسموح به,6/9/2026,26103354,قيد يومي,خصم,28.71
SHK,6020101014,خصم مسموح به,6/9/2026,26103355,قيد يومي,خصم,-9.2
SHK,6010101009,مصاريف متفرقة,6/23/2026,26103356,قيد يومي,مواقف - ابو العبد,5.5
SHK,6010101009,مصاريف متفرقة,6/23/2026,26103356,قيد يومي,سحب اوراق,3.5
SHK,6010101009,مصاريف متفرقة,6/23/2026,26103356,قيد يومي,مواقف - ابو العبد,8.5
SHK,6010101009,مصاريف متفرقة,6/23/2026,26103356,قيد يومي,سحب اوراق,3
SHK,6020101015,مصاريف تحميل وتنزيل,6/23/2026,26103356,قيد يومي,اجرة عامل,10
SHK,6020101017,مصاريف شحن سيارات,6/23/2026,26103360,قيد يومي,شحن سيارة امجد زكي,40
SHK,6020101010,مصاريف صيانة سيارات,6/23/2026,26103360,قيد يومي,بنشر سيارة امجد زكي,4
SHK,6020101017,مصاريف شحن سيارات,6/23/2026,26103370,قيد يومي,شحن سيارة امجد العمري,9.8
SHK,6010101014,مصاريف طعام موظفين,6/23/2026,26103372,قيد يومي,غداء المستودع,7.2
SHK,6010101020,مصاريف حكومية,6/23/2026,26103372,قيد يومي,طوابع,1
SHK,6010101023,مصاريف سفر واقامة وتنقلات,6/23/2026,26103376,قيد يومي,مصاريف سفر حسام البستنجي,445.095
SHK,6020101010,مصاريف صيانة سيارات,6/23/2026,26103377,قيد يومي,صيانة سيارة حسام البستنجي,95
SHK,6020101015,مصاريف تحميل وتنزيل,6/23/2026,26103378,قيد يومي,ابو ادريس,5
SHK,6020101010,مصاريف صيانة سيارات,6/23/2026,26103386,قيد يومي,بنشر,7
SHK,6010101012,مصاريف لوازم مستهلكة,6/23/2026,26103386,قيد يومي,اسمنت + رمل,13
SHK,6010101009,مصاريف متفرقة,6/23/2026,26103386,قيد يومي,دخولية الحرة,15
SHK,6020101015,مصاريف تحميل وتنزيل,6/23/2026,26103386,قيد يومي,ونش,40
SHK,6020101015,مصاريف تحميل وتنزيل,6/23/2026,26103386,قيد يومي,تحميل وتنزيل,20
SHK,6010101009,مصاريف متفرقة,6/23/2026,26103386,قيد يومي,ف/رقم 10306,2
SHK,6010101009,مصاريف متفرقة,6/23/2026,26103387,قيد يومي,طوابع,12.05
SHK,6020101017,مصاريف شحن سيارات,6/23/2026,26103387,قيد يومي,شحن سيارة,2.4
SHK,6020101010,مصاريف صيانة سيارات,6/23/2026,26103388,قيد يومي,ف/رقم 585 اطارات 175/60,25.862
SHK,6020101017,مصاريف شحن سيارات,6/23/2026,26103397,قيد يومي,شحن سيارة جهاد فقوسة,22.35
SHK,6020101012,مصاريف محروقات سيارات,6/23/2026,26103399,قيد يومي,بنزين - معن,103.005
SHK,6020101005,مصاريف تعبئة وتغليف,6/23/2026,26001018,فاتورة مشتريات,A/P Invoices - LV0000068,455
SHK,6020101015,مصاريف تحميل وتنزيل,6/23/2026,26103400,قيد يومي,نضال,15
SHK,6020101014,خصم مسموح به,6/23/2026,26103401,قيد يومي,خصم,2.2
SHK,6020101014,خصم مسموح به,6/23/2026,26103403,قيد يومي,خصم,18.4
SHK,6020101012,مصاريف محروقات سيارات,6/23/2026,26012206,قيد يومي,بنزين - معن(Reversal) - 17124,-103.005
SHK,6020101012,مصاريف محروقات سيارات,6/23/2026,26103404,قيد يومي,بنزين - معن,103.005
SHK,6010101020,مصاريف حكومية,6/23/2026,26103405,قيد يومي,طوابع,3.6
SHK,6010101025,مصاريف هاتف,6/24/2026,26103407,قيد يومي,هاتف,9.32
SHK,6010101020,مصاريف حكومية,6/24/2026,26103409,قيد يومي,جمارك,30.5
SHK,6010101020,مصاريف حكومية,6/24/2026,26103410,قيد يومي,معاملات حكومية,90.35
SHK,6010101020,مصاريف حكومية,6/24/2026,26103413,قيد يومي,مراقبة الشركات,60.5
SHK,6020101010,مصاريف صيانة سيارات,6/24/2026,26103415,قيد يومي,فك جير + روديتر + قواعد محرك,100.35
SHK,6020101013,مصاريف بيعية,6/24/2026,26103416,قيد يومي,بيعية,1000.35
SHK,6020101008,مصاريف نقل وشحن,6/24/2026,26103418,قيد يومي,نقل ديانا من ابو علندا,30.35
SHK,6020101010,مصاريف صيانة سيارات,6/24/2026,26103421,قيد يومي,ماء جالون + انتي فريز 50/50ذ,8.621
SHK,6010101020,مصاريف حكومية,6/24/2026,26103426,قيد يومي,طوابع,52.2
SHK,6010101020,مصاريف حكومية,6/24/2026,26103427,قيد يومي,طوابع,45.8
SHK,6010101020,مصاريف حكومية,6/24/2026,26103428,قيد يومي,طوابع,7.4
SHK,6010101021,مصاريف عمولات بنكية,6/24/2026,26103429,قيد يومي,عمولات,0.5
SHK,6010101021,مصاريف عمولات بنكية,6/24/2026,26103429,قيد يومي,عمولات,0.7
SHK,6010101021,مصاريف عمولات بنكية,6/24/2026,26103429,قيد يومي,عمولات,0.5
SHK,6010101021,مصاريف عمولات بنكية,6/24/2026,26103429,قيد يومي,عمولات,0.7
SHK,6010101021,مصاريف عمولات بنكية,6/24/2026,26103429,قيد يومي,عمولات,0.5
SHK,6010101022,مصاريف عمولات زين كاش,6/24/2026,26103430,قيد يومي,تحويل لمكتب السر,0.35
SHK,6010101020,مصاريف حكومية,6/24/2026,26103431,قيد يومي,استثمار,356.25
SHK,6010101021,مصاريف عمولات بنكية,6/24/2026,26103432,قيد يومي,عمولات,0.5
SHK,6010101021,مصاريف عمولات بنكية,6/24/2026,26103432,قيد يومي,عمولات,0.5
SHK,6020101010,مصاريف صيانة سيارات,3/2/2026,26103433,قيد يومي,صيانة سيارة الدكتور,540
SHK,6020101010,مصاريف صيانة سيارات,3/2/2026,26013147,قيد يومي,صيانة سيارة الدكتور(Reversal) - 18115,-540
SHK,6020101008,مصاريف نقل وشحن,6/24/2026,26103434,قيد يومي,ونش,30.35
SHK,6020101012,مصاريف محروقات سيارات,6/24/2026,26103435,قيد يومي,ديزل,15
SHK,6010101020,مصاريف حكومية,6/24/2026,26103440,قيد يومي,طوابع,3.5
SHK,6020101012,مصاريف محروقات سيارات,6/24/2026,26013166,قيد يومي,ديزل(Reversal) - 18118,-15
SHK,6020101012,مصاريف محروقات سيارات,6/24/2026,26103442,قيد يومي,ديزل,15
SHK,6010101009,مصاريف متفرقة,6/25/2026,26103446,قيد يومي,عمولات البنك العربي,2
SHK,6020101012,مصاريف محروقات سيارات,6/25/2026,26103446,قيد يومي,ديزل,5
SHK,6020101012,مصاريف محروقات سيارات,6/25/2026,26103446,قيد يومي,ديزل,7.667
SHK,6010101009,مصاريف متفرقة,6/25/2026,26103446,قيد يومي,اصدار فيزا ابوعمر,135
SHK,6010101009,مصاريف متفرقة,6/25/2026,26103446,قيد يومي,تفويض السفارة السعودية,25
SHK,6010101009,مصاريف متفرقة,6/25/2026,26103447,قيد يومي,متفرقة,50.35
SHK,6010101021,مصاريف عمولات بنكية,6/25/2026,26103451,قيد يومي,عمولات بنكية,0.25
SHK,6020101014,خصم مسموح به,6/25/2026,26103453,قيد يومي,خصم,27.795
SHK,6020101015,مصاريف تحميل وتنزيل,6/25/2026,26103455,قيد يومي,تحميل وتنزيل 3 ايام,35
SHK,6010101020,مصاريف حكومية,6/25/2026,26103456,قيد يومي,مراقبة شركات,20.5
SHK,6010101028,مصاريف رسوم شهرية واشتراكات,6/25/2026,26103457,قيد يومي,خطوط تتبع السيارات,610.16
SHK,6010101009,مصاريف متفرقة,6/25/2026,26103458,قيد يومي,متفرقات,70.35
SHK,6010101020,مصاريف حكومية,6/25/2026,26103459,قيد يومي,مراقبة شركات,10.25
SHK,6020101010,مصاريف صيانة سيارات,6/25/2026,26103460,قيد يومي,مروحة رديتر,10
SHK,6010101022,مصاريف عمولات زين كاش,6/25/2026,26103460,قيد يومي,مروحة رديتر,0.35
SHK,6010101021,مصاريف عمولات بنكية,6/25/2026,26103461,قيد يومي,عمولات,0.7
SHK,6020101015,مصاريف تحميل وتنزيل,6/25/2026,26103465,قيد يومي,نضال,15
SHK,6010101022,مصاريف عمولات زين كاش,6/24/2026,26013207,قيد يومي,تحويل لمكتب السر(Reversal) - 18111,-0.35
SHK,6010101022,مصاريف عمولات زين كاش,6/24/2026,26103466,قيد يومي,تحويل لمكتب السر,0.35
SHK,6010101024,مصاريف مواصلات,6/28/2026,26103467,قيد يومي,بدل بنزين لزيارة طارق لوزارة الداخلية,10
SHK,6010101020,مصاريف حكومية,6/28/2026,26103471,قيد يومي,طوابع,26.8
SHK,6010101025,مصاريف هاتف,6/28/2026,26103473,قيد يومي,شحن خطوط الهاتف,540
SHK,6020101015,مصاريف تحميل وتنزيل,6/28/2026,26103474,قيد يومي,تحميل وتنزيل - عبده,540.35
SHK,6010101021,مصاريف عمولات بنكية,6/28/2026,26103478,قيد يومي,عمولات,0.7
SHK,6010101021,مصاريف عمولات بنكية,6/28/2026,26103479,قيد يومي,عمولات,0.7
SHK,6020101012,مصاريف محروقات سيارات,6/29/2026,26103486,قيد يومي,ديزل,3
SHK,6020101012,مصاريف محروقات سيارات,6/29/2026,26103486,قيد يومي,ديزل,10
SHK,6020101022,مصاريف صيانة عامة,6/29/2026,26103486,قيد يومي,صيانة طبالي,20
SHK,6020101015,مصاريف تحميل وتنزيل,6/29/2026,26103486,قيد يومي,تحميل وتنزيل ابو محمد,20
SHK,6020101017,مصاريف شحن سيارات,6/29/2026,26103486,قيد يومي,شحن سيارة رقم 46436-37,3.5
SHK,6020101010,مصاريف صيانة سيارات,6/29/2026,26103486,قيد يومي,ميان امونيا,32
SHK,6010101012,مصاريف لوازم مستهلكة,6/29/2026,26103486,قيد يومي,ف/رقم 3596,5
SHK,6020101003,مصاريف تصدير,6/29/2026,26103488,قيد يومي,رسوم تخليص + رسوم جمركية,67
SHK,6020101003,مصاريف تصدير,6/29/2026,26103489,قيد يومي,رسوم تخليص + رسوم جمركية,102
SHK,6020101005,مصاريف تعبئة وتغليف,6/29/2026,26001043,فاتورة مشتريات,A/P Invoices - LV0000169,280
SHK,6020101014,خصم مسموح به,4/26/2026,26013495,قيد يومي,فرق احتساب ف 26101663(Reversal) - 12058,-17.32
SHK,6020101014,خصم مسموح به,4/26/2026,26103493,قيد يومي,فرق احتساب ف 26101663,12.305
SHK,6020101011,مصاريف تأمين وترخيص ومخالفات سيارات,6/29/2026,26103496,قيد يومي,تأمين سيارة رقم 73957-60 مرسيدس فان,251.4
SHK,6020101015,مصاريف تحميل وتنزيل,6/29/2026,26103497,قيد يومي,باقي حساب عبده المصري,53
SHK,6020101012,مصاريف محروقات سيارات,6/29/2026,26103497,قيد يومي,ديزل,20
SHK,6020101012,مصاريف محروقات سيارات,6/29/2026,26103497,قيد يومي,ديزل,5
SHK,6020101010,مصاريف صيانة سيارات,6/29/2026,26103497,قيد يومي,اضوية خلفية + لمبات,15
SHK,6010101026,مصاريف انترنت,6/29/2026,26013501,قيد يومي,انترنت,31.7
SHK,6020101010,مصاريف صيانة سيارات,6/29/2026,26103500,قيد يومي,ثمن زيت,93.35
SHK,6010101021,مصاريف عمولات بنكية,6/29/2026,26103503,قيد يومي,عمولات,0.7
SHK,6010101030,مصاريف ضريبية,1/31/2026,26103505,قيد يومي,ضريبة قابلة للخصم 12+1,2269.683
SHK,6010101030,مصاريف ضريبية,3/31/2026,26013548,قيد يومي,ضريبة قابلة للخصم 2+3,825.929
SHK,6010101030,مصاريف ضريبية,5/31/2026,26013549,قيد يومي,ضريبة قابلة للخصم 4+5,1777.302
SHK,6020101011,مصاريف تأمين وترخيص ومخالفات سيارات,6/29/2026,26103506,قيد يومي,مخالفات,60.5
SHK,6020101011,مصاريف تأمين وترخيص ومخالفات سيارات,6/29/2026,26103506,قيد يومي,مخالفات,88.1
SHK,6020101010,مصاريف صيانة سيارات,6/29/2026,26103506,قيد يومي,غسيل سيارة رقم 73957-60,8
SHK,6020101010,مصاريف صيانة سيارات,6/29/2026,26103506,قيد يومي,مروحة رديتر,10
SHK,6020101010,مصاريف صيانة سيارات,6/29/2026,26103506,قيد يومي,فحص,10
SHK,6020101010,مصاريف صيانة سيارات,6/29/2026,26103506,قيد يومي,دهان وصيانة صندوق,60
SHK,6020101015,مصاريف تحميل وتنزيل,6/29/2026,26103506,قيد يومي,تحميل وتنزيل,30
SHK,6020101010,مصاريف صيانة سيارات,6/29/2026,26103506,قيد يومي,غيار عظمات زجاج باب امامي,10
SHK,6010101020,مصاريف حكومية,6/29/2026,26103509,قيد يومي,طوابع,3
SHK,6020101018,مصاريف فحص عينات,6/29/2026,26103512,قيد يومي,ف/رقم 1271 فحص جميد + كاتشاب + حمص + شوربة,145
SHK,6020101018,مصاريف فحص عينات,6/29/2026,26103513,قيد يومي,ف/رقم 1591 فحص حمص,30
SHK,6020101018,مصاريف فحص عينات,6/29/2026,26103514,قيد يومي,ف/رقم 1742 فحص جميد + كاتشاب,65
SHK,6020101010,مصاريف صيانة سيارات,6/30/2026,26103515,قيد يومي,ف/رقم 597 اطارات 315/80,275.862
SHK,6020101003,مصاريف تصدير,6/30/2026,26103516,قيد يومي,منشأ,59.5
SHK,6020101013,مصاريف بيعية,6/30/2026,26103517,قيد يومي,بيعية - رجا,300.35
SHK,6010101021,مصاريف عمولات بنكية,6/30/2026,26103518,قيد يومي,عمولات,0.7
SHK,6020101005,مصاريف تعبئة وتغليف,2/28/2026,26013571,قيد يومي,ف/رقم 55 تعبئة بقوليات(Reversal) - 6885,245
SHK,6020101015,مصاريف تحميل وتنزيل,6/30/2026,26103519,قيد يومي,نضال,15
SHK,6010101020,مصاريف حكومية,6/30/2026,26103520,قيد يومي,طوابع,0.5
SHK,6010101020,مصاريف حكومية,6/30/2026,26103523,قيد يومي,طوابع,3.7
SHK,6020101010,مصاريف صيانة سيارات,6/30/2026,26103527,قيد يومي,تغيير كوشوك,6
SHK,6020101010,مصاريف صيانة سيارات,6/30/2026,26103527,قيد يومي,تركيب فردة كوشوك,3
SHK,6010101012,مصاريف لوازم مستهلكة,6/30/2026,26103529,قيد يومي,ف/رقم 109700,75
SHK,6010101012,مصاريف لوازم مستهلكة,6/30/2026,26103529,قيد يومي,رول المنيوم,4.5
SHK,6010101018,مصاريف قرطاسية ومطبوعات,6/30/2026,26103529,قيد يومي,برواز A4,10
SHK,6020101015,مصاريف تحميل وتنزيل,6/30/2026,26103530,قيد يومي,نضال,20
SHK,6020101015,مصاريف تحميل وتنزيل,7/1/2026,26103532,قيد يومي,نضال,5
SHK,6020101010,مصاريف صيانة سيارات,7/1/2026,26103534,قيد يومي,فك رديتر,30
SHK,6020101018,مصاريف فحص عينات,7/1/2026,26103535,قيد يومي,فحص شامل + فحص كاتشب,130
SHK,6020101010,مصاريف صيانة سيارات,7/1/2026,26103552,قيد يومي,غسيل بودي,5
SHK,6020101015,مصاريف تحميل وتنزيل,7/1/2026,26103552,قيد يومي,ابو محمد,5
SHK,6020101014,خصم مسموح به,7/1/2026,26103554,قيد يومي,استثمار مساحات,500
SHK,6020101017,مصاريف شحن سيارات,7/1/2026,26013661,قيد يومي,شحن سيارة لؤي السيد,25.4
SHK,6020101017,مصاريف شحن سيارات,7/1/2026,26013662,قيد يومي,شحن سيارة لؤي السيد,3.2
SHK,6020101017,مصاريف شحن سيارات,7/1/2026,26103559,قيد يومي,شحن سيارة جهاد فقوسة,12.8
SHK,6020101017,مصاريف شحن سيارات,7/1/2026,26103564,قيد يومي,شحن سيارة امجد العمري,14.05
SHK,6020101010,مصاريف صيانة سيارات,7/1/2026,26103566,قيد يومي,صيانة سيارة يزن حمدان,30
SHK,6010101022,مصاريف عمولات زين كاش,6/7/2026,26013677,قيد يومي,تحويل للمول(Reversal) - 15585,-0.35
SHK,6010101022,مصاريف عمولات زين كاش,6/7/2026,26103570,قيد يومي,تحويل للمول,0.35
SHK,6020101015,مصاريف تحميل وتنزيل,7/1/2026,26103575,قيد يومي,نضال,15
SHK,6010101020,مصاريف حكومية,7/2/2026,26103577,قيد يومي,منشأ,7.8
SHK,6010101022,مصاريف عمولات زين كاش,6/30/2026,26103578,قيد يومي,تحويل للبنك من زين كاش,0.35
SHK,6010101022,مصاريف عمولات زين كاش,6/30/2026,26103578,قيد يومي,تحويل للبنك من زين كاش,0.35
SHK,6010101020,مصاريف حكومية,7/2/2026,26103579,قيد يومي,مراقبة شركات,10.25
SHK,6020101013,مصاريف بيعية,7/2/2026,26103581,قيد يومي,بيعية,97.07
SHK,6010101021,مصاريف عمولات بنكية,7/2/2026,26103582,قيد يومي,عمولات,0.7
SHK,6010101021,مصاريف عمولات بنكية,7/2/2026,26103582,قيد يومي,عمولات,0.7
SHK,6010101021,مصاريف عمولات بنكية,7/2/2026,26103582,قيد يومي,عمولات,0.7
SHK,6010101021,مصاريف عمولات بنكية,7/2/2026,26103582,قيد يومي,عمولات,0.7
SHK,6010101021,مصاريف عمولات بنكية,7/2/2026,26103582,قيد يومي,عمولات,0.7
SHK,6010101020,مصاريف حكومية,7/2/2026,26103585,قيد يومي,وزارة الصناعة,30.5
SHK,6020101010,مصاريف صيانة سيارات,7/2/2026,26103588,قيد يومي,بنشر,5
SHK,6020101015,مصاريف تحميل وتنزيل,7/2/2026,26103588,قيد يومي,تحميل وتنزيل,13
SHK,6020101014,خصم مسموح به,7/2/2026,26103592,قيد يومي,خصم,10.22
SHK,6020101014,خصم مسموح به,7/2/2026,26103593,قيد يومي,خصم,9.474
SHK,6020101012,مصاريف محروقات سيارات,5/31/2026,26103594,قيد يومي,محروقات عن شهر 5/2026- المناصير,5291.761
SHK,6020101012,مصاريف محروقات سيارات,6/30/2026,26103595,قيد يومي,محروقات عن شهر 6/2026- المناصير,6790.031
SHK,6010101010,مصاريف تأمين,7/2/2026,26001064,فاتورة مشتريات,A/P Invoices - LV0000299,41.515
SHK,6010101004,مصاريف ضيافة,7/2/2026,26103598,قيد يومي,كرتونة مياه عدد 15,17.25
SHK,6010101018,مصاريف قرطاسية ومطبوعات,7/2/2026,26103599,قيد يومي,سحب اوراق,1.45
SHK,6020101015,مصاريف تحميل وتنزيل,7/2/2026,26103599,قيد يومي,تحميل وتنزيل,7
SHK,6010101020,مصاريف حكومية,7/2/2026,26103604,قيد يومي,طوابع,33.6
SHK,6010101020,مصاريف حكومية,7/2/2026,26103605,قيد يومي,طوابع,24.8
SHK,6010101003,مصاريف النظافة,7/2/2026,26103607,قيد يومي,خدمات مكتب المقابلين,70.35
SHK,6010101020,مصاريف حكومية,7/2/2026,26103608,قيد يومي,حكومية,30.5
SHK,6020101003,مصاريف تصدير,7/2/2026,26103609,قيد يومي,منشا,27.6
SHK,6010101021,مصاريف عمولات بنكية,7/2/2026,26103611,قيد يومي,عمولات,0.7
الموقر,6010101017,مصاريف طعام موظفين,1/10/2026,26000092,قيد يومي,غذاء موظفين,15
الموقر,6010101008,مصاريف صيانة عامة,1/11/2026,26100012,قيد يومي,اجور بليط,390.35
الموقر,6030101002,مصاريف ضيافة - ادارية,1/11/2026,26100014,قيد يومي,كراتين ماء,24.15
الموقر,6010101036,مصاريف فروقات اسعار,1/11/2026,28,أخرى (321),Manual Reconciliation Transaction,0
الموقر,6010101036,مصاريف فروقات اسعار,1/11/2026,30,أخرى (321),Manual Reconciliation Transaction,0
الموقر,6010101014,مصاريف لوازم مستهلكة,1/11/2026,26100016,قيد يومي,مرتجع رقم 2/8,390
الموقر,6010101014,مصاريف لوازم مستهلكة,1/11/2026,26100017,قيد يومي,ف/رقم 146,214
الموقر,6010101014,مصاريف لوازم مستهلكة,1/4/2026,26000142,قيد يومي,ف/رقم 37,534.813
الموقر,6010101014,مصاريف لوازم مستهلكة,1/11/2026,26000145,قيد يومي,مرتجع رقم 2/8(Reversal) - 379,-390
الموقر,6010101014,مصاريف لوازم مستهلكة,1/11/2026,26100019,قيد يومي,مرتجع رقم 2/8,-390
الموقر,6010101014,مصاريف لوازم مستهلكة,1/11/2026,26000156,قيد يومي,ف/رقم 175,170.8
الموقر,6010101036,مصاريف فروقات اسعار,1/12/2026,51,أخرى (321),Manual Reconciliation Transaction,0
الموقر,6010101014,مصاريف لوازم مستهلكة,1/12/2026,26100020,قيد يومي,فتيل فيبرجلاس 40 ملم,245
الموقر,6010101038,مصاريف مواد مخبرية,1/12/2026,26100021,قيد يومي,ف/رقم 1187 alco - x 99% 5L مواد مخبرية,144.816
الموقر,6010101036,مصاريف فروقات اسعار,1/12/2026,53,أخرى (321),Manual Reconciliation Transaction,0
الموقر,6010101036,مصاريف فروقات اسعار,1/12/2026,54,أخرى (321),Manual Reconciliation Transaction,0
الموقر,6010101036,مصاريف فروقات اسعار,1/12/2026,55,أخرى (321),Manual Reconciliation Transaction,0
الموقر,6010101036,مصاريف فروقات اسعار,1/12/2026,57,أخرى (321),Manual Reconciliation Transaction,0
الموقر,6010101036,مصاريف فروقات اسعار,1/12/2026,59,أخرى (321),Manual Reconciliation Transaction,0
الموقر,6010101038,مصاريف مواد مخبرية,1/12/2026,26100022,قيد يومي,عدد وادوات مخبرية,153
الموقر,6010101020,مصاريف سلامة عامة,1/13/2026,26100026,قيد يومي,مصاريف سلامه عامة,400.5
الموقر,6010101036,مصاريف فروقات اسعار,1/13/2026,26800115,سند قبض,سند قبض -اسواق حسن سلامة,0
الموقر,6030101009,مصاريف قرطاسية - ادارية,1/13/2026,26100028,قيد يومي,طباعة دفاتر سند قبض,110
الموقر,6010101019,مصاريف تعبئة وتغليف,1/13/2026,26100030,قيد يومي,ف/252710 ليبل طحينية,215
الموقر,6010101020,مصاريف سلامة عامة,1/13/2026,26100031,قيد يومي,شيك رقم 15137 صيانة طفايات المصنع,150
الموقر,6010101016,مصاريف محروقات - فيول,1/14/2026,26100036,قيد يومي,شيك رقم 15133 كمية 8980,3538.974
الموقر,6010101016,مصاريف محروقات - فيول,1/14/2026,26100036,قيد يومي,شيك رقم 15134كمية 6180,2477.334
الموقر,6010101017,مصاريف طعام موظفين,1/14/2026,26100037,قيد يومي,طعام موظفين,21
الموقر,6010101003,مصاريف مكافأة موظفين,1/14/2026,26100039,قيد يومي,مكافأة محمد السواعير,20
الموقر,6010101036,مصاريف فروقات اسعار,1/14/2026,102,أخرى (321),Manual Reconciliation Transaction,0
الموقر,6010101036,مصاريف فروقات اسعار,1/14/2026,105,أخرى (321),Manual Reconciliation Transaction,0
الموقر,6010101004,مصاريف صيانة الالات والمعدات,1/15/2026,26100041,قيد يومي,ف/197305 خليل شامي,13
الموقر,6010101004,مصاريف صيانة الالات والمعدات,1/15/2026,26100041,قيد يومي,ف/127180 انوار الاردن,110
الموقر,6010101004,مصاريف صيانة الالات والمعدات,1/15/2026,26100041,قيد يومي,ف/58 الجبالي,959.5
الموقر,6010101004,مصاريف صيانة الالات والمعدات,1/15/2026,26100041,قيد يومي,ف/60 الجبالي,220
الموقر,6010101004,مصاريف صيانة الالات والمعدات,1/15/2026,26100041,قيد يومي,ف/119 الجبالي,100
الموقر,6010101004,مصاريف صيانة الالات والمعدات,1/15/2026,26100041,قيد يومي,ف/72 الخبير,42.05
الموقر,6010101004,مصاريف صيانة الالات والمعدات,1/15/2026,26100041,قيد يومي,ف/85 الخبير,11.25
الموقر,6010101004,مصاريف صيانة الالات والمعدات,1/15/2026,26100041,قيد يومي,ف/197267 خليل الشامي,54.25
الموقر,6010101004,مصاريف صيانة الالات والمعدات,1/15/2026,26100041,قيد يومي,ف/197331 خليل شامي,29.55
الموقر,6030101002,مصاريف ضيافة - ادارية,1/15/2026,26100043,قيد يومي,مصاريف مكتب المقابلين,15
الموقر,6010101036,مصاريف فروقات اسعار,1/15/2026,26800201,سند قبض,سند قبض - سدا دف/رقم 26100060,0
الموقر,6010101017,مصاريف طعام موظفين,1/15/2026,26100045,قيد يومي,طعام الشفت المسائي,16
الموقر,6010101007,مصاريف مياء و صرف صحي,1/15/2026,26100046,قيد يومي,تسليك خطوط التصريف,90
الموقر,6010101036,مصاريف فروقات اسعار,1/15/2026,26800202,سند قبض,Incoming Payments - 210000332,0
الموقر,6010101036,مصاريف فروقات اسعار,1/15/2026,26800253,سند قبض,قبض نقدي رقم 800253,0
الموقر,6010101036,مصاريف فروقات اسعار,1/15/2026,26800301,سند قبض,قبض رقم 800301,0
الموقر,6010101036,مصاريف فروقات اسعار,1/15/2026,126,أخرى (321),Manual Reconciliation Transaction,0
الموقر,6010101008,مصاريف صيانة عامة,1/17/2026,26100056,قيد يومي,شيك رقم 15155 حق 15012026,340
الموقر,6010101008,مصاريف صيانة عامة,1/18/2026,26100058,قيد يومي,ف/5546,5
الموقر,6020101002,مصاريف تصدير,1/18/2026,26100060,قيد يومي,ف/3,337.25
الموقر,6020101002,مصاريف تصدير,1/18/2026,26100060,قيد يومي,ف/1,337.25
الموقر,6010101007,مصاريف مياء و صرف صحي,1/18/2026,26100061,قيد يومي,نضح تاريخ 15012026,95
الموقر,6010101007,مصاريف مياء و صرف صحي,1/18/2026,26100061,قيد يومي,نضح تاريخ 14012026,95
الموقر,6010101007,مصاريف مياء و صرف صحي,1/18/2026,26100061,قيد يومي,نضح تاريخ 29122025,95
الموقر,6010101005,مصاريف المياه,1/18/2026,26100062,قيد يومي,تنكات ماء عدد 4,200
الموقر,6010101005,مصاريف المياه,1/18/2026,26100063,قيد يومي,تنكات ماء عدد 3,150
الموقر,6030101009,مصاريف قرطاسية - ادارية,1/18/2026,26100065,قيد يومي,ف/252688 ورق مروس,210
الموقر,6010101008,مصاريف صيانة عامة,1/18/2026,26100066,قيد يومي,ف/رقم 92 لف مضخات 3 فاز,180
الموقر,6010101017,مصاريف طعام موظفين,1/18/2026,26100067,قيد يومي,طعام الشفت المسائي,16
الموقر,6010101017,مصاريف طعام موظفين,1/18/2026,26100067,قيد يومي,طعام الشفت المسائي,15
الموقر,6010101036,مصاريف فروقات اسعار,1/18/2026,26800651,سند قبض,سند قبض- -سداد ف/رقم 26100109,0
الموقر,6010101036,مصاريف فروقات اسعار,1/18/2026,169,أخرى (321),Manual Reconciliation Transaction,0
الموقر,6010101036,مصاريف فروقات اسعار,1/18/2026,174,أخرى (321),Manual Reconciliation Transaction,0
الموقر,6020101003,مصروف خصم مسموح به,1/18/2026,26000537,قيد يومي,خصم فرق احتساب ف 26100164,7.12
الموقر,6020101003,مصروف خصم مسموح به,1/18/2026,26000537,قيد يومي,خصم فرق سعر,15.096
الموقر,6020101003,مصروف خصم مسموح به,1/14/2026,26000546,قيد يومي,فؤق سعر ف 26100087,26.4
الموقر,6020101003,مصروف خصم مسموح به,1/14/2026,26000546,قيد يومي,خ ن ف 304369 - 2025,16.65
الموقر,6010101036,مصاريف فروقات اسعار,1/18/2026,186,أخرى (321),Manual Reconciliation Transaction,0
الموقر,6010101032,مصاريف مواصلات موظفين,1/19/2026,26100073,قيد يومي,بدل مواصلان بدوي عن يومين 18/1 + 19/1,14
الموقر,6010101036,مصاريف فروقات اسعار,1/19/2026,194,أخرى (321),Manual Reconciliation Transaction,0
الموقر,6010101036,مصاريف فروقات اسعار,1/19/2026,26800601,سند قبض,سند قبض- -سداد ف/رقم 26100147+26100169,0
الموقر,6010101007,مصاريف مياء و صرف صحي,1/19/2026,26100075,قيد يومي,تنك ماء عدد 3,150
الموقر,6010101036,مصاريف فروقات اسعار,1/19/2026,200,أخرى (321),Manual Reconciliation Transaction,0
الموقر,6010101014,مصاريف لوازم مستهلكة,1/17/2026,26000007,فاتورة مشتريات,A/P Invoices - LV0000418,40
الموقر,6010101007,مصاريف مياء و صرف صحي,1/19/2026,26100076,قيد يومي,اجرة نضح,95
الموقر,6010101036,مصاريف فروقات اسعار,1/19/2026,211,أخرى (321),Manual Reconciliation Transaction,0
الموقر,6010101017,مصاريف طعام موظفين,1/15/2026,26100082,قيد يومي,طعام موظفين,10
الموقر,6010101011,مصاريف متفرقة,1/15/2026,26100082,قيد يومي,نضال,1
الموقر,6010101014,مصاريف لوازم مستهلكة,1/11/2026,26000015,فاتورة مشتريات,A/P Invoices - LV0000322,384.775
الموقر,6010101014,مصاريف لوازم مستهلكة,1/15/2026,26000016,فاتورة مشتريات,A/P Invoices - LV0000322,46.25
الموقر,6010101014,مصاريف لوازم مستهلكة,1/1/2026,26000017,فاتورة مشتريات,A/P Invoices - LV0000322,78.712
الموقر,6010101014,مصاريف لوازم مستهلكة,1/12/2026,26000018,فاتورة مشتريات,A/P Invoices - LV0000322,16.335
الموقر,6010101014,مصاريف لوازم مستهلكة,1/11/2026,26000019,فاتورة مشتريات,A/P Invoices - LV0000356,44.75
الموقر,6010101014,مصاريف لوازم مستهلكة,1/10/2026,26000020,فاتورة مشتريات,A/P Invoices - LV0000403,135
الموقر,6010101014,مصاريف لوازم مستهلكة,1/8/2026,26000021,فاتورة مشتريات,A/P Invoices - LV0000403,371
الموقر,6010101014,مصاريف لوازم مستهلكة,1/1/2026,26000022,فاتورة مشتريات,A/P Invoices - LV0000356,22.5
الموقر,6010101014,مصاريف لوازم مستهلكة,1/18/2026,26000023,فاتورة مشتريات,A/P Invoices - LV0000356,21.6
الموقر,6010101014,مصاريف لوازم مستهلكة,1/14/2026,26000024,فاتورة مشتريات,A/P Invoices - LV0000356,134.9
الموقر,6010101014,مصاريف لوازم مستهلكة,1/15/2026,26000025,فاتورة مشتريات,A/P Invoices - LV0000356,11.25
الموقر,6010101014,مصاريف لوازم مستهلكة,1/1/2026,26000026,فاتورة مشتريات,A/P Invoices - LV0000403,60
الموقر,6010101014,مصاريف لوازم مستهلكة,1/18/2026,26000027,فاتورة مشتريات,A/P Invoices - LV0000403,55
الموقر,6010101014,مصاريف لوازم مستهلكة,1/14/2026,26000028,فاتورة مشتريات,A/P Invoices - LV0000403,362
الموقر,6010101014,مصاريف لوازم مستهلكة,1/11/2026,26000029,فاتورة مشتريات,A/P Invoices - LV0000355,225
الموقر,6010101036,مصاريف فروقات اسعار,1/20/2026,26800302,سند قبض,سند قبض - سداد ف/رقم 226100179,0
الموقر,6010101036,مصاريف فروقات اسعار,1/20/2026,26800304,سند قبض,سند قبض - سداد ف/رقم 26100190,0
الموقر,6010101036,مصاريف فروقات اسعار,1/21/2026,26800059,سند قبض,قبض نقدي رقم 800059,0
الموقر,6010101036,مصاريف فروقات اسعار,1/21/2026,26800512,سند قبض,قبض نقدي 800512,0
الموقر,6010101008,مصاريف صيانة عامة,1/21/2026,26100086,قيد يومي,ف/رقم 24 صيانة رافعة,265
الموقر,6020101003,مصروف خصم مسموح به,1/20/2026,26000853,قيد يومي,خصم,18.194
الموقر,6010101036,مصاريف فروقات اسعار,1/21/2026,300,أخرى (321),Manual Reconciliation Transaction,0
الموقر,6010101036,مصاريف فروقات اسعار,1/21/2026,313,أخرى (321),Manual Reconciliation Transaction,0
الموقر,6010101036,مصاريف فروقات اسعار,1/21/2026,315,أخرى (321),Manual Reconciliation Transaction,0
الموقر,6010101017,مصاريف طعام موظفين,1/22/2026,26100088,قيد يومي,طعام الشفت المسائي بتاريخ 21/1/2026,19.9
الموقر,6010101017,مصاريف طعام موظفين,1/22/2026,26100088,قيد يومي,طعام الشفت المسائي بتاريخ 19/1/2026,20
الموقر,6010101017,مصاريف طعام موظفين,1/22/2026,26100088,قيد يومي,طعام الشفت المسائي بتاريخ 20/1/2026,21
الموقر,6030101011,مصاريف أتعاب مهنية,1/22/2026,26100090,قيد يومي,مصاريف تدقيق 2025,2000
الموقر,6010101036,مصاريف فروقات اسعار,1/22/2026,326,أخرى (321),Manual Reconciliation Transaction,0
الموقر,6010101036,مصاريف فروقات اسعار,1/22/2026,327,أخرى (321),Manual Reconciliation Transaction,0
الموقر,6010101014,مصاريف لوازم مستهلكة,1/22/2026,26000034,فاتورة مشتريات,A/P Invoices - LV0000429,622.5
الموقر,6010101005,مصاريف المياه,1/22/2026,26100094,قيد يومي,مصاريف تنك ماء,150
الموقر,6010101014,مصاريف لوازم مستهلكة,1/1/2026,26000035,فاتورة مشتريات,A/P Invoice - Cancellation - LV0000356,-22.5
الموقر,6010101005,مصاريف المياه,1/22/2026,26100095,قيد يومي,تنك ماء,50
الموقر,6010101005,مصاريف المياه,1/22/2026,26100096,قيد يومي,تنك ماء عدد 4,200
الموقر,6010101007,مصاريف مياء و صرف صحي,1/22/2026,26100097,قيد يومي,مصاريف صرف صحي ومياه,6108.58
الموقر,6010101036,مصاريف فروقات اسعار,1/22/2026,334,أخرى (321),Manual Reconciliation Transaction,0
الموقر,6010101036,مصاريف فروقات اسعار,1/22/2026,336,أخرى (321),Manual Reconciliation Transaction(Reversal) - 1455,0
الموقر,6010101036,مصاريف فروقات اسعار,1/22/2026,342,أخرى (321),Manual Reconciliation Transaction,0
الموقر,6010101036,مصاريف فروقات اسعار,1/22/2026,344,أخرى (321),Manual Reconciliation Transaction,0
الموقر,6010101036,مصاريف فروقات اسعار,1/22/2026,345,أخرى (321),Manual Reconciliation Transaction(Reversal) - 1464,0
الموقر,6010101036,مصاريف فروقات اسعار,1/22/2026,347,أخرى (321),Manual Reconciliation Transaction,0
الموقر,6010101036,مصاريف فروقات اسعار,1/22/2026,348,أخرى (321),Manual Reconciliation Transaction(Reversal) - 1466,0
الموقر,6010101036,مصاريف فروقات اسعار,1/22/2026,350,أخرى (321),Manual Reconciliation Transaction,0
الموقر,6010101036,مصاريف فروقات اسعار,1/22/2026,26800254,سند قبض,سند قبض - سداد ف/رقم 26100297 + 26100222,0
الموقر,6010101016,مصاريف محروقات - فيول,1/22/2026,26000036,فاتورة مشتريات,A/P Invoices - LV0000354,13626.7
الموقر,6010101016,مصاريف محروقات - فيول,1/22/2026,26000037,فاتورة مشتريات,A/P Invoice - Cancellation - LV0000354,-13626.7
الموقر,6010101016,مصاريف محروقات - فيول,1/22/2026,26100100,قيد يومي,ف/219 الكمية 31690,15806.972
الموقر,6010101007,مصاريف مياء و صرف صحي,1/22/2026,26100103,قيد يومي,ف/51732,15.78
الموقر,6010101026,مصاريف علاج موظفين,1/22/2026,26100104,قيد يومي,علاج عبدالملك علي,56
الموقر,6020101003,مصروف خصم مسموح به,1/21/2026,26001010,قيد يومي,خ ن ف 26100107,1.618
الموقر,6010101036,مصاريف فروقات اسعار,1/25/2026,377,أخرى (321),Manual Reconciliation Transaction,0
الموقر,6010101036,مصاريف فروقات اسعار,1/25/2026,380,أخرى (321),Manual Reconciliation Transaction,0
الموقر,6010101036,مصاريف فروقات اسعار,1/25/2026,381,أخرى (321),Manual Reconciliation Transaction,0
الموقر,6010101036,مصاريف فروقات اسعار,1/25/2026,387,أخرى (321),Manual Reconciliation Transaction,0
الموقر,6010101036,مصاريف فروقات اسعار,1/25/2026,388,أخرى (321),Manual Reconciliation Transaction,0
الموقر,6010101036,مصاريف فروقات اسعار,1/25/2026,397,أخرى (321),Manual Reconciliation Transaction,0
الموقر,6010101036,مصاريف فروقات اسعار,1/25/2026,26000004,أخرى (25),شيكات السلال,0
الموقر,6010101023,مصاريف هاتف وأتصالات وأنترنت,1/25/2026,26100111,قيد يومي,مصاريف هاتف,147.928
الموقر,6010101023,مصاريف هاتف وأتصالات وأنترنت,1/25/2026,26100111,قيد يومي,مصاريف هاتف,120.76
الموقر,6010101023,مصاريف هاتف وأتصالات وأنترنت,1/25/2026,26100111,قيد يومي,مصاريف هاتف,90
الموقر,6010101036,مصاريف فروقات اسعار,1/25/2026,411,أخرى (321),Manual Reconciliation Transaction,0
الموقر,6010101036,مصاريف فروقات اسعار,1/25/2026,413,أخرى (321),Manual Reconciliation Transaction,0
الموقر,6010101014,مصاريف لوازم مستهلكة,1/25/2026,26000038,فاتورة مشتريات,A/P Invoices - LV0000418,8
الموقر,6010101014,مصاريف لوازم مستهلكة,1/25/2026,26000039,فاتورة مشتريات,A/P Invoices - LV0000322,145
الموقر,6010101014,مصاريف لوازم مستهلكة,1/25/2026,26100114,قيد يومي,ف/79544,42.241
الموقر,6010101014,مصاريف لوازم مستهلكة,1/25/2026,26001092,قيد يومي,ف/79544(Reversal) - 1643,-42.241
الموقر,6010101005,مصاريف المياه,1/25/2026,26100115,قيد يومي,مصاريف تنك ماء عدد 3,150
الموقر,6010101007,مصاريف مياء و صرف صحي,1/25/2026,26100115,قيد يومي,مصاريف نضح,95
الموقر,6020101003,مصروف خصم مسموح به,1/20/2026,26100116,قيد يومي,الغاء قيد 26000853,-10
الموقر,6010101039,مصاريف فحص عينات,1/25/2026,26100117,قيد يومي,ف/1187,65
الموقر,6010101039,مصاريف فحص عينات,1/25/2026,26100117,قيد يومي,ف/1156,15
الموقر,6010101039,مصاريف فحص عينات,1/25/2026,26100117,قيد يومي,ف/1129,50
الموقر,6010101039,مصاريف فحص عينات,1/25/2026,26100117,قيد يومي,ف/1098,185
الموقر,6010101004,مصاريف صيانة الالات والمعدات,1/25/2026,26100119,قيد يومي,مصاريف صيانة ثائر حمدان,200
الموقر,6020101003,مصروف خصم مسموح به,1/21/2026,26100120,قيد يومي,تسديد ف 26100223,2
الموقر,6020101003,مصروف خصم مسموح به,1/20/2026,26100122,قيد يومي,فؤرق سعر ف 26100236,9
الموقر,6010101036,مصاريف فروقات اسعار,1/25/2026,445,أخرى (321),Manual Reconciliation Transaction,0
الموقر,6010101036,مصاريف فروقات اسعار,1/25/2026,452,أخرى (321),Manual Reconciliation Transaction,0
الموقر,6020101003,مصروف خصم مسموح به,1/25/2026,26100125,قيد يومي,فرق ارجاع 100180 ت 13-5-2005,-260
الموقر,6010101036,مصاريف فروقات اسعار,1/25/2026,463,أخرى (321),Manual Reconciliation Transaction,0
الموقر,6010101036,مصاريف فروقات اسعار,1/25/2026,464,أخرى (321),Manual Reconciliation Transaction,0
الموقر,6030101011,مصاريف أتعاب مهنية,1/25/2026,26100126,قيد يومي,شيك رقم 14967 اتعاب 2025,4250
الموقر,6010101036,مصاريف فروقات اسعار,1/26/2026,473,أخرى (321),Manual Reconciliation Transaction,0
الموقر,6010101036,مصاريف فروقات اسعار,1/26/2026,477,أخرى (321),Manual Reconciliation Transaction,0
الموقر,6010101036,مصاريف فروقات اسعار,1/26/2026,479,أخرى (321),Manual Reconciliation Transaction,0
الموقر,6010101036,مصاريف فروقات اسعار,1/26/2026,480,أخرى (321),Manual Reconciliation Transaction,0
الموقر,6010101036,مصاريف فروقات اسعار,1/26/2026,483,أخرى (321),Manual Reconciliation Transaction,0
الموقر,6010101036,مصاريف فروقات اسعار,1/26/2026,487,أخرى (321),Manual Reconciliation Transaction,0
الموقر,6010101036,مصاريف فروقات اسعار,1/26/2026,488,أخرى (321),Manual Reconciliation Transaction,0
الموقر,6010101036,مصاريف فروقات اسعار,1/26/2026,490,أخرى (321),Manual Reconciliation Transaction,0
الموقر,6010101036,مصاريف فروقات اسعار,1/26/2026,26800255,سند قبض,سند قبض - سداد ف/رقم 26100292,0
الموقر,6010101036,مصاريف فروقات اسعار,1/26/2026,26800257,سند قبض,سند قبض -ف رقم 26100234,0
الموقر,6010101036,مصاريف فروقات اسعار,1/26/2026,527,أخرى (321),Manual Reconciliation Transaction,0
الموقر,6010101036,مصاريف فروقات اسعار,1/26/2026,528,أخرى (321),Manual Reconciliation Transaction,0
الموقر,6030101012,مصروف عمولات زين كاش,1/26/2026,26100140,قيد يومي,دفعة لسلطان,0.35
الموقر,6030101012,مصروف عمولات زين كاش,1/26/2026,26100140,قيد يومي,دفعة لسلطان,0.35
الموقر,6010101036,مصاريف فروقات اسعار,1/26/2026,531,أخرى (321),Manual Reconciliation Transaction,0
الموقر,6010101036,مصاريف فروقات اسعار,1/26/2026,533,أخرى (321),Manual Reconciliation Transaction,0
الموقر,6010101036,مصاريف فروقات اسعار,1/26/2026,535,أخرى (321),Manual Reconciliation Transaction,0
الموقر,6010101007,مصاريف مياء و صرف صحي,1/26/2026,26100143,قيد يومي,اجرة نضح,95
الموقر,6010101036,مصاريف فروقات اسعار,1/26/2026,538,أخرى (321),Manual Reconciliation Transaction,0
الموقر,6010101036,مصاريف فروقات اسعار,1/26/2026,548,أخرى (321),Manual Reconciliation Transaction,0
الموقر,6010101036,مصاريف فروقات اسعار,1/26/2026,549,أخرى (321),Manual Reconciliation Transaction,0
الموقر,6010101036,مصاريف فروقات اسعار,1/26/2026,553,أخرى (321),Manual Reconciliation Transaction,0
الموقر,6010101014,مصاريف لوازم مستهلكة,1/27/2026,26100150,قيد يومي,مردود رقم 1889,-22.5
الموقر,6010101036,مصاريف فروقات اسعار,1/27/2026,558,أخرى (321),Manual Reconciliation Transaction,0
الموقر,6010101036,مصاريف فروقات اسعار,1/27/2026,598,أخرى (321),,0
الموقر,6010101036,مصاريف فروقات اسعار,1/27/2026,609,أخرى (321),Manual Reconciliation Transaction,0
الموقر,6010101036,مصاريف فروقات اسعار,1/27/2026,611,أخرى (321),Manual Reconciliation Transaction,0
الموقر,6010101036,مصاريف فروقات اسعار,1/27/2026,625,أخرى (321),Manual Reconciliation Transaction,0
الموقر,6010101036,مصاريف فروقات اسعار,1/27/2026,635,أخرى (321),Manual Reconciliation Transaction,0
الموقر,6010101036,مصاريف فروقات اسعار,1/27/2026,636,أخرى (321),Manual Reconciliation Transaction,0
الموقر,6010101007,مصاريف مياء و صرف صحي,1/27/2026,26100158,قيد يومي,تنك ماء عدد 4,200
الموقر,6010101032,مصاريف مواصلات موظفين,1/27/2026,26100159,قيد يومي,بدل مواصلات علي دنون عن تاريخ 25/1 +26/1+27/1,21
الموقر,6010101007,مصاريف مياء و صرف صحي,1/28/2026,26100164,قيد يومي,تنك ماء عدد 2,100
الموقر,6010101007,مصاريف مياء و صرف صحي,1/27/2026,26001583,قيد يومي,تنك ماء عدد 4(Reversal) - 2174,-200
الموقر,6010101007,مصاريف مياء و صرف صحي,1/27/2026,26100165,قيد يومي,تنك ماء عدد 4,200
الموقر,6010101014,مصاريف لوازم مستهلكة,1/28/2026,26100167,قيد يومي,ف/رقم 1001927,76
الموقر,6010101036,مصاريف فروقات اسعار,1/28/2026,26800311,سند قبض,سند قبض - سداد ف/رقم 26100319,0
الموقر,6010101027,مصاريف مواد تنظيف,1/28/2026,26100169,قيد يومي,شرايط 314 كغم,62.8
الموقر,6020101003,مصروف خصم مسموح به,1/28/2026,26100170,قيد يومي,خ ن ف 26100323,2.345
الموقر,6010101007,مصاريف مياء و صرف صحي,1/28/2026,26100171,قيد يومي,تنك ماء عدد 2,100
الموقر,6010101019,مصاريف تعبئة وتغليف,1/25/2026,26000055,فاتورة مشتريات,A/P Invoices - LV0000399,467
الموقر,6010101019,مصاريف تعبئة وتغليف,1/20/2026,26000056,فاتورة مشتريات,A/P Invoices - LV0000399,300
الموقر,6010101019,مصاريف تعبئة وتغليف,1/22/2026,26000057,فاتورة مشتريات,A/P Invoices - LV0000399,95
الموقر,6020101002,مصاريف تصدير,1/28/2026,26100173,قيد يومي,ف/رقم 10087,337.5
الموقر,6020101002,مصاريف تصدير,1/28/2026,26100174,قيد يومي,ف/رقم 10072,337.5
الموقر,6010101019,مصاريف تعبئة وتغليف,1/25/2026,26000058,فاتورة مشتريات,A/P Invoice - Cancellation - LV0000399,-467
الموقر,6010101019,مصاريف تعبئة وتغليف,1/29/2026,26000061,فاتورة مشتريات,A/P Invoices - LV0000399,467
الموقر,6010101007,مصاريف مياء و صرف صحي,1/29/2026,26100176,قيد يومي,تنك نضح 29/1/2026,95
الموقر,6010101007,مصاريف مياء و صرف صحي,1/29/2026,26100176,قيد يومي,تنك نضح 27/1/2026,95
الموقر,6010101007,مصاريف مياء و صرف صحي,1/29/2026,26100177,قيد يومي,تنك نضح 28/1/2026,95
الموقر,6030101012,مصروف عمولات زين كاش,1/29/2026,26100180,قيد يومي,ف/رقم 98 لف مروحة هواء + جوز بيل,0.35
الموقر,6010101014,مصاريف لوازم مستهلكة,1/29/2026,26100180,قيد يومي,ف/رقم 98 لف مروحة هواء + جوز بيل,220
الموقر,6030101012,مصروف عمولات زين كاش,1/29/2026,26100181,قيد يومي,ف/رقم 4259 مواد تنظيف,0.35
الموقر,6010101027,مصاريف مواد تنظيف,1/29/2026,26100181,قيد يومي,ف/رقم 4259 مواد تنظيف,388.5
الموقر,6010101036,مصاريف فروقات اسعار,1/31/2026,26000007,سند قبض,سداد ف/رقم 260000027,0
الموقر,6010101007,مصاريف مياء و صرف صحي,1/31/2026,26100186,قيد يومي,تنك ماء عدد 2,100
الموقر,6010101014,مصاريف لوازم مستهلكة,2/1/2026,26100188,قيد يومي,ف/رقم 1543,87
الموقر,6010101019,مصاريف تعبئة وتغليف,1/26/2026,26000064,فاتورة مشتريات,A/P Invoices - LV0000399,750
الموقر,6010101027,مصاريف مواد تنظيف,1/29/2026,26000065,فاتورة مشتريات,A/P Invoices - LV0000356,88.6
الموقر,6010101014,مصاريف لوازم مستهلكة,1/26/2026,26000066,فاتورة مشتريات,A/P Invoices - LV0000356,55
الموقر,6010101014,مصاريف لوازم مستهلكة,1/26/2026,26000067,فاتورة مشتريات,A/P Invoices - LV0000322,56
الموقر,6010101014,مصاريف لوازم مستهلكة,1/24/2026,26000068,فاتورة مشتريات,A/P Invoices - LV0000322,55.539
الموقر,6010101036,مصاريف فروقات اسعار,2/1/2026,753,أخرى (321),Manual Reconciliation Transaction,0
الموقر,6010101036,مصاريف فروقات اسعار,2/1/2026,761,أخرى (321),Manual Reconciliation Transaction,0
الموقر,6010101036,مصاريف فروقات اسعار,2/1/2026,771,أخرى (321),Manual Reconciliation Transaction,0
الموقر,6010101036,مصاريف فروقات اسعار,2/1/2026,26800076,سند قبض,سند قبض  - محمص ماجد مهيار,0
الموقر,6010101036,مصاريف فروقات اسعار,2/1/2026,26800137,سند قبض,سند قبض - س.م منصور المصري,0
الموقر,6010101036,مصاريف فروقات اسعار,2/2/2026,26000008,سند قبض,قبض رقم 800171,0
الموقر,6010101036,مصاريف فروقات اسعار,2/2/2026,811,أخرى (321),Manual Reconciliation Transaction,0
الموقر,6010101036,مصاريف فروقات اسعار,2/2/2026,816,أخرى (321),Manual Reconciliation Transaction,0
الموقر,6010101036,مصاريف فروقات اسعار,2/2/2026,817,أخرى (321),Manual Reconciliation Transaction,0
الموقر,6010101036,مصاريف فروقات اسعار,2/2/2026,820,أخرى (321),Manual Reconciliation Transaction,0
الموقر,6010101036,مصاريف فروقات اسعار,2/2/2026,821,أخرى (321),Manual Reconciliation Transaction,0
الموقر,6010101036,مصاريف فروقات اسعار,2/2/2026,825,أخرى (321),Manual Reconciliation Transaction,0
الموقر,6010101036,مصاريف فروقات اسعار,2/2/2026,833,أخرى (321),Manual Reconciliation Transaction,0
الموقر,6010101036,مصاريف فروقات اسعار,2/2/2026,834,أخرى (321),Manual Reconciliation Transaction,0
الموقر,6010101036,مصاريف فروقات اسعار,2/2/2026,836,أخرى (321),Manual Reconciliation Transaction,0
الموقر,6010101036,مصاريف فروقات اسعار,2/2/2026,840,أخرى (321),Manual Reconciliation Transaction,0
الموقر,6010101036,مصاريف فروقات اسعار,2/2/2026,26800459,سند قبض,قبض رقم 800459,0
الموقر,6010101036,مصاريف فروقات اسعار,2/3/2026,863,أخرى (321),Manual Reconciliation Transaction,0
الموقر,6010101036,مصاريف فروقات اسعار,2/3/2026,26800607,سند قبض,قبض رقم 800607,0
الموقر,6010101036,مصاريف فروقات اسعار,1/25/2026,877,أخرى (321),Manual Reconciliation Transaction(Reversal) - 1569,0
الموقر,6010101036,مصاريف فروقات اسعار,1/26/2026,882,أخرى (321),Manual Reconciliation Transaction(Reversal) - 2002,0
الموقر,6010101036,مصاريف فروقات اسعار,1/26/2026,884,أخرى (321),Manual Reconciliation Transaction(Reversal) - 1817,0
الموقر,6010101036,مصاريف فروقات اسعار,2/3/2026,890,أخرى (321),Manual Reconciliation Transaction,0
الموقر,6010101036,مصاريف فروقات اسعار,2/3/2026,891,أخرى (321),Manual Reconciliation Transaction,0
الموقر,6010101017,مصاريف طعام موظفين,2/3/2026,26100212,قيد يومي,طعام الشفت المسائي,21
الموقر,6010101036,مصاريف فروقات اسعار,2/3/2026,26800211,سند قبض,سند قبض - سداد ف/رقم 26100367,0
الموقر,6010101008,مصاريف صيانة عامة,2/3/2026,26100215,قيد يومي,صيانة كاميرات + صيانة خط,70
الموقر,6010101005,مصاريف المياه,2/3/2026,26100217,قيد يومي,تنك ماء عدد 2,100
الموقر,6010101036,مصاريف فروقات اسعار,2/3/2026,2680454,سند قبض,قبض نقدي رقم 800454,0
الموقر,6010101036,مصاريف فروقات اسعار,2/3/2026,904,أخرى (321),Manual Reconciliation Transaction,0
الموقر,6010101036,مصاريف فروقات اسعار,2/3/2026,906,أخرى (321),Manual Reconciliation Transaction,0
الموقر,6010101036,مصاريف فروقات اسعار,2/3/2026,910,أخرى (321),Manual Reconciliation Transaction,0
الموقر,6010101039,مصاريف فحص عينات,2/3/2026,26100220,قيد يومي,ف/1223,70
الموقر,6010101036,مصاريف فروقات اسعار,2/3/2026,912,أخرى (321),Manual Reconciliation Transaction,0
الموقر,6010101036,مصاريف فروقات اسعار,2/3/2026,913,أخرى (321),Manual Reconciliation Transaction,0
الموقر,6010101016,مصاريف محروقات - فيول,2/3/2026,26100222,قيد يومي,ف/224 الكمية 15140,7551.832
الموقر,6010101004,مصاريف صيانة الالات والمعدات,2/3/2026,26100223,قيد يومي,صيانه الطابعات,180
الموقر,6010101005,مصاريف المياه,2/3/2026,26100224,قيد يومي,تنك ماء عدد 4,200
الموقر,6010101007,مصاريف مياء و صرف صحي,2/3/2026,26100224,قيد يومي,صرف صحي,95
الموقر,6010101007,مصاريف مياء و صرف صحي,2/3/2026,26100224,قيد يومي,صرف صحي,95
الموقر,6010101004,مصاريف صيانة الالات والمعدات,2/3/2026,26000071,فاتورة مشتريات,A/P Invoices - LV0000322,31.983
الموقر,6010101004,مصاريف صيانة الالات والمعدات,2/3/2026,26000072,فاتورة مشتريات,A/P Invoices - LV0000356,106
الموقر,6010101014,مصاريف لوازم مستهلكة,2/3/2026,26000073,فاتورة مشتريات,A/P Invoices - LV0000355,235
الموقر,6010101014,مصاريف لوازم مستهلكة,2/3/2026,26000074,فاتورة مشتريات,A/P Invoices - LV0000355,85
الموقر,6030101013,مصروف رسوم شهرية واشتراكات,1/5/2026,26100225,قيد يومي,ف/رقم 10290,350
الموقر,6010101036,مصاريف فروقات اسعار,2/3/2026,916,أخرى (321),,0
الموقر,6020101003,مصروف خصم مسموح به,2/3/2026,26100226,قيد يومي,خ ن ف 26100381,13.7
الموقر,6010101036,مصاريف فروقات اسعار,2/3/2026,921,أخرى (321),Manual Reconciliation Transaction,0
الموقر,6020101003,مصروف خصم مسموح به,2/3/2026,26100227,قيد يومي,خصم نقدي مرفق,41.67
الموقر,6010101036,مصاريف فروقات اسعار,2/3/2026,937,أخرى (321),Manual Reconciliation Transaction,0
الموقر,6010101007,مصاريف مياء و صرف صحي,2/4/2026,26100229,قيد يومي,تنك ماء عدد 2,100
الموقر,6010101007,مصاريف مياء و صرف صحي,2/4/2026,26100230,قيد يومي,تنك نضح عدد 2,190
الموقر,6010101007,مصاريف مياء و صرف صحي,2/4/2026,26100234,قيد يومي,تنك ماء عدد 6,300
الموقر,6010101036,مصاريف فروقات اسعار,2/4/2026,973,أخرى (321),Manual Reconciliation Transaction,0
الموقر,6010101036,مصاريف فروقات اسعار,2/4/2026,976,أخرى (321),Manual Reconciliation Transaction,0
الموقر,6010101007,مصاريف مياء و صرف صحي,2/4/2026,26100238,قيد يومي,تنك ماء عدد 2,100
الموقر,6010101007,مصاريف مياء و صرف صحي,2/4/2026,26100239,قيد يومي,تنك ماء عدد 3,150
الموقر,6010101036,مصاريف فروقات اسعار,2/4/2026,997,أخرى (321),Manual Reconciliation Transaction,0
الموقر,6010101036,مصاريف فروقات اسعار,2/4/2026,998,أخرى (321),Manual Reconciliation Transaction,0
الموقر,6010101036,مصاريف فروقات اسعار,2/4/2026,999,أخرى (321),Manual Reconciliation Transaction,0
الموقر,6010101036,مصاريف فروقات اسعار,2/4/2026,1001,أخرى (321),Manual Reconciliation Transaction,0
الموقر,6010101017,مصاريف طعام موظفين,2/4/2026,26100244,قيد يومي,طعام الشفت المسائي,25.6
الموقر,6010101007,مصاريف مياء و صرف صحي,2/5/2026,26100250,قيد يومي,تنك نضح عدد 2,190
الموقر,6010101017,مصاريف طعام موظفين,2/5/2026,26100251,قيد يومي,طعام الشفت المسائي,26
الموقر,6020101002,مصاريف تصدير,2/5/2026,26100252,قيد يومي,سوم فحص سمسم,90.5
الموقر,6020101002,مصاريف تصدير,2/5/2026,26100252,قيد يومي,سوم فحص سمسم,90.5
الموقر,6020101002,مصاريف تصدير,2/5/2026,26100253,قيد يومي,رسوم جمركية,94
الموقر,6020101002,مصاريف تصدير,2/5/2026,26100253,قيد يومي,رسوم جمركية,95
الموقر,6010101036,مصاريف فروقات اسعار,2/5/2026,26800213,سند قبض,سند قبض - سداد ف/رقم 210000198,0
الموقر,6010101036,مصاريف فروقات اسعار,2/5/2026,26800702,سند قبض,سند قبض - سدادف/رقم 26100423,0
الموقر,6010101007,مصاريف مياء و صرف صحي,2/5/2026,26100255,قيد يومي,تنك ماء عدد 5,250
الموقر,6020101003,مصروف خصم مسموح به,2/6/2026,26100257,قيد يومي,خ ن ف 26100135,2.3
الموقر,6010101036,مصاريف فروقات اسعار,2/8/2026,1088,أخرى (321),Manual Reconciliation Transaction,0
الموقر,6020101003,مصروف خصم مسموح به,2/6/2026,26002867,قيد يومي,خ ن ف 26100135(Reversal) - 3649,-2.3
الموقر,6030101012,مصروف عمولات زين كاش,2/8/2026,26100259,قيد يومي,ثائر حمدان,0.35
الموقر,6010101008,مصاريف صيانة عامة,2/8/2026,26100259,قيد يومي,ثائر حمدان,50
الموقر,6010101036,مصاريف فروقات اسعار,2/8/2026,1098,أخرى (321),Manual Reconciliation Transaction,0
الموقر,6010101036,مصاريف فروقات اسعار,2/8/2026,1100,أخرى (321),Manual Reconciliation Transaction,0
الموقر,6010101036,مصاريف فروقات اسعار,2/8/2026,1101,أخرى (321),Manual Reconciliation Transaction,0
الموقر,6010101036,مصاريف فروقات اسعار,2/8/2026,1102,أخرى (321),Manual Reconciliation Transaction,0
الموقر,6010101036,مصاريف فروقات اسعار,2/8/2026,1104,أخرى (321),Manual Reconciliation Transaction,0
الموقر,6020101003,مصروف خصم مسموح به,2/8/2026,26100267,قيد يومي,فرق احتساب ف 261000064 / الموقر,-6.278
الموقر,6020101003,مصروف خصم مسموح به,2/8/2026,26002905,قيد يومي,فرق احتساب ف 261000064 / الموقر(Reversal) - 3708,6.278
الموقر,6010101036,مصاريف فروقات اسعار,2/8/2026,1112,أخرى (321),Manual Reconciliation Transaction,0
الموقر,6010101036,مصاريف فروقات اسعار,2/8/2026,1114,أخرى (321),Manual Reconciliation Transaction,0
الموقر,6010101009,مصاريف ملابس مهنية,2/8/2026,26100272,قيد يومي,دراي كلين,38.5
الموقر,6010101036,مصاريف فروقات اسعار,2/9/2026,26800262,سند قبض,سند قبض - سداد ف/رقم 26100521,0
الموقر,6010101036,مصاريف فروقات اسعار,2/9/2026,26800314,سند قبض,سند قبض -سداد ف/رقم 26100489,0
الموقر,6010101036,مصاريف فروقات اسعار,2/9/2026,26800609,سند قبض,سند قبض - سداد ف/رقم 26100447,0
الموقر,6010101036,مصاريف فروقات اسعار,2/9/2026,1141,أخرى (321),Manual Reconciliation Transaction,0
الموقر,6010101036,مصاريف فروقات اسعار,2/9/2026,1153,أخرى (321),Manual Reconciliation Transaction,0
الموقر,6010101036,مصاريف فروقات اسعار,2/9/2026,1157,أخرى (321),Manual Reconciliation Transaction,0
الموقر,6010101036,مصاريف فروقات اسعار,2/9/2026,1158,أخرى (321),Manual Reconciliation Transaction,0
الموقر,6010101036,مصاريف فروقات اسعار,2/9/2026,1160,أخرى (321),Manual Reconciliation Transaction,0
الموقر,6010101036,مصاريف فروقات اسعار,2/9/2026,1164,أخرى (321),Manual Reconciliation Transaction,0
الموقر,6010101036,مصاريف فروقات اسعار,2/9/2026,1177,أخرى (321),Manual Reconciliation Transaction,0
الموقر,6010101036,مصاريف فروقات اسعار,2/9/2026,1183,أخرى (321),Manual Reconciliation Transaction,0
الموقر,6010101036,مصاريف فروقات اسعار,2/9/2026,1184,أخرى (321),Manual Reconciliation Transaction,0
الموقر,6010101036,مصاريف فروقات اسعار,2/9/2026,1185,أخرى (321),Manual Reconciliation Transaction,0
الموقر,6010101039,مصاريف فحص عينات,2/9/2026,26100288,قيد يومي,فحص عينات الجمعية العلمية الملكية,490.788
الموقر,6010101036,مصاريف فروقات اسعار,2/9/2026,1186,أخرى (321),Manual Reconciliation Transaction,0
الموقر,6010101036,مصاريف فروقات اسعار,2/9/2026,1195,أخرى (321),Manual Reconciliation Transaction,0
الموقر,6020101003,مصروف خصم مسموح به,2/9/2026,26100289,قيد يومي,خصم نقدي ف 26100473,9
الموقر,6020101003,مصروف خصم مسموح به,2/9/2026,26100289,قيد يومي,خصم نقدي ف 26100468,4.013
الموقر,6020101003,مصروف خصم مسموح به,2/9/2026,26003106,قيد يومي,خصم نقدي ف 26100473(Reversal) - 3946,-9
الموقر,6020101003,مصروف خصم مسموح به,2/9/2026,26003106,قيد يومي,خصم نقدي ف 26100468(Reversal) - 3946,-4.013
الموقر,6020101003,مصروف خصم مسموح به,2/9/2026,26100291,قيد يومي,خصم نقدي مرفق,13.013
الموقر,6010101036,مصاريف فروقات اسعار,2/9/2026,1212,أخرى (321),Manual Reconciliation Transaction,0
الموقر,6010101019,مصاريف تعبئة وتغليف,1/29/2026,26000090,فاتورة مشتريات,A/P Invoices - LV0000430,630
الموقر,6010101019,مصاريف تعبئة وتغليف,2/7/2026,26000091,فاتورة مشتريات,A/P Invoices - LV0000399,564
الموقر,6010101019,مصاريف تعبئة وتغليف,2/7/2026,26000092,فاتورة مشتريات,A/P Invoices - LV0000399,135
الموقر,6010101036,مصاريف فروقات اسعار,2/10/2026,1240,أخرى (321),Manual Reconciliation Transaction,0
الموقر,6010101004,مصاريف صيانة الالات والمعدات,2/2/2026,26000094,فاتورة مشتريات,A/P Invoices - LV0000322,22.798
الموقر,6010101004,مصاريف صيانة الالات والمعدات,2/7/2026,26000101,فاتورة مشتريات,A/P Invoices - LV0000356,70.95
الموقر,6010101019,مصاريف تعبئة وتغليف,2/7/2026,26000106,فاتورة مشتريات,A/P Invoices - LV0000440,125
الموقر,6010101036,مصاريف فروقات اسعار,2/4/2026,1256,أخرى (321),,0
الموقر,6010101027,مصاريف مواد تنظيف,2/4/2026,26000110,فاتورة مشتريات,A/P Invoices - LV0000416,216
الموقر,6010101019,مصاريف تعبئة وتغليف,2/4/2026,26000111,فاتورة مشتريات,A/P Invoices - LV0000429,622.5
الموقر,6010101036,مصاريف فروقات اسعار,2/10/2026,1258,أخرى (321),Manual Reconciliation Transaction,0
الموقر,6010101004,مصاريف صيانة الالات والمعدات,2/3/2026,26000112,فاتورة مشتريات,A/P Invoices - LV0000322,51.37
الموقر,6010101036,مصاريف فروقات اسعار,2/10/2026,1261,أخرى (321),Manual Reconciliation Transaction,0
الموقر,6010101036,مصاريف فروقات اسعار,2/10/2026,1263,أخرى (321),Manual Reconciliation Transaction,0
الموقر,6010101036,مصاريف فروقات اسعار,2/10/2026,1266,أخرى (321),Manual Reconciliation Transaction,0
الموقر,6010101036,مصاريف فروقات اسعار,2/10/2026,1267,أخرى (321),Manual Reconciliation Transaction,0
الموقر,6010101007,مصاريف مياء و صرف صحي,2/10/2026,26100305,قيد يومي,تنك ماء عدد 3,150
الموقر,6020101002,مصاريف تصدير,2/11/2026,26100306,قيد يومي,ف/رقم 10121,337.25
الموقر,6010101036,مصاريف فروقات اسعار,2/7/2026,1270,أخرى (321),,0
الموقر,6010101026,مصاريف علاج موظفين,2/11/2026,26100307,قيد يومي,علاج الموظف سيف,8
الموقر,6010101036,مصاريف فروقات اسعار,2/11/2026,1292,أخرى (321),Manual Reconciliation Transaction,0
الموقر,6010101036,مصاريف فروقات اسعار,2/4/2026,1305,أخرى (321),Manual Reconciliation Transaction(Reversal) - 3317,0
الموقر,6010101011,مصاريف متفرقة,2/5/2026,26100313,قيد يومي,ابو محمد,5
الموقر,6010101014,مصاريف لوازم مستهلكة,2/5/2026,26100313,قيد يومي,ف/رقم 50703,107.755
الموقر,6010101040,مصاريف تحميل وتنزيل,2/11/2026,26100317,قيد يومي,تحميل وتنزيل,200
الموقر,6010101026,مصاريف علاج موظفين,2/11/2026,26000012,سند قبض,شيك رقم 50916 + 51063 الضمان,-96.5
الموقر,6010101036,مصاريف فروقات اسعار,2/11/2026,1335,أخرى (321),Manual Reconciliation Transaction,0
الموقر,6010101036,مصاريف فروقات اسعار,2/11/2026,1337,أخرى (321),Manual Reconciliation Transaction,0
الموقر,6010101036,مصاريف فروقات اسعار,2/11/2026,1338,أخرى (321),Manual Reconciliation Transaction,0
الموقر,6010101036,مصاريف فروقات اسعار,2/11/2026,1340,أخرى (321),Manual Reconciliation Transaction,0
الموقر,6030101012,مصروف عمولات زين كاش,2/12/2026,26100327,قيد يومي,اصلاح ماتور,0.35
الموقر,6010101008,مصاريف صيانة عامة,2/12/2026,26100327,قيد يومي,اصلاح ماتور,230
الموقر,6010101008,مصاريف صيانة عامة,2/12/2026,26100328,قيد يومي,اجور صيانة المصنع,600
الموقر,6030101012,مصروف عمولات زين كاش,2/12/2026,26100328,قيد يومي,اجور صيانة المصنع,0.35
الموقر,6010101007,مصاريف مياء و صرف صحي,2/12/2026,26100330,قيد يومي,تنك ماء عدد 7,350
الموقر,6010101007,مصاريف مياء و صرف صحي,2/12/2026,26100331,قيد يومي,تنك نضح عدد 3,285
الموقر,6010101017,مصاريف طعام موظفين,2/12/2026,26100336,قيد يومي,بدل طعام محمد فاروق لثلاثة ايام,9
الموقر,6010101032,مصاريف مواصلات موظفين,2/12/2026,26100337,قيد يومي,بدل مواصلات ابراهيم سلمان,10
الموقر,6010101007,مصاريف مياء و صرف صحي,2/15/2026,26100339,قيد يومي,تنك ماء عدد 2,100
الموقر,6010101004,مصاريف صيانة الالات والمعدات,2/15/2026,26000135,فاتورة مشتريات,A/P Invoices - LV0000322,7.475
الموقر,6010101004,مصاريف صيانة الالات والمعدات,2/15/2026,26000136,فاتورة مشتريات,A/P Invoices - LV0000322,72.5
الموقر,6020101003,مصروف خصم مسموح به,2/11/2026,26100341,قيد يومي,خصم نقدي مرفق,6.827
الموقر,6020101003,مصروف خصم مسموح به,2/11/2026,26100342,قيد يومي,تعديل قيد 26100341,-1.73
الموقر,6010101036,مصاريف فروقات اسعار,2/15/2026,1414,أخرى (321),Manual Reconciliation Transaction,0
الموقر,6020101003,مصروف خصم مسموح به,2/11/2026,26100343,قيد يومي,خ ن ف 26100082,8.002
الموقر,6020101003,مصروف خصم مسموح به,2/12/2026,26100345,قيد يومي,خصم فرق سعر ف 26100563,20.046
الموقر,6010101014,مصاريف لوازم مستهلكة,2/15/2026,26000137,فاتورة مشتريات,A/P Invoices - LV0000441,170
الموقر,6030101009,مصاريف قرطاسية - ادارية,2/15/2026,26000138,فاتورة مشتريات,A/P Invoices - LV0000346,180
الموقر,6020101002,مصاريف تصدير,2/15/2026,26000139,فاتورة مشتريات,A/P Invoices - LV0000377,337.25
الموقر,6020101003,مصروف خصم مسموح به,2/11/2026,26100349,قيد يومي,خصم نقدي ف 26100582,1.719
الموقر,6010101007,مصاريف مياء و صرف صحي,2/15/2026,26100351,قيد يومي,15022026,95
الموقر,6010101036,مصاريف فروقات اسعار,2/15/2026,1424,أخرى (321),Manual Reconciliation Transaction,0
الموقر,6010101036,مصاريف فروقات اسعار,2/15/2026,1425,أخرى (321),Manual Reconciliation Transaction,0
الموقر,6010101010,مصاريف عينات,2/15/2026,26100354,قيد يومي,فاتورة 26100569 عينات,19.972
الموقر,6010101036,مصاريف فروقات اسعار,2/16/2026,26800610,سند قبض,سند قبض - سداد ف/رقم 26100619,0
الموقر,6010101036,مصاريف فروقات اسعار,2/16/2026,1459,أخرى (321),Manual Reconciliation Transaction,0
الموقر,6020101003,مصروف خصم مسموح به,2/16/2026,26100355,قيد يومي,خ ن كشف مرفق,20.541
الموقر,6010101036,مصاريف فروقات اسعار,2/16/2026,1465,أخرى (321),Manual Reconciliation Transaction,0
الموقر,6010101036,مصاريف فروقات اسعار,2/16/2026,1470,أخرى (321),Manual Reconciliation Transaction,0
الموقر,6020101003,مصروف خصم مسموح به,2/16/2026,26100357,قيد يومي,خ ن ف 26100467,1.5
الموقر,6010101036,مصاريف فروقات اسعار,2/16/2026,1478,أخرى (321),Manual Reconciliation Transaction,0
الموقر,6010101036,مصاريف فروقات اسعار,2/16/2026,1480,أخرى (321),Manual Reconciliation Transaction,0
الموقر,6010101036,مصاريف فروقات اسعار,2/16/2026,1482,أخرى (321),Manual Reconciliation Transaction,0
الموقر,6010101007,مصاريف مياء و صرف صحي,2/16/2026,26100362,قيد يومي,تنك ماء عدد 6,300
الموقر,6010101036,مصاريف فروقات اسعار,2/16/2026,1495,أخرى (321),Manual Reconciliation Transaction,0
الموقر,6010101036,مصاريف فروقات اسعار,2/16/2026,1498,أخرى (321),Manual Reconciliation Transaction,0
الموقر,6010101036,مصاريف فروقات اسعار,2/16/2026,1500,أخرى (321),Manual Reconciliation Transaction(Reversal) - 5021,0
الموقر,6010101036,مصاريف فروقات اسعار,2/16/2026,1503,أخرى (321),Manual Reconciliation Transaction,0
الموقر,6010101017,مصاريف طعام موظفين,2/16/2026,26100372,قيد يومي,طعام الشفت المسائي يوم الجمعة,30
الموقر,6010101036,مصاريف فروقات اسعار,2/17/2026,1530,أخرى (321),Manual Reconciliation Transaction,0
الموقر,6010101036,مصاريف فروقات اسعار,2/17/2026,26800221,سند قبض,سند قبض سداد ف/رقم 26100641,0
الموقر,6010101036,مصاريف فروقات اسعار,2/17/2026,1538,أخرى (321),Manual Reconciliation Transaction,0
الموقر,6020101003,مصروف خصم مسموح به,2/17/2026,26100381,قيد يومي,فرق احتساب ف 26100757,12.5
الموقر,6010101004,مصاريف صيانة الالات والمعدات,2/17/2026,26000141,فاتورة مشتريات,A/P Invoices - LV0000322,164.043
الموقر,6010101019,مصاريف تعبئة وتغليف,2/14/2026,26000145,فاتورة مشتريات,A/P Invoices - LV0000430,1120
الموقر,6010101004,مصاريف صيانة الالات والمعدات,2/15/2026,26000147,فاتورة مشتريات,A/P Invoices - LV0000322,90.813
الموقر,6010101019,مصاريف تعبئة وتغليف,2/14/2026,26000149,فاتورة مشتريات,A/P Invoices - LV0000393,405
الموقر,6010101019,مصاريف تعبئة وتغليف,2/16/2026,26000150,فاتورة مشتريات,A/P Invoices - LV0000393,579.6
الموقر,6030101009,مصاريف قرطاسية - ادارية,2/16/2026,26100383,قيد يومي,طباعة دفاتر سند قبض,110
الموقر,6010101019,مصاريف تعبئة وتغليف,2/16/2026,26000160,فاتورة مشتريات,A/P Invoices - LV0000399,572
الموقر,6010101019,مصاريف تعبئة وتغليف,2/8/2026,26000161,فاتورة مشتريات,A/P Invoices - LV0000399,230
الموقر,6010101039,مصاريف فحص عينات,2/18/2026,26100384,قيد يومي,ف/رقم 1313,12
الموقر,6010101007,مصاريف مياء و صرف صحي,2/18/2026,26100386,قيد يومي,اجرة نضح,95
الموقر,6010101016,مصاريف محروقات - فيول,2/18/2026,26100387,قيد يومي,شيك رقم 15021 حق 16/3/2026,2257.5
الموقر,6010101036,مصاريف فروقات اسعار,2/18/2026,1575,أخرى (321),Manual Reconciliation Transaction,0
الموقر,6010101036,مصاريف فروقات اسعار,2/18/2026,1576,أخرى (321),Manual Reconciliation Transaction,0
الموقر,6010101036,مصاريف فروقات اسعار,2/18/2026,1580,أخرى (321),Manual Reconciliation Transaction,0
الموقر,6010101036,مصاريف فروقات اسعار,2/18/2026,1587,أخرى (321),Manual Reconciliation Transaction,0
الموقر,6010101007,مصاريف مياء و صرف صحي,2/18/2026,26100390,قيد يومي,اجرة نضح عدد 2,190
الموقر,6010101016,مصاريف محروقات - فيول,2/18/2026,26100391,قيد يومي,ف/رقم 237 وقود صناعي الكمية 14.980,7472.024
الموقر,6010101017,مصاريف طعام موظفين,1/31/2026,26100398,قيد يومي,طعام الموظفين لشهر 01,2519.7
الموقر,6010101017,مصاريف طعام موظفين,2/19/2026,26100399,قيد يومي,طعام الموظفين لشهر 02,1963
الموقر,6020101002,مصاريف تصدير,2/19/2026,26100401,قيد يومي,ف/رقم 10168,337.25
الموقر,6010101026,مصاريف علاج موظفين,2/19/2026,26100402,قيد يومي,نقل  علي كامل دنون  للمستشفى,10
الموقر,6010101007,مصاريف مياء و صرف صحي,2/19/2026,26100403,قيد يومي,اجرة نضح,95
الموقر,6010101036,مصاريف فروقات اسعار,2/19/2026,26800415,سند قبض,سند قبض - سداد ف/رقم 26100155+26100651,0
الموقر,6010101040,مصاريف تحميل وتنزيل,2/19/2026,26100406,قيد يومي,مصاريف تحميل وتنزيل عمال مياومة,430
الموقر,6030101012,مصروف عمولات زين كاش,2/22/2026,26100409,قيد يومي,رسوم فحص,0.35
الموقر,6010101039,مصاريف فحص عينات,2/22/2026,26100409,قيد يومي,رسوم فحص,90
الموقر,6030101012,مصروف عمولات زين كاش,2/22/2026,26100410,قيد يومي,مواد مخبرية,0.35
الموقر,6010101038,مصاريف مواد مخبرية,2/22/2026,26100410,قيد يومي,مواد مخبرية,50
الموقر,6010101036,مصاريف فروقات اسعار,2/22/2026,26800192,سند قبض,قبض نقدي 800192,0
الموقر,6010101036,مصاريف فروقات اسعار,2/22/2026,26800194,سند قبض,قبض نقدي 800194,0
الموقر,6030101012,مصروف عمولات زين كاش,2/22/2026,26100412,قيد يومي,دفعة لمطعم اباء,0.35
الموقر,6010101036,مصاريف فروقات اسعار,2/22/2026,26800198,سند قبض,قبض نقدي 800198,0
الموقر,6030101012,مصروف عمولات زين كاش,2/22/2026,26100415,قيد يومي,صيانة الرافعة,0.35
الموقر,6010101008,مصاريف صيانة عامة,2/22/2026,26100415,قيد يومي,صيانة الرافعة,249.84
الموقر,6030101012,مصروف عمولات زين كاش,2/22/2026,26100416,قيد يومي,صيانة الشيلر,-240.35
الموقر,6010101008,مصاريف صيانة عامة,2/22/2026,26100416,قيد يومي,صيانة الشيلر,240
الموقر,6030101012,مصروف عمولات زين كاش,2/22/2026,26100416,قيد يومي,صيانة الشيلر,0.35
الموقر,6030101012,مصروف عمولات زين كاش,2/22/2026,26100417,قيد يومي,دفعة لسلطان,0.35
الموقر,6030101012,مصروف عمولات زين كاش,2/22/2026,26100422,قيد يومي,لف ماتور,0.35
الموقر,6010101004,مصاريف صيانة الالات والمعدات,2/22/2026,26100422,قيد يومي,لف ماتور,95
الموقر,6030101012,مصروف عمولات زين كاش,2/22/2026,26100424,قيد يومي,فحص عينات,0.35
الموقر,6010101039,مصاريف فحص عينات,2/22/2026,26100424,قيد يومي,فحص عينات,135.759
الموقر,6010101036,مصاريف فروقات اسعار,2/22/2026,26800466,سند قبض,قبض نقدي 800466,0
الموقر,6010101017,مصاريف طعام موظفين,2/22/2026,26100426,قيد يومي,بدل طعام محمد فاروق,15
الموقر,6010101007,مصاريف مياء و صرف صحي,2/22/2026,26100431,قيد يومي,اجرة نضح,95
الموقر,6010101032,مصاريف مواصلات موظفين,2/22/2026,26100432,قيد يومي,اجرة مواصلات علي دنون لمدة 10 ايام,70
الموقر,6020101003,مصروف خصم مسموح به,2/22/2026,26100435,قيد يومي,خ ن ف 26100530 + 26100781,6.65
الموقر,6010101036,مصاريف فروقات اسعار,2/22/2026,1736,أخرى (321),Manual Reconciliation Transaction,0
الموقر,6010101036,مصاريف فروقات اسعار,2/22/2026,1737,أخرى (321),Manual Reconciliation Transaction,0
الموقر,6010101036,مصاريف فروقات اسعار,2/22/2026,1738,أخرى (321),Manual Reconciliation Transaction,0
الموقر,6010101036,مصاريف فروقات اسعار,2/22/2026,1739,أخرى (321),Manual Reconciliation Transaction,0
الموقر,6010101005,مصاريف المياه,2/23/2026,26100440,قيد يومي,مصاريف مياه,250
الموقر,6010101005,مصاريف المياه,2/23/2026,26100441,قيد يومي,ف/609+608,100
الموقر,6010101004,مصاريف صيانة الالات والمعدات,2/19/2026,26000168,فاتورة مشتريات,A/P Invoices - LV0000322,34
الموقر,6010101004,مصاريف صيانة الالات والمعدات,2/21/2026,26000169,فاتورة مشتريات,A/P Invoices - LV0000322,33
الموقر,6010101007,مصاريف مياء و صرف صحي,2/23/2026,26100442,قيد يومي,تنك ماء عدد 1,50
الموقر,6010101019,مصاريف تعبئة وتغليف,2/17/2026,26000173,فاتورة مشتريات,A/P Invoices - LV0000399,253
الموقر,6010101017,مصاريف طعام موظفين,2/23/2026,26100443,قيد يومي,سحور الشفت المسائي,10.5
الموقر,6010101036,مصاريف فروقات اسعار,2/23/2026,26800231,سند قبض,قبض نقدي 800231,0
الموقر,6010101036,مصاريف فروقات اسعار,2/23/2026,26800321,سند قبض,قبض نقدي 800321,0
الموقر,6010101031,مصاريف صيانة سيارات,2/23/2026,26100447,قيد يومي,بناشر,3
الموقر,6030101002,مصاريف ضيافة - ادارية,2/23/2026,26100447,قيد يومي,طعام,8.4
الموقر,6010101036,مصاريف فروقات اسعار,2/23/2026,1772,أخرى (321),Manual Reconciliation Transaction,0
الموقر,6020101003,مصروف خصم مسموح به,2/23/2026,26100449,قيد يومي,خ ن ف 26100321 + 26000075,21.5
الموقر,6020101003,مصروف خصم مسموح به,2/23/2026,26004873,قيد يومي,خ ن ف 26100321 + 26000075(Reversal) - 5978,-21.5
الموقر,6020101003,مصروف خصم مسموح به,2/23/2026,26100450,قيد يومي,خ ن ف 26100321 + 260000075,21.5
الموقر,6010101009,مصاريف ملابس مهنية,2/23/2026,26100454,قيد يومي,بدلات مع قميص,100
الموقر,6020101003,مصروف خصم مسموح به,2/23/2026,26100455,قيد يومي,خ ن ف 26100471+472+479,52.571
الموقر,6010101036,مصاريف فروقات اسعار,2/23/2026,1796,أخرى (321),Manual Reconciliation Transaction,0
الموقر,6020101003,مصروف خصم مسموح به,2/23/2026,26100456,قيد يومي,خصم نقدي كشف مرفق,46.374
الموقر,6010101036,مصاريف فروقات اسعار,2/23/2026,1803,أخرى (321),Manual Reconciliation Transaction,0
الموقر,6010101036,مصاريف فروقات اسعار,2/23/2026,1806,أخرى (321),Manual Reconciliation Transaction,0
الموقر,6010101036,مصاريف فروقات اسعار,2/23/2026,1808,أخرى (321),Manual Reconciliation Transaction,0
الموقر,6020101003,مصروف خصم مسموح به,2/23/2026,26100458,قيد يومي,استثمار شهر  جوهرة البلقاء,150
الموقر,6010101036,مصاريف فروقات اسعار,2/23/2026,1810,أخرى (321),Manual Reconciliation Transaction,0
الموقر,6010101036,مصاريف فروقات اسعار,2/23/2026,1811,أخرى (321),Manual Reconciliation Transaction,0
الموقر,6010101036,مصاريف فروقات اسعار,2/24/2026,26800437,سند قبض,قبض رقم 800437,0
الموقر,6010101036,مصاريف فروقات اسعار,2/24/2026,26800435,سند قبض,قبض نقدي 800435,0
الموقر,6010101036,مصاريف فروقات اسعار,2/24/2026,26800431,سند قبض,قبض رقم 800431,0
الموقر,6010101036,مصاريف فروقات اسعار,2/24/2026,26800428,سند قبض,شيك رقم 1242,0
الموقر,6010101036,مصاريف فروقات اسعار,2/24/2026,26800091,سند قبض,قبض رقم 800091,0
الموقر,6010101036,مصاريف فروقات اسعار,2/24/2026,26800097,سند قبض,شيك رقم 1043,0
الموقر,6010101036,مصاريف فروقات اسعار,2/24/2026,26800095,سند قبض,شيك رقم 14924+14925,0
الموقر,6020101003,مصروف خصم مسموح به,2/25/2026,26100463,قيد يومي,خ ن ف 26100488+26100684,15.843
الموقر,6010101036,مصاريف فروقات اسعار,2/25/2026,1911,أخرى (321),Manual Reconciliation Transaction,0
الموقر,6010101036,مصاريف فروقات اسعار,2/25/2026,1919,أخرى (321),Manual Reconciliation Transaction,0
الموقر,6010101017,مصاريف طعام موظفين,2/28/2026,26100467,قيد يومي,بدل طعام محمد فاروق من 20/2 الى 26/2,45
الموقر,6010101007,مصاريف مياء و صرف صحي,2/28/2026,26100469,قيد يومي,تنك ماء عدد 3,150
الموقر,6010101007,مصاريف مياء و صرف صحي,2/28/2026,26100470,قيد يومي,تنك ماء عدد 2,100
الموقر,6010101008,مصاريف صيانة عامة,2/10/2026,26000183,فاتورة مشتريات,A/P Invoices - LV0000356,18
الموقر,6010101008,مصاريف صيانة عامة,2/4/2026,26000184,فاتورة مشتريات,A/P Invoices - LV0000356,9
الموقر,6010101007,مصاريف مياء و صرف صحي,2/28/2026,26100471,قيد يومي,تنك ماء عدد 2,100
الموقر,6010101027,مصاريف مواد تنظيف,2/28/2026,26100472,قيد يومي,تنظيف الساحة الترابية الجانبية للمصنع,200
الموقر,6010101007,مصاريف مياء و صرف صحي,2/28/2026,26100474,قيد يومي,اجرة نضح عدد 2,180
الموقر,6010101017,مصاريف طعام موظفين,2/28/2026,26100475,قيد يومي,سحور الموظفين,11.3
الموقر,6010101017,مصاريف طعام موظفين,2/28/2026,26100476,قيد يومي,افطار الموظفين,35
الموقر,6010101004,مصاريف صيانة الالات والمعدات,2/23/2026,26000187,فاتورة مشتريات,A/P Invoices - LV0000322,90.12
الموقر,6010101036,مصاريف فروقات اسعار,2/28/2026,26000014,سند قبض,سند قبض - سداد ف/رقم 26100860,0
الموقر,6010101036,مصاريف فروقات اسعار,3/1/2026,1972,أخرى (321),Manual Reconciliation Transaction,0
الموقر,6010101036,مصاريف فروقات اسعار,3/1/2026,1976,أخرى (321),Manual Reconciliation Transaction,0
الموقر,6030101009,مصاريف قرطاسية - ادارية,3/1/2026,26000189,فاتورة مشتريات,A/P Invoices - LV0000346,100
الموقر,6020101003,مصروف خصم مسموح به,2/28/2026,26100491,قيد يومي,فرق احتساب ارز عام 2025,57
الموقر,6010101001,مصاريف رواتب وأجور,1/31/2026,26100492,قيد يومي,راتب شهر 01,25908.063
الموقر,6010101002,مصاريف الضمان الأجتماعي,1/31/2026,26100492,قيد يومي,راتب شهر 01,3488.163
الموقر,6020101003,مصروف خصم مسموح به,3/1/2026,26100493,قيد يومي,خ ن ف 26100631,2.986
الموقر,6010101026,مصاريف علاج موظفين,3/1/2026,26100498,قيد يومي,علاج يزن حماد + ابو اسماعيل + كامل,90
الموقر,6010101036,مصاريف فروقات اسعار,3/2/2026,26800523,سند قبض,Incoming Payments - 210000371,0
الموقر,6010101004,مصاريف صيانة الالات والمعدات,3/1/2026,26000191,فاتورة مشتريات,A/P Invoices - LV0000322,37.676
الموقر,6010101027,مصاريف مواد تنظيف,2/26/2026,26000192,فاتورة مشتريات,A/P Invoices - LV0000416,67.5
الموقر,6030101012,مصروف عمولات زين كاش,2/22/2026,26005536,قيد يومي,صيانة الشيلر(Reversal) - 5780,240.35
الموقر,6030101012,مصروف عمولات زين كاش,2/22/2026,26005536,قيد يومي,صيانة الشيلر(Reversal) - 5780,-0.35
الموقر,6010101008,مصاريف صيانة عامة,2/22/2026,26005536,قيد يومي,صيانة الشيلر(Reversal) - 5780,-240
الموقر,6030101012,مصروف عمولات زين كاش,2/22/2026,26100500,قيد يومي,صيانة الشيلر,0.35
الموقر,6010101008,مصاريف صيانة عامة,2/22/2026,26100500,قيد يومي,صيانة الشيلر,240
الموقر,6010101036,مصاريف فروقات اسعار,2/19/2026,26800578,سند قبض,قبض نقدي 800578,0
الموقر,6010101036,مصاريف فروقات اسعار,2/11/2026,26800572,سند قبض,قبض نقدي 800572,0
الموقر,6010101036,مصاريف فروقات اسعار,1/22/2026,26800563,سند قبض,قبض نقدي 800563,0
الموقر,6010101036,مصاريف فروقات اسعار,1/22/2026,26800562,سند قبض,قبض رقم 800562,0
الموقر,6010101036,مصاريف فروقات اسعار,1/19/2026,26800558,سند قبض,قبض رقم 800558,0
الموقر,6020101003,مصروف خصم مسموح به,3/3/2026,26100505,قيد يومي,خصم طوابع ف 26100163+164+551,14.4
الموقر,6020101003,مصروف خصم مسموح به,3/3/2026,26100506,قيد يومي,نقل جزئ من دفعة 268000036 الى التجاري,-62.504
الموقر,6010101036,مصاريف فروقات اسعار,3/3/2026,26800269,سند قبض,Incoming Payments - 210000451,0
الموقر,6010101017,مصاريف طعام موظفين,3/3/2026,26100511,قيد يومي,فطور الشفت المسائي,14.35
الموقر,6010101032,مصاريف مواصلات موظفين,3/3/2026,26100512,قيد يومي,مواصلات علي دنون,50
الموقر,6010101017,مصاريف طعام موظفين,3/3/2026,26100513,قيد يومي,طعام محمد فاروق من 28/2/2026 الى 3/3/2026,12
الموقر,6010101036,مصاريف فروقات اسعار,3/3/2026,2094,أخرى (321),Manual Reconciliation Transaction,0
الموقر,6010101036,مصاريف فروقات اسعار,3/3/2026,2097,أخرى (321),Manual Reconciliation Transaction,0
الموقر,6010101032,مصاريف مواصلات موظفين,3/4/2026,26100514,قيد يومي,شيك رقم 15030 مواصلات باص الزرقاء لشهر 02,986.35
الموقر,6010101017,مصاريف طعام موظفين,3/4/2026,26100515,قيد يومي,سحور الشفت المسائي,14.65
الموقر,6010101007,مصاريف مياء و صرف صحي,3/4/2026,26100516,قيد يومي,اجرة نضح,95
الموقر,6010101015,مصاريف محروقات -ديزل,3/4/2026,26100517,قيد يومي,شيك رقم 15031 حق 3/4/2026,797.135
الموقر,6010101036,مصاريف فروقات اسعار,3/4/2026,26800444,سند قبض,شيك رقم 1046 حق 26/2/2026 تابع لسند قبض رقم 800444 + 700691,0
الموقر,6020101002,مصاريف تصدير,3/4/2026,26100520,قيد يومي,ف/رقم 10187,337.25
الموقر,6010101036,مصاريف فروقات اسعار,3/4/2026,2134,أخرى (321),Manual Reconciliation Transaction,0
الموقر,6020101003,مصروف خصم مسموح به,3/4/2026,26100523,قيد يومي,خصم نقدي كشف مرفق,53.975
الموقر,6020101003,مصروف خصم مسموح به,3/4/2026,26100524,قيد يومي,فرق احتساب ف 26101046,7.5
الموقر,6010101036,مصاريف فروقات اسعار,3/4/2026,2139,أخرى (321),Manual Reconciliation Transaction,0
الموقر,6010101010,مصاريف عينات,2/28/2026,26100526,قيد يومي,اغلاق ذمم العينات,1753.222
الموقر,6010101036,مصاريف فروقات اسعار,3/4/2026,2142,أخرى (321),Manual Reconciliation Transaction,0
الموقر,6020101003,مصروف خصم مسموح به,3/4/2026,26100527,قيد يومي,خصم فرق احتساب ف 26100848,225
الموقر,6020101003,مصروف خصم مسموح به,3/4/2026,26100529,قيد يومي,خصم نقدي كشف مرفق,173.039
الموقر,6010101036,مصاريف فروقات اسعار,3/4/2026,2143,أخرى (321),Manual Reconciliation Transaction,0
الموقر,6010101036,مصاريف فروقات اسعار,3/5/2026,26800236,سند قبض,Incoming Payments - 210000320,0
الموقر,6010101007,مصاريف مياء و صرف صحي,3/5/2026,26100533,قيد يومي,اجرة نضح,95
الموقر,6020101003,مصروف خصم مسموح به,3/5/2026,26100535,قيد يومي,فرق احتساب ارجاع,1.466
الموقر,6010101036,مصاريف فروقات اسعار,3/5/2026,2155,أخرى (321),Manual Reconciliation Transaction,0
الموقر,6010101036,مصاريف فروقات اسعار,3/5/2026,2164,أخرى (321),Manual Reconciliation Transaction,0
الموقر,6010101036,مصاريف فروقات اسعار,3/5/2026,2165,أخرى (321),Manual Reconciliation Transaction,0
الموقر,6010101036,مصاريف فروقات اسعار,3/5/2026,2172,أخرى (321),Manual Reconciliation Transaction,0
الموقر,6010101036,مصاريف فروقات اسعار,3/5/2026,2174,أخرى (321),Manual Reconciliation Transaction,0
الموقر,6010101007,مصاريف مياء و صرف صحي,3/5/2026,26100537,قيد يومي,تنك ماء عدد 2,100
الموقر,6010101036,مصاريف فروقات اسعار,3/5/2026,2182,أخرى (321),Manual Reconciliation Transaction,0
الموقر,6010101007,مصاريف مياء و صرف صحي,3/5/2026,26100541,قيد يومي,اجرة نضح,95
الموقر,6010101036,مصاريف فروقات اسعار,3/5/2026,2191,أخرى (321),Manual Reconciliation Transaction,0
الموقر,6010101036,مصاريف فروقات اسعار,3/5/2026,2193,أخرى (321),Manual Reconciliation Transaction,0
الموقر,6010101017,مصاريف طعام موظفين,3/5/2026,26100544,قيد يومي,سحور الشفت المسائي,8
الموقر,6010101036,مصاريف فروقات اسعار,3/5/2026,2196,أخرى (321),Manual Reconciliation Transaction,0
الموقر,6010101036,مصاريف فروقات اسعار,3/5/2026,2197,أخرى (321),Manual Reconciliation Transaction,0
الموقر,6010101036,مصاريف فروقات اسعار,3/5/2026,2198,أخرى (321),Manual Reconciliation Transaction,0
الموقر,6010101036,مصاريف فروقات اسعار,3/5/2026,2199,أخرى (321),Manual Reconciliation Transaction,0
الموقر,6010101036,مصاريف فروقات اسعار,3/5/2026,2204,أخرى (321),Manual Reconciliation Transaction,0
الموقر,6010101036,مصاريف فروقات اسعار,3/5/2026,2207,أخرى (321),Manual Reconciliation Transaction,0
الموقر,6010101036,مصاريف فروقات اسعار,3/5/2026,2210,أخرى (321),Manual Reconciliation Transaction,0
الموقر,6020101003,مصروف خصم مسموح به,3/5/2026,26100548,قيد يومي,خصم نقدي كشف مرفق,44.054
الموقر,6010101036,مصاريف فروقات اسعار,3/8/2026,2249,أخرى (321),Manual Reconciliation Transaction,0
الموقر,6010101036,مصاريف فروقات اسعار,3/8/2026,2250,أخرى (321),Manual Reconciliation Transaction,0
الموقر,6010101036,مصاريف فروقات اسعار,3/8/2026,2261,أخرى (321),Manual Reconciliation Transaction,0
الموقر,6010101036,مصاريف فروقات اسعار,3/8/2026,2263,أخرى (321),Manual Reconciliation Transaction,0
الموقر,6010101036,مصاريف فروقات اسعار,3/8/2026,26800622,سند قبض,Incoming Payments - 210000574,0
الموقر,6020101003,مصروف خصم مسموح به,3/8/2026,26100551,قيد يومي,خ ن ف 26100722,13
الموقر,6010101036,مصاريف فروقات اسعار,3/9/2026,26000022,سند قبض,Incoming Payments - 210000141,0
الموقر,6030101012,مصروف عمولات زين كاش,3/9/2026,26100557,قيد يومي,دفعة لسلطان,0.35
الموقر,6010101036,مصاريف فروقات اسعار,3/9/2026,2306,أخرى (321),Manual Reconciliation Transaction,0
الموقر,6010101008,مصاريف صيانة عامة,3/9/2026,26100560,قيد يومي,فحص البويلر,120
الموقر,6010101036,مصاريف فروقات اسعار,3/9/2026,26000023,سند قبض,سداد ف/رقم 26101144 + 45,0
الموقر,6010101036,مصاريف فروقات اسعار,3/9/2026,2313,أخرى (321),Manual Reconciliation Transaction,0
الموقر,6010101036,مصاريف فروقات اسعار,3/9/2026,2315,أخرى (321),Manual Reconciliation Transaction,0
الموقر,6020101003,مصروف خصم مسموح به,3/9/2026,26100563,قيد يومي,فروقات تحصيل,3.965
الموقر,6010101036,مصاريف فروقات اسعار,3/9/2026,2316,أخرى (321),Manual Reconciliation Transaction,0
الموقر,6010101036,مصاريف فروقات اسعار,3/9/2026,2317,أخرى (321),Manual Reconciliation Transaction,0
الموقر,6020101003,مصروف خصم مسموح به,3/9/2026,26100567,قيد يومي,خصم,50
الموقر,6010101036,مصاريف فروقات اسعار,3/10/2026,26000026,سند قبض,سداد ف/رقم 26100984,0
الموقر,6010101019,مصاريف تعبئة وتغليف,2/21/2026,26100568,قيد يومي,ف/رقم 253038 ليبل طحينية ميار 250 غ,324.5
الموقر,6010101019,مصاريف تعبئة وتغليف,3/5/2026,26000207,فاتورة مشتريات,A/P Invoices - LV0000451,323.265
الموقر,6010101004,مصاريف صيانة الالات والمعدات,3/4/2026,26000212,فاتورة مشتريات,A/P Invoices - LV0000322,527.65
الموقر,6010101014,مصاريف لوازم مستهلكة,3/4/2026,26000213,فاتورة مشتريات,A/P Invoices - LV0000355,158
الموقر,6010101036,مصاريف فروقات اسعار,3/10/2026,2345,أخرى (321),Manual Reconciliation Transaction,0
الموقر,6010101036,مصاريف فروقات اسعار,3/10/2026,2348,أخرى (321),Manual Reconciliation Transaction,0
الموقر,6010101036,مصاريف فروقات اسعار,3/10/2026,2349,أخرى (321),Manual Reconciliation Transaction,0
الموقر,6010101036,مصاريف فروقات اسعار,3/10/2026,2364,أخرى (321),Manual Reconciliation Transaction,0
الموقر,6010101036,مصاريف فروقات اسعار,3/10/2026,2365,أخرى (321),Manual Reconciliation Transaction,0
الموقر,6020101003,مصروف خصم مسموح به,3/10/2026,26100571,قيد يومي,خ ن مرفق,58.281
الموقر,6010101036,مصاريف فروقات اسعار,3/11/2026,26800772,سند قبض,شيك رقم 25,0
الموقر,6010101036,مصاريف فروقات اسعار,3/11/2026,26800770,سند قبض,شيك رقم 305,0
الموقر,6010101036,مصاريف فروقات اسعار,3/11/2026,26800716,سند قبض,قبض رقم 800716,0
الموقر,6010101036,مصاريف فروقات اسعار,3/11/2026,26800717,سند قبض,قبض رقم 800717,0
الموقر,6010101036,مصاريف فروقات اسعار,3/11/2026,26800719,سند قبض,قبض رقم 800719,0
الموقر,6010101036,مصاريف فروقات اسعار,3/11/2026,26800722,سند قبض,قبض رقم 800722,0
الموقر,6010101036,مصاريف فروقات اسعار,3/11/2026,26800716,سند قبض,Reverse Entry for Incoming Payment No. 26800716,0
الموقر,6010101036,مصاريف فروقات اسعار,3/11/2026,268000716,سند قبض,شيك رقم 2595,0
الموقر,6010101036,مصاريف فروقات اسعار,3/9/2026,26800472,سند قبض,قبض رقم 800472,0
الموقر,6010101036,مصاريف فروقات اسعار,3/11/2026,26000027,سند قبض,شيك رقم 9043+9044,0
الموقر,6010101039,مصاريف فحص عينات,3/11/2026,26100579,قيد يومي,ف/1409,100
الموقر,6030101012,مصروف عمولات زين كاش,3/11/2026,26100582,قيد يومي,ف/رقم 1 مواد تنظيف,0.35
الموقر,6010101027,مصاريف مواد تنظيف,3/11/2026,26100582,قيد يومي,ف/رقم 1 مواد تنظيف,264.1
الموقر,6020101003,مصروف خصم مسموح به,3/11/2026,26100586,قيد يومي,خ ن 26100956,68.6
الموقر,6010101036,مصاريف فروقات اسعار,3/11/2026,2424,أخرى (321),Manual Reconciliation Transaction,0
الموقر,6020101003,مصروف خصم مسموح به,3/11/2026,26100588,قيد يومي,فرق في حساب مخبز العمال,-31.793
الموقر,6010101036,مصاريف فروقات اسعار,3/11/2026,2426,أخرى (321),Manual Reconciliation Transaction,0
الموقر,6010101036,مصاريف فروقات اسعار,3/11/2026,2427,أخرى (321),Manual Reconciliation Transaction,0
الموقر,6010101039,مصاريف فحص عينات,3/11/2026,26100592,قيد يومي,فحص عينات سمسم,162.24
الموقر,6010101039,مصاريف فحص عينات,3/11/2026,26100592,قيد يومي,فحص عينات سمسم,162.24
الموقر,6010101032,مصاريف مواصلات موظفين,3/12/2026,26100596,قيد يومي,بدل مواصلات علي دنون,70
الموقر,6010101036,مصاريف فروقات اسعار,3/12/2026,26800526,سند قبض,شيك رقم 8996,0
الموقر,6010101036,مصاريف فروقات اسعار,3/12/2026,26800042,سند قبض,قبض رقم 800042,0
الموقر,6010101036,مصاريف فروقات اسعار,3/12/2026,26800050,سند قبض,شيك رقم 85495,0
الموقر,6010101036,مصاريف فروقات اسعار,3/12/2026,26800049,سند قبض,شيك رقم 18080,0
الموقر,6010101036,مصاريف فروقات اسعار,3/12/2026,26800045,سند قبض,شيك رقم 23554,0
الموقر,6010101036,مصاريف فروقات اسعار,3/12/2026,26800043,سند قبض,شيك رقم 25940,0
الموقر,6010101036,مصاريف فروقات اسعار,3/12/2026,26800041,سند قبض,شيك رقم 2158,0
الموقر,6010101036,مصاريف فروقات اسعار,3/12/2026,26800821,سند قبض,قبض رقم 800821,0
الموقر,6010101036,مصاريف فروقات اسعار,3/12/2026,26800816,سند قبض,شيك رقم 11240,0
الموقر,6010101016,مصاريف محروقات - فيول,3/12/2026,26100601,قيد يومي,ف/262 الكمية 29250 شيك رقم 15168,14590
الموقر,6010101036,مصاريف فروقات اسعار,3/12/2026,26800240,سند قبض,سند قبض - سداد ف/رقم 800240,0
الموقر,6010101007,مصاريف مياء و صرف صحي,3/12/2026,26100603,قيد يومي,اجرة نضح,95
الموقر,6010101008,مصاريف صيانة عامة,2/26/2026,26000216,فاتورة مشتريات,A/P Invoices - LV0000418,79.15
الموقر,6010101019,مصاريف تعبئة وتغليف,3/9/2026,26000221,فاتورة مشتريات,A/P Invoices - LV0000430,1170
الموقر,6010101007,مصاريف مياء و صرف صحي,3/12/2026,26100604,قيد يومي,اجرة نضح,95
الموقر,6010101004,مصاريف صيانة الالات والمعدات,3/7/2026,26000228,فاتورة مشتريات,A/P Invoices - LV0000418,165.25
الموقر,6010101017,مصاريف طعام موظفين,3/12/2026,26100605,قيد يومي,طعام الشفت المسائي,15
الموقر,6010101015,مصاريف محروقات -ديزل,3/12/2026,26006742,قيد يومي,ف/592385 الكمية 2000 لتر,1310
الموقر,6010101001,مصاريف رواتب وأجور,2/28/2026,26006746,قيد يومي,راتب شهر 02-2026,1387.5
الموقر,6010101036,مصاريف فروقات اسعار,3/15/2026,2553,أخرى (321),Manual Reconciliation Transaction,0
الموقر,6010101036,مصاريف فروقات اسعار,3/15/2026,2561,أخرى (321),Manual Reconciliation Transaction,0
الموقر,6010101036,مصاريف فروقات اسعار,3/15/2026,2562,أخرى (321),Manual Reconciliation Transaction,0
الموقر,6010101036,مصاريف فروقات اسعار,3/15/2026,2567,أخرى (321),Manual Reconciliation Transaction,0
الموقر,6020101003,مصروف خصم مسموح به,3/15/2026,26100610,قيد يومي,خ ن  كشف مرفق,43.65
الموقر,6010101036,مصاريف فروقات اسعار,3/15/2026,2569,أخرى (321),Manual Reconciliation Transaction,0
الموقر,6010101036,مصاريف فروقات اسعار,3/15/2026,2570,أخرى (321),Manual Reconciliation Transaction,0
الموقر,6030101012,مصروف عمولات زين كاش,3/16/2026,26100613,قيد يومي,ف/رقم 1002189 بربيش ستانلس,0.35
الموقر,6010101014,مصاريف لوازم مستهلكة,3/16/2026,26100613,قيد يومي,ف/رقم 1002189 بربيش ستانلس,114
الموقر,6030101012,مصروف عمولات زين كاش,3/16/2026,26100614,قيد يومي,ف/رقم 5099,0.35
الموقر,6010101014,مصاريف لوازم مستهلكة,3/16/2026,26100614,قيد يومي,ف/رقم 5099,323.265
الموقر,6030101012,مصروف عمولات زين كاش,3/16/2026,26100617,قيد يومي,شرايط,0.35
الموقر,6010101014,مصاريف لوازم مستهلكة,3/16/2026,26100617,قيد يومي,شرايط,150
الموقر,6010101006,مصاريف الكهرباء,3/16/2026,26100618,قيد يومي,كهرباء,400
الموقر,6010101004,مصاريف صيانة الالات والمعدات,3/11/2026,26000235,فاتورة مشتريات,A/P Invoices - LV0000322,676.894
الموقر,6010101036,مصاريف فروقات اسعار,3/16/2026,2605,أخرى (321),Manual Reconciliation Transaction,0
الموقر,6010101036,مصاريف فروقات اسعار,3/16/2026,2606,أخرى (321),Manual Reconciliation Transaction,0
الموقر,6010101036,مصاريف فروقات اسعار,3/16/2026,26000040,سند قبض,سداد ف/رقم 26101264 + 63+270,0
الموقر,6010101036,مصاريف فروقات اسعار,3/16/2026,2617,أخرى (321),Manual Reconciliation Transaction,0
الموقر,6020101003,مصروف خصم مسموح به,3/16/2026,26100621,قيد يومي,خصم متفرق,0.662
الموقر,6010101014,مصاريف لوازم مستهلكة,3/17/2026,26100622,قيد يومي,مصافي بلاستيك,7.5
الموقر,6010101026,مصاريف علاج موظفين,3/17/2026,26100623,قيد يومي,علاج سعد,42
الموقر,6010101007,مصاريف مياء و صرف صحي,3/17/2026,26100624,قيد يومي,اجرة نضح,95
الموقر,6020101002,مصاريف تصدير,3/17/2026,26100627,قيد يومي,ف/رقم 10216,337.25
الموقر,6010101017,مصاريف طعام موظفين,3/17/2026,26100628,قيد يومي,سحور الشفت المسائي,33.9
الموقر,6010101036,مصاريف فروقات اسعار,3/17/2026,2647,أخرى (321),Manual Reconciliation Transaction,0
الموقر,6010101036,مصاريف فروقات اسعار,3/17/2026,26000042,سند قبض,سداد ف/رقم 26101190,0
الموقر,6010101036,مصاريف فروقات اسعار,3/18/2026,2663,أخرى (321),Manual Reconciliation Transaction,0
الموقر,6010101036,مصاريف فروقات اسعار,3/18/2026,2665,أخرى (321),Manual Reconciliation Transaction,0
الموقر,6010101036,مصاريف فروقات اسعار,3/18/2026,2666,أخرى (321),Manual Reconciliation Transaction,0
الموقر,6010101036,مصاريف فروقات اسعار,3/18/2026,2671,أخرى (321),Manual Reconciliation Transaction,0
الموقر,6010101036,مصاريف فروقات اسعار,3/18/2026,2673,أخرى (321),Manual Reconciliation Transaction,0
الموقر,6010101036,مصاريف فروقات اسعار,3/18/2026,2679,أخرى (321),Manual Reconciliation Transaction,0
الموقر,6010101036,مصاريف فروقات اسعار,3/18/2026,2682,أخرى (321),Manual Reconciliation Transaction,0
الموقر,6020101002,مصاريف تصدير,3/21/2026,26100636,قيد يومي,ف/رقم 10230,337.25
الموقر,6020101002,مصاريف تصدير,3/21/2026,26100637,قيد يومي,ف/رقم 10238,337.25
الموقر,6010101004,مصاريف صيانة الالات والمعدات,3/16/2026,26000242,فاتورة مشتريات,A/P Invoices - LV0000322,132.135
الموقر,6010101019,مصاريف تعبئة وتغليف,3/16/2026,26000243,فاتورة مشتريات,A/P Invoices - LV0000429,622.5
الموقر,6010101014,مصاريف لوازم مستهلكة,3/22/2026,26100638,قيد يومي,ف/رقم 41074,460
الموقر,6010101014,مصاريف لوازم مستهلكة,3/22/2026,26100639,قيد يومي,ف/رقم 41073,750
الموقر,6010101019,مصاريف تعبئة وتغليف,1/26/2026,26000246,فاتورة مشتريات,A/P Invoice - Cancellation - LV0000399,-750
الموقر,6010101019,مصاريف تعبئة وتغليف,1/26/2026,26000247,فاتورة مشتريات,A/P Invoices - LV0000399,870
الموقر,6020101003,مصروف خصم مسموح به,3/24/2026,26100645,قيد يومي,خ ن ف 26101266,13
الموقر,6010101036,مصاريف فروقات اسعار,3/24/2026,2710,أخرى (321),Manual Reconciliation Transaction,0
الموقر,6010101036,مصاريف فروقات اسعار,3/24/2026,2718,أخرى (321),Manual Reconciliation Transaction,0
الموقر,6010101036,مصاريف فروقات اسعار,3/24/2026,2722,أخرى (321),Manual Reconciliation Transaction,0
الموقر,6010101036,مصاريف فروقات اسعار,3/24/2026,2723,أخرى (321),Manual Reconciliation Transaction,0
الموقر,6010101036,مصاريف فروقات اسعار,3/24/2026,2725,أخرى (321),Manual Reconciliation Transaction,0
الموقر,6010101036,مصاريف فروقات اسعار,3/24/2026,2726,أخرى (321),Manual Reconciliation Transaction,0
الموقر,6010101036,مصاريف فروقات اسعار,3/24/2026,2729,أخرى (321),Manual Reconciliation Transaction,0
الموقر,6010101036,مصاريف فروقات اسعار,3/24/2026,2730,أخرى (321),Manual Reconciliation Transaction,0
الموقر,6010101036,مصاريف فروقات اسعار,3/24/2026,2733,أخرى (321),Manual Reconciliation Transaction,0
الموقر,6010101036,مصاريف فروقات اسعار,3/24/2026,2737,أخرى (321),Manual Reconciliation Transaction,0
الموقر,6010101036,مصاريف فروقات اسعار,3/24/2026,2738,أخرى (321),Manual Reconciliation Transaction,0
الموقر,6010101036,مصاريف فروقات اسعار,3/24/2026,2739,أخرى (321),Manual Reconciliation Transaction,0
الموقر,6010101036,مصاريف فروقات اسعار,3/24/2026,2743,أخرى (321),Manual Reconciliation Transaction,0
الموقر,6010101036,مصاريف فروقات اسعار,3/24/2026,2744,أخرى (321),Manual Reconciliation Transaction,0
الموقر,6030101012,مصروف عمولات زين كاش,3/25/2026,26100655,قيد يومي,عموله بنك صفوة,8.53
الموقر,6030101012,مصروف عمولات زين كاش,3/25/2026,26007236,قيد يومي,عموله بنك صفوة(Reversal) - 8686,-8.53
الموقر,6030101012,مصروف عمولات زين كاش,3/25/2026,26100656,قيد يومي,عموله بنك صفوة,6.99
الموقر,6010101036,مصاريف فروقات اسعار,3/25/2026,2756,أخرى (321),Manual Reconciliation Transaction,0
الموقر,6010101036,مصاريف فروقات اسعار,3/25/2026,2757,أخرى (321),Manual Reconciliation Transaction,0
الموقر,6010101036,مصاريف فروقات اسعار,3/25/2026,2769,أخرى (321),Manual Reconciliation Transaction,0
الموقر,6010101036,مصاريف فروقات اسعار,3/25/2026,2773,أخرى (321),Manual Reconciliation Transaction,0
الموقر,6010101036,مصاريف فروقات اسعار,3/25/2026,26800782,سند قبض,قبض رقم 800782,0
الموقر,6010101036,مصاريف فروقات اسعار,3/25/2026,26800792,سند قبض,قبض رقم 800792,0
الموقر,6010101036,مصاريف فروقات اسعار,3/25/2026,26000046,سند قبض,شيك رقم 8848,0
الموقر,6010101036,مصاريف فروقات اسعار,3/25/2026,26000046,سند قبض,Reverse Entry for Incoming Payment No. 26000046,0
الموقر,6010101036,مصاريف فروقات اسعار,3/25/2026,26800788,سند قبض,شيك رقم 8848,0
الموقر,6010101036,مصاريف فروقات اسعار,3/25/2026,26800791,سند قبض,قبض رقم 800791,0
الموقر,6020101003,مصروف خصم مسموح به,3/25/2026,26100664,قيد يومي,متفرقة,-34.092
الموقر,6010101036,مصاريف فروقات اسعار,3/25/2026,2803,أخرى (321),Manual Reconciliation Transaction,0
الموقر,6010101007,مصاريف مياء و صرف صحي,3/26/2026,26100666,قيد يومي,اجور صرف صحي,686.28
الموقر,6010101007,مصاريف مياء و صرف صحي,3/26/2026,26100666,قيد يومي,اجور صرف صحي,6.08
الموقر,6010101007,مصاريف مياء و صرف صحي,3/26/2026,26100666,قيد يومي,اجور صرف صحي,47.12
الموقر,6010101036,مصاريف فروقات اسعار,3/26/2026,26800837,سند قبض,Incoming Payments - 210000574,0
الموقر,6010101036,مصاريف فروقات اسعار,3/26/2026,2825,أخرى (321),Manual Reconciliation Transaction,0
الموقر,6010101010,مصاريف عينات,3/25/2026,26100674,قيد يومي,فاتورة مبيعات نقدية 26000033,26.138
الموقر,6010101036,مصاريف فروقات اسعار,3/26/2026,26800325,سند قبض,Incoming Payments - 210000160,0
الموقر,6010101036,مصاريف فروقات اسعار,3/26/2026,26800328,سند قبض,Incoming Payments - 210000213,0
الموقر,6010101036,مصاريف فروقات اسعار,3/26/2026,2851,أخرى (321),Manual Reconciliation Transaction,0
الموقر,6030101012,مصروف عمولات زين كاش,3/26/2026,26100675,قيد يومي,دفعة للضمان,1.5
الموقر,6030101012,مصروف عمولات زين كاش,3/26/2026,26100677,قيد يومي,دفعة للضمان,1.5
الموقر,6010101036,مصاريف فروقات اسعار,3/26/2026,26800479,سند قبض,Incoming Payments - 210000253,0
الموقر,6010101036,مصاريف فروقات اسعار,3/26/2026,26000052,سند قبض,Incoming Payments - 210000141,0
الموقر,6010101017,مصاريف طعام موظفين,3/26/2026,26100679,قيد يومي,طعام الشفت المسائي,5.55
الموقر,6010101036,مصاريف فروقات اسعار,3/26/2026,2864,أخرى (321),Manual Reconciliation Transaction,0
الموقر,6010101032,مصاريف مواصلات موظفين,3/26/2026,26100680,قيد يومي,مواصلات علي دنون,55
الموقر,6010101036,مصاريف فروقات اسعار,3/29/2026,2874,أخرى (321),Manual Reconciliation Transaction,0
الموقر,6010101004,مصاريف صيانة الالات والمعدات,3/11/2026,26000249,فاتورة مشتريات,A/P Invoices - LV0000418,64.5
الموقر,6010101019,مصاريف تعبئة وتغليف,2/25/2026,26000251,فاتورة مشتريات,A/P Invoices - LV0000422,324.324
الموقر,6010101019,مصاريف تعبئة وتغليف,3/16/2026,26000252,فاتورة مشتريات,A/P Invoices - LV0000422,477.1
الموقر,6010101019,مصاريف تعبئة وتغليف,2/9/2026,26000253,فاتورة مشتريات,A/P Invoices - LV0000422,286.308
الموقر,6010101036,مصاريف فروقات اسعار,3/29/2026,2877,أخرى (321),Manual Reconciliation Transaction,0
الموقر,6010101036,مصاريف فروقات اسعار,3/29/2026,2878,أخرى (321),Manual Reconciliation Transaction,0
الموقر,6010101036,مصاريف فروقات اسعار,3/29/2026,2879,أخرى (321),Manual Reconciliation Transaction,0
الموقر,6010101036,مصاريف فروقات اسعار,3/29/2026,2880,أخرى (321),Manual Reconciliation Transaction,0
الموقر,6010101019,مصاريف تعبئة وتغليف,2/23/2026,26000254,فاتورة مشتريات,A/P Invoices - LV0000422,326.4
الموقر,6020101003,مصروف خصم مسموح به,3/26/2026,26100687,قيد يومي,خصم نقدي كشوفات مرفقة,42.411
الموقر,6010101036,مصاريف فروقات اسعار,3/29/2026,2885,أخرى (321),Manual Reconciliation Transaction,0
الموقر,6010101036,مصاريف فروقات اسعار,3/29/2026,2886,أخرى (321),Manual Reconciliation Transaction,0
الموقر,6010101014,مصاريف لوازم مستهلكة,3/17/2026,26000258,فاتورة مشتريات,A/P Invoices - LV0000355,139
الموقر,6010101007,مصاريف مياء و صرف صحي,3/29/2026,26100688,قيد يومي,تنك مياه عدد 4,200
الموقر,6010101008,مصاريف صيانة عامة,3/29/2026,26007623,قيد يومي,اسمنت - صيانة سور المصنع,95.35
الموقر,6010101036,مصاريف فروقات اسعار,3/29/2026,2907,أخرى (321),Manual Reconciliation Transaction,0
الموقر,6010101036,مصاريف فروقات اسعار,3/29/2026,2913,أخرى (321),Manual Reconciliation Transaction,0
الموقر,6010101007,مصاريف مياء و صرف صحي,3/30/2026,26100692,قيد يومي,اجرة نضح عدد 2,190
الموقر,6010101007,مصاريف مياء و صرف صحي,3/30/2026,26100693,قيد يومي,تنك مياه,50
الموقر,6030101012,مصروف عمولات زين كاش,3/30/2026,26100694,قيد يومي,دفعة للضمان,1.5
الموقر,6010101036,مصاريف فروقات اسعار,3/25/2026,26800791,سند قبض,Reverse Entry for Incoming Payment No. 26800791,0
الموقر,6010101036,مصاريف فروقات اسعار,3/30/2026,268000791,سند قبض,Incoming Payments - 210000101,0
الموقر,6020101003,مصروف خصم مسموح به,3/30/2026,26100696,قيد يومي,خصم فرق سعر,30
الموقر,6030101009,مصاريف قرطاسية - ادارية,3/30/2026,26100697,قيد يومي,طباعة دفاتر سند ارجاع,70
الموقر,6010101004,مصاريف صيانة الالات والمعدات,3/26/2026,26000260,فاتورة مشتريات,A/P Invoices - LV0000322,126.92
الموقر,6010101014,مصاريف لوازم مستهلكة,3/24/2026,26000263,فاتورة مشتريات,A/P Invoices - LV0000356,153.8
الموقر,6010101019,مصاريف تعبئة وتغليف,3/29/2026,26000264,فاتورة مشتريات,A/P Invoices - LV0000455,1181.75
الموقر,6010101010,مصاريف عينات,3/30/2026,26100699,قيد يومي,اغلاق ح المعارض,240.274
الموقر,6020101003,مصروف خصم مسموح به,3/30/2026,26100699,قيد يومي,اغلاق,8.25
الموقر,6020101003,مصروف خصم مسموح به,3/30/2026,26100699,قيد يومي,اغلاق رصيد ح 210000542,137.615
الموقر,6020101003,مصروف خصم مسموح به,3/30/2026,26100700,قيد يومي,خصم فرق ف 26100596,55.001
الموقر,6010101036,مصاريف فروقات اسعار,3/30/2026,2952,أخرى (321),Manual Reconciliation Transaction,0
الموقر,6010101019,مصاريف تعبئة وتغليف,3/29/2026,26000266,فاتورة مشتريات,A/P Invoices - LV0000455,1044
الموقر,6010101036,مصاريف فروقات اسعار,3/30/2026,2955,أخرى (321),Manual Reconciliation Transaction,0
الموقر,6010101036,مصاريف فروقات اسعار,3/30/2026,2957,أخرى (321),Manual Reconciliation Transaction,0
الموقر,6010101036,مصاريف فروقات اسعار,3/30/2026,2963,أخرى (321),Manual Reconciliation Transaction,0
الموقر,6010101036,مصاريف فروقات اسعار,3/30/2026,2964,أخرى (321),Manual Reconciliation Transaction,0
الموقر,6010101036,مصاريف فروقات اسعار,3/30/2026,2965,أخرى (321),Manual Reconciliation Transaction,0
الموقر,6010101019,مصاريف تعبئة وتغليف,3/24/2026,26000268,فاتورة مشتريات,A/P Invoices - LV0000399,220
الموقر,6010101007,مصاريف مياء و صرف صحي,3/30/2026,26100702,قيد يومي,تنك مياه عدد 3,150
الموقر,6010101032,مصاريف مواصلات موظفين,3/30/2026,26100704,قيد يومي,بدل مواصلات - سعد المنسي,10
الموقر,6030101002,مصاريف ضيافة - ادارية,3/30/2026,26100705,قيد يومي,قهة 3 كغم,33
الموقر,6010101036,مصاريف فروقات اسعار,3/31/2026,26000079,سند قبض,سداد ف/رقم 26101437,0
الموقر,6010101036,مصاريف فروقات اسعار,3/31/2026,26000080,سند قبض,Incoming Payments - 210000141,0
الموقر,6010101036,مصاريف فروقات اسعار,3/31/2026,26800743,سند قبض,Incoming Payments - 210000513,0
الموقر,6010101036,مصاريف فروقات اسعار,3/31/2026,26800750,سند قبض,Incoming Payments - 210000339,0
الموقر,6010101007,مصاريف مياء و صرف صحي,3/31/2026,26100708,قيد يومي,اجرة نضح عدد 2,190
الموقر,6010101009,مصاريف ملابس مهنية,3/28/2026,26000273,فاتورة مشتريات,A/P Invoices - LV0000456,135
الموقر,6010101027,مصاريف مواد تنظيف,3/31/2026,26000274,فاتورة مشتريات,A/P Invoices - LV0000416,67.5
الموقر,6010101036,مصاريف فروقات اسعار,3/31/2026,3009,أخرى (321),Manual Reconciliation Transaction,0
الموقر,6010101019,مصاريف تعبئة وتغليف,3/25/2026,26000275,فاتورة مشتريات,A/P Invoices - LV0000382,165
الموقر,6010101036,مصاريف فروقات اسعار,3/31/2026,3011,أخرى (321),Manual Reconciliation Transaction,0
الموقر,6010101036,مصاريف فروقات اسعار,3/31/2026,3017,أخرى (321),Manual Reconciliation Transaction,0
الموقر,6020101003,مصروف خصم مسموح به,3/31/2026,26100711,قيد يومي,خصم ن ف 26101218,2.3
الموقر,6030101012,مصروف عمولات زين كاش,3/31/2026,26100713,قيد يومي,دفعة للضمان,1.5
الموقر,6010101001,مصاريف رواتب وأجور,2/28/2026,26007957,قيد يومي,راتب شهر 02/2026,24367.077
الموقر,6010101002,مصاريف الضمان الأجتماعي,2/28/2026,26007957,قيد يومي,راتب شهر 02/2026,3190.581
الموقر,6010101007,مصاريف مياء و صرف صحي,4/1/2026,26100717,قيد يومي,تنك مياه عدد 4,200
الموقر,6030101012,مصروف عمولات زين كاش,4/1/2026,26100718,قيد يومي,دففعة للضمان,1.5
الموقر,6010101036,مصاريف فروقات اسعار,4/1/2026,3047,أخرى (321),Manual Reconciliation Transaction(Reversal) - 8525,0
الموقر,6010101007,مصاريف مياء و صرف صحي,4/1/2026,26100719,قيد يومي,اجرة نضح عدد 2,190
الموقر,6020101003,مصروف خصم مسموح به,3/31/2026,26100721,قيد يومي,استثمار شهر 2,150
الموقر,6010101036,مصاريف فروقات اسعار,4/1/2026,3052,أخرى (321),Manual Reconciliation Transaction,0
الموقر,6010101032,مصاريف مواصلات موظفين,4/1/2026,26100724,قيد يومي,بدل بنزين مراجعة طارق لمؤسسة الضمان ووزارة العمل,10
الموقر,6020101003,مصروف خصم مسموح به,1/1/2026,26100727,قيد يومي,خصم,-47.614
الموقر,6010101026,مصاريف علاج موظفين,4/2/2026,26100728,قيد يومي,علاج طلال سالم,50
الموقر,6020101002,مصاريف تصدير,4/2/2026,26100729,قيد يومي,اجور شحن,2029
الموقر,6010101011,مصاريف متفرقة,4/1/2026,26008209,قيد يومي,دفعة للضريبة,37.348
الموقر,6010101011,مصاريف متفرقة,4/5/2026,26100733,قيد يومي,دفعة لسلطان,0.35
الموقر,6030101012,مصروف عمولات زين كاش,4/5/2026,26100734,قيد يومي,دفعة للضمان,1.5
الموقر,6010101036,مصاريف فروقات اسعار,4/5/2026,26800332,سند قبض,قبض رقم 800332,0
الموقر,6010101036,مصاريف فروقات اسعار,4/5/2026,26800333,سند قبض,شيك رقم 14522,0
الموقر,6010101036,مصاريف فروقات اسعار,4/5/2026,3104,أخرى (321),Manual Reconciliation Transaction,0
الموقر,6010101036,مصاريف فروقات اسعار,4/5/2026,3107,أخرى (321),Manual Reconciliation Transaction,0
الموقر,6010101036,مصاريف فروقات اسعار,4/5/2026,3108,أخرى (321),Manual Reconciliation Transaction,0
الموقر,6010101036,مصاريف فروقات اسعار,4/5/2026,26800842,سند قبض,قبض رقم 800842,0
الموقر,6010101001,مصاريف رواتب وأجور,2/28/2026,26008292,قيد يومي,راتب شهر 02-2026(Reversal) - 8111,-1387.5
الموقر,6010101036,مصاريف فروقات اسعار,4/5/2026,26800536,سند قبض,شيك رقم 11076,0
الموقر,6010101036,مصاريف فروقات اسعار,4/5/2026,26800535,سند قبض,شيك رقم 2885,0
الموقر,6010101036,مصاريف فروقات اسعار,4/5/2026,26800902,سند قبض,قبض رقم 800902,0
الموقر,6010101004,مصاريف صيانة الالات والمعدات,4/5/2026,26000279,فاتورة مشتريات,A/P Invoices - LV0000322,163.088
الموقر,6010101004,مصاريف صيانة الالات والمعدات,4/5/2026,26000280,فاتورة مشتريات,A/P Invoices - LV0000403,62
الموقر,6010101036,مصاريف فروقات اسعار,4/5/2026,3145,أخرى (321),Manual Reconciliation Transaction,0
الموقر,6010101036,مصاريف فروقات اسعار,4/5/2026,3146,أخرى (321),Manual Reconciliation Transaction,0
الموقر,6010101036,مصاريف فروقات اسعار,4/5/2026,3148,أخرى (321),Manual Reconciliation Transaction,0
الموقر,6010101036,مصاريف فروقات اسعار,4/5/2026,3151,أخرى (321),Manual Reconciliation Transaction,0
الموقر,6010101036,مصاريف فروقات اسعار,4/5/2026,3153,أخرى (321),Manual Reconciliation Transaction,0
الموقر,6010101036,مصاريف فروقات اسعار,4/5/2026,3154,أخرى (321),Manual Reconciliation Transaction,0
الموقر,6010101036,مصاريف فروقات اسعار,4/5/2026,3157,أخرى (321),Manual Reconciliation Transaction,0
الموقر,6010101036,مصاريف فروقات اسعار,4/5/2026,3158,أخرى (321),Manual Reconciliation Transaction,0
الموقر,6010101036,مصاريف فروقات اسعار,4/5/2026,3161,أخرى (321),Manual Reconciliation Transaction,0
الموقر,6010101036,مصاريف فروقات اسعار,4/5/2026,3164,أخرى (321),Manual Reconciliation Transaction,0
الموقر,6010101036,مصاريف فروقات اسعار,4/5/2026,3167,أخرى (321),Manual Reconciliation Transaction,0
الموقر,6010101036,مصاريف فروقات اسعار,4/5/2026,3176,أخرى (321),Manual Reconciliation Transaction,0
الموقر,6010101036,مصاريف فروقات اسعار,4/5/2026,3177,أخرى (321),Manual Reconciliation Transaction,0
الموقر,6010101036,مصاريف فروقات اسعار,4/5/2026,3179,أخرى (321),Manual Reconciliation Transaction,0
الموقر,6010101036,مصاريف فروقات اسعار,4/5/2026,3180,أخرى (321),Manual Reconciliation Transaction,0
الموقر,6010101036,مصاريف فروقات اسعار,4/5/2026,3181,أخرى (321),Manual Reconciliation Transaction,0
الموقر,6010101036,مصاريف فروقات اسعار,4/5/2026,3183,أخرى (321),Manual Reconciliation Transaction,0
الموقر,6010101036,مصاريف فروقات اسعار,4/5/2026,3185,أخرى (321),Manual Reconciliation Transaction,0
الموقر,6010101036,مصاريف فروقات اسعار,4/5/2026,3186,أخرى (321),Manual Reconciliation Transaction,0
الموقر,6010101036,مصاريف فروقات اسعار,4/5/2026,3187,أخرى (321),Manual Reconciliation Transaction,0
الموقر,6020101003,مصروف خصم مسموح به,4/5/2026,26100749,قيد يومي,خ ن ف 26101239,8.333
الموقر,6010101036,مصاريف فروقات اسعار,4/6/2026,3205,أخرى (321),Manual Reconciliation Transaction,0
الموقر,6010101036,مصاريف فروقات اسعار,4/6/2026,26800952,سند قبض,Incoming Payments - 210000141,0
الموقر,6010101036,مصاريف فروقات اسعار,4/6/2026,3222,أخرى (321),Manual Reconciliation Transaction,0
الموقر,6010101036,مصاريف فروقات اسعار,4/6/2026,3229,أخرى (321),Manual Reconciliation Transaction,0
الموقر,6010101036,مصاريف فروقات اسعار,4/6/2026,3237,أخرى (321),Manual Reconciliation Transaction,0
الموقر,6010101036,مصاريف فروقات اسعار,4/6/2026,3238,أخرى (321),Manual Reconciliation Transaction,0
الموقر,6010101007,مصاريف مياء و صرف صحي,4/7/2026,26100760,قيد يومي,اجرة نضح,95
الموقر,6010101036,مصاريف فروقات اسعار,4/7/2026,26800246,سند قبض,Incoming Payments - 210000141,0
الموقر,6010101032,مصاريف مواصلات موظفين,4/7/2026,26100761,قيد يومي,شيك رقم 15241 مواصلات موظفين الزرقاء,700
الموقر,6010101036,مصاريف فروقات اسعار,4/7/2026,3245,أخرى (321),Manual Reconciliation Transaction,0
الموقر,6010101007,مصاريف مياء و صرف صحي,4/7/2026,26100762,قيد يومي,تنك مياه,50
الموقر,6010101036,مصاريف فروقات اسعار,4/7/2026,3248,أخرى (321),Manual Reconciliation Transaction,0
الموقر,6010101036,مصاريف فروقات اسعار,4/7/2026,3249,أخرى (321),Manual Reconciliation Transaction,0
الموقر,6010101036,مصاريف فروقات اسعار,4/7/2026,3250,أخرى (321),Manual Reconciliation Transaction,0
الموقر,6010101036,مصاريف فروقات اسعار,4/7/2026,3253,أخرى (321),Manual Reconciliation Transaction,0
الموقر,6010101036,مصاريف فروقات اسعار,4/7/2026,3258,أخرى (321),Manual Reconciliation Transaction,0
الموقر,6010101036,مصاريف فروقات اسعار,4/7/2026,3262,أخرى (321),Manual Reconciliation Transaction,0
الموقر,6010101036,مصاريف فروقات اسعار,4/7/2026,3265,أخرى (321),Manual Reconciliation Transaction,0
الموقر,6020101003,مصروف خصم مسموح به,4/6/2026,26100764,قيد يومي,خ ن ف 26101488,2.462
الموقر,6010101036,مصاريف فروقات اسعار,4/7/2026,3270,أخرى (321),Manual Reconciliation Transaction,0
الموقر,6020101003,مصروف خصم مسموح به,4/7/2026,26100765,قيد يومي,,2.775
الموقر,6010101036,مصاريف فروقات اسعار,4/7/2026,3272,أخرى (321),Manual Reconciliation Transaction,0
الموقر,6030101012,مصروف عمولات زين كاش,4/7/2026,26100766,قيد يومي,دفعة للضمان,1.5
الموقر,6030101012,مصروف عمولات زين كاش,4/7/2026,26100767,قيد يومي,نور شخصي,0.35
الموقر,6010101007,مصاريف مياء و صرف صحي,4/7/2026,26100770,قيد يومي,اجرة نضح,95
الموقر,6010101007,مصاريف مياء و صرف صحي,4/7/2026,26100771,قيد يومي,تنك مياه عدد 5,250
الموقر,6010101036,مصاريف فروقات اسعار,4/7/2026,3283,أخرى (321),Manual Reconciliation Transaction,0
الموقر,6020101002,مصاريف تصدير,4/8/2026,26100781,قيد يومي,ف/رقم 10334,337.25
الموقر,6010101036,مصاريف فروقات اسعار,4/8/2026,26800953,سند قبض,سداد ف/رقم 26101338,0
الموقر,6010101005,مصاريف المياه,4/8/2026,26008599,قيد يومي,مصاريف تنك ماء,150
الموقر,6010101004,مصاريف صيانة الالات والمعدات,4/8/2026,26000284,فاتورة مشتريات,A/P Invoices - LV0000403,620
الموقر,6010101008,مصاريف صيانة عامة,4/8/2026,26000285,فاتورة مشتريات,A/P Invoices - LV0000356,57.843
الموقر,6010101036,مصاريف فروقات اسعار,4/8/2026,3310,أخرى (321),Manual Reconciliation Transaction,0
الموقر,6010101036,مصاريف فروقات اسعار,4/8/2026,3314,أخرى (321),Manual Reconciliation Transaction(Reversal) - 10285,0
الموقر,6010101036,مصاريف فروقات اسعار,4/8/2026,3318,أخرى (321),Manual Reconciliation Transaction,0
الموقر,6010101014,مصاريف لوازم مستهلكة,4/8/2026,26000286,فاتورة مشتريات,A/P Invoices - LV0000441,54
الموقر,6010101014,مصاريف لوازم مستهلكة,4/8/2026,26000288,فاتورة مشتريات,A/P Invoices - LV0000403,30.5
الموقر,6010101036,مصاريف فروقات اسعار,4/8/2026,3324,أخرى (321),Manual Reconciliation Transaction,0
الموقر,6020101003,مصروف خصم مسموح به,4/8/2026,26008640,قيد يومي,تسديد فاتورة رقم 26101650,0.503
الموقر,6020101003,مصروف خصم مسموح به,4/8/2026,26100789,قيد يومي,خصم كشف مرفق,12
الموقر,6010101014,مصاريف لوازم مستهلكة,4/8/2026,26000292,فاتورة مشتريات,A/P Invoices - LV0000416,82.35
الموقر,6020101003,مصروف خصم مسموح به,4/8/2026,26100790,قيد يومي,نقل رصيد من التجاري,49.405
الموقر,6010101036,مصاريف فروقات اسعار,4/8/2026,3339,أخرى (321),Manual Reconciliation Transaction,0
الموقر,6010101036,مصاريف فروقات اسعار,4/8/2026,3341,أخرى (321),Manual Reconciliation Transaction,0
الموقر,6010101036,مصاريف فروقات اسعار,4/8/2026,3344,أخرى (321),Manual Reconciliation Transaction,0
الموقر,6010101040,مصاريف تحميل وتنزيل,4/8/2026,26100796,قيد يومي,يومية عبود المجدولاي,12.5
الموقر,6010101036,مصاريف فروقات اسعار,4/8/2026,3355,أخرى (321),Manual Reconciliation Transaction,0
الموقر,6010101040,مصاريف تحميل وتنزيل,4/8/2026,26100803,قيد يومي,مخالصة عماد كفري,138.35
الموقر,6010101007,مصاريف مياء و صرف صحي,4/8/2026,26100804,قيد يومي,تاريخ 08-04-2026,95
الموقر,6020101003,مصروف خصم مسموح به,4/8/2026,26008710,قيد يومي,تسديد فاتورة رقم 26101657,1.325
الموقر,6020101003,مصروف خصم مسموح به,4/8/2026,26100806,قيد يومي,خصم نقدي كشف مرفق,22.2
الموقر,6030101002,مصاريف ضيافة - ادارية,4/12/2026,26100811,قيد يومي,ف/127 قهوة,33
الموقر,6010101014,مصاريف لوازم مستهلكة,4/12/2026,26100813,قيد يومي,ف/666,57
الموقر,6010101014,مصاريف لوازم مستهلكة,4/12/2026,26100813,قيد يومي,ف/717,151.1
الموقر,6010101014,مصاريف لوازم مستهلكة,4/12/2026,26100813,قيد يومي,ف/163,4
الموقر,6010101017,مصاريف طعام موظفين,4/12/2026,26100814,قيد يومي,طعام الموظفين لشهر 03,1459.65
الموقر,6030101009,مصاريف قرطاسية - ادارية,4/6/2026,26000296,فاتورة مشتريات,A/P Invoices - LV0000399,20
الموقر,6010101014,مصاريف لوازم مستهلكة,4/8/2026,26000297,فاتورة مشتريات,A/P Invoices - LV0000356,27
الموقر,6010101014,مصاريف لوازم مستهلكة,4/2/2026,26000298,فاتورة مشتريات,A/P Invoices - LV0000310,1620
الموقر,6010101007,مصاريف مياء و صرف صحي,4/12/2026,26100817,قيد يومي,تنك مياه عدد 2,100
الموقر,6010101007,مصاريف مياء و صرف صحي,4/12/2026,26100818,قيد يومي,تنك مياه عدد 1,50
الموقر,6010101019,مصاريف تعبئة وتغليف,4/9/2026,26000300,فاتورة مشتريات,A/P Invoices - LV0000392,1920
الموقر,6010101007,مصاريف مياء و صرف صحي,4/12/2026,26100819,قيد يومي,تنك مياه عدد 4,200
الموقر,6010101007,مصاريف مياء و صرف صحي,4/12/2026,26100820,قيد يومي,اجرة نضح,95
الموقر,6010101014,مصاريف لوازم مستهلكة,2/11/2026,26000303,فاتورة مشتريات,A/P Invoices - LV0000418,22
الموقر,6010101014,مصاريف لوازم مستهلكة,2/11/2026,26000304,فاتورة مشتريات,A/P Invoices - LV0000418,229.2
الموقر,6010101014,مصاريف لوازم مستهلكة,2/9/2026,26000305,فاتورة مشتريات,A/P Invoices - LV0000418,46
الموقر,6010101036,مصاريف فروقات اسعار,4/12/2026,26000180,سند قبض,Incoming Payments - 210000141,0
الموقر,6020101003,مصروف خصم مسموح به,4/13/2026,26100833,قيد يومي,خصم فرق البركة,1766.551
الموقر,6010101036,مصاريف فروقات اسعار,4/13/2026,3421,أخرى (321),Manual Reconciliation Transaction,0
الموقر,6010101036,مصاريف فروقات اسعار,4/13/2026,3422,أخرى (321),Manual Reconciliation Transaction,0
الموقر,6010101036,مصاريف فروقات اسعار,4/13/2026,3427,أخرى (321),Manual Reconciliation Transaction,0
الموقر,6010101036,مصاريف فروقات اسعار,4/13/2026,3428,أخرى (321),Manual Reconciliation Transaction,0
الموقر,6010101036,مصاريف فروقات اسعار,4/13/2026,3430,أخرى (321),Manual Reconciliation Transaction,0
الموقر,6010101036,مصاريف فروقات اسعار,4/13/2026,3431,أخرى (321),Manual Reconciliation Transaction,0
الموقر,6010101036,مصاريف فروقات اسعار,4/13/2026,3432,أخرى (321),Manual Reconciliation Transaction,0
الموقر,6010101036,مصاريف فروقات اسعار,4/13/2026,3433,أخرى (321),Manual Reconciliation Transaction,0
الموقر,6010101014,مصاريف لوازم مستهلكة,4/13/2026,26100835,قيد يومي,ف/198390,33
الموقر,6010101014,مصاريف لوازم مستهلكة,4/13/2026,26100836,قيد يومي,ف/2961,182.41
الموقر,6010101036,مصاريف فروقات اسعار,4/13/2026,3441,أخرى (321),Manual Reconciliation Transaction,0
الموقر,6010101036,مصاريف فروقات اسعار,4/13/2026,3442,أخرى (321),Manual Reconciliation Transaction,0
الموقر,6010101036,مصاريف فروقات اسعار,4/13/2026,3450,أخرى (321),Manual Reconciliation Transaction,0
الموقر,6010101036,مصاريف فروقات اسعار,4/13/2026,3451,أخرى (321),Manual Reconciliation Transaction,0
الموقر,6010101036,مصاريف فروقات اسعار,4/13/2026,3452,أخرى (321),Manual Reconciliation Transaction,0
الموقر,6010101036,مصاريف فروقات اسعار,4/13/2026,3455,أخرى (321),Manual Reconciliation Transaction,0
الموقر,6010101008,مصاريف صيانة عامة,4/13/2026,26000309,فاتورة مشتريات,A/P Invoices - LV0000322,252
الموقر,6010101008,مصاريف صيانة عامة,4/13/2026,26000310,فاتورة مشتريات,A/P Invoices - LV0000322,1005
الموقر,6020101003,مصروف خصم مسموح به,4/13/2026,26100838,قيد يومي,خصم نقدي كشف مرفق,128.71
الموقر,6010101005,مصاريف المياه,4/14/2026,26100842,قيد يومي,ف/648+649,100
الموقر,6010101036,مصاريف فروقات اسعار,4/14/2026,26800483,سند قبض,قبض رقم 800483,0
الموقر,6010101036,مصاريف فروقات اسعار,4/14/2026,26800334,سند قبض,شيك رقم 5159,0
الموقر,6010101041,مصاريف نظافة,4/14/2026,26000318,فاتورة مشتريات,A/P Invoices - LV0000439,275.35
الموقر,6010101038,مصاريف مواد مخبرية,4/14/2026,26000319,فاتورة مشتريات,A/P Invoices - LV0000439,310.35
الموقر,6010101007,مصاريف مياء و صرف صحي,4/15/2026,26100851,قيد يومي,اجرة نضح عدد 2,190
الموقر,6010101036,مصاريف فروقات اسعار,4/15/2026,3511,أخرى (321),Manual Reconciliation Transaction,0
الموقر,6010101036,مصاريف فروقات اسعار,4/15/2026,26000202,سند قبض,Incoming Payments - 210000141,0
الموقر,6020101003,مصروف خصم مسموح به,4/15/2026,26100854,قيد يومي,خصم نقدي كشف مرفق,7.552
الموقر,6010101036,مصاريف فروقات اسعار,4/15/2026,3529,أخرى (321),Manual Reconciliation Transaction,0
الموقر,6020101003,مصروف خصم مسموح به,4/15/2026,26100857,قيد يومي,خ ن كشف مرفق,92.505
الموقر,6010101036,مصاريف فروقات اسعار,4/15/2026,3535,أخرى (321),Manual Reconciliation Transaction,0
الموقر,6010101036,مصاريف فروقات اسعار,4/15/2026,26800959,سند قبض,Incoming Payments - 210000141,0
الموقر,6020101003,مصروف خصم مسموح به,4/15/2026,26100858,قيد يومي,خ ن ف 26100533,11.386
الموقر,6010101036,مصاريف فروقات اسعار,4/15/2026,26800860,سند قبض,Incoming Payments - 210000258,0
الموقر,6010101036,مصاريف فروقات اسعار,4/15/2026,3554,أخرى (321),Manual Reconciliation Transaction,0
الموقر,6010101036,مصاريف فروقات اسعار,4/15/2026,3560,أخرى (321),Manual Reconciliation Transaction,0
الموقر,6010101036,مصاريف فروقات اسعار,4/15/2026,3565,أخرى (321),Manual Reconciliation Transaction,0
الموقر,6010101036,مصاريف فروقات اسعار,4/15/2026,3567,أخرى (321),Manual Reconciliation Transaction,0
الموقر,6010101036,مصاريف فروقات اسعار,4/15/2026,3572,أخرى (321),Manual Reconciliation Transaction,0
الموقر,6010101014,مصاريف لوازم مستهلكة,4/14/2026,26000328,فاتورة مشتريات,A/P Invoices - LV0000322,14.45
الموقر,6010101041,مصاريف نظافة,4/15/2026,26000329,فاتورة مشتريات,A/P Invoices - LV0000355,560
الموقر,6020101003,مصروف خصم مسموح به,4/15/2026,26100861,قيد يومي,خ ن ف 26101489,6.487
الموقر,6010101007,مصاريف مياء و صرف صحي,4/15/2026,26100862,قيد يومي,تنك مياه عدد 3,120
الموقر,6030101012,مصروف عمولات زين كاش,4/2/2026,26100863,قيد يومي,عموله بنك صفوة,8.102
الموقر,6030101012,مصروف عمولات زين كاش,4/16/2026,26009364,قيد يومي,دفعة للضمان,1.5
الموقر,6010101008,مصاريف صيانة عامة,4/16/2026,26100868,قيد يومي,صيانة باب الشركة,35
الموقر,6010101008,مصاريف صيانة عامة,4/16/2026,26100869,قيد يومي,ف/198433 كوع بلاستيك وتوابع,37.1
الموقر,6010101036,مصاريف فروقات اسعار,4/16/2026,26000010,سند صرف,قبض رقم 1080,0
الموقر,6010101007,مصاريف مياء و صرف صحي,4/19/2026,26100874,قيد يومي,اجرة نضح,95
الموقر,6010101007,مصاريف مياء و صرف صحي,2/28/2026,26009458,قيد يومي,اجرة نضح عدد 2(Reversal) - 6457,-180
الموقر,6010101007,مصاريف مياء و صرف صحي,2/28/2026,26100875,قيد يومي,اجرة نضح عدد 2,190
الموقر,6010101036,مصاريف فروقات اسعار,4/19/2026,3600,أخرى (321),Manual Reconciliation Transaction,0
الموقر,6010101036,مصاريف فروقات اسعار,4/19/2026,3601,أخرى (321),Manual Reconciliation Transaction,0
الموقر,6010101036,مصاريف فروقات اسعار,4/19/2026,3603,أخرى (321),Manual Reconciliation Transaction,0
الموقر,6010101036,مصاريف فروقات اسعار,4/19/2026,3605,أخرى (321),Manual Reconciliation Transaction,0
الموقر,6010101036,مصاريف فروقات اسعار,4/19/2026,3607,أخرى (321),Manual Reconciliation Transaction,0
الموقر,6010101036,مصاريف فروقات اسعار,4/19/2026,3608,أخرى (321),Manual Reconciliation Transaction,0
الموقر,6010101036,مصاريف فروقات اسعار,4/19/2026,3609,أخرى (321),Manual Reconciliation Transaction,0
الموقر,6010101036,مصاريف فروقات اسعار,4/19/2026,3613,أخرى (321),Manual Reconciliation Transaction,0
الموقر,6010101036,مصاريف فروقات اسعار,4/19/2026,3615,أخرى (321),Manual Reconciliation Transaction,0
الموقر,6010101036,مصاريف فروقات اسعار,4/19/2026,3617,أخرى (321),Manual Reconciliation Transaction,0
الموقر,6010101036,مصاريف فروقات اسعار,4/19/2026,3618,أخرى (321),Manual Reconciliation Transaction,0
الموقر,6010101036,مصاريف فروقات اسعار,4/19/2026,3621,أخرى (321),Manual Reconciliation Transaction,0
الموقر,6010101036,مصاريف فروقات اسعار,4/19/2026,3630,أخرى (321),Manual Reconciliation Transaction,0
الموقر,6010101036,مصاريف فروقات اسعار,4/19/2026,3631,أخرى (321),Manual Reconciliation Transaction,0
الموقر,6010101036,مصاريف فروقات اسعار,4/19/2026,3632,أخرى (321),Manual Reconciliation Transaction,0
الموقر,6010101036,مصاريف فروقات اسعار,4/19/2026,3635,أخرى (321),Manual Reconciliation Transaction(Reversal) - 11337,0
الموقر,6010101036,مصاريف فروقات اسعار,4/19/2026,3638,أخرى (321),Manual Reconciliation Transaction(Reversal) - 11339,0
الموقر,6010101036,مصاريف فروقات اسعار,4/19/2026,3641,أخرى (321),Manual Reconciliation Transaction(Reversal) - 11338,0
الموقر,6010101036,مصاريف فروقات اسعار,4/19/2026,3648,أخرى (321),Manual Reconciliation Transaction,0
الموقر,6010101036,مصاريف فروقات اسعار,4/19/2026,3649,أخرى (321),Manual Reconciliation Transaction,0
الموقر,6010101036,مصاريف فروقات اسعار,4/19/2026,3650,أخرى (321),Manual Reconciliation Transaction,0
الموقر,6010101036,مصاريف فروقات اسعار,4/19/2026,3652,أخرى (321),Manual Reconciliation Transaction,0
الموقر,6010101036,مصاريف فروقات اسعار,4/19/2026,3656,أخرى (321),Manual Reconciliation Transaction,0
الموقر,6010101036,مصاريف فروقات اسعار,4/19/2026,3665,أخرى (321),Manual Reconciliation Transaction(Reversal) - 11320,0
الموقر,6010101008,مصاريف صيانة عامة,4/20/2026,26100885,قيد يومي,ف/198517 دهان املشن,13.5
الموقر,6010101014,مصاريف لوازم مستهلكة,4/20/2026,26100886,قيد يومي,ف/198537,32.625
الموقر,6010101001,مصاريف رواتب وأجور,3/31/2026,26009594,قيد يومي,راتب شهر 03,22326.15
الموقر,6010101002,مصاريف الضمان الأجتماعي,3/31/2026,26009594,قيد يومي,راتب شهر 03,3074.491
الموقر,6020101003,مصروف خصم مسموح به,4/20/2026,26100891,قيد يومي,خ ن ف 26101361,1.23
الموقر,6020101003,مصروف خصم مسموح به,4/20/2026,26100893,قيد يومي,خصم جوهرة الواكد,150
الموقر,6010101036,مصاريف فروقات اسعار,4/20/2026,3700,أخرى (321),Manual Reconciliation Transaction,0
الموقر,6010101036,مصاريف فروقات اسعار,4/20/2026,3702,أخرى (321),Manual Reconciliation Transaction,0
الموقر,6010101036,مصاريف فروقات اسعار,4/20/2026,3703,أخرى (321),Manual Reconciliation Transaction,0
الموقر,6010101036,مصاريف فروقات اسعار,4/20/2026,3709,أخرى (321),Manual Reconciliation Transaction,0
الموقر,6010101036,مصاريف فروقات اسعار,4/20/2026,26800905,سند قبض,شيك رقم 106200,0
الموقر,6010101005,مصاريف المياه,4/20/2026,26100906,قيد يومي,تنك ماء عدد 3,120
الموقر,6010101005,مصاريف المياه,4/20/2026,26100907,قيد يومي,مصاريف مياه,5808.7
الموقر,6010101005,مصاريف المياه,4/20/2026,26100907,قيد يومي,مصاريف مياه,15.78
الموقر,6010101007,مصاريف مياء و صرف صحي,4/20/2026,26100908,قيد يومي,نضح,95
الموقر,6010101014,مصاريف لوازم مستهلكة,4/20/2026,26100909,قيد يومي,شحمة,103.448
الموقر,6010101004,مصاريف صيانة الالات والمعدات,4/20/2026,26100909,قيد يومي,معايرة,248
الموقر,6010101039,مصاريف فحص عينات,4/20/2026,26100910,قيد يومي,ف/1259,75
الموقر,6010101039,مصاريف فحص عينات,4/20/2026,26100910,قيد يومي,ف/1313,120
الموقر,6010101039,مصاريف فحص عينات,4/20/2026,26100910,قيد يومي,ف/1306,115
الموقر,6010101005,مصاريف المياه,4/20/2026,26100911,قيد يومي,ف/760,40
الموقر,6010101014,مصاريف لوازم مستهلكة,4/21/2026,26100913,قيد يومي,ف/رقم 198570,97
الموقر,6010101007,مصاريف مياء و صرف صحي,4/21/2026,26100914,قيد يومي,نقلة مياه,40
الموقر,6010101009,مصاريف ملابس مهنية,4/22/2026,26100916,قيد يومي,ملابس عمال انتاج,75
الموقر,6010101007,مصاريف مياء و صرف صحي,4/22/2026,26100917,قيد يومي,تنك مياه عدد 3,120
الموقر,6010101007,مصاريف مياء و صرف صحي,4/22/2026,26100918,قيد يومي,اجرة نضح عدد 2,190
الموقر,6010101007,مصاريف مياء و صرف صحي,4/22/2026,26100920,قيد يومي,تنك مياه عدد 2,80
الموقر,6010101036,مصاريف فروقات اسعار,4/22/2026,26000014,سند صرف,Outgoing Payments - LV0000422,0
الموقر,6010101036,مصاريف فروقات اسعار,4/22/2026,26000016,سند صرف,Outgoing Payments - LV0000388,0
الموقر,6010101007,مصاريف مياء و صرف صحي,4/22/2026,26100924,قيد يومي,نضح,95
الموقر,6010101007,مصاريف مياء و صرف صحي,4/22/2026,26100925,قيد يومي,نقلة مياه,40
الموقر,6010101019,مصاريف تعبئة وتغليف,4/20/2026,26000342,فاتورة مشتريات,A/P Invoices - LV0000399,2484.75
الموقر,6010101008,مصاريف صيانة عامة,4/23/2026,26100926,قيد يومي,ف/رقم 30 صيانة فالة حارقة 300 كيلو,2850
الموقر,6030101012,مصروف عمولات زين كاش,4/23/2026,26100927,قيد يومي,دفعة للضمان,1.5
الموقر,6010101004,مصاريف صيانة الالات والمعدات,4/23/2026,26100928,قيد يومي,صيانة رافعة,300.35
الموقر,6010101036,مصاريف فروقات اسعار,4/23/2026,26000265,سند قبض,Incoming Payments - 210000141,0
الموقر,6010101036,مصاريف فروقات اسعار,4/23/2026,3765,أخرى (321),Manual Reconciliation Transaction,0
الموقر,6010101036,مصاريف فروقات اسعار,4/23/2026,3774,أخرى (321),Manual Reconciliation Transaction,0
الموقر,6010101008,مصاريف صيانة عامة,4/23/2026,26009870,قيد يومي,ف/رقم 30 صيانة فالة حارقة 300 كيلو(Reversal) - 11757,-2850
الموقر,6010101008,مصاريف صيانة عامة,4/23/2026,26100937,قيد يومي,ف/رقم 30 صيانة فالة حارقة 300 كيلو,280
الموقر,6010101036,مصاريف فروقات اسعار,4/23/2026,3778,أخرى (321),Manual Reconciliation Transaction,0
الموقر,6010101036,مصاريف فروقات اسعار,4/23/2026,3779,أخرى (321),Manual Reconciliation Transaction,0
الموقر,6010101036,مصاريف فروقات اسعار,4/23/2026,3780,أخرى (321),Manual Reconciliation Transaction,0
الموقر,6010101036,مصاريف فروقات اسعار,4/23/2026,3782,أخرى (321),Manual Reconciliation Transaction,0
الموقر,6010101036,مصاريف فروقات اسعار,4/23/2026,3783,أخرى (321),Manual Reconciliation Transaction,0
الموقر,6010101036,مصاريف فروقات اسعار,4/23/2026,3786,أخرى (321),Manual Reconciliation Transaction,0
الموقر,6010101036,مصاريف فروقات اسعار,4/23/2026,3788,أخرى (321),Manual Reconciliation Transaction,0
الموقر,6010101036,مصاريف فروقات اسعار,4/23/2026,3790,أخرى (321),Manual Reconciliation Transaction,0
الموقر,6010101036,مصاريف فروقات اسعار,4/23/2026,3791,أخرى (321),Manual Reconciliation Transaction,0
الموقر,6010101036,مصاريف فروقات اسعار,4/23/2026,3792,أخرى (321),Manual Reconciliation Transaction,0
الموقر,6010101036,مصاريف فروقات اسعار,4/23/2026,3794,أخرى (321),Manual Reconciliation Transaction,0
الموقر,6010101036,مصاريف فروقات اسعار,4/23/2026,3796,أخرى (321),Manual Reconciliation Transaction,0
الموقر,6020101003,مصروف خصم مسموح به,4/23/2026,26100939,قيد يومي,خ ن ف 26101454,5.172
الموقر,6010101016,مصاريف محروقات - فيول,4/23/2026,26100940,قيد يومي,ف/رقم 296 وقود صناعي الكمية 11.640,6169.2
الموقر,6010101016,مصاريف محروقات - فيول,4/23/2026,26009908,قيد يومي,ف/رقم 296 وقود صناعي الكمية 11.640(Reversal) - 11829,-6169.2
الموقر,6010101016,مصاريف محروقات - فيول,4/23/2026,26100941,قيد يومي,ف/رقم 296 وقود صناعي الكمية 11.640,7156.272
الموقر,6010101016,مصاريف محروقات - فيول,4/23/2026,26100942,قيد يومي,ف/رقم 285وقود صناعي الكمية 15.290,9400.292
الموقر,6010101016,مصاريف محروقات - فيول,4/23/2026,26100943,قيد يومي,ف/رقم 278وقود صناعي الكمية 15.440,7701.472
الموقر,6020101002,مصاريف تصدير,4/26/2026,26100949,قيد يومي,ف/رقم 10389 شهادة مطابقة معايير الصحة,337.25
الموقر,6010101036,مصاريف فروقات اسعار,4/26/2026,3862,أخرى (321),Manual Reconciliation Transaction,0
الموقر,6010101036,مصاريف فروقات اسعار,4/26/2026,3864,أخرى (321),Manual Reconciliation Transaction,0
الموقر,6010101007,مصاريف مياء و صرف صحي,4/26/2026,26100959,قيد يومي,تنك مياه عدد 2,80
الموقر,6010101014,مصاريف لوازم مستهلكة,4/26/2026,26000349,فاتورة مشتريات,A/P Invoices - LV0000356,4
الموقر,6010101036,مصاريف فروقات اسعار,4/26/2026,3884,أخرى (321),Manual Reconciliation Transaction,0
الموقر,6010101036,مصاريف فروقات اسعار,4/26/2026,3885,أخرى (321),Manual Reconciliation Transaction,0
الموقر,6010101036,مصاريف فروقات اسعار,4/26/2026,3886,أخرى (321),Manual Reconciliation Transaction,0
الموقر,6010101036,مصاريف فروقات اسعار,4/26/2026,3888,أخرى (321),Manual Reconciliation Transaction,0
الموقر,6010101036,مصاريف فروقات اسعار,4/26/2026,3889,أخرى (321),Manual Reconciliation Transaction,0
الموقر,6010101036,مصاريف فروقات اسعار,4/26/2026,3890,أخرى (321),Manual Reconciliation Transaction,0
الموقر,6010101036,مصاريف فروقات اسعار,4/26/2026,3891,أخرى (321),Manual Reconciliation Transaction,0
الموقر,6010101036,مصاريف فروقات اسعار,4/26/2026,3892,أخرى (321),Manual Reconciliation Transaction,0
الموقر,6010101036,مصاريف فروقات اسعار,4/26/2026,3895,أخرى (321),Manual Reconciliation Transaction,0
الموقر,6010101036,مصاريف فروقات اسعار,4/26/2026,3900,أخرى (321),Manual Reconciliation Transaction,0
الموقر,6010101036,مصاريف فروقات اسعار,4/26/2026,3901,أخرى (321),Manual Reconciliation Transaction,0
الموقر,6010101036,مصاريف فروقات اسعار,4/26/2026,3902,أخرى (321),Manual Reconciliation Transaction,0
الموقر,6010101036,مصاريف فروقات اسعار,4/26/2026,3903,أخرى (321),Manual Reconciliation Transaction,0
الموقر,6020101003,مصروف خصم مسموح به,4/26/2026,26100963,قيد يومي,خصم نقدي كشف مرفق,15.962
الموقر,6020101003,مصروف خصم مسموح به,4/26/2026,26100968,قيد يومي,خصم نقدي كشف مرفق,6.874
الموقر,6010101014,مصاريف لوازم مستهلكة,4/27/2026,26000351,فاتورة مشتريات,A/P Invoices - LV0000416,81
الموقر,6010101014,مصاريف لوازم مستهلكة,4/27/2026,26000352,فاتورة مشتريات,A/P Invoices - LV0000382,3990
الموقر,6010101014,مصاريف لوازم مستهلكة,1/11/2026,26000354,فاتورة مشتريات,A/P Invoice - Cancellation - LV0000355,-225
الموقر,6010101014,مصاريف لوازم مستهلكة,1/11/2026,26000355,فاتورة مشتريات,A/P Invoices - LV0000355,255
الموقر,6010101017,مصاريف طعام موظفين,4/27/2026,26100972,قيد يومي,طعام قسم الصيانة - احمد الايوبين,3.25
الموقر,6010101036,مصاريف فروقات اسعار,4/27/2026,3966,أخرى (321),Manual Reconciliation Transaction,0
الموقر,6010101036,مصاريف فروقات اسعار,4/27/2026,3967,أخرى (321),Manual Reconciliation Transaction,0
الموقر,6010101036,مصاريف فروقات اسعار,4/27/2026,26800633,سند قبض,Incoming Payments - 210000575,0
الموقر,6010101036,مصاريف فروقات اسعار,4/27/2026,3976,أخرى (321),Manual Reconciliation Transaction,0
الموقر,6020101003,مصروف خصم مسموح به,4/27/2026,26100979,قيد يومي,خ ن ف 26101962,14.002
الموقر,6010101036,مصاريف فروقات اسعار,4/27/2026,3978,أخرى (321),Manual Reconciliation Transaction,0
الموقر,6010101036,مصاريف فروقات اسعار,4/27/2026,3982,أخرى (321),Manual Reconciliation Transaction,0
الموقر,6010101036,مصاريف فروقات اسعار,4/27/2026,3986,أخرى (321),Manual Reconciliation Transaction,0
الموقر,6010101036,مصاريف فروقات اسعار,4/27/2026,3992,أخرى (321),Manual Reconciliation Transaction,0
الموقر,6010101036,مصاريف فروقات اسعار,4/27/2026,3993,أخرى (321),Manual Reconciliation Transaction,0
الموقر,6010101007,مصاريف مياء و صرف صحي,4/27/2026,26100986,قيد يومي,تنك مياه عدد 3,120
الموقر,6020101003,مصروف خصم مسموح به,4/27/2026,26100987,قيد يومي,نقل الى التجاري,7.238
الموقر,6020101003,مصروف خصم مسموح به,4/27/2026,26010297,قيد يومي,نقل الى التجاري(Reversal) - 12285,-7.238
الموقر,6020101003,مصروف خصم مسموح به,4/27/2026,26100988,قيد يومي,نقل الى التجاري,7.238
الموقر,6010101014,مصاريف لوازم مستهلكة,4/27/2026,26000357,فاتورة مشتريات,A/P Invoices - LV0000418,167.05
الموقر,6010101007,مصاريف مياء و صرف صحي,4/28/2026,26100990,قيد يومي,اجرة نضح,95
الموقر,6030101012,مصروف عمولات زين كاش,4/28/2026,26100991,قيد يومي,سلفة احمد بسام ومحمد فاروق,0.35
الموقر,6010101007,مصاريف مياء و صرف صحي,4/28/2026,26100992,قيد يومي,اجرة نضح,95
الموقر,6030101012,مصروف عمولات زين كاش,4/28/2026,26100994,قيد يومي,دفعة للضمان,1.5
الموقر,6030101012,مصروف عمولات زين كاش,4/28/2026,26100995,قيد يومي,سداد ف/رقم 92,0.35
الموقر,6010101008,مصاريف صيانة عامة,4/28/2026,26100995,قيد يومي,سداد ف/رقم 92,180.4
الموقر,6010101007,مصاريف مياء و صرف صحي,4/28/2026,26010344,قيد يومي,تنك مياه عدد 4,160
الموقر,6010101007,مصاريف مياء و صرف صحي,4/28/2026,26010345,قيد يومي,اجرة نضح,95
الموقر,6010101014,مصاريف لوازم مستهلكة,4/23/2026,26000359,فاتورة مشتريات,A/P Invoices - LV0000356,18.6
الموقر,6010101014,مصاريف لوازم مستهلكة,4/27/2026,26000360,فاتورة مشتريات,A/P Invoices - LV0000356,27
الموقر,6010101014,مصاريف لوازم مستهلكة,4/28/2026,26010348,قيد يومي,ارجاع مشرط عدد 12 عن ف/رقم 198683,-18
الموقر,6010101014,مصاريف لوازم مستهلكة,4/28/2026,26010349,قيد يومي,خصم على ف/رقم 198689,-16
الموقر,6010101014,مصاريف لوازم مستهلكة,4/28/2026,26000361,فاتورة مشتريات,A/P Invoices - LV0000356,80
الموقر,6010101019,مصاريف تعبئة وتغليف,4/28/2026,26000362,فاتورة مشتريات,A/P Invoices - LV0000429,412.5
الموقر,6010101019,مصاريف تعبئة وتغليف,4/9/2026,26000363,فاتورة مشتريات,A/P Invoice - Cancellation - LV0000392,-1920
الموقر,6010101036,مصاريف فروقات اسعار,4/29/2026,4015,أخرى (321),Manual Reconciliation Transaction,0
الموقر,6010101036,مصاريف فروقات اسعار,4/29/2026,4018,أخرى (321),Manual Reconciliation Transaction,0
الموقر,6010101036,مصاريف فروقات اسعار,4/29/2026,4021,أخرى (321),Manual Reconciliation Transaction,0
الموقر,6010101036,مصاريف فروقات اسعار,4/29/2026,4022,أخرى (321),Manual Reconciliation Transaction,0
الموقر,6010101036,مصاريف فروقات اسعار,4/29/2026,4024,أخرى (321),Manual Reconciliation Transaction,0
الموقر,6020101003,مصروف خصم مسموح به,4/28/2026,26100997,قيد يومي,خصم مسموح,9.95
الموقر,6010101036,مصاريف فروقات اسعار,4/29/2026,4028,أخرى (321),Manual Reconciliation Transaction,0
الموقر,6010101036,مصاريف فروقات اسعار,4/29/2026,4032,أخرى (321),Manual Reconciliation Transaction,0
الموقر,6010101007,مصاريف مياء و صرف صحي,4/29/2026,26101000,قيد يومي,اجرة نضح,95
الموقر,6010101014,مصاريف لوازم مستهلكة,4/29/2026,26000368,فاتورة مشتريات,A/P Invoices - LV0000322,592.5
الموقر,6010101014,مصاريف لوازم مستهلكة,4/29/2026,26000369,فاتورة مشتريات,A/P Invoices - LV0000322,45
الموقر,6030101012,مصروف عمولات زين كاش,4/29/2026,26101001,قيد يومي,دفعة لمطعم الاخوة البستنجي,0.35
الموقر,6010101036,مصاريف فروقات اسعار,4/29/2026,26000316,سند قبض,سداد ف/رقم 26102069,0
الموقر,6010101036,مصاريف فروقات اسعار,4/29/2026,26000317,سند قبض,Incoming Payments - 210000141,0
الموقر,6010101036,مصاريف فروقات اسعار,4/29/2026,26000318,سند قبض,Incoming Payments - 210000141,0
الموقر,6010101036,مصاريف فروقات اسعار,4/29/2026,26000318,سند قبض,Reverse Entry for Incoming Payment No. 26000318,0
الموقر,6010101036,مصاريف فروقات اسعار,4/29/2026,26000319,سند قبض,Incoming Payments - 210000141,0
الموقر,6010101036,مصاريف فروقات اسعار,4/29/2026,26000317,سند قبض,Reverse Entry for Incoming Payment No. 26000317,0
الموقر,6010101036,مصاريف فروقات اسعار,4/29/2026,26000320,سند قبض,Incoming Payments - 210000141,0
الموقر,6030101012,مصروف عمولات زين كاش,5/3/2026,26101003,قيد يومي,فك وتركيب مكيفات,0.35
الموقر,6010101008,مصاريف صيانة عامة,5/3/2026,26101003,قيد يومي,فك وتركيب مكيفات,130
الموقر,6030101012,مصروف عمولات زين كاش,5/3/2026,26101005,قيد يومي,مصاريف مواد تنظيف للمصنع,0.35
الموقر,6010101027,مصاريف مواد تنظيف,5/3/2026,26101005,قيد يومي,مصاريف مواد تنظيف للمصنع,471
الموقر,6010101009,مصاريف ملابس مهنية,5/3/2026,26101006,قيد يومي,ف/رقم 9278 بدلة تفصيل شعار صدر وظهر عدد 40,540
الموقر,6010101041,مصاريف نظافة,5/3/2026,26000370,فاتورة مشتريات,A/P Invoices - LV0000356,435.4
الموقر,6010101014,مصاريف لوازم مستهلكة,5/3/2026,26000373,فاتورة مشتريات,A/P Invoices - LV0000439,42
الموقر,6010101008,مصاريف صيانة عامة,5/3/2026,26101015,قيد يومي,ونض,80
الموقر,6010101008,مصاريف صيانة عامة,5/3/2026,26010574,قيد يومي,ونض(Reversal) - 12609,-80
الموقر,6010101008,مصاريف صيانة عامة,5/3/2026,26101016,قيد يومي,ونش,80
الموقر,6010101019,مصاريف تعبئة وتغليف,4/20/2026,26000374,فاتورة مشتريات,A/P Invoice - Cancellation - LV0000399,-2484.75
الموقر,6010101019,مصاريف تعبئة وتغليف,4/20/2026,26000375,فاتورة مشتريات,A/P Invoices - LV0000399,2484.75
الموقر,6010101032,مصاريف مواصلات موظفين,5/3/2026,26101019,قيد يومي,بدل مواصلات علي دنون,8
الموقر,6010101036,مصاريف فروقات اسعار,5/4/2026,4111,أخرى (321),Manual Reconciliation Transaction,0
الموقر,6010101036,مصاريف فروقات اسعار,5/4/2026,4112,أخرى (321),Manual Reconciliation Transaction,0
الموقر,6010101036,مصاريف فروقات اسعار,5/4/2026,4114,أخرى (321),Manual Reconciliation Transaction,0
الموقر,6010101036,مصاريف فروقات اسعار,5/4/2026,4119,أخرى (321),Manual Reconciliation Transaction,0
الموقر,6010101036,مصاريف فروقات اسعار,5/4/2026,4120,أخرى (321),Manual Reconciliation Transaction,0
الموقر,6010101036,مصاريف فروقات اسعار,5/4/2026,4123,أخرى (321),Manual Reconciliation Transaction,0
الموقر,6010101036,مصاريف فروقات اسعار,5/4/2026,4124,أخرى (321),Manual Reconciliation Transaction,0
الموقر,6010101036,مصاريف فروقات اسعار,5/4/2026,4128,أخرى (321),Manual Reconciliation Transaction,0
الموقر,6010101027,مصاريف مواد تنظيف,5/4/2026,26000381,فاتورة مشتريات,A/P Invoices - LV0000355,185
الموقر,6010101036,مصاريف فروقات اسعار,5/4/2026,26800868,سند قبض,Incoming Payments - 210000574,0
الموقر,6010101032,مصاريف مواصلات موظفين,5/4/2026,26101028,قيد يومي,شيك رقم 15340 باص الزرقا,413.636
الموقر,6010101007,مصاريف مياء و صرف صحي,5/4/2026,26101031,قيد يومي,تنك مياه عدد 2,80
الموقر,6010101036,مصاريف فروقات اسعار,5/4/2026,26000023,سند صرف,Outgoing Payments - LV0000385,0
الموقر,6010101007,مصاريف مياء و صرف صحي,5/5/2026,26101033,قيد يومي,اجرة نضح,95
الموقر,6030101012,مصروف عمولات زين كاش,5/5/2026,26010732,قيد يومي,دفعة للضمان,1.5
الموقر,6020101003,مصروف خصم مسموح به,5/5/2026,26101034,قيد يومي,خصم,48.35
الموقر,6010101032,مصاريف مواصلات موظفين,4/7/2026,26010813,قيد يومي,شيك رقم 15241 مواصلات موظفين الزرقاء(Reversal) - 10104,-700
الموقر,6010101014,مصاريف لوازم مستهلكة,5/6/2026,26000012,إشعار دائن مشتريات,A/P Credit Memos - LV0000356,-290
الموقر,6010101014,مصاريف لوازم مستهلكة,5/6/2026,26000389,فاتورة مشتريات,A/P Invoices - LV0000322,62.65
الموقر,6010101014,مصاريف لوازم مستهلكة,5/6/2026,26000390,فاتورة مشتريات,A/P Invoices - LV0000322,250
الموقر,6010101036,مصاريف فروقات اسعار,5/7/2026,26801112,سند قبض,Incoming Payments - 210000574,0
الموقر,6010101001,مصاريف رواتب وأجور,2/28/2026,26010959,قيد يومي,راتب شهر 02/2026,24367.077
الموقر,6010101002,مصاريف الضمان الأجتماعي,2/28/2026,26010959,قيد يومي,راتب شهر 02/2026,3190.581
الموقر,6010101002,مصاريف الضمان الأجتماعي,2/28/2026,26010960,قيد يومي,راتب شهر 02/2026(Reversal) - 9506,-3190.581
الموقر,6010101001,مصاريف رواتب وأجور,2/28/2026,26010960,قيد يومي,راتب شهر 02/2026(Reversal) - 9506,-24367.077
الموقر,6010101040,مصاريف تحميل وتنزيل,1/1/2026,26010961,قيد يومي,خطأ رصيد مدور,100
الموقر,6010101014,مصاريف لوازم مستهلكة,5/7/2026,26000393,فاتورة مشتريات,A/P Invoices - LV0000356,135
الموقر,6020101003,مصروف خصم مسموح به,4/30/2026,26101041,قيد يومي,خصم على ف/رقم 26101596+26102675+26102815,51.113
الموقر,6010101036,مصاريف فروقات اسعار,5/7/2026,26000376,سند قبض,Incoming Payments - 210000141,0
الموقر,6010101008,مصاريف صيانة عامة,5/10/2026,26101050,قيد يومي,صيانة البويلر,250
الموقر,6030101012,مصروف عمولات زين كاش,5/10/2026,26101050,قيد يومي,صيانة البويلر,0.35
الموقر,6010101011,مصاريف متفرقة,5/10/2026,26101055,قيد يومي,عمولات,0.5
الموقر,6010101011,مصاريف متفرقة,5/10/2026,26101056,قيد يومي,عمولات,0.5
الموقر,6010101014,مصاريف لوازم مستهلكة,5/10/2026,26000397,فاتورة مشتريات,A/P Invoices - LV0000418,76.3
الموقر,6010101014,مصاريف لوازم مستهلكة,5/10/2026,26000398,فاتورة مشتريات,A/P Invoices - LV0000356,88.75
الموقر,6010101032,مصاريف مواصلات موظفين,5/5/2026,26011149,قيد يومي,مواصلات طارق,8
الموقر,6010101036,مصاريف فروقات اسعار,5/11/2026,26800636,سند قبض,Incoming Payments - 210000574,0
الموقر,6010101016,مصاريف محروقات - فيول,5/11/2026,26000399,فاتورة مشتريات,A/P Invoices - LV0000437,6443.104
الموقر,6020101003,مصروف خصم مسموح به,2/20/2026,26101060,قيد يومي,خصم رصيد سابق,-8905.4
الموقر,6020101003,مصروف خصم مسموح به,2/20/2026,26011178,قيد يومي,خصم رصيد سابق(Reversal) - 13288,8905.4
الموقر,6020101003,مصروف خصم مسموح به,2/20/2026,26011179,قيد يومي,خصم رصيد سابق(,8905.4
الموقر,6010101014,مصاريف لوازم مستهلكة,5/12/2026,26000401,فاتورة مشتريات,A/P Invoices - LV0000403,3575
الموقر,6010101019,مصاريف تعبئة وتغليف,5/12/2026,26000402,فاتورة مشتريات,A/P Invoices - LV0000399,135
الموقر,6010101007,مصاريف مياء و صرف صحي,5/12/2026,26101062,قيد يومي,اجرة نضح,95
الموقر,6010101007,مصاريف مياء و صرف صحي,5/12/2026,26101063,قيد يومي,تنك مياه,40
الموقر,6010101036,مصاريف فروقات اسعار,5/12/2026,26000398,سند قبض,Incoming Payments - 210000141,0
الموقر,6010101020,مصاريف سلامة عامة,5/12/2026,26101068,قيد يومي,ف/رقم 189,337.5
الموقر,6010101020,مصاريف سلامة عامة,5/12/2026,26101069,قيد يومي,ف/رقم 202600358,200
الموقر,6010101011,مصاريف متفرقة,5/10/2026,26011286,قيد يومي,عمولات(Reversal) - 13207,-0.5
الموقر,6010101011,مصاريف متفرقة,5/10/2026,26101070,قيد يومي,عمولات,0.5
الموقر,6010101011,مصاريف متفرقة,5/13/2026,26101072,قيد يومي,سداد حساب الشركة الاقليمية,0.35
الموقر,6030101012,مصروف عمولات زين كاش,5/13/2026,26101073,قيد يومي,عمولات,1.5
الموقر,6010101041,مصاريف نظافة,5/13/2026,26101077,قيد يومي,نقلات طمم عدد 3,120.35
الموقر,6030101012,مصروف عمولات زين كاش,5/14/2026,26101084,قيد يومي,ف/رقم 88 عدد وادوات سلامة عامة,0.35
الموقر,6010101020,مصاريف سلامة عامة,5/14/2026,26101084,قيد يومي,ف/رقم 88 عدد وادوات سلامة عامة,475
الموقر,6030101012,مصروف عمولات زين كاش,5/14/2026,26101086,قيد يومي,دفعة لاطياف الربيع,0.35
الموقر,6030101002,مصاريف ضيافة - ادارية,5/14/2026,26101087,قيد يومي,قهوة,33
الموقر,6030101012,مصروف عمولات زين كاش,5/14/2026,26101087,قيد يومي,قهوة,0.35
الموقر,6030101012,مصروف عمولات زين كاش,5/14/2026,26101088,قيد يومي,ابواب حديد,0.35
الموقر,6030101012,مصروف عمولات زين كاش,5/14/2026,26101088,قيد يومي,ابواب حديد,0.35
الموقر,6030101012,مصروف عمولات زين كاش,5/14/2026,26101089,قيد يومي,دفعة للضمان,1.5
الموقر,6010101040,مصاريف تحميل وتنزيل,5/14/2026,26101090,قيد يومي,احمد صالح,11.637
الموقر,6010101040,مصاريف تحميل وتنزيل,5/14/2026,26101090,قيد يومي,صخر ناجي,115.393
الموقر,6010101002,مصاريف الضمان الأجتماعي,4/30/2026,26011351,قيد يومي,راتب شهر 04/2026,2552.315
الموقر,6010101001,مصاريف رواتب وأجور,4/30/2026,26011351,قيد يومي,راتب شهر 04/2026,18263.948
الموقر,6010101011,مصاريف متفرقة,5/17/2026,26101099,قيد يومي,عمولات,1.5
الموقر,6030101012,مصروف عمولات زين كاش,5/17/2026,26101100,قيد يومي,دفعة لنقليات احمد الخريشا,0.35
الموقر,6010101036,مصاريف فروقات اسعار,5/17/2026,26800870,سند قبض,Incoming Payments - 210000255,0
الموقر,6010101036,مصاريف فروقات اسعار,5/17/2026,26800872,سند قبض,Incoming Payments - 210000574,0
الموقر,6010101036,مصاريف فروقات اسعار,5/17/2026,4485,أخرى (321),Manual Reconciliation Transaction,0
الموقر,6010101036,مصاريف فروقات اسعار,5/17/2026,4487,أخرى (321),Manual Reconciliation Transaction,0
الموقر,6010101036,مصاريف فروقات اسعار,5/17/2026,4490,أخرى (321),Manual Reconciliation Transaction,0
الموقر,6010101036,مصاريف فروقات اسعار,5/17/2026,4491,أخرى (321),Manual Reconciliation Transaction,0
الموقر,6010101036,مصاريف فروقات اسعار,5/17/2026,4495,أخرى (321),Manual Reconciliation Transaction,0
الموقر,6010101036,مصاريف فروقات اسعار,5/17/2026,4496,أخرى (321),Manual Reconciliation Transaction,0
الموقر,6010101036,مصاريف فروقات اسعار,5/17/2026,4497,أخرى (321),Manual Reconciliation Transaction,0
الموقر,6010101036,مصاريف فروقات اسعار,5/17/2026,4498,أخرى (321),Manual Reconciliation Transaction,0
الموقر,6010101036,مصاريف فروقات اسعار,5/17/2026,4499,أخرى (321),Manual Reconciliation Transaction,0
الموقر,6010101036,مصاريف فروقات اسعار,5/17/2026,4503,أخرى (321),Manual Reconciliation Transaction,0
الموقر,6010101036,مصاريف فروقات اسعار,5/17/2026,4508,أخرى (321),Manual Reconciliation Transaction,0
الموقر,6010101036,مصاريف فروقات اسعار,5/17/2026,4513,أخرى (321),Manual Reconciliation Transaction,0
الموقر,6010101036,مصاريف فروقات اسعار,5/17/2026,4515,أخرى (321),Manual Reconciliation Transaction,0
الموقر,6010101036,مصاريف فروقات اسعار,5/17/2026,4516,أخرى (321),Manual Reconciliation Transaction,0
الموقر,6010101036,مصاريف فروقات اسعار,5/17/2026,4525,أخرى (321),Manual Reconciliation Transaction,0
الموقر,6010101036,مصاريف فروقات اسعار,5/17/2026,4529,أخرى (321),Manual Reconciliation Transaction,0
الموقر,6010101036,مصاريف فروقات اسعار,5/17/2026,4531,أخرى (321),Manual Reconciliation Transaction,0
الموقر,6030101012,مصروف عمولات زين كاش,5/14/2026,26011533,قيد يومي,ابواب حديد(Reversal) - 13496,-0.35
الموقر,6030101012,مصروف عمولات زين كاش,5/14/2026,26011533,قيد يومي,ابواب حديد(Reversal) - 13496,-0.35
الموقر,6030101012,مصروف عمولات زين كاش,5/14/2026,26101105,قيد يومي,ابواب حديد,0.35
الموقر,6030101012,مصروف عمولات زين كاش,5/14/2026,26101105,قيد يومي,ابواب حديد,0.35
الموقر,6010101040,مصاريف تحميل وتنزيل,5/17/2026,26101110,قيد يومي,مخالصة عمر فيصل حداد,48.33
الموقر,6010101040,مصاريف تحميل وتنزيل,5/7/2026,26101111,قيد يومي,راتب احمد محمد صالح,95
الموقر,6010101036,مصاريف فروقات اسعار,5/17/2026,4538,أخرى (321),Manual Reconciliation Transaction(Reversal) - 1570,0
الموقر,6010101036,مصاريف فروقات اسعار,5/17/2026,4541,أخرى (321),Manual Reconciliation Transaction(Reversal) - 7085,0
الموقر,6010101036,مصاريف فروقات اسعار,5/17/2026,4544,أخرى (321),Manual Reconciliation Transaction(Reversal) - 1568,0
الموقر,6010101014,مصاريف لوازم مستهلكة,5/17/2026,26101115,قيد يومي,طبالي خشب,170.52
الموقر,6010101040,مصاريف تحميل وتنزيل,5/17/2026,26101117,قيد يومي,مخالصة موظفين الزرقاء,352.62
الموقر,6010101014,مصاريف لوازم مستهلكة,1/1/2026,26101119,قيد يومي,تعديل قيد رقم 5131-2025,-810
الموقر,6020101002,مصاريف تصدير,5/17/2026,26011579,قيد يومي,فاتورة رقم 10441,337.25
الموقر,6030101012,مصروف عمولات زين كاش,5/2/2026,26101121,قيد يومي,عمولات زين كاش,2
الموقر,6010101006,مصاريف الكهرباء,4/30/2026,26101123,قيد يومي,كهرباء شهر 4,5141.329
الموقر,6010101006,مصاريف الكهرباء,3/31/2026,26101124,قيد يومي,كهرباء شهر 3,4675.352
الموقر,6010101006,مصاريف الكهرباء,2/28/2026,26101125,قيد يومي,كهرباء شهر 2,6303.57
الموقر,6010101006,مصاريف الكهرباء,1/31/2026,26101126,قيد يومي,كهرباء شهر 01,5267.521
الموقر,6010101011,مصاريف متفرقة,4/27/2026,26101127,قيد يومي,مساهمة وطنية,2
الموقر,6030101014,مصاريف حكومية,5/18/2026,26101128,قيد يومي,مصاريف حكومية,1101
الموقر,6010101007,مصاريف مياء و صرف صحي,5/18/2026,26101129,قيد يومي,اجرة نضح,95
الموقر,6010101036,مصاريف فروقات اسعار,5/18/2026,26800639,سند قبض,قبض رقم 800639,0
الموقر,6010101040,مصاريف تحميل وتنزيل,5/18/2026,26011601,قيد يومي,تحميل وتنزيل عماد وبكر,100
الموقر,6020101003,مصروف خصم مسموح به,5/18/2026,26101131,قيد يومي,خصم على فاتورة رقم 26102333,0.8
الموقر,6010101007,مصاريف مياء و صرف صحي,5/18/2026,26101132,قيد يومي,تنك مياه,40
الموقر,6010101007,مصاريف مياء و صرف صحي,5/18/2026,26101132,قيد يومي,تنك مياه,40
الموقر,6010101040,مصاريف تحميل وتنزيل,5/18/2026,26011651,قيد يومي,تحميل وتنزيل احمد باسم ابو غليون,185.78
الموقر,6030101012,مصروف عمولات زين كاش,5/18/2026,26011652,قيد يومي,عمولة تحويل,0.35
الموقر,6030101012,مصروف عمولات زين كاش,5/18/2026,26101137,قيد يومي,دفعة للضمان,1.5
الموقر,6030101012,مصروف عمولات زين كاش,5/18/2026,26101141,قيد يومي,مخالصة نور المجدوبة,0.35
الموقر,6010101005,مصاريف المياه,5/18/2026,26101142,قيد يومي,ف/782 تاريخ 18/05/2026,40
الموقر,6010101005,مصاريف المياه,5/18/2026,26101142,قيد يومي,ف/783 تاريخ 18/05/2026,40
الموقر,6030101012,مصروف عمولات زين كاش,5/18/2026,26101143,قيد يومي,مخالصة مرشد,0.35
الموقر,6010101019,مصاريف تعبئة وتغليف,5/18/2026,26000409,فاتورة مشتريات,A/P Invoices - LV0000440,37.5
الموقر,6020101003,مصروف خصم مسموح به,5/18/2026,26101147,قيد يومي,خصم مسموح,3.75
الموقر,6020101003,مصروف خصم مسموح به,5/18/2026,26101147,قيد يومي,خصم مسموح,28.276
الموقر,6020101002,مصاريف تصدير,5/18/2026,26101148,قيد يومي,تصدير لويفز بيان رقم 17538 قطر,74
الموقر,6010101004,مصاريف صيانة الالات والمعدات,5/18/2026,26101149,قيد يومي,ف/4150,210.95
الموقر,6030101013,مصروف رسوم شهرية واشتراكات,5/18/2026,26101150,قيد يومي,اتعاب تدقق FSSC,1450
الموقر,6020101003,مصروف خصم مسموح به,5/19/2026,26101154,قيد يومي,خصم %2 على المسحوبات,22.252
الموقر,6010101007,مصاريف مياء و صرف صحي,5/19/2026,26101156,قيد يومي,اجرة نضح,95
الموقر,6010101011,مصاريف متفرقة,5/19/2026,26101160,قيد يومي,عمولات,1.5
الموقر,6010101007,مصاريف مياء و صرف صحي,5/19/2026,26101164,قيد يومي,تنك مياه,40
الموقر,6010101014,مصاريف لوازم مستهلكة,5/20/2026,26000411,فاتورة مشتريات,A/P Invoices - LV0000356,72
الموقر,6010101036,مصاريف فروقات اسعار,5/20/2026,4611,أخرى (321),Manual Reconciliation Transaction,0
الموقر,6010101036,مصاريف فروقات اسعار,5/20/2026,4613,أخرى (321),Manual Reconciliation Transaction,0
الموقر,6010101036,مصاريف فروقات اسعار,5/20/2026,4614,أخرى (321),Manual Reconciliation Transaction,0
الموقر,6020101002,مصاريف تصدير,5/20/2026,26011888,قيد يومي,شيك رقم 27,2157
الموقر,6010101014,مصاريف لوازم مستهلكة,5/17/2026,26011889,قيد يومي,طبالي خشب(Reversal) - 13771,-170.52
الموقر,6030101013,مصروف رسوم شهرية واشتراكات,5/18/2026,26011890,قيد يومي,اتعاب تدقق FSSC(Reversal) - 13907,-1450
الموقر,6030101013,مصروف رسوم شهرية واشتراكات,5/18/2026,26101179,قيد يومي,اتعاب تدقق FSSC,1450
الموقر,6010101036,مصاريف فروقات اسعار,5/21/2026,4636,أخرى (321),Manual Reconciliation Transaction,0
الموقر,6010101036,مصاريف فروقات اسعار,5/21/2026,4637,أخرى (321),Manual Reconciliation Transaction,0
الموقر,6010101036,مصاريف فروقات اسعار,5/21/2026,4640,أخرى (321),Manual Reconciliation Transaction,0
الموقر,6020101003,مصروف خصم مسموح به,5/21/2026,26101180,قيد يومي,خصم مرتجع قديم,19.85
الموقر,6020101003,مصروف خصم مسموح به,5/21/2026,26101180,قيد يومي,خصم %2,4.045
الموقر,6010101014,مصاريف لوازم مستهلكة,5/21/2026,26000412,فاتورة مشتريات,A/P Invoices - LV0000403,105
الموقر,6010101004,مصاريف صيانة الالات والمعدات,5/21/2026,26000413,فاتورة مشتريات,A/P Invoices - LV0000322,14.35
الموقر,6010101036,مصاريف فروقات اسعار,5/21/2026,26000461,سند قبض,قبض رقم 800877,0
الموقر,6010101005,مصاريف المياه,5/24/2026,26101184,قيد يومي,3 نقلات ماء,120
الموقر,6010101007,مصاريف مياء و صرف صحي,5/24/2026,26101184,قيد يومي,صرف صحي,95
الموقر,6030101012,مصروف عمولات زين كاش,5/24/2026,26101189,قيد يومي,تنك نضح,0.35
الموقر,6010101007,مصاريف مياء و صرف صحي,5/24/2026,26101189,قيد يومي,تنك نضح,80
الموقر,6010101008,مصاريف صيانة عامة,5/24/2026,26101195,قيد يومي,ف/رقم 29306 -,172
الموقر,6030101014,مصاريف حكومية,5/24/2026,26101198,قيد يومي,مصاري طوابع,15.6
الموقر,6010101036,مصاريف فروقات اسعار,5/24/2026,26800281,سند قبض,قبض رقم 800281,0
الموقر,6010101036,مصاريف فروقات اسعار,5/24/2026,26800878,سند قبض,قبض رقم 800878,0
الموقر,6010101036,مصاريف فروقات اسعار,5/31/2026,4669,أخرى (321),Manual Reconciliation Transaction,0
الموقر,6010101036,مصاريف فروقات اسعار,5/31/2026,4672,أخرى (321),Manual Reconciliation Transaction,0
الموقر,6010101036,مصاريف فروقات اسعار,5/31/2026,4674,أخرى (321),Manual Reconciliation Transaction,0
الموقر,6010101014,مصاريف لوازم مستهلكة,5/6/2026,26101206,قيد يومي,ف/رقم 2722,135
الموقر,6010101036,مصاريف فروقات اسعار,5/31/2026,4675,أخرى (321),Manual Reconciliation Transaction,0
الموقر,6010101036,مصاريف فروقات اسعار,5/31/2026,4677,أخرى (321),Manual Reconciliation Transaction,0
الموقر,6010101036,مصاريف فروقات اسعار,5/31/2026,4678,أخرى (321),Manual Reconciliation Transaction,0
الموقر,6010101036,مصاريف فروقات اسعار,5/31/2026,4687,أخرى (321),Manual Reconciliation Transaction,0
الموقر,6010101036,مصاريف فروقات اسعار,5/31/2026,4690,أخرى (321),Manual Reconciliation Transaction,0
الموقر,6010101007,مصاريف مياء و صرف صحي,5/31/2026,26101209,قيد يومي,اجرة نضح,95
الموقر,6010101007,مصاريف مياء و صرف صحي,5/31/2026,26101213,قيد يومي,تنك مياه عدد 5,200
الموقر,6010101027,مصاريف مواد تنظيف,5/31/2026,26000416,فاتورة مشتريات,A/P Invoices - LV0000416,81
الموقر,6010101036,مصاريف فروقات اسعار,5/31/2026,4696,أخرى (321),Manual Reconciliation Transaction(Reversal) - 14415,0
الموقر,6010101019,مصاريف تعبئة وتغليف,5/11/2026,26000417,فاتورة مشتريات,A/P Invoices - LV0000442,996.625
الموقر,6010101014,مصاريف لوازم مستهلكة,5/31/2026,26101215,قيد يومي,مرتجع شنتة,-10
الموقر,6010101036,مصاريف فروقات اسعار,6/1/2026,26800491,سند قبض,سند قبض - سداد ف/رقم 26102585,0
الموقر,6030101012,مصروف عمولات زين كاش,5/31/2026,26101221,قيد يومي,دفعة لضريبة المبيعات,2
الموقر,6010101007,مصاريف مياء و صرف صحي,6/2/2026,26101226,قيد يومي,تنك مياه عدد 3,120
الموقر,6010101007,مصاريف مياء و صرف صحي,6/2/2026,26101230,قيد يومي,اجرة نضح,95
الموقر,6020101002,مصاريف تصدير,6/2/2026,26000437,فاتورة مشتريات,A/P Invoices - LV0000377,337.25
الموقر,6020101003,مصروف خصم مسموح به,6/2/2026,26101236,قيد يومي,خصم,49.523
الموقر,6020101003,مصروف خصم مسموح به,6/2/2026,26101237,قيد يومي,خصم,10.444
الموقر,6010101007,مصاريف مياء و صرف صحي,6/2/2026,26101238,قيد يومي,تنك مياه عدد 5,200
الموقر,6010101007,مصاريف مياء و صرف صحي,6/3/2026,26101239,قيد يومي,اجرة نضح,95
الموقر,6010101014,مصاريف لوازم مستهلكة,6/3/2026,26000442,فاتورة مشتريات,A/P Invoices - LV0000356,230.75
الموقر,6010101036,مصاريف فروقات اسعار,6/3/2026,4765,أخرى (321),Manual Reconciliation Transaction,0
الموقر,6010101036,مصاريف فروقات اسعار,6/3/2026,4766,أخرى (321),Manual Reconciliation Transaction,0
الموقر,6010101036,مصاريف فروقات اسعار,6/3/2026,4767,أخرى (321),Manual Reconciliation Transaction,0
الموقر,6010101036,مصاريف فروقات اسعار,6/3/2026,4768,أخرى (321),Manual Reconciliation Transaction,0
الموقر,6010101036,مصاريف فروقات اسعار,6/3/2026,4769,أخرى (321),Manual Reconciliation Transaction,0
الموقر,6010101027,مصاريف مواد تنظيف,6/3/2026,26000443,فاتورة مشتريات,A/P Invoices - LV0000355,410
الموقر,6010101036,مصاريف فروقات اسعار,6/3/2026,4770,أخرى (321),Manual Reconciliation Transaction,0
الموقر,6010101036,مصاريف فروقات اسعار,6/3/2026,4771,أخرى (321),Manual Reconciliation Transaction,0
الموقر,6010101036,مصاريف فروقات اسعار,6/3/2026,4772,أخرى (321),Manual Reconciliation Transaction,0
الموقر,6010101036,مصاريف فروقات اسعار,6/3/2026,4774,أخرى (321),Manual Reconciliation Transaction,0
الموقر,6030101014,مصاريف حكومية,6/3/2026,26101240,قيد يومي,غرامات,9.188
الموقر,6030101012,مصروف عمولات زين كاش,6/3/2026,26101240,قيد يومي,عمولات,2
الموقر,6010101007,مصاريف مياء و صرف صحي,6/3/2026,26101241,قيد يومي,تنك مياه,40
الموقر,6010101007,مصاريف مياء و صرف صحي,6/3/2026,26101242,قيد يومي,تنك مياه,40
الموقر,6010101026,مصاريف علاج موظفين,6/3/2026,26101250,قيد يومي,علاج موظفين,49
الموقر,6030101009,مصاريف قرطاسية - ادارية,6/3/2026,26101251,قيد يومي,قرطاسية لقسم المحاسبة,81
الموقر,6010101011,مصاريف متفرقة,6/3/2026,26101252,قيد يومي,عمولات,1.5
الموقر,6010101036,مصاريف فروقات اسعار,6/4/2026,26801114,سند قبض,Incoming Payments - 210000041,0
الموقر,6010101036,مصاريف فروقات اسعار,6/4/2026,26800978,سند قبض,Incoming Payments - 210000141,0
الموقر,6010101014,مصاريف لوازم مستهلكة,6/4/2026,26000444,فاتورة مشتريات,A/P Invoices - LV0000356,21
الموقر,6020101003,مصروف خصم مسموح به,6/4/2026,26101258,قيد يومي,خصم,3.547
الموقر,6010101019,مصاريف تعبئة وتغليف,6/4/2026,26000447,فاتورة مشتريات,A/P Invoices - LV0000429,825
الموقر,6010101007,مصاريف مياء و صرف صحي,6/4/2026,26101259,قيد يومي,اجرة نضح,95
الموقر,6010101007,مصاريف مياء و صرف صحي,6/4/2026,26101260,قيد يومي,تنك مياه,40
الموقر,6010101026,مصاريف علاج موظفين,6/4/2026,26101262,قيد يومي,رديات بدل تعطل اصابة الموظف حمزة ابو غنيم,-99
الموقر,6030101002,مصاريف ضيافة - ادارية,6/4/2026,26101268,قيد يومي,قهوة,23
الموقر,6010101036,مصاريف فروقات اسعار,6/7/2026,26800284,سند قبض,سند قبض - -سداد ف/رقم 26102667,0
الموقر,6010101007,مصاريف مياء و صرف صحي,6/7/2026,26101272,قيد يومي,اجور صرف صحي من 19/1/2026 الى 21/4/2026,688.94
الموقر,6010101007,مصاريف مياء و صرف صحي,6/7/2026,26101272,قيد يومي,مخافات في عينات الصرف الصحي,35
الموقر,6010101009,مصاريف ملابس مهنية,6/7/2026,26000448,فاتورة مشتريات,A/P Invoices - LV0000456,861
الموقر,6010101007,مصاريف مياء و صرف صحي,6/7/2026,26101273,قيد يومي,تنك مياه,40
الموقر,6010101007,مصاريف مياء و صرف صحي,6/7/2026,26101274,قيد يومي,تنك مياه,40
الموقر,6010101007,مصاريف مياء و صرف صحي,6/7/2026,26101276,قيد يومي,اجرة نضح,95
الموقر,6010101036,مصاريف فروقات اسعار,6/7/2026,26000027,سند صرف,شيك رقم 28 القاهرة عمان,0
الموقر,6010101006,مصاريف الكهرباء,6/7/2026,26101279,قيد يومي,كهرباء,300
الموقر,6010101017,مصاريف طعام موظفين,6/9/2026,26012883,قيد يومي,طعام موظفين بتاريخ 08/06/2026,12.225
الموقر,6010101032,مصاريف مواصلات موظفين,6/9/2026,26012883,قيد يومي,بدل بنزين لطارق لزيارة الضمان,5
الموقر,6010101040,مصاريف تحميل وتنزيل,6/9/2026,26012883,قيد يومي,نضال,20
الموقر,6010101032,مصاريف مواصلات موظفين,6/9/2026,26012883,قيد يومي,بدل بنزين لطارق لزيارة الضمان بتاريخ 08/06/2026,5
الموقر,6010101032,مصاريف مواصلات موظفين,6/9/2026,26012883,قيد يومي,بدل بنزين لطارق لزيارة الضمان بتاريخ 10/5/2026,5
الموقر,6010101014,مصاريف لوازم مستهلكة,6/9/2026,26012884,قيد يومي,شيد سعودي,250
الموقر,6010101040,مصاريف تحميل وتنزيل,6/9/2026,26012885,قيد يومي,نضال(Reversal) - 15315,-20
الموقر,6010101032,مصاريف مواصلات موظفين,6/9/2026,26012885,قيد يومي,بدل بنزين لطارق لزيارة الضمان بتاريخ 08/06/2026(Reversal) - 15315,-5
الموقر,6010101032,مصاريف مواصلات موظفين,6/9/2026,26012885,قيد يومي,بدل بنزين لطارق لزيارة الضمان بتاريخ 10/5/2026(Reversal) - 15315,-5
الموقر,6010101032,مصاريف مواصلات موظفين,6/9/2026,26012885,قيد يومي,بدل بنزين لطارق لزيارة الضمان(Reversal) - 15315,-5
الموقر,6010101017,مصاريف طعام موظفين,6/9/2026,26012885,قيد يومي,طعام موظفين بتاريخ 08/06/2026(Reversal) - 15315,-12.225
الموقر,6010101032,مصاريف مواصلات موظفين,6/9/2026,26101280,قيد يومي,بدل بنزين لطارق لزيارة الضمان,5
الموقر,6010101017,مصاريف طعام موظفين,6/9/2026,26101280,قيد يومي,طعام موظفين بتاريخ 08/06/2026,12.225
الموقر,6010101040,مصاريف تحميل وتنزيل,6/9/2026,26101280,قيد يومي,نضال,20
الموقر,6010101032,مصاريف مواصلات موظفين,6/9/2026,26101280,قيد يومي,بدل بنزين لطارق لزيارة الضمان بتاريخ 08/06/2026,5
الموقر,6010101032,مصاريف مواصلات موظفين,6/9/2026,26101280,قيد يومي,بدل بنزين لطارق لزيارة الضمان بتاريخ 04/06/2026,5
الموقر,6010101032,مصاريف مواصلات موظفين,6/9/2026,26101280,قيد يومي,بدل بنزين لطارق لزيارة الضمان بتاريخ 10/5/2026,5
الموقر,6010101036,مصاريف فروقات اسعار,6/9/2026,26800880,سند قبض,سند قبض - سداد ف/رقم 26102735,0
الموقر,6010101036,مصاريف فروقات اسعار,6/9/2026,26800980,سند قبض,سند قبض - سداد ف/رقم 26102720,0
الموقر,6010101036,مصاريف فروقات اسعار,6/9/2026,26800982,سند قبض,سند قبض - سداد ف/رقم 26102664 موقر + 26102666 تجاري,0
الموقر,6010101014,مصاريف لوازم مستهلكة,6/9/2026,26000453,فاتورة مشتريات,A/P Invoices - LV0000322,19.2
الموقر,6010101019,مصاريف تعبئة وتغليف,6/9/2026,26000456,فاتورة مشتريات,A/P Invoices - LV0000399,446
الموقر,6010101014,مصاريف لوازم مستهلكة,6/9/2026,26000457,فاتورة مشتريات,A/P Invoices - LV0000356,29.5
الموقر,6010101014,مصاريف لوازم مستهلكة,6/9/2026,26000458,فاتورة مشتريات,A/P Invoices - LV0000356,13.5
الموقر,6010101014,مصاريف لوازم مستهلكة,6/9/2026,26000459,فاتورة مشتريات,A/P Invoices - LV0000356,9
الموقر,6010101005,مصاريف المياه,6/9/2026,26101285,قيد يومي,تنك مياه عدد 8,320
الموقر,6010101005,مصاريف المياه,6/9/2026,26101286,قيد يومي,تنك نضح عدد 2,190
الموقر,6030101012,مصروف عمولات زين كاش,6/10/2026,26101287,قيد يومي,كهرباء,2.021
الموقر,6010101007,مصاريف مياء و صرف صحي,6/10/2026,26101289,قيد يومي,تنك مياه,40
الموقر,6010101041,مصاريف نظافة,6/10/2026,26101290,قيد يومي,اجور نقل نفايات عن شهر 05,50
الموقر,6010101017,مصاريف طعام موظفين,5/31/2026,26101291,قيد يومي,وجبات غداء الموظفين عدد 964,1928
الموقر,6020101003,مصروف خصم مسموح به,6/10/2026,26013026,قيد يومي,اتفاقية سنوية,196
الموقر,6010101007,مصاريف مياء و صرف صحي,6/10/2026,26101292,قيد يومي,تنك مياه,40
الموقر,6010101036,مصاريف فروقات اسعار,6/11/2026,26800648,سند قبض,سند قبض - سداد ف/رقم 26102758,0
الموقر,6010101036,مصاريف فروقات اسعار,6/11/2026,26801124,سند قبض,سند قبض - سداد ف/رقم 26102846,0
الموقر,6010101007,مصاريف مياء و صرف صحي,6/11/2026,26101303,قيد يومي,تنك نضح,95
الموقر,6010101007,مصاريف مياء و صرف صحي,6/11/2026,26101304,قيد يومي,تنك مياه,40
الموقر,6010101014,مصاريف لوازم مستهلكة,6/11/2026,26000463,فاتورة مشتريات,A/P Invoices - LV0000322,66
الموقر,6010101019,مصاريف تعبئة وتغليف,6/11/2026,26000464,فاتورة مشتريات,A/P Invoices - LV0000399,100
الموقر,6010101014,مصاريف لوازم مستهلكة,6/11/2026,26000465,فاتورة مشتريات,A/P Invoices - LV0000356,549.75
الموقر,6020101002,مصاريف تصدير,6/11/2026,26000467,فاتورة مشتريات,A/P Invoices - LV0000377,337.25
الموقر,6010101036,مصاريف فروقات اسعار,6/14/2026,4930,أخرى (321),Manual Reconciliation Transaction,0
الموقر,6010101036,مصاريف فروقات اسعار,6/14/2026,4931,أخرى (321),Manual Reconciliation Transaction,0
الموقر,6010101036,مصاريف فروقات اسعار,6/14/2026,4932,أخرى (321),Manual Reconciliation Transaction,0
الموقر,6010101036,مصاريف فروقات اسعار,6/14/2026,4934,أخرى (321),Manual Reconciliation Transaction,0
الموقر,6010101036,مصاريف فروقات اسعار,6/14/2026,4936,أخرى (321),Manual Reconciliation Transaction,0
الموقر,6010101036,مصاريف فروقات اسعار,6/14/2026,4939,أخرى (321),Manual Reconciliation Transaction,0
الموقر,6010101036,مصاريف فروقات اسعار,6/14/2026,4941,أخرى (321),Manual Reconciliation Transaction,0
الموقر,6010101036,مصاريف فروقات اسعار,6/14/2026,4942,أخرى (321),Manual Reconciliation Transaction,0
الموقر,6010101036,مصاريف فروقات اسعار,6/14/2026,4948,أخرى (321),Manual Reconciliation Transaction,0
الموقر,6010101007,مصاريف مياء و صرف صحي,6/14/2026,26101308,قيد يومي,تنك مياه,40
الموقر,6010101036,مصاريف فروقات اسعار,6/14/2026,4954,أخرى (321),Manual Reconciliation Transaction,0
الموقر,6010101036,مصاريف فروقات اسعار,6/14/2026,4955,أخرى (321),Manual Reconciliation Transaction,0
الموقر,6010101036,مصاريف فروقات اسعار,6/14/2026,4956,أخرى (321),Manual Reconciliation Transaction,0
الموقر,6010101036,مصاريف فروقات اسعار,6/14/2026,4959,أخرى (321),Manual Reconciliation Transaction,0
الموقر,6010101036,مصاريف فروقات اسعار,6/14/2026,4961,أخرى (321),Manual Reconciliation Transaction,0
الموقر,6010101036,مصاريف فروقات اسعار,6/14/2026,4963,أخرى (321),Manual Reconciliation Transaction,0
الموقر,6010101036,مصاريف فروقات اسعار,6/14/2026,4964,أخرى (321),Manual Reconciliation Transaction,0
الموقر,6010101036,مصاريف فروقات اسعار,6/14/2026,4965,أخرى (321),Manual Reconciliation Transaction,0
الموقر,6010101036,مصاريف فروقات اسعار,6/14/2026,4967,أخرى (321),Manual Reconciliation Transaction,0
الموقر,6010101036,مصاريف فروقات اسعار,6/14/2026,4968,أخرى (321),Manual Reconciliation Transaction,0
الموقر,6010101036,مصاريف فروقات اسعار,6/14/2026,4969,أخرى (321),Manual Reconciliation Transaction,0
الموقر,6010101036,مصاريف فروقات اسعار,6/14/2026,4971,أخرى (321),Manual Reconciliation Transaction,0
الموقر,6010101036,مصاريف فروقات اسعار,6/14/2026,4974,أخرى (321),Manual Reconciliation Transaction,0
الموقر,6010101036,مصاريف فروقات اسعار,6/14/2026,4976,أخرى (321),Manual Reconciliation Transaction,0
الموقر,6010101036,مصاريف فروقات اسعار,6/14/2026,4977,أخرى (321),Manual Reconciliation Transaction,0
الموقر,6010101007,مصاريف مياء و صرف صحي,6/14/2026,26101309,قيد يومي,تنك مياه,40
الموقر,6010101036,مصاريف فروقات اسعار,6/14/2026,4979,أخرى (321),Manual Reconciliation Transaction,0
الموقر,6010101036,مصاريف فروقات اسعار,6/14/2026,4984,أخرى (321),Manual Reconciliation Transaction,0
الموقر,6010101036,مصاريف فروقات اسعار,6/14/2026,4985,أخرى (321),Manual Reconciliation Transaction,0
الموقر,6010101007,مصاريف مياء و صرف صحي,6/14/2026,26101310,قيد يومي,اجرة نضح,95
الموقر,6010101036,مصاريف فروقات اسعار,6/14/2026,4987,أخرى (321),Manual Reconciliation Transaction,0
الموقر,6010101036,مصاريف فروقات اسعار,6/14/2026,4988,أخرى (321),Manual Reconciliation Transaction,0
الموقر,6010101036,مصاريف فروقات اسعار,6/14/2026,4989,أخرى (321),Manual Reconciliation Transaction,0
الموقر,6010101036,مصاريف فروقات اسعار,6/14/2026,4991,أخرى (321),Manual Reconciliation Transaction,0
الموقر,6010101036,مصاريف فروقات اسعار,6/14/2026,4993,أخرى (321),Manual Reconciliation Transaction,0
الموقر,6010101036,مصاريف فروقات اسعار,6/14/2026,4994,أخرى (321),Manual Reconciliation Transaction,0
الموقر,6010101036,مصاريف فروقات اسعار,6/14/2026,4999,أخرى (321),Manual Reconciliation Transaction,0
الموقر,6010101036,مصاريف فروقات اسعار,6/14/2026,5002,أخرى (321),Manual Reconciliation Transaction,0
الموقر,6010101036,مصاريف فروقات اسعار,6/14/2026,5005,أخرى (321),Manual Reconciliation Transaction,0
الموقر,6010101036,مصاريف فروقات اسعار,6/14/2026,5008,أخرى (321),Manual Reconciliation Transaction,0
الموقر,6010101036,مصاريف فروقات اسعار,6/14/2026,5013,أخرى (321),Manual Reconciliation Transaction,0
الموقر,6010101036,مصاريف فروقات اسعار,6/14/2026,5017,أخرى (321),Manual Reconciliation Transaction,0
الموقر,6010101036,مصاريف فروقات اسعار,6/14/2026,5020,أخرى (321),Manual Reconciliation Transaction,0
الموقر,6010101036,مصاريف فروقات اسعار,6/14/2026,5022,أخرى (321),Manual Reconciliation Transaction,0
الموقر,6010101036,مصاريف فروقات اسعار,6/14/2026,5024,أخرى (321),Manual Reconciliation Transaction,0
الموقر,6010101036,مصاريف فروقات اسعار,6/14/2026,5026,أخرى (321),Manual Reconciliation Transaction,0
الموقر,6030101012,مصروف عمولات زين كاش,6/14/2026,26101311,قيد يومي,سداد ف/رقم 57803,0.35
الموقر,6010101036,مصاريف فروقات اسعار,6/15/2026,5029,أخرى (321),Manual Reconciliation Transaction,0
الموقر,6010101036,مصاريف فروقات اسعار,6/15/2026,5033,أخرى (321),Manual Reconciliation Transaction,0
الموقر,6010101036,مصاريف فروقات اسعار,6/15/2026,5035,أخرى (321),Manual Reconciliation Transaction,0
الموقر,6010101036,مصاريف فروقات اسعار,6/15/2026,5037,أخرى (321),Manual Reconciliation Transaction,0
الموقر,6010101036,مصاريف فروقات اسعار,6/15/2026,5039,أخرى (321),Manual Reconciliation Transaction,0
الموقر,6010101036,مصاريف فروقات اسعار,6/15/2026,5042,أخرى (321),Manual Reconciliation Transaction,0
الموقر,6010101036,مصاريف فروقات اسعار,6/15/2026,5044,أخرى (321),Manual Reconciliation Transaction,0
الموقر,6010101036,مصاريف فروقات اسعار,6/15/2026,5048,أخرى (321),Manual Reconciliation Transaction,0
الموقر,6010101036,مصاريف فروقات اسعار,6/15/2026,5052,أخرى (321),Manual Reconciliation Transaction,0
الموقر,6010101036,مصاريف فروقات اسعار,6/15/2026,5053,أخرى (321),Manual Reconciliation Transaction,0
الموقر,6010101036,مصاريف فروقات اسعار,6/15/2026,5054,أخرى (321),Manual Reconciliation Transaction,0
الموقر,6010101036,مصاريف فروقات اسعار,6/15/2026,5055,أخرى (321),Manual Reconciliation Transaction,0
الموقر,6010101036,مصاريف فروقات اسعار,6/15/2026,5056,أخرى (321),Manual Reconciliation Transaction,0
الموقر,6010101036,مصاريف فروقات اسعار,6/15/2026,5057,أخرى (321),Manual Reconciliation Transaction,0
الموقر,6010101036,مصاريف فروقات اسعار,6/15/2026,5058,أخرى (321),Manual Reconciliation Transaction,0
الموقر,6010101036,مصاريف فروقات اسعار,6/15/2026,5063,أخرى (321),Manual Reconciliation Transaction,0
الموقر,6010101036,مصاريف فروقات اسعار,6/15/2026,5064,أخرى (321),Manual Reconciliation Transaction,0
الموقر,6010101036,مصاريف فروقات اسعار,6/15/2026,5066,أخرى (321),Manual Reconciliation Transaction,0
الموقر,6010101036,مصاريف فروقات اسعار,6/15/2026,5067,أخرى (321),Manual Reconciliation Transaction,0
الموقر,6010101036,مصاريف فروقات اسعار,6/15/2026,5069,أخرى (321),Manual Reconciliation Transaction,0
الموقر,6010101036,مصاريف فروقات اسعار,6/15/2026,5081,أخرى (321),Manual Reconciliation Transaction,0
الموقر,6010101036,مصاريف فروقات اسعار,6/15/2026,5082,أخرى (321),Manual Reconciliation Transaction,0
الموقر,6010101036,مصاريف فروقات اسعار,6/15/2026,5083,أخرى (321),Manual Reconciliation Transaction,0
الموقر,6010101036,مصاريف فروقات اسعار,6/15/2026,5084,أخرى (321),Manual Reconciliation Transaction,0
الموقر,6010101036,مصاريف فروقات اسعار,6/15/2026,5085,أخرى (321),Manual Reconciliation Transaction,0
الموقر,6010101036,مصاريف فروقات اسعار,6/15/2026,5086,أخرى (321),Manual Reconciliation Transaction,0
الموقر,6010101036,مصاريف فروقات اسعار,6/15/2026,5089,أخرى (321),Manual Reconciliation Transaction,0
الموقر,6010101036,مصاريف فروقات اسعار,6/15/2026,5095,أخرى (321),Manual Reconciliation Transaction,0
الموقر,6010101036,مصاريف فروقات اسعار,6/15/2026,5096,أخرى (321),Manual Reconciliation Transaction,0
الموقر,6010101036,مصاريف فروقات اسعار,6/15/2026,5107,أخرى (321),Manual Reconciliation Transaction,0
الموقر,6010101005,مصاريف المياه,6/14/2026,26013297,قيد يومي,تنك ماء عدد 2,80
الموقر,6010101007,مصاريف مياء و صرف صحي,6/15/2026,26101321,قيد يومي,تنك مياه,40
الموقر,6010101007,مصاريف مياء و صرف صحي,6/14/2026,26013330,قيد يومي,اجرة نضح(Reversal) - 15718,-95
الموقر,6010101007,مصاريف مياء و صرف صحي,6/14/2026,26101322,قيد يومي,اجرة نضح,95
الموقر,6010101007,مصاريف مياء و صرف صحي,6/15/2026,26101324,قيد يومي,تنك مياه,40
الموقر,6010101014,مصاريف لوازم مستهلكة,6/15/2026,26101330,قيد يومي,مرتجع رقم 197305,-13
الموقر,6010101014,مصاريف لوازم مستهلكة,5/7/2026,26000468,فاتورة مشتريات,A/P Invoice - Cancellation - LV0000356,-135
الموقر,6010101014,مصاريف لوازم مستهلكة,6/15/2026,26000469,فاتورة مشتريات,A/P Invoices - LV0000403,135
الموقر,6010101036,مصاريف فروقات اسعار,6/15/2026,26800547,سند قبض,شيك رقم 838,0
الموقر,6010101008,مصاريف صيانة عامة,6/15/2026,26101333,قيد يومي,صيانة لقوالب الاغلاف + تفصيل سكك نحاس,500
الموقر,6010101036,مصاريف فروقات اسعار,6/16/2026,26800286,سند قبض,سند قبض - سداد ف/رقم 26102901,0
الموقر,6020101003,مصروف خصم مسموح به,6/16/2026,26101339,قيد يومي,خصم %2,10
الموقر,6010101007,مصاريف مياء و صرف صحي,6/16/2026,26101341,قيد يومي,اجرة نضح,95
الموقر,6010101007,مصاريف مياء و صرف صحي,6/16/2026,26101342,قيد يومي,تنك مياه,40
الموقر,6010101005,مصاريف المياه,6/16/2026,26101344,قيد يومي,تنك ماء,40
الموقر,6010101008,مصاريف صيانة عامة,6/16/2026,26101345,قيد يومي,شيك رقم 50 حق 21/6/2026 وذلك عن ف/رقم 36 صيانة ولحام البويلر,1100
الموقر,6010101019,مصاريف تعبئة وتغليف,6/16/2026,26000472,فاتورة مشتريات,A/P Invoices - LV0000399,72
الموقر,6010101014,مصاريف لوازم مستهلكة,6/16/2026,26000473,فاتورة مشتريات,A/P Invoices - LV0000403,485
الموقر,6010101007,مصاريف مياء و صرف صحي,6/16/2026,26101346,قيد يومي,تنك مياه,30
الموقر,6010101007,مصاريف مياء و صرف صحي,6/16/2026,26101346,قيد يومي,تنك مياه,30
الموقر,6010101007,مصاريف مياء و صرف صحي,6/16/2026,26101351,قيد يومي,اجرة نضح,95
الموقر,6030101012,مصروف عمولات زين كاش,6/17/2026,26101355,قيد يومي,دفعة لنقليات احمد الخريشا,0.35
الموقر,6030101012,مصروف عمولات زين كاش,6/17/2026,26101357,قيد يومي,دفعة من حساب ابواب المصنع,0.35
الموقر,6010101007,مصاريف مياء و صرف صحي,6/17/2026,26101358,قيد يومي,اجرة نضح,95
الموقر,6010101036,مصاريف فروقات اسعار,6/21/2026,26800496,سند قبض,قبض رقم 800496,0
الموقر,6010101014,مصاريف لوازم مستهلكة,6/21/2026,26000476,فاتورة مشتريات,A/P Invoices - LV0000356,26.15
الموقر,6010101014,مصاريف لوازم مستهلكة,6/21/2026,26000477,فاتورة مشتريات,A/P Invoices - LV0000356,280
الموقر,6010101036,مصاريف فروقات اسعار,6/21/2026,26800881,سند قبض,قبض رقم 800881,0
الموقر,6010101036,مصاريف فروقات اسعار,6/21/2026,26800881,سند قبض,Reverse Entry for Incoming Payment No. 26800881,0
الموقر,6010101036,مصاريف فروقات اسعار,6/21/2026,268000881,سند قبض,قبض رقم 26800881,0
الموقر,6030101002,مصاريف ضيافة - ادارية,6/21/2026,26101362,قيد يومي,قهوة,33
الموقر,6020101003,مصروف خصم مسموح به,6/21/2026,26101363,قيد يومي,خصم مسموح,20.173
الموقر,6010101041,مصاريف نظافة,6/21/2026,26101365,قيد يومي,مصاريف نظافة,70
الموقر,6010101032,مصاريف مواصلات موظفين,6/21/2026,26101365,قيد يومي,مواصلات,5
الموقر,6010101036,مصاريف فروقات اسعار,6/21/2026,26000638,سند قبض,Incoming Payments - 210000141,0
الموقر,6010101007,مصاريف مياء و صرف صحي,6/22/2026,26101368,قيد يومي,تنك مياه عدد 4,160
الموقر,6010101007,مصاريف مياء و صرف صحي,6/22/2026,26101369,قيد يومي,اجرة نضح,95
الموقر,6020101003,مصروف خصم مسموح به,6/22/2026,26101372,قيد يومي,خصم على مرتجع رقم 26000213,-276
الموقر,6020101003,مصروف خصم مسموح به,6/22/2026,26013831,قيد يومي,خصم على مرتجع رقم 26000213(Reversal) - 16405,276
الموقر,6020101003,مصروف خصم مسموح به,6/21/2026,26101373,قيد يومي,خصم على مرتجع رقم 26000213,276
الموقر,6010101036,مصاريف فروقات اسعار,6/23/2026,26800882,سند قبض,سند قبض - سداد ف/رقم 26103029,0
الموقر,6010101036,مصاريف فروقات اسعار,6/23/2026,26800290,سند قبض,سند قبض - سداد ف/رقم 26103030,0
الموقر,6010101036,مصاريف فروقات اسعار,6/23/2026,26800291,سند قبض,سند قبض - سداد ف/رقم 26103044,0
الموقر,6010101001,مصاريف رواتب وأجور,5/31/2026,26013890,قيد يومي,رواتب شهر 05-2026,16472.725
الموقر,6010101002,مصاريف الضمان الأجتماعي,5/31/2026,26013890,قيد يومي,رواتب شهر 05-2026,2376.038
الموقر,6010101008,مصاريف صيانة عامة,6/23/2026,26101381,قيد يومي,نقلة طمم,50
الموقر,6010101007,مصاريف مياء و صرف صحي,6/23/2026,26101382,قيد يومي,تنك مياه عدد 5,200
الموقر,6010101007,مصاريف مياء و صرف صحي,6/23/2026,26101383,قيد يومي,اجرة نضح,95
الموقر,6010101014,مصاريف لوازم مستهلكة,6/23/2026,26000480,فاتورة مشتريات,A/P Invoices - LV0000322,100
الموقر,6010101014,مصاريف لوازم مستهلكة,6/23/2026,26000481,فاتورة مشتريات,A/P Invoices - LV0000356,5.75
الموقر,6010101007,مصاريف مياء و صرف صحي,6/23/2026,26101385,قيد يومي,تنك مياه,40
الموقر,6010101014,مصاريف لوازم مستهلكة,6/23/2026,26000482,فاتورة مشتريات,A/P Invoices - LV0000356,66
الموقر,6010101014,مصاريف لوازم مستهلكة,6/23/2026,26000483,فاتورة مشتريات,A/P Invoices - LV0000356,15
الموقر,6010101007,مصاريف مياء و صرف صحي,6/23/2026,26101393,قيد يومي,اجرة نضح,95
الموقر,6010101036,مصاريف فروقات اسعار,6/23/2026,26000656,سند قبض,سداد ف/رقم 26103105,0
الموقر,6010101008,مصاريف صيانة عامة,6/24/2026,26101401,قيد يومي,كندرين,170
الموقر,6030101012,مصروف عمولات زين كاش,6/24/2026,26101401,قيد يومي,كندرين,0.35
الموقر,6010101008,مصاريف صيانة عامة,6/24/2026,26101403,قيد يومي,اجور صبة,50.35
الموقر,6010101008,مصاريف صيانة عامة,6/24/2026,26101406,قيد يومي,صيانة وحدة تبريد غرفة الحجر,170.35
الموقر,6030101012,مصروف عمولات زين كاش,6/24/2026,26101409,قيد يومي,دفعة لاطياف الربيع سداد ف/رقم 9314,0.35
الموقر,6010101036,مصاريف فروقات اسعار,6/24/2026,26801135,سند قبض,سند قبض - سداد ف/رقم 26103069,0
الموقر,6010101007,مصاريف مياء و صرف صحي,6/24/2026,26101412,قيد يومي,تنك مياه,40
الموقر,6010101014,مصاريف لوازم مستهلكة,6/24/2026,26000490,فاتورة مشتريات,A/P Invoices - LV0000356,35.6
الموقر,6010101007,مصاريف مياء و صرف صحي,6/25/2026,26101424,قيد يومي,اجرة نضح,95
الموقر,6010101026,مصاريف علاج موظفين,6/25/2026,26101425,قيد يومي,علاج محمود دغيمات,25
الموقر,6020101003,مصروف خصم مسموح به,6/25/2026,26101426,قيد يومي,خصم,49.556
الموقر,6010101036,مصاريف فروقات اسعار,6/28/2026,26801152,سند قبض,سند قبض - سداد ف/رقم 26103152,0
الموقر,6010101014,مصاريف لوازم مستهلكة,6/28/2026,26000492,فاتورة مشتريات,A/P Invoices - LV0000322,34.4
الموقر,6010101016,مصاريف محروقات - فيول,6/28/2026,26000493,فاتورة مشتريات,A/P Invoices - LV0000437,6171.2
الموقر,6010101016,مصاريف محروقات - فيول,6/28/2026,26101430,قيد يومي,ف/رقم 83 فيول,6638.4
الموقر,6010101007,مصاريف مياء و صرف صحي,6/28/2026,26101433,قيد يومي,اجرة نضح,95
الموقر,6020101002,مصاريف تصدير,6/29/2026,26000024,إشعار دائن مشتريات,A/P Credit Memos - LV0000377,-337.25
الموقر,6020101003,مصروف خصم مسموح به,5/31/2026,26101437,قيد يومي,خصم بدل استثمار شهر 4+5 2026,300
الموقر,6010101036,مصاريف فروقات اسعار,6/29/2026,26801136,سند قبض,سند قبض - سداد ف/رقم 26103180,0
الموقر,6010101014,مصاريف لوازم مستهلكة,6/29/2026,26000501,فاتورة مشتريات,A/P Invoices - LV0000322,158.95
الموقر,6010101014,مصاريف لوازم مستهلكة,6/29/2026,26000502,فاتورة مشتريات,A/P Invoices - LV0000322,80
الموقر,6010101014,مصاريف لوازم مستهلكة,6/29/2026,26000503,فاتورة مشتريات,A/P Invoices - LV0000356,6.05
الموقر,6010101007,مصاريف مياء و صرف صحي,6/29/2026,26101439,قيد يومي,اجرة نضح,95
الموقر,6010101039,مصاريف فحص عينات,6/29/2026,26101440,قيد يومي,ف/رقم 1794 فحص طحينية قطر,35
الموقر,6010101039,مصاريف فحص عينات,6/29/2026,26101441,قيد يومي,ف/رقم 1313,120
الموقر,6010101039,مصاريف فحص عينات,6/29/2026,26101442,قيد يومي,ف/رقم 1542,85
الموقر,6010101039,مصاريف فحص عينات,6/29/2026,26101443,قيد يومي,ف/رقم 1252,45
الموقر,6010101039,مصاريف فحص عينات,6/29/2026,26101445,قيد يومي,ف/رقم 1259,75
الموقر,6010101039,مصاريف فحص عينات,6/29/2026,26101446,قيد يومي,ف/رقم 1478,160
الموقر,6010101039,مصاريف فحص عينات,6/29/2026,26101447,قيد يومي,ف/رقم 1306,115
الموقر,6010101039,مصاريف فحص عينات,6/29/2026,26101448,قيد يومي,ف/رقم 1409,100
الموقر,6010101039,مصاريف فحص عينات,6/29/2026,26101449,قيد يومي,ف/رقم 1679,70
الموقر,6010101039,مصاريف فحص عينات,6/29/2026,26101450,قيد يومي,ف/رقم 1710,121.8
الموقر,6030101009,مصاريف قرطاسية - ادارية,6/30/2026,26000507,فاتورة مشتريات,A/P Invoices - LV0000346,168
الموقر,6010101036,مصاريف فروقات اسعار,6/30/2026,26000716,سند قبض,سداد ف/رقم 26103221,0
الموقر,6010101036,مصاريف فروقات اسعار,6/30/2026,26000717,سند قبض,سداد ف/رقم 26103220,0
الموقر,6010101014,مصاريف لوازم مستهلكة,7/1/2026,26000509,فاتورة مشتريات,A/P Invoices - LV0000356,4.5
الموقر,6010101036,مصاريف فروقات اسعار,7/1/2026,26000725,سند قبض,سداد ف/رقم 26103268 الكابوس,0
الموقر,6030101012,مصروف عمولات زين كاش,7/2/2026,26014662,قيد يومي,سداد ف/رقم 509,0.35
الموقر,6010101007,مصاريف مياء و صرف صحي,7/2/2026,26014681,قيد يومي,اجرة نضح عدد 2,190
الموقر,6020101003,مصروف خصم مسموح به,7/2/2026,26014683,قيد يومي,خصم,6.463
الموقر,6020101003,مصروف خصم مسموح به,7/2/2026,26014684,قيد يومي,خصم,7.442
الموقر,6010101019,مصاريف تعبئة وتغليف,7/2/2026,26000516,فاتورة مشتريات,A/P Invoices - LV0000399,225
الموقر,6010101036,مصاريف فروقات اسعار,7/2/2026,26801143,سند قبض,سند قبض - سداد ف/رقم 26103250,0
الموقر,6010101014,مصاريف لوازم مستهلكة,6/15/2026,26000517,فاتورة مشتريات,A/P Invoice - Cancellation - LV0000403,-135
