ProductionOrder,OrderDate,FinishedItem,FinishedItemName,ProductionUOM,PlannedQtyFinished,TotalProductionCost,ProducedQty,TotalWasteCost,UnitProductionCost
26000001,1/12/2026,1011051,سيلك رود طحينية 650 غم 1*12,حبة,1200,1375.8,1200,0.1128,1.1465
26000002,1/12/2026,1011050,سيلك رود طحينية 1 كغم مطرة 1*12,حبة,1800,3145.941,1800,0,1.747745
26000003,1/12/2026,1011036,قاسيون طحينية 1كغم مطرة 1*12,حبة,1204,2104.32,1204,0,1.747774086
26000004,1/12/2026,1011013,الموسم طحينية 15 كغم تنك 1*1,تنكة,15,357.015,15,0,23.801
26000005,1/12/2026,1011101,الموسم طحينية 400 غم 1*12,حبة,3648,2438.688,3648,0,0.6685
26000006,1/12/2026,1011028,شيخ الكار طحينية 9 كغم تنك 1*1,تنكة,27,390.366,27,0,14.458
26000007,1/12/2026,1011052,القيسي طحينية 900 غم مطرة 1*12,حبة,120,177.87,120,0.00828,1.48225
26000008,1/7/2026,1011033,شيخ الكار طحينية 15 كغم تنك 1*1,تنكة,240,5787.12,240,0,24.113
26000011,1/13/2026,1011004,الموسم طحينية 900 غم 1*12,حبة,1200,1742.411,1200,0,1.452009167
26000021,1/7/2026,1011035,شيخ الكار طحينية 18 كغم سطل 1*1,تنكة,200,6101.2,200,0,30.506
26000022,1/10/2026,1011019,شيخ الكار طحينية 900 غم قارورة 1*12,حبة,1200,1756.7,1200,0,1.463916667
26000023,1/18/2026,1011027,شيخ الكار طحينية 18 كغم تنك 1*1,تنكة,50,1506.863,50,0,30.13726
26000024,1/7/2026,1011029,شيخ الكار طحينية 8 كغم تنك 1*1,تنكة,86,1102.48,86,0,12.81953488
26000025,1/7/2026,1011119,شيخ الكار طحينية 7 كغم تنك 1*1,حبة,413,4990.279,413,0,12.083
26000026,1/12/2026,1011088,الموسم طحينية 800 غم  1*12,حبة,960,1318.64,960,0,1.373583333
26000027,1/13/2026,1011088,الموسم طحينية 800 غم  1*12,حبة,960,1318.64,960,0,1.373583333
26000028,1/13/2026,1011020,شيخ الكار طحينية 800 غم 1*12,حبة,120,173.95,120,0,1.449583333
26000029,1/13/2026,1011028,شيخ الكار طحينية 9 كغم تنك 1*1,تنكة,720,9638.568,720,0,13.3869
26000030,1/13/2026,1011027,شيخ الكار طحينية 18 كغم تنك 1*1,تنكة,386,11429.46,386,0,29.61
26000031,1/7/2026,1011027,شيخ الكار طحينية 18 كغم تنك 1*1,تنكة,112,3316.32,112,0,29.61
26000032,1/7/2026,1011033,شيخ الكار طحينية 15 كغم تنك 1*1,تنكة,20,482.26,20,0,24.113
26000033,1/11/2026,1011028,شيخ الكار طحينية 9 كغم تنك 1*1,تنكة,240,3240.744,240,0,13.5031
26000034,1/12/2026,1011050,سيلك رود طحينية 1 كغم مطرة 1*12,حبة,15,26.09,15,0,1.739333333
26000035,1/14/2026,1011025,شيخ الكار طحينية 600 غم 1*12,حبة,1320,1450.13,1320,0,1.098583333
26000036,1/18/2026,1011003,الموسم طحينية 18 كغم تنك 1*1,حبة,135,3995.19,135,0,29.594
26000037,1/14/2026,1011101,الموسم طحينية 400 غم 1*12,حبة,1572,1299.73,1572,0,0.826800254
26000038,1/14/2026,1011045,عرفة طحينية 900 غم 1*12,حبة,1212,1722.106,1212,0,1.420879538
26000039,1/14/2026,1011027,شيخ الكار طحينية 18 كغم تنك 1*1,تنكة,300,8579.4,300,0,28.598
26000040,1/14/2026,1011005,ميار طحينية 250 غم 1*12,حبة,3000,1299.09,3000,0,0.43303
26000041,1/14/2026,1011026,شيخ الكار طحينية 400 غم 1*12,حبة,1212,931.272,1212,9.09495E-14,0.768376238
26000042,1/14/2026,1011024,شيخ الكار طحينية 250 غم 1*12,حبة,1404,716.157,1404,0,0.510083333
26000043,1/18/2026,1171017,طحينية بلك ميار - موسم  كروما,kg,20000,30930.4,20000,0,1.54652
26000044,1/12/2026,1171015,طحينية بلك شيخ الكار حجر,kg,20000,29989.9,20000,0,1.499495
26000045,1/20/2026,1171022,حلاوة بلك سادة شيخ الكار,kg,9534,9217.06,9534,0,0.96675687
26000046,1/12/2026,1171031,حلاوة بلك فستق شيخ الكار,kg,4803,5800.65,4803,0,1.207713929
26000047,1/20/2026,1171020,حلاوة بلك سادة ميار - موسم,kg,14110,14435.919,14110,0,1.023098441
26000048,1/21/2026,1171015,طحينية بلك شيخ الكار حجر,kg,20000,29989.9,20000,0,1.499495
26000049,1/21/2026,1171028,حلاوة بلك فستق ميار,kg,1459,1715.206,1459,0,1.175603838
26000050,1/21/2026,1171026,حلاوة بلك شوكولاته شيخ الكار,kg,16,18.32,16,0,1.145
26000051,1/13/2026,1171029,حلاوة بلك رشة شيخ الكار,kg,3705,3937.12,3705,0,1.062650472
26000052,1/13/2026,1171016,حلاوة بلك دايت,kg,283.6,643.244,283.6,0,2.268138223
26000053,1/12/2026,1021013,شيخ الكار حلاوة 400 غم سادة 1*12,حبة,1734,941.776,1734,0,0.543123414
26000054,1/12/2026,1021037,شيخ الكار حلاوة 400 غم فستق 1*12,حبة,1056,568.286,1057,0,0.537640492
26000055,1/12/2026,1021039,شيخ الكار حلاوة 700 غم فستق 1*12,حبة,328,295.716,328,0,0.901573171
26000056,1/12/2026,1021130,الموسم حلاوة 400 غم فستق دمعة 1*12,حبة,1728,922.493,1728,0,0.533850116
26000057,1/12/2026,1021138,الموسم حلاوة 800 غم سادة دمعة 1*12,حبة,768,710.157,768,0,0.924683594
26000058,1/12/2026,1021129,الموسم حلاوة 400 غم سادة دمعة 1*12,حبة,1728,886.55,1728,0,0.513049769
26000059,1/12/2026,1021137,الموسم حلاوة 800 غم فستق دمعة 1*12,حبة,857,888.004,857,0,1.036177363
26000060,1/13/2026,1021037,شيخ الكار حلاوة 400 غم فستق 1*12,حبة,677,376.475,677,0,0.556093058
26000061,1/13/2026,1021039,شيخ الكار حلاوة 700 غم فستق 1*12,حبة,3268,3065.172,3268,0,0.937935129
26000062,1/13/2026,1021043,شيخ الكار حلاوة 300 غم رشة فستق 1*12,حبة,1200,477.712,1200,0,0.398093333
26000063,1/13/2026,1021060,شيخ الكار حلاوة 1300 غم فستق 1*6,حبة,100,162.438,100,0,1.62438
26000064,1/13/2026,1021041,شيخ الكار حلاوة 700 غم سادة 1*12,حبة,610,478.095,610,0,0.783762295
26000065,1/13/2026,1021137,الموسم حلاوة 800 غم فستق دمعة 1*12,حبة,102,105.809,102,0,1.037343137
26000066,1/14/2026,1021003,شيخ الكار حلاوة 5 كغم سادة (الولاء) 1*1,حبة,825,4641.57,825,0,5.626145455
26000067,1/15/2026,1021003,شيخ الكار حلاوة 5 كغم سادة (الولاء) 1*1,حبة,585,3291.33,585,0,5.626205128
26000068,1/15/2026,1021011,شيخ الكار حلاوة 6 كغم فستق 1*4,حبة,112,885.976,112,0,7.9105
26000069,1/15/2026,1021062,شيخ الكار حلاوة 800 غم فستق 1*12,حبة,25,27.126,25,0,1.08504
26000070,1/15/2026,1021050,شيخ الكار حلاوة 800 غم سادة 1*12,حبة,31,29.141,31,0,0.940032258
26000071,1/15/2026,1021037,شيخ الكار حلاوة 400 غم فستق 1*12,حبة,144,77.494,144,8.17835E-15,0.538152778
26000072,1/15/2026,1021013,شيخ الكار حلاوة 400 غم سادة 1*12,حبة,12,6.518,12,0,0.543166667
26000073,1/15/2026,1021036,شيخ الكار حلاوة 400 غم شوكولاته 1*12,حبة,12,6.717,12,0,0.55975
26000074,1/15/2026,1021043,شيخ الكار حلاوة 300 غم رشة فستق 1*12,حبة,12,4.826,12,0,0.402166667
26000075,1/15/2026,1021048,شيخ الكار حلاوة 300 غم سادة 1*12,حبة,12,4.439,12,0,0.369916667
26000076,1/15/2026,1021049,شيخ الكار حلاوة 300 غم شوكولاته 1*12,حبة,12,5.079,12,0,0.42325
26000077,1/15/2026,1021015,شيخ الكار حلاوة 300 غم فستق 1*20 تذوق,حبة,12,6.158,12,0,0.513166667
26000078,1/15/2026,1021047,شيخ الكار حلاوة 400 غم سادة دايت 1*12,حبة,685,689.068,686,0,1.004472303
26000079,1/15/2026,1011020,شيخ الكار طحينية 800 غم 1*12,حبة,558,769.038,558,0,1.378204301
26000080,1/15/2026,1011019,شيخ الكار طحينية 900 غم قارورة 1*12,حبة,1800,2486.64,1800,0,1.381466667
26000081,1/18/2026,1011027,شيخ الكار طحينية 18 كغم تنك 1*1,تنكة,250,7086.5,250,0,28.346
26000082,1/18/2026,1011027,شيخ الكار طحينية 18 كغم تنك 1*1,تنكة,112,3265.472,112,0,29.156
26000083,1/18/2026,1011019,شيخ الكار طحينية 900 غم قارورة 1*12,حبة,1560,2155.088,1560,0,1.381466667
26000084,1/18/2026,1011023,شيخ الكار طحينية 300 غم 1*12,حبة,37,17.014,37,0,0.459837838
26000085,1/18/2026,1011007,ميار طحينية 900 غم مطرة 1*12,حبة,3600,5115.78,3600,0,1.42105
26000086,1/18/2026,1021003,شيخ الكار حلاوة 5 كغم سادة (الولاء) 1*1,حبة,863,4855.278,863,0,5.62604635
26000087,1/18/2026,1021011,شيخ الكار حلاوة 6 كغم فستق 1*4,حبة,99,783.268,99,0,7.91179798
26000088,1/19/2026,1011022,شيخ الكار طحينية 3500 غم 1*4,حبة,1,5.65,1,0,5.65
26000089,1/19/2026,1011019,شيخ الكار طحينية 900 غم قارورة 1*12,حبة,2196,3033.701,2196,0,1.381466758
26000090,1/19/2026,1021011,شيخ الكار حلاوة 6 كغم فستق 1*4,حبة,69,522.098,69,0,7.566637681
26000091,1/19/2026,1021060,شيخ الكار حلاوة 1300 غم فستق 1*6,حبة,20,34.057,20,0,1.70285
26000092,1/19/2026,1021039,شيخ الكار حلاوة 700 غم فستق 1*12,حبة,17,15.251,17,0,0.897117647
26000093,1/19/2026,1171015,طحينية بلك شيخ الكار حجر,kg,7000,10496.465,7000,0,1.499495
26000094,1/20/2026,1171022,حلاوة بلك سادة شيخ الكار,kg,2631,2564.456,2631,38.854465,0.974707716
26000095,1/20/2026,1171029,حلاوة بلك رشة شيخ الكار,kg,754,867.312,754,67.71348,1.150281167
26000096,1/20/2026,1171031,حلاوة بلك فستق شيخ الكار,kg,774,913.506,774,1.879836,1.18024031
26000097,1/21/2026,1011090,شيخ الكار طحينية 900 غم 1*12 جديد,حبة,6756,9438.132,6756,0,1.397
26000098,1/20/2026,1171020,حلاوة بلك سادة ميار - موسم,kg,873,875.36,873,10.952736,1.002703322
26000099,1/20/2026,1171028,حلاوة بلك فستق ميار,kg,492,554.552,492,4.962832,1.127138211
26000100,1/20/2026,1171013,حلاوة بلك رشة فستق ميار,kg,385,445.198,385,0,1.156358442
26000101,1/20/2026,1171013,حلاوة بلك رشة فستق ميار,kg,385,0,385,0,0
26000102,1/20/2026,1171013,حلاوة بلك رشة فستق ميار,kg,385,445.198,385,18.20997,1.156358442
26000103,1/22/2026,1171020,حلاوة بلك سادة ميار - موسم,kg,2325,2129.783,2325,0,0.916035699
26000104,1/20/2026,1021012,شيخ الكار حلاوة 15 كغم سادة 1*1,تنكة,50,797.25,50,0,15.945
26000105,1/21/2026,1171028,حلاوة بلك فستق ميار,kg,475,530.113,475,0,1.116027368
26000106,1/22/2026,1011090,شيخ الكار طحينية 900 غم 1*12 جديد,حبة,12,16.578,12,0,1.3815
26000107,1/22/2026,1141003,سمسم محمص 50 كغم,kg,2,2.589,2,0,1.2945
26000108,1/21/2026,1171022,حلاوة بلك سادة شيخ الكار,kg,1726.5,1660.54,1726.5,17.194274,0.96179554
26000109,1/21/2026,1171029,حلاوة بلك رشة شيخ الكار,kg,324,345.454,324,3.237328,1.066216049
26000110,1/21/2026,1171031,حلاوة بلك فستق شيخ الكار,kg,1417,1524.678,1417,13.046796,1.07599012
26000111,1/20/2026,1011035,شيخ الكار طحينية 18 كغم سطل 1*1,تنكة,624,17691.648,624,0,28.352
26000112,1/20/2026,1011027,شيخ الكار طحينية 18 كغم تنك 1*1,تنكة,50,1415.5,50,0,28.31
26000113,1/20/2026,1011043,لوكسر طحينية 450 غم 1*12,حبة,2400,1800.88,2400,0,0.750366667
26000114,1/20/2026,1021039,شيخ الكار حلاوة 700 غم فستق 1*12,حبة,1172,1056.408,1172,0,0.901372014
26000115,1/20/2026,1021041,شيخ الكار حلاوة 700 غم سادة 1*12,حبة,586,458.911,586,0,0.783124573
26000116,1/20/2026,1021011,شيخ الكار حلاوة 6 كغم فستق 1*4,حبة,4,30.274,4,0,7.5685
26000117,1/20/2026,1021031,ميار حلاوة 1200 غم برش فستق 1*6,حبة,443,707.628,443,0,1.597354402
26000118,1/20/2026,1021005,ميار حلاوة 300 غم رشة فستق 1*12,حبة,1452,591.47,1452,0,0.407348485
26000119,1/21/2026,1011022,شيخ الكار طحينية 3500 غم 1*4,حبة,2,11.285,2,0,5.6425
26000120,1/21/2026,1011088,الموسم طحينية 800 غم  1*12,حبة,960,1301.744,960,0,1.355983333
26000121,1/21/2026,1011044,لوكسر طحينية 450 غم 1*12 اصفر,حبة,3960,3316.236,3960,0,0.837433333
26000122,1/21/2026,1021021,الموسم حلاوة 800 غم سادة 1*12,حبة,1920,1764.64,1920,0,0.919083333
26000123,1/20/2026,1021031,ميار حلاوة 1200 غم برش فستق 1*6,حبة,428,683.56,428,0,1.597102804
26000124,1/21/2026,1021043,شيخ الكار حلاوة 300 غم رشة فستق 1*12,حبة,1200,482.572,1200,0,0.402143333
26000125,1/20/2026,1021060,شيخ الكار حلاوة 1300 غم فستق 1*6,حبة,1171,1997.938,1171,0,1.706181042
26000126,1/20/2026,1021032,ميار حلاوة 800غ سادة 1*12,حبة,424,413.154,424,0,0.974419811
26000127,1/18/2026,1011121,الفاخرة طحينية 270 غم 1*12,حبة,3804,2154.256,3804,0,0.566313354
26000128,1/18/2026,1011120,الفاخرة طحينية 500 غم 1*12,حبة,13548,12995.919,13548,0,0.95925
26000129,1/18/2026,1011091,شيخ الكار طحينية 700 غم 1*12,حبة,103,111.179,103,0,1.079407767
26000130,1/18/2026,1011094,شيخ الكار طحينية 500 غم 1*12,حبة,31,23.716,31,0,0.765032258
26000131,1/22/2026,1171015,طحينية بلك شيخ الكار حجر,kg,10000,14994.95,10000,0,1.499495
26000132,1/25/2026,1011028,شيخ الكار طحينية 9 كغم تنك 1*1,تنكة,1,13.354,1,0,13.354
26000133,1/25/2026,1011028,شيخ الكار طحينية 9 كغم تنك 1*1,تنكة,360,4810.32,360,0,13.362
26000134,1/22/2026,1011044,لوكسر طحينية 450 غم 1*12 اصفر,حبة,9000,7536.366,9000,0,0.837374
26000135,1/12/2026,1171019,طحينية سودا بلك حبة كاملة,kg,1080,1453.788,1080,0,1.3461
26000136,1/18/2026,1171015,طحينية بلك شيخ الكار حجر,kg,15000,22492.425,15000,0,1.499495
26000137,1/26/2026,1011090,شيخ الكار طحينية 900 غم 1*12 جديد,حبة,18,24.805,18,0,1.378055556
26000138,1/22/2026,1171020,حلاوة بلك سادة ميار - موسم,kg,426,415.806,426,5.548152,0.976070423
26000139,1/22/2026,1171028,حلاوة بلك فستق ميار,kg,290,316.764,290,3.22,1.092289655
26000140,1/22/2026,1171022,حلاوة بلك سادة شيخ الكار,kg,1343,1337.358,1343,50.828368,0.995798958
26000141,1/22/2026,1171030,حلاوة بلك ملوكي شيخ الكار,kg,96,131.648,96,2.54976,1.371333333
26000142,1/25/2026,1011027,شيخ الكار طحينية 18 كغم تنك 1*1,تنكة,100,2827.4,100,0,28.274
26000143,1/25/2026,1011044,لوكسر طحينية 450 غم 1*12 اصفر,حبة,10800,9044.28,10800,0,0.837433333
26000144,1/25/2026,1011076,العلوي طحينية 900 غم مطرة 1*12,حبة,492,687.029,492,0,1.396400407
26000145,1/25/2026,1011063,النور طحينية 500 غم 1*12,حبة,3840,3434.24,3840,0,0.894333333
26000146,1/22/2026,1171029,حلاوة بلك رشة شيخ الكار,kg,162,181.431,162,5.263812,1.119944444
26000147,1/22/2026,1171026,حلاوة بلك شوكولاته شيخ الكار,kg,928,1066.515,928,0,1.149261853
26000148,1/22/2026,1021007,شيخ الكار حلاوة 1 كغم ملوكية بالمكسرات 1*8,حبة,1,1.555,1,0,1.555
26000149,1/22/2026,1171031,حلاوة بلك فستق شيخ الكار,kg,6,7.421,6,0,1.236833333
26000150,1/25/2026,1171022,حلاوة بلك سادة شيخ الكار,kg,1734,1661.03,1734,1.70417E-13,0.957918108
26000151,1/25/2026,1171031,حلاوة بلك فستق شيخ الكار,kg,855,917.298,855,8.07957,1.072863158
26000152,1/25/2026,1171020,حلاوة بلك سادة ميار - موسم,kg,1788,1766.654,1788,3.186957,0.988061521
26000153,1/22/2026,1021032,ميار حلاوة 800غ سادة 1*12,حبة,173,167.004,173,0,0.96534104
26000154,1/22/2026,1171020,حلاوة بلك سادة ميار - موسم,kg,17.8,17.616,17.8,0,0.989662921
26000155,1/22/2026,1021031,ميار حلاوة 1200 غم برش فستق 1*6,حبة,261,399.325,261,0,1.529980843
26000156,1/22/2026,1021059,شيخ الكار حلاوة 800 غم ملوكية بالمكسرات 1*12,حبة,119,154.825,119,0,1.30105042
26000157,1/22/2026,1021043,شيخ الكار حلاوة 300 غم رشة فستق 1*12,حبة,50,20.119,50,0,0.40238
26000158,1/22/2026,1021054,شيخ الكار حلاوة 3 كغم فستق 1*6,حبة,3,12.486,3,0,4.162
26000159,1/22/2026,1021049,شيخ الكار حلاوة 300 غم شوكولاته 1*12,حبة,1714,724.105,1714,0,0.422464994
26000160,1/22/2026,1021038,شيخ الكار حلاوة 700 غم شوكولاته 1*12,حبة,732,660.101,732,6.53131E-14,0.901777322
26000161,1/22/2026,1021041,شيخ الكار حلاوة 700 غم سادة 1*12,حبة,330,258.824,330,0,0.784315152
26000162,1/27/2026,1011045,عرفة طحينية 900 غم 1*12,حبة,1200,1724.46,1200,0,1.43705
26000163,1/19/2026,1021160,الفاخرة حلاوة 500 غم 1*12,حبة,5928,3880.172,5928,0,0.654549933
26000164,1/19/2026,1021159,الفاخرة حلاوة 300 غم فستق 1*12,حبة,2256,875.696,2256,0,0.388163121
26000165,1/20/2026,1021159,الفاخرة حلاوة 300 غم فستق 1*12,حبة,2844,1103.937,2844,0,0.388163502
26000166,1/20/2026,1011089,جولدن سوان طحينية 450 غم  1*12,حبة,1416,1151.987,1416,0,0.813550141
26000168,1/25/2026,1171020,حلاوة بلك سادة ميار - موسم,kg,85,114.75,85,0,1.35
26000169,1/25/2026,1171028,حلاوة بلك فستق ميار,kg,512,581.445,512,4.23708,1.135634766
26000170,1/25/2026,1021063,شيخ الكار حلاوة 2300 غم فستق 1*4,حبة,393,1059.202,393,0,2.695170483
26000171,1/25/2026,1021031,ميار حلاوة 1200 غم برش فستق 1*6,حبة,461,726.657,461,0,1.576262473
26000172,1/25/2026,1021050,شيخ الكار حلاوة 800 غم سادة 1*12,حبة,1108,1037.92,1108,0,0.936750903
26000173,1/25/2026,1021129,الموسم حلاوة 400 غم سادة دمعة 1*12,حبة,3414,1724.838,3414,0,0.505224956
26000174,1/26/2026,1011028,شيخ الكار طحينية 9 كغم تنك 1*1,تنكة,50,667.685,50,0,13.3537
26000175,1/26/2026,1171020,حلاوة بلك سادة ميار - موسم,kg,421,418.804,421,6.840118,0.994783848
26000176,1/26/2026,1171028,حلاوة بلك فستق ميار,kg,404,428.754,404,5.24564,1.061272277
26000177,1/28/2026,1171022,حلاوة بلك سادة شيخ الكار,kg,3508,3385.959,3508,1.63425E-16,0.965210661
26000178,1/26/2026,1171031,حلاوة بلك فستق شيخ الكار,kg,2421,2685.107,2421,0,1.109090045
26000179,1/26/2026,1171030,حلاوة بلك ملوكي شيخ الكار,kg,169,203.997,169,0,1.20708284
26000180,1/26/2026,1021129,الموسم حلاوة 400 غم سادة دمعة 1*12,حبة,4,1.948,4,0,0.487
26000181,1/26/2026,1021129,الموسم حلاوة 400 غم سادة دمعة 1*12,حبة,44,22.112,44,0,0.502545455
26000182,1/26/2026,1021031,ميار حلاوة 1200 غم برش فستق 1*6,حبة,364,544.308,364,0,1.495351648
26000183,1/26/2026,1021046,شيخ الكار حلاوة 300 غم كاجو 1*12,حبة,600,260.384,600,0,0.433973333
26000184,1/26/2026,1021007,شيخ الكار حلاوة 1 كغم ملوكية بالمكسرات 1*8,حبة,7,9.491,7,0,1.355857143
26000185,1/26/2026,1011090,شيخ الكار طحينية 900 غم 1*12 جديد,حبة,12,16.885,12,0,1.407083333
26000186,1/26/2026,1011063,النور طحينية 500 غم 1*12,حبة,6906,6176.361,6906,0,0.894347089
26000187,1/26/2026,1011059,النور طحينية 1 كغم 1*12,حبة,3300,5625.4,3300,0,1.704666667
26000188,1/22/2026,1171015,طحينية بلك شيخ الكار حجر,kg,40000,60787.854,40000,0,1.51969635
26000189,1/26/2026,1021048,شيخ الكار حلاوة 300 غم سادة 1*12,حبة,1200,443.56,1200,0,0.369633333
26000190,1/26/2026,1021063,شيخ الكار حلاوة 2300 غم فستق 1*4,حبة,424,1175.996,424,0,2.773575472
26000191,1/26/2026,1021039,شيخ الكار حلاوة 700 غم فستق 1*12,حبة,1797,1574.539,1797,0,0.876204229
26000192,1/26/2026,1021041,شيخ الكار حلاوة 700 غم سادة 1*12,حبة,980,768.205,980,0,0.783882653
26000193,1/26/2026,1021060,شيخ الكار حلاوة 1300 غم فستق 1*6,حبة,288,476.752,288,0,1.655388889
26000194,1/27/2026,1011027,شيخ الكار طحينية 18 كغم تنك 1*1,تنكة,100,2865.2,100,0,28.652
26000195,1/27/2026,1011059,النور طحينية 1 كغم 1*12,حبة,4092,7061.428,4092,0,1.725666667
26000196,1/27/2026,1011044,لوكسر طحينية 450 غم 1*12 اصفر,حبة,3828,3103.487,3828,0,0.810733281
26000197,1/27/2026,1171017,طحينية بلك ميار - موسم  كروما,kg,25000,37493,25000,0,1.49972
26000198,1/27/2026,1171020,حلاوة بلك سادة ميار - موسم,kg,1760,1761.976,1760,9.70088,1.001122727
26000199,1/29/2026,1171020,حلاوة بلك سادة ميار - موسم,kg,90,121.5,90,0,1.35
26000200,1/27/2026,1171013,حلاوة بلك رشة فستق ميار,kg,1200,1281.738,1200,0,1.068115
26000201,1/27/2026,1171028,حلاوة بلك فستق ميار,kg,660,752.064,660,0,1.139490909
26000202,1/27/2026,1171022,حلاوة بلك سادة شيخ الكار,kg,2240,2223.37,2240,61.22246,0.992575893
26000203,1/27/2026,1171031,حلاوة بلك فستق شيخ الكار,kg,1345,1602.04,1345,0,1.191107807
26000204,1/27/2026,1171026,حلاوة بلك شوكولاته شيخ الكار,kg,486,567.792,486,0,1.168296296
26000205,1/20/2026,1011018,زيت سيرج 1000 مل 1*1,حبة,2,6.792,2,0,3.396
26000206,1/28/2026,1171020,حلاوة بلك سادة ميار - موسم,kg,6305,6201.115,6305,0,0.983523394
26000207,1/28/2026,1171013,حلاوة بلك رشة فستق ميار,kg,452,484.513,452,0,1.071931416
26000208,1/28/2026,1171028,حلاوة بلك فستق ميار,kg,496,554.563,496,0,1.118070565
26000209,1/27/2026,1021030,ميار حلاوة 550 غم رشة فستق 1*12,حبة,2400,1633.2,2400,0,0.6805
26000210,1/28/2026,1021005,ميار حلاوة 300 غم رشة فستق 1*12,حبة,1680,652.588,1681,0,0.388214158
26000211,1/27/2026,1021031,ميار حلاوة 1200 غم برش فستق 1*6,حبة,594,932.956,594,0,1.570632997
26000212,1/27/2026,1021011,شيخ الكار حلاوة 6 كغم فستق 1*4,حبة,148,1155.658,148,0,7.8085
26000213,1/27/2026,1021039,شيخ الكار حلاوة 700 غم فستق 1*12,حبة,714,663.014,714,0,0.928591036
26000214,1/27/2026,1021052,شيخ الكار حلاوة 4 كغم سادة تنك 1*1,تنكة,116,220.586,116,0,1.901603448
26000215,1/27/2026,1021038,شيخ الكار حلاوة 700 غم شوكولاته 1*12,حبة,759,693.629,759,6.63931E-14,0.9138722
26000216,1/28/2026,1011027,شيخ الكار طحينية 18 كغم تنك 1*1,تنكة,150,4297.8,150,0,28.652
26000217,1/28/2026,1011058,النور طحينية 7 كغم 1*1,تنكة,51,587.01,51,0,11.51
26000218,1/28/2026,1011044,لوكسر طحينية 450 غم 1*12 اصفر,حبة,8028,6500.539,8028,0,0.809733308
26000219,1/28/2026,1011059,النور طحينية 1 كغم 1*12,حبة,1,1.726,1,0,1.726
26000220,1/28/2026,1011063,النور طحينية 500 غم 1*12,حبة,1,0.905,1,0,0.905
26000221,1/28/2026,1021031,ميار حلاوة 1200 غم برش فستق 1*6,حبة,447,701.964,447,0,1.570389262
26000222,1/28/2026,1021003,شيخ الكار حلاوة 5 كغم سادة (الولاء) 1*1,حبة,1073,5993.658,1073,0,5.585888164
26000223,1/20/2026,1171018,زيت سيرج بلك,kg,162,535.876,162,0,3.307876543
26000224,1/29/2026,1011035,شيخ الكار طحينية 18 كغم سطل 1*1,تنكة,1,29.066,1,0,29.066
26000225,1/29/2026,1011044,لوكسر طحينية 450 غم 1*12 اصفر,حبة,3984,3225.978,3984,0,0.809733434
26000226,1/29/2026,1011008,ميار طحينية 550 غم 1*12,حبة,200,172.931,200,0,0.864655
26000227,1/29/2026,1011004,الموسم طحينية 900 غم 1*12,حبة,1200,1673.14,1200,0,1.394283333
26000228,1/28/2026,1021003,شيخ الكار حلاوة 5 كغم سادة (الولاء) 1*1,حبة,1073,0,1073,0,0
26000229,1/12/2026,1171018,زيت سيرج بلك,kg,162,550.363,162,0,3.397302469
26000230,1/28/2026,1021003,شيخ الكار حلاوة 5 كغم سادة (الولاء) 1*1,حبة,1073,6046.794,1073,0,5.635409133
26000231,1/29/2026,1171020,حلاوة بلك سادة ميار - موسم,kg,3150,3077.758,3150,0.406169,0.977066032
26000232,1/29/2026,1021003,شيخ الكار حلاوة 5 كغم سادة (الولاء) 1*1,حبة,630,3550.56,630,0,5.635809524
26000233,1/31/2026,1011022,شيخ الكار طحينية 3500 غم 1*4,حبة,200,1220.7,200,0,6.1035
26000234,1/31/2026,1011021,شيخ الكار طحينية 5 كغم 1*4,حبة,200,1757.45,200,0,8.78725
26000235,1/31/2026,1011050,سيلك رود طحينية 1 كغم مطرة 1*12,حبة,1080,1801.35,1080,0,1.667916667
26000236,2/1/2026,1011007,ميار طحينية 900 غم مطرة 1*12,حبة,3600,4975.02,3600,0,1.38195
26000237,1/31/2026,1011005,ميار طحينية 250 غم 1*12,حبة,3000,1268.73,3000,0,0.42291
26000238,1/29/2026,1011008,ميار طحينية 550 غم 1*12,حبة,2200,1902.373,2200,0,0.864715
26000239,2/1/2026,1011007,ميار طحينية 900 غم مطرة 1*12,حبة,972,1343.255,972,0,1.381949588
26000240,2/1/2026,1011050,سيلك رود طحينية 1 كغم مطرة 1*12,حبة,1140,1901.425,1140,0,1.667916667
26000241,2/1/2026,1011047,الميلاد طحينية 900 غم قارورة 1*12,حبة,1200,1674.3,1200,0,1.39525
26000242,2/1/2026,1011116,الميلاد طحينية 300 غم مطرة 1*12 قارورة,حبة,1200,566.68,1200,0,0.472233333
26000243,2/1/2026,1011006,شيخ الكار طحينية 300 غم 1*12 جديد,حبة,1800,836.262,1800,0,0.46459
26000244,2/1/2026,1011020,شيخ الكار طحينية 800 غم 1*12,حبة,960,1335.92,960,0,1.391583333
26000245,2/1/2026,1011027,شيخ الكار طحينية 18 كغم تنك 1*1,تنكة,100,2865.2,100,0,28.652
26000246,2/2/2026,1011005,ميار طحينية 250 غم 1*12,حبة,3588,1530.013,3588,0,0.426425028
26000247,1/31/2026,1171022,حلاوة بلك سادة شيخ الكار,kg,4883.5,9511.818,4883.5,4798.202817,1.947746084
26000248,1/31/2026,1171031,حلاوة بلك فستق شيخ الكار,kg,3968,14064.548,3968,9238.165068,3.544492944
26000249,1/31/2026,1171026,حلاوة بلك شوكولاته شيخ الكار,kg,984,1112.09,984,0,1.130172764
26000250,1/31/2026,1171020,حلاوة بلك سادة ميار - موسم,kg,1752.5,1740.696,1752.5,10.9054,0.993264479
26000251,1/31/2026,1171013,حلاوة بلك رشة فستق ميار,kg,493,523.022,493,0,1.060896552
26000252,1/31/2026,1171028,حلاوة بلك فستق ميار,kg,323,398.583,323,0,1.234003096
26000253,1/31/2026,1021038,شيخ الكار حلاوة 700 غم شوكولاته 1*12,حبة,1536,1366.451,1536,0,0.889616536
26000254,1/31/2026,1021031,ميار حلاوة 1200 غم برش فستق 1*6,حبة,288,485.269,288,0,1.684961806
26000255,1/31/2026,1021024,الموسم حلاوة 6 كغم فستق 1*4,حبة,388,2849.084,388,0,7.343
26000256,1/31/2026,1021005,ميار حلاوة 300 غم رشة فستق 1*12,حبة,1824,706.377,1824,0,0.387268092
26000257,1/31/2026,1021063,شيخ الكار حلاوة 2300 غم فستق 1*4,حبة,196,544.9,196,0,2.780102041
26000258,1/31/2026,1021011,شيخ الكار حلاوة 6 كغم فستق 1*4,حبة,200,1466.9,200,0,7.3345
26000259,2/1/2026,1171022,حلاوة بلك سادة شيخ الكار,kg,5336,10270.544,5336,5120.035194,1.924764618
26000260,2/1/2026,1011050,سيلك رود طحينية 1 كغم مطرة 1*12,حبة,120,197.84,120,0,1.648666667
26000261,1/31/2026,1021003,شيخ الكار حلاوة 5 كغم سادة (الولاء) 1*1,حبة,169,962.442,169,0,5.694923077
26000262,2/1/2026,1171031,حلاوة بلك فستق شيخ الكار,kg,4878,5407.668,4878,0,1.108583026
26000263,2/1/2026,1171029,حلاوة بلك رشة شيخ الكار,kg,516,549.048,516,0,1.064046512
26000264,2/1/2026,1171020,حلاوة بلك سادة ميار - موسم,kg,1407,1334.022,1407,0,0.948132196
26000265,2/1/2026,1171028,حلاوة بلك فستق ميار,kg,1416,1467.495,1416,0,1.036366525
26000266,2/2/2026,1021024,الموسم حلاوة 6 كغم فستق 1*4,حبة,416,3047.2,416,0,7.325
26000267,2/2/2026,1021011,شيخ الكار حلاوة 6 كغم فستق 1*4,حبة,100,731.65,100,0,7.3165
26000268,2/2/2026,1021039,شيخ الكار حلاوة 700 غم فستق 1*12,حبة,2700,2365.677,2700,0,0.876176667
26000269,2/2/2026,1021043,شيخ الكار حلاوة 300 غم رشة فستق 1*12,حبة,1800,718.512,1800,0,0.399173333
26000270,2/2/2026,1021020,ميار حلاوة 2200 غم برش فستق 1*4,حبة,528,1271.701,528,0,2.408524621
26000271,2/3/2026,1021050,شيخ الكار حلاوة 800 غم سادة 1*12,حبة,840,799.639,840,0,0.95195119
26000272,2/2/2026,1171022,حلاوة بلك سادة شيخ الكار,kg,1285,1271.521,1285,31.161395,0.989510506
26000273,2/2/2026,1011027,شيخ الكار طحينية 18 كغم تنك 1*1,تنكة,150,4297.8,150,0,28.652
26000274,2/2/2026,1011088,الموسم طحينية 800 غم  1*12,حبة,600,791.51,600,0,1.319183333
26000275,2/2/2026,1021011,شيخ الكار حلاوة 6 كغم فستق 1*4,حبة,100,0,100,0,0
26000276,2/2/2026,1171022,حلاوة بلك سادة شيخ الكار,kg,5285,5128.189,5285,26.91205,0.970329044
26000277,2/2/2026,1171031,حلاوة بلك فستق شيخ الكار,kg,5360,6304.245,5360,20.87856,1.176165112
26000278,2/2/2026,1021050,شيخ الكار حلاوة 800 غم سادة 1*12,حبة,372,351.174,372,0,0.944016129
26000279,2/2/2026,1021085,الميلاد حلاوة 1300 غم فستق 1*6,حبة,600,959.394,600,0,1.59899
26000280,2/2/2026,1021090,الميلاد حلاوة 300 غم 1*12  فستق,حبة,2424,1138.755,2424,0,0.469783416
26000281,2/2/2026,1021084,الميلاد حلاوة 2300 غم فستق 1*4,حبة,400,1161.63,400,0,2.904075
26000282,2/2/2026,1021142,الميلاد حلاوة 1500 غم فستق 1*6,حبة,954,2058.255,954,0,2.1575
26000283,2/3/2026,1171020,حلاوة بلك سادة ميار - موسم,kg,1339,1324.902,1339,2.643842,0.989471247
26000284,2/3/2026,1021031,ميار حلاوة 1200 غم برش فستق 1*6,حبة,960,1476.906,960,0,1.53844375
26000285,2/3/2026,1171028,حلاوة بلك فستق ميار,kg,1351,1508.349,1351,0,1.116468542
26000286,2/3/2026,1021039,شيخ الكار حلاوة 700 غم فستق 1*12,حبة,1440,1316.895,1440,0,0.914510417
26000287,2/3/2026,1011088,الموسم طحينية 800 غم  1*12,حبة,1320,1741.322,1320,0,1.319183333
26000288,2/4/2026,1011101,الموسم طحينية 400 غم 1*12,حبة,3648,2442.154,3648,0,0.66945011
26000289,2/3/2026,1011093,الموسم طحينية 250 غم 1*12,حبة,1908,1017.04,1908,0,0.533039832
26000290,2/3/2026,1011020,شيخ الكار طحينية 800 غم 1*12,حبة,1056,1469.512,1056,0,1.391583333
26000291,2/3/2026,1011021,شيخ الكار طحينية 5 كغم 1*4,حبة,16,140.596,16,0,8.78725
26000292,1/12/2026,1021137,الموسم حلاوة 800 غم فستق دمعة 1*12,حبة,1,1.028,1,0,1.028
26000293,2/2/2026,1011087,تمور البركة طحينية 400 غم *12,حبة,2148,1613.9,2148,0,0.751350093
26000294,2/3/2026,1171015,طحينية بلك شيخ الكار حجر,kg,24000,36725.671,24000,257.6,1.530236292
26000295,2/4/2026,1021031,ميار حلاوة 1200 غم برش فستق 1*6,حبة,258,396.918,258,0,1.53844186
26000296,2/4/2026,1011009,الموسم طحينية 900 غم مطرة 1*1,حبة,1200,1702.74,1200,0,1.41895
26000297,2/4/2026,1011005,ميار طحينية 250 غم 1*12,حبة,396,167.472,396,0,0.422909091
26000298,2/4/2026,1021039,شيخ الكار حلاوة 700 غم فستق 1*12,حبة,2580,2438.865,2580,0,0.945296512
26000299,2/4/2026,1021045,شيخ الكار حلاوة 200 غم سادة 1*12,حبة,2160,625.194,2160,0,0.289441667
26000300,2/4/2026,1021044,شيخ الكار حلاوة 200 غم فستق 1*12,حبة,2160,757.818,2160,0,0.350841667
26000301,2/4/2026,1021060,شيخ الكار حلاوة 1300 غم فستق 1*6,حبة,480,0,480,0,0
26000302,2/4/2026,1171022,حلاوة بلك سادة شيخ الكار,kg,2144,5287.362,2144,3218.930012,2.466120336
26000303,2/4/2026,1171031,حلاوة بلك فستق شيخ الكار,kg,2068,2560.488,2068,5.109072,1.238147002
26000304,2/4/2026,1011093,الموسم طحينية 250 غم 1*12,حبة,132,68.757,132,0,0.520886364
26000305,2/4/2026,1011101,الموسم طحينية 400 غم 1*12,حبة,144,94.133,144,0,0.653701389
26000306,2/4/2026,1011027,شيخ الكار طحينية 18 كغم تنك 1*1,تنكة,445,12236.165,445,0,27.497
26000307,2/4/2026,1011088,الموسم طحينية 800 غم  1*12,حبة,240,316.604,240,0,1.319183333
26000308,2/4/2026,1171017,طحينية بلك ميار - موسم  كروما,kg,20000,59659.8,20000,29742.4,2.98299
26000309,2/4/2026,1171017,طحينية بلك ميار - موسم  كروما,kg,2000,2564,2000,0,1.282
26000310,2/5/2026,1171017,طحينية بلك ميار - موسم  كروما,kg,10000,14958.7,10000,0,1.49587
26000311,2/4/2026,1021031,ميار حلاوة 1200 غم برش فستق 1*6,حبة,480,775.216,480,0,1.615033333
26000312,2/3/2026,1021041,شيخ الكار حلاوة 700 غم سادة 1*12,حبة,1524,1218.25,1524,0,0.79937664
26000313,2/4/2026,1021038,شيخ الكار حلاوة 700 غم شوكولاته 1*12,حبة,720,642.828,720,0,0.892816667
26000314,2/4/2026,1021060,شيخ الكار حلاوة 1300 غم فستق 1*6,حبة,219,384.954,219,0,1.757780822
26000315,2/4/2026,1021030,ميار حلاوة 550 غم رشة فستق 1*12,حبة,1200,942,1200,0,0.785
26000316,2/3/2026,1171020,حلاوة بلك سادة ميار - موسم,kg,1339,2648.51,1339,1315.969129,1.977976102
26000317,2/3/2026,1171028,حلاوة بلك فستق ميار,kg,1351,1537.751,1351,0,1.13823168
26000318,2/3/2026,1171022,حلاوة بلك سادة شيخ الكار,kg,2161,2141.774,2161,56.77049,0.991103193
26000319,2/3/2026,1171026,حلاوة بلك شوكولاته شيخ الكار,kg,465,536.399,465,0,1.153546237
26000320,2/4/2026,1011087,تمور البركة طحينية 400 غم *12,حبة,6132,4607.278,6132,0,0.751349967
26000321,1/14/2026,1011101,الموسم طحينية 400 غم 1*12,حبة,1572,0,1572,0,0
26000322,1/14/2026,1011101,الموسم طحينية 400 غم 1*12,حبة,1572,1027.616,1572,0,0.653699746
26000323,2/4/2026,1171022,حلاوة بلك سادة شيخ الكار,kg,4830,4734.079,4830,74.443199,0.98014058
26000324,2/4/2026,1171031,حلاوة بلك فستق شيخ الكار,kg,773,927.929,773,0,1.200425614
26000325,2/4/2026,1171026,حلاوة بلك شوكولاته شيخ الكار,kg,487,555.391,487,0,1.140433265
26000326,2/4/2026,1171020,حلاوة بلك سادة ميار - موسم,kg,1123,1328.812,1123,211.251277,1.183269813
26000327,2/4/2026,1171028,حلاوة بلك فستق ميار,kg,531,686.169,531,0,1.292220339
26000328,2/4/2026,1171013,حلاوة بلك رشة فستق ميار,kg,600,766.692,600,0,1.27782
26000329,2/5/2026,1171022,حلاوة بلك سادة شيخ الكار,kg,2186,2194.939,2186,85.946394,1.004089204
26000330,2/5/2026,1171031,حلاوة بلك فستق شيخ الكار,kg,453,506.821,453,0,1.118810155
26000331,2/5/2026,1171026,حلاوة بلك شوكولاته شيخ الكار,kg,967,1087.227,967,0,1.124329886
26000332,2/5/2026,1171020,حلاوة بلك سادة ميار - موسم,kg,380,406.481,380,28.140991,1.069686842
26000333,2/4/2026,1171016,حلاوة بلك دايت,kg,270,637.809,270,50.924315,2.362255556
26000334,2/5/2026,1011028,شيخ الكار طحينية 9 كغم تنك 1*1,تنكة,240,3673.008,240,0,15.3042
26000335,2/5/2026,1011088,الموسم طحينية 800 غم  1*12,حبة,960,1231.856,960,0,1.283183333
26000336,2/5/2026,1011087,تمور البركة طحينية 400 غم *12,حبة,2568,1929.467,2568,0,0.751350078
26000337,2/5/2026,1011095,الافندي طحينية 500 غم 1*12,حبة,600,542.3,600,0,0.903833333
26000338,2/6/2026,1171022,حلاوة بلك سادة شيخ الكار,kg,3895,3811.112,3895,53.384749,0.978462644
26000339,2/6/2026,1171031,حلاوة بلك فستق شيخ الكار,kg,2661,3024.486,2661,0,1.13659752
26000340,2/6/2026,1171020,حلاوة بلك سادة ميار - موسم,kg,2694,2653.065,2694,1.773476,0.984805122
26000341,2/6/2026,1171028,حلاوة بلك فستق ميار,kg,2715,3049.263,2715,0,1.123117127
26000342,2/6/2026,1171031,حلاوة بلك فستق شيخ الكار,kg,2661,0,2661,0,0
26000343,2/6/2026,1171031,حلاوة بلك فستق شيخ الكار,kg,2661,3173.022,2661,0,1.192417136
26000344,2/5/2026,1021050,شيخ الكار حلاوة 800 غم سادة 1*12,حبة,1200,1144.34,1200,0,0.953616667
26000345,2/5/2026,1021041,شيخ الكار حلاوة 700 غم سادة 1*12,حبة,504,401.273,504,0,0.796176587
26000346,2/5/2026,1021052,شيخ الكار حلاوة 4 كغم سادة تنك 1*1,تنكة,116,219.843,116,0,1.895198276
26000347,2/5/2026,1021060,شيخ الكار حلاوة 1300 غم فستق 1*6,حبة,476,828.417,476,0,1.740371849
26000348,2/5/2026,1021020,ميار حلاوة 2200 غم برش فستق 1*4,حبة,120,326.319,120,0,2.719325
26000349,2/7/2026,1021039,شيخ الكار حلاوة 700 غم فستق 1*12,حبة,2052,1889.844,2052,0,0.920976608
26000350,2/7/2026,1021063,شيخ الكار حلاوة 2300 غم فستق 1*4,حبة,400,1170.33,400,0,2.925825
26000351,2/7/2026,1021041,شيخ الكار حلاوة 700 غم سادة 1*12,حبة,1440,1146.494,1440,0,0.796176389
26000352,2/7/2026,1021038,شيخ الكار حلاوة 700 غم شوكولاته 1*12,حبة,468,417.838,468,0,0.892816239
26000353,2/7/2026,1021020,ميار حلاوة 2200 غم برش فستق 1*4,حبة,420,1142.117,420,0,2.71932619
26000354,2/7/2026,1021161,الموسم حلاوة 1200 غم برش فستق 1*6,حبة,1206,1912.326,1206,0,1.585676617
26000355,2/7/2026,1021047,شيخ الكار حلاوة 400 غم سادة دايت 1*12,حبة,670,698.39,670,0,1.042373134
26000356,2/7/2026,1011035,شيخ الكار طحينية 18 كغم سطل 1*1,تنكة,167,4566.114,167,0,27.342
26000357,2/7/2026,1011033,شيخ الكار طحينية 15 كغم تنك 1*1,تنكة,160,3648.12,160,0,22.80075
26000358,2/7/2026,1011090,شيخ الكار طحينية 900 غم 1*12 جديد,حبة,1680,2404.085,1680,0,1.431002976
26000359,2/8/2026,1011098,الافندي طحينية 250 غم 1*12,حبة,1200,503.627,1200,0,0.419689167
26000360,2/7/2026,1021017,ميار حلاوة 2300 غم رشة فستق 1*4,حبة,250,641.25,250,0,2.565
26000361,2/7/2026,1171020,حلاوة بلك سادة ميار - موسم,kg,3119,3103.994,3119,3.45544E-13,0.995188843
26000362,2/7/2026,1171028,حلاوة بلك فستق ميار,kg,2305,2581.278,2305,0,1.119860304
26000363,2/8/2026,1141003,سمسم محمص 50 كغم,kg,1000,1513.615,1000,0,1.513615
26000364,2/7/2026,1171022,حلاوة بلك سادة شيخ الكار,kg,2204,4292.252,2205,2170.273152,1.946599546
26000365,2/8/2026,1021053,شيخ الكار حلاوة 3 كغم شوكولاته 1*6,حبة,1,3.743,1,0,3.743
26000366,2/8/2026,1021063,شيخ الكار حلاوة 2300 غم فستق 1*4,حبة,429,1255.137,429,0,2.925727273
26000367,2/8/2026,1021005,ميار حلاوة 300 غم رشة فستق 1*12,حبة,3108,1282.527,3108,0,0.412653475
26000368,2/8/2026,1021050,شيخ الكار حلاوة 800 غم سادة 1*12,حبة,960,915.472,960,0,0.953616667
26000369,2/7/2026,1171015,طحينية بلك شيخ الكار حجر,kg,20000,30272.291,20000,0,1.51361455
26000370,2/7/2026,1171013,حلاوة بلك رشة فستق ميار,kg,839,978.393,839,0,1.166141836
26000371,2/8/2026,1011090,شيخ الكار طحينية 900 غم 1*12 جديد,حبة,3132,4468.79,3132,0,1.426816731
26000372,2/8/2026,1011007,ميار طحينية 900 غم مطرة 1*12,حبة,2400,3343.2,0,3343.2,0
26000373,2/8/2026,1011008,ميار طحينية 550 غم 1*12,حبة,1200,1033.62,0,1033.62,0
26000374,2/8/2026,1011035,شيخ الكار طحينية 18 كغم سطل 1*1,تنكة,167,4551.084,167,0,27.252
26000375,2/8/2026,1011021,شيخ الكار طحينية 5 كغم 1*4,حبة,1,8.135,1,0,8.135
26000376,2/8/2026,1011035,شيخ الكار طحينية 18 كغم سطل 1*1,تنكة,2,56.83,2,0,28.415
26000377,2/7/2026,1171031,حلاوة بلك فستق شيخ الكار,kg,913,1133.676,913,0,1.241704272
26000378,2/7/2026,1171026,حلاوة بلك شوكولاته شيخ الكار,kg,934,1082.314,934,0,1.158794433
26000379,2/9/2026,1011027,شيخ الكار طحينية 18 كغم تنك 1*1,تنكة,150,4279.542,150,0,28.53028
26000380,2/9/2026,1011008,ميار طحينية 550 غم 1*12,حبة,1200,0,0,0,0
26000381,2/9/2026,1011007,ميار طحينية 900 غم مطرة 1*12,حبة,2400,0,0,0,0
26000382,2/8/2026,1011007,ميار طحينية 900 غم مطرة 1*12,حبة,2400,3343.2,2400,0,1.393
26000383,2/8/2026,1011008,ميار طحينية 550 غم 1*12,حبة,1200,1033.62,1200,0,0.86135
26000384,1/12/2026,1011003,الموسم طحينية 18 كغم تنك 1*1,حبة,15,423.66,15,0,28.244
26000385,2/9/2026,1021050,شيخ الكار حلاوة 800 غم سادة 1*12,حبة,1920,1830.944,1920,0,0.953616667
26000386,2/9/2026,1021062,شيخ الكار حلاوة 800 غم فستق 1*12,حبة,960,1085.2,960,0,1.130416667
26000387,2/9/2026,1021020,ميار حلاوة 2200 غم برش فستق 1*4,حبة,540,1172.624,540,0,2.171525926
26000388,2/9/2026,1021137,الموسم حلاوة 800 غم فستق دمعة 1*12,حبة,960,1008.112,960,0,1.050116667
26000389,2/9/2026,1021052,شيخ الكار حلاوة 4 كغم سادة تنك 1*1,تنكة,210,397.992,210,0,1.8952
26000390,2/9/2026,1011036,قاسيون طحينية 1كغم مطرة 1*12,حبة,1200,1971.2,1200,0,1.642666667
26000391,2/9/2026,1021044,شيخ الكار حلاوة 200 غم فستق 1*12,حبة,2160,773.37,2160,0,0.358041667
26000392,2/9/2026,1021038,شيخ الكار حلاوة 700 غم شوكولاته 1*12,حبة,1884,1695.33,1884,0,0.899856688
26000393,2/9/2026,1021041,شيخ الكار حلاوة 700 غم سادة 1*12,حبة,588,468.152,588,0,0.796176871
26000394,2/9/2026,1011027,شيخ الكار طحينية 18 كغم تنك 1*1,تنكة,100,2852.3,100,0,28.523
26000395,2/9/2026,1011007,ميار طحينية 900 غم مطرة 1*12,حبة,1800,2507.4,1800,0,1.393
26000396,2/9/2026,1011035,شيخ الكار طحينية 18 كغم سطل 1*1,تنكة,192,5559.936,192,0,28.958
26000397,1/22/2026,1021043,شيخ الكار حلاوة 300 غم رشة فستق 1*12,حبة,550,215.474,550,0,0.391770909
26000398,2/9/2026,1021054,شيخ الكار حلاوة 3 كغم فستق 1*6,حبة,2,8.33,2,0,4.165
26000399,2/9/2026,1011028,شيخ الكار طحينية 9 كغم تنك 1*1,تنكة,1,13.478,1,0,13.478
26000400,2/9/2026,1011027,شيخ الكار طحينية 18 كغم تنك 1*1,تنكة,135,3850.605,135,0,28.523
26000401,2/9/2026,1011015,الموسم طحينية 9 كغم تنك 1*1,حبة,240,3254.04,240,0,13.5585
26000402,2/9/2026,1011005,ميار طحينية 250 غم 1*12,حبة,2800,1188.236,2800,0,0.42437
26000403,2/8/2026,1171020,حلاوة بلك سادة ميار - موسم,kg,1735.5,1749.101,1735.5,26.382535,1.007836935
26000404,2/10/2026,1011007,ميار طحينية 900 غم مطرة 1*12,حبة,600,835.8,600,0,1.393
26000405,2/10/2026,1011027,شيخ الكار طحينية 18 كغم تنك 1*1,تنكة,250,979.25,250,0,3.917
26000406,2/10/2026,1011035,شيخ الكار طحينية 18 كغم سطل 1*1,تنكة,48,208.896,48,0,4.352
26000407,2/10/2026,1011022,شيخ الكار طحينية 3500 غم 1*4,حبة,3,4.289,3,0,1.429666667
26000408,2/10/2026,1171015,طحينية بلك شيخ الكار حجر,kg,15000,85.848,15000,0,0.0057232
26000409,2/10/2026,1011123,الفاخرة طحينية  900 غ 1*12,حبة,4032,2507.366,4032,0,0.621866567
26000410,2/10/2026,1021161,الموسم حلاوة 1200 غم برش فستق 1*6,حبة,1896,2730.746,1896,0,1.440266878
26000411,2/10/2026,1021005,ميار حلاوة 300 غم رشة فستق 1*12,حبة,3012,887.767,3012,0,0.29474336
26000412,2/11/2026,1021030,ميار حلاوة 550 غم رشة فستق 1*12,حبة,1200,613.622,1200,0,0.511351667
26000413,2/10/2026,1171020,حلاوة بلك سادة ميار - موسم,kg,3101,948.97,3101,11.449701,0.306020639
26000414,2/10/2026,1171013,حلاوة بلك رشة فستق ميار,kg,1411,1034.29,1411,0,0.733019135
26000415,2/10/2026,1171028,حلاوة بلك فستق ميار,kg,1718,1321.329,1718,0,0.769108847
26000416,2/8/2026,1171022,حلاوة بلك سادة شيخ الكار,kg,2172,671.137,2172,21.080712,0.308994936
26000417,2/10/2026,1171031,حلاوة بلك فستق شيخ الكار,kg,1807,1725.978,1807,0,0.955162147
26000418,2/10/2026,1171026,حلاوة بلك شوكولاته شيخ الكار,kg,423,341.133,423,0,0.806460993
26000419,2/9/2026,1171022,حلاوة بلك سادة شيخ الكار,kg,5695,1745.132,5695,40.56273,0.306432309
26000420,2/9/2026,1171031,حلاوة بلك فستق شيخ الكار,kg,3960,2337.412,3960,0,0.590255556
26000421,2/9/2026,1171026,حلاوة بلك شوكولاته شيخ الكار,kg,474,263.87,474,0,0.556687764
26000422,2/9/2026,1171029,حلاوة بلك رشة شيخ الكار,kg,486,262.514,486,0,0.540152263
26000423,2/9/2026,1171020,حلاوة بلك سادة ميار - موسم,kg,2162,678.634,2162,25.081386,0.313891767
26000424,2/9/2026,1171013,حلاوة بلك رشة فستق ميار,kg,706,462.702,706,0,0.655385269
26000425,2/9/2026,1171028,حلاوة بلك فستق ميار,kg,1476,885.456,1476,0,0.599902439
26000426,2/11/2026,1021039,شيخ الكار حلاوة 700 غم فستق 1*12,حبة,3528,2341.522,3528,0,0.663696712
26000427,2/11/2026,1021041,شيخ الكار حلاوة 700 غم سادة 1*12,حبة,660,277.528,660,0,0.42049697
26000428,2/11/2026,1021024,الموسم حلاوة 6 كغم فستق 1*4,حبة,388,2069.204,388,0,5.333
26000429,2/11/2026,1021043,شيخ الكار حلاوة 300 غم رشة فستق 1*12,حبة,1800,462.39,1800,0,0.256883333
26000430,2/11/2026,1021005,ميار حلاوة 300 غم رشة فستق 1*12,حبة,2904,787.72,2904,0,0.271253444
26000431,2/10/2026,1171013,حلاوة بلك رشة فستق ميار,kg,80,45.386,80,0,0.567325
26000432,2/11/2026,1011007,ميار طحينية 900 غم مطرة 1*12,حبة,984,1370.712,984,0,1.393
26000433,2/11/2026,1011008,ميار طحينية 550 غم 1*12,حبة,2448,2108.585,2448,0,0.861350082
26000434,2/11/2026,1011024,شيخ الكار طحينية 250 غم 1*12,حبة,2148,315.398,2148,0,0.146833333
26000435,2/11/2026,1011094,شيخ الكار طحينية 500 غم 1*12,حبة,8,1.325,8,0,0.165625
26000436,2/11/2026,1021161,الموسم حلاوة 1200 غم برش فستق 1*6,حبة,480,620.751,480,0,1.29323125
26000437,2/11/2026,1021011,شيخ الكار حلاوة 6 كغم فستق 1*4,حبة,336,1789.032,336,0,5.3245
26000438,2/11/2026,1021036,شيخ الكار حلاوة 400 غم شوكولاته 1*12,حبة,3348,1557.992,3348,0,0.46535006
26000439,2/11/2026,1021038,شيخ الكار حلاوة 700 غم شوكولاته 1*12,حبة,540,404.015,540,0,0.748175926
26000440,2/8/2026,1171017,طحينية بلك ميار - موسم  كروما,kg,20000,29917.4,20000,0,1.49587
26000441,2/11/2026,1011024,شيخ الكار طحينية 250 غم 1*12,حبة,852,415.421,852,0,0.487583333
26000442,2/11/2026,1021030,ميار حلاوة 550 غم رشة فستق 1*12,حبة,5136,2942.928,5136,0,0.573
26000443,2/11/2026,1021060,شيخ الكار حلاوة 1300 غم فستق 1*6,حبة,282,492.271,282,0,1.745641844
26000444,2/11/2026,1021020,ميار حلاوة 2200 غم برش فستق 1*4,حبة,1240,2703.322,1240,0,2.180098387
26000445,2/11/2026,1021063,شيخ الكار حلاوة 2300 غم فستق 1*4,حبة,6,17.524,6,0,2.920666667
26000446,2/11/2026,1021060,شيخ الكار حلاوة 1300 غم فستق 1*6,حبة,9,15.705,9,0,1.745
26000447,2/11/2026,1021054,شيخ الكار حلاوة 3 كغم فستق 1*6,حبة,1,4.099,1,0,4.099
26000448,2/11/2026,1021060,شيخ الكار حلاوة 1300 غم فستق 1*6,حبة,84,149.862,84,0,1.784071429
26000449,2/11/2026,1021036,شيخ الكار حلاوة 400 غم شوكولاته 1*12,حبة,108,51.835,108,0,0.479953704
26000450,2/11/2026,1171022,حلاوة بلك سادة شيخ الكار,kg,5565,6105.089,5565,155.964056,1.097051033
26000451,2/11/2026,1171031,حلاوة بلك فستق شيخ الكار,kg,5523,6595.752,5523,0,1.194233569
26000452,2/11/2026,1171029,حلاوة بلك رشة شيخ الكار,kg,106,128.352,106,0,1.210867925
26000453,2/11/2026,1171026,حلاوة بلك شوكولاته شيخ الكار,kg,40,44.087,40,0,1.102175
26000454,2/11/2026,1171020,حلاوة بلك سادة ميار - موسم,kg,2634,2607.426,2634,18.200886,0.989911162
26000455,2/11/2026,1171028,حلاوة بلك فستق ميار,kg,79,77.098,79,0,0.975924051
26000456,2/11/2026,1171013,حلاوة بلك رشة فستق ميار,kg,2571,2197.356,2571,0,0.854669778
26000457,2/11/2026,1171015,طحينية بلك شيخ الكار حجر,kg,20000,34772.875,20000,0,1.73864375
26000458,2/11/2026,1011053,شتلة طحينية 800 غم 1*12,حبة,300,458.635,300,0,1.528783333
26000459,2/11/2026,1011054,شتلة طحينية 400 غم 1*12,حبة,300,251.205,300,0,0.83735
26000460,2/14/2026,1011008,ميار طحينية 550 غم 1*12,حبة,1512,1302.361,1512,1.69962E-13,0.861349868
26000461,2/14/2026,1011005,ميار طحينية 250 غم 1*12,حبة,4044,3066.97,4044,0,0.758400099
26000462,2/14/2026,1011123,الفاخرة طحينية  900 غ 1*12,حبة,1644,2883.275,1644,0,1.75381691
26000463,2/14/2026,1011007,ميار طحينية 900 غم مطرة 1*12,حبة,3600,5014.8,3600,0,1.393
26000464,2/14/2026,1021060,شيخ الكار حلاوة 1300 غم فستق 1*6,حبة,1200,2211.528,1200,0,1.84294
26000465,2/14/2026,1021052,شيخ الكار حلاوة 4 كغم سادة تنك 1*1,تنكة,211,403.474,211,0,1.912199052
26000466,2/14/2026,1021024,الموسم حلاوة 6 كغم فستق 1*4,حبة,168,1375.92,168,0,8.19
26000467,2/13/2026,1171022,حلاوة بلك سادة شيخ الكار,kg,11302,11854.332,11302,0,1.048870288
26000468,2/13/2026,1171031,حلاوة بلك فستق شيخ الكار,kg,9526,12472.784,9526,0,1.309341172
26000469,2/13/2026,1171029,حلاوة بلك رشة شيخ الكار,kg,1941,2230.764,1941,0,1.149285935
26000470,2/14/2026,1021159,الفاخرة حلاوة 300 غم فستق 1*12,حبة,7188,2925.971,7188,0,0.4070633
26000471,2/11/2026,1011089,جولدن سوان طحينية 450 غم  1*12,حبة,4908,4467.752,4908,0,0.910299919
26000472,2/14/2026,1011008,ميار طحينية 550 غم 1*12,حبة,72,62.013,72,0,0.861291667
26000473,2/14/2026,1171018,زيت سيرج بلك,kg,100,381.48,100,0,3.8148
26000474,2/14/2026,1171018,زيت سيرج بلك,kg,73,248.708,73,0,3.406958904
26000475,2/14/2026,1011021,شيخ الكار طحينية 5 كغم 1*4,حبة,1,9.857,1,0,9.857
26000476,2/15/2026,1011028,شيخ الكار طحينية 9 كغم تنك 1*1,تنكة,240,3686.952,240,0,15.3623
26000477,2/15/2026,1011121,الفاخرة طحينية 270 غم 1*12,حبة,6000,3388.58,6000,0,0.564763333
26000478,2/15/2026,1011020,شيخ الكار طحينية 800 غم 1*12,حبة,1056,1650.299,1056,0,1.562783144
26000479,2/15/2026,1011020,شيخ الكار طحينية 800 غم 1*12,حبة,156,243.794,156,0,1.562782051
26000480,2/15/2026,1011026,شيخ الكار طحينية 400 غم 1*12,حبة,816,670.834,816,0,0.82210049
26000481,2/16/2026,1171022,حلاوة بلك سادة شيخ الكار,kg,3040,3328.437,3040,78.699397,1.094880592
26000482,2/15/2026,1171020,حلاوة بلك سادة ميار - موسم,kg,455,446.531,455,0.336375,0.981386813
26000483,2/15/2026,1171013,حلاوة بلك رشة فستق ميار,kg,458,415.831,458,0,0.907927948
26000484,2/15/2026,1021039,شيخ الكار حلاوة 700 غم فستق 1*12,حبة,972,948.066,972,0,0.975376543
26000485,2/15/2026,1011124,جولدن سوان طحينية 900 غم مطرة 1*12 قارورة,حبة,4200,6744.22,4200,0,1.605766667
26000486,2/15/2026,1021149,الميلاد حلاوة 700 غم فستق 1*12,حبة,600,631.03,600,0,1.051716667
26000487,2/15/2026,1021080,شتلة حلاوة 300 غم رشة فستق 1*12,حبة,1692,578.341,1692,0,0.341809102
26000488,2/15/2026,1021121,جولدن سوان حلاوة 400 غم فستق 1*12,حبة,14796,9433.93,14796,0,0.637600027
26000489,2/15/2026,1021115,جولدن سوان حلاوة 800 غم فستق 1*12,حبة,5964,7071.018,5964,0,1.1856167
26000490,2/14/2026,1171015,طحينية بلك شيخ الكار حجر,kg,20000,34819.816,20000,0,1.7409908
26000491,2/15/2026,1021161,الموسم حلاوة 1200 غم برش فستق 1*6,حبة,72,93.37,72,0,1.296805556
26000492,2/14/2026,1021024,الموسم حلاوة 6 كغم فستق 1*4,حبة,52,426.556,52,0,8.203
26000493,2/16/2026,1011026,شيخ الكار طحينية 400 غم 1*12,حبة,1224,1009.678,1224,0,0.824900327
26000494,2/16/2026,1011024,شيخ الكار طحينية 250 غم 1*12,حبة,1932,1053.584,1932,0,0.545333333
26000495,2/16/2026,1011027,شيخ الكار طحينية 18 كغم تنك 1*1,تنكة,300,9782.7,300,0,32.609
26000496,2/16/2026,1011006,شيخ الكار طحينية 300 غم 1*12 جديد,حبة,1800,941.757,1800,0,0.523198333
26000497,2/16/2026,1011020,شيخ الكار طحينية 800 غم 1*12,حبة,48,75.282,48,0,1.568375
26000498,2/16/2026,1011025,شيخ الكار طحينية 600 غم 1*12,حبة,48,56.646,48,0,1.180125
26000499,2/16/2026,1011003,الموسم طحينية 18 كغم تنك 1*1,حبة,200,5652.4,200,0,28.262
26000500,2/16/2026,1011005,ميار طحينية 250 غم 1*12,حبة,3000,2273.86,3000,0,0.757953333
26000501,2/16/2026,1011093,الموسم طحينية 250 غم 1*12,حبة,4080,1807.848,4080,0,0.4431
26000502,2/17/2026,1021038,شيخ الكار حلاوة 700 غم شوكولاته 1*12,حبة,1740,1654.839,1740,0,0.951056897
26000503,2/17/2026,1021049,شيخ الكار حلاوة 300 غم شوكولاته 1*12,حبة,1200,534.124,1200,0,0.445103333
26000504,2/17/2026,1021011,شيخ الكار حلاوة 6 كغم فستق 1*4,حبة,80,674.94,80,0,8.43675
26000505,2/17/2026,1021039,شيخ الكار حلاوة 700 غم فستق 1*12,حبة,1020,1028.83,1020,0,1.008656863
26000506,2/17/2026,1021113,عرفة حلاوة 250 غم فستق 1*12,حبة,1200,511.888,1200,0,0.426573333
26000507,2/17/2026,1021024,الموسم حلاوة 6 كغم فستق 1*4,حبة,316,2641.128,316,0,8.358
26000508,2/17/2026,1171031,حلاوة بلك فستق شيخ الكار,kg,271,359.64,271,0,1.327084871
26000509,2/17/2026,1011031,شيخ الكار زيت سيرج 250 ملم 1*12,حبة,1,1.728,1,0,1.728
26000510,2/17/2026,1021039,شيخ الكار حلاوة 700 غم فستق 1*12,حبة,900,876.687,900,0,0.974096667
26000511,2/17/2026,1021024,الموسم حلاوة 6 كغم فستق 1*4,حبة,200,1703,200,0,8.515
26000512,2/17/2026,1021100,الضياء حلاوة 400 غم سادة 1*12,حبة,600,301.086,600,0,0.50181
26000513,2/17/2026,1021099,الضياء حلاوة 400 غم فستق 1*12,حبة,1200,743.34,1200,0,0.61945
26000514,2/17/2026,1011005,ميار طحينية 250 غم 1*12,حبة,3000,2984.36,3000,998.5,0.994786667
26000515,2/17/2026,1011007,ميار طحينية 900 غم مطرة 1*12,حبة,1800,2728.98,1800,220.05,1.5161
26000516,2/17/2026,1011025,شيخ الكار طحينية 600 غم 1*12,حبة,1200,1416.14,1200,0,1.180116667
26000517,2/17/2026,1141003,سمسم محمص 50 كغم,kg,50,87.049,0,87.04954,0
26000518,2/17/2026,1011052,القيسي طحينية 900 غم مطرة 1*12,حبة,120,192.252,120,0,1.6021
26000519,2/17/2026,1141003,سمسم محمص 50 كغم,kg,50,0,0,0,0
26000520,2/17/2026,1141003,سمسم محمص 50 كغم,kg,50,87.049,50,0,1.74098
26000521,2/16/2026,1021116,جولدن سوان حلاوة 800 غم سادة 1*12,حبة,2052,2028.104,2052,0,0.988354776
26000522,2/16/2026,1021126,جولدن سوان حلاوة 400 غم سادة 1*12,حبة,2421,1350.87,2421,0,0.557980173
26000523,2/16/2026,1021080,شتلة حلاوة 300 غم رشة فستق 1*12,حبة,5148,1854.917,5148,0,0.360317988
26000524,2/16/2026,1021060,شيخ الكار حلاوة 1300 غم فستق 1*6,حبة,1452,2700.546,1452,0,1.859880165
26000525,2/16/2026,1171022,حلاوة بلك سادة شيخ الكار,kg,4441,4909.241,4441,146.518041,1.105435938
26000526,2/16/2026,1171031,حلاوة بلك فستق شيخ الكار,kg,3612,4621.002,3612,0,1.279347176
26000527,2/16/2026,1171020,حلاوة بلك سادة ميار - موسم,kg,1383,1341.78,1383,0,0.970195228
26000528,2/16/2026,1171013,حلاوة بلك رشة فستق ميار,kg,1392,1358.541,1392,0,0.975963362
26000529,2/17/2026,1011088,الموسم طحينية 800 غم  1*12,حبة,960,1161.277,960,0,1.209663542
26000530,2/17/2026,1011045,عرفة طحينية 900 غم 1*12,حبة,1212,1688.134,1212,0,1.392849835
26000531,2/17/2026,1011007,ميار طحينية 900 غم مطرة 1*12,حبة,1200,1672.537,1200,0,1.393780833
26000532,2/17/2026,1011005,ميار طحينية 250 غم 1*12,حبة,2196,1453.65,2196,0,0.661953552
26000533,2/17/2026,1011077,كباتيلو طحينية 800 غم 1*12,حبة,204,282.047,204,0,1.382583333
26000534,2/18/2026,1021162,خير بلادنا حلاوة 300 غم سادة 1*12,حبة,3600,1266.57,3600,0,0.351825
26000535,2/18/2026,1021063,شيخ الكار حلاوة 2300 غم فستق 1*4,حبة,412,1308.491,412,0,3.175949029
26000536,2/18/2026,1021039,شيخ الكار حلاوة 700 غم فستق 1*12,حبة,1080,1056.863,1080,0,0.978576852
26000537,2/18/2026,1021060,شيخ الكار حلاوة 1300 غم فستق 1*6,حبة,750,1386.743,750,0,1.848990667
26000538,2/18/2026,1021041,شيخ الكار حلاوة 700 غم سادة 1*12,حبة,864,749.828,864,0,0.867856481
26000539,2/18/2026,1021024,الموسم حلاوة 6 كغم فستق 1*4,حبة,156,1328.34,156,0,8.515
26000540,2/18/2026,1021080,شتلة حلاوة 300 غم رشة فستق 1*12,حبة,3516,1679.734,3516,309.408,0.477740046
26000541,2/18/2026,1021161,الموسم حلاوة 1200 غم برش فستق 1*6,حبة,810,1203.255,810,0,1.4855
26000542,2/18/2026,1011003,الموسم طحينية 18 كغم تنك 1*1,حبة,38,1073.956,38,0,28.262
26000543,2/18/2026,1011090,شيخ الكار طحينية 900 غم 1*12 جديد,حبة,2400,719.176,444,0,1.619765766
26000544,2/18/2026,1011006,شيخ الكار طحينية 300 غم 1*12 جديد,حبة,684,357.415,684,0,0.52253655
26000545,2/18/2026,1011004,الموسم طحينية 900 غم 1*12,حبة,1200,1667.02,1200,0,1.389183333
26000546,2/18/2026,1011051,سيلك رود طحينية 650 غم 1*12,حبة,2400,3057.96,2400,0,1.27415
26000547,2/18/2026,1021063,شيخ الكار حلاوة 2300 غم فستق 1*4,حبة,557,1749.579,557,0,3.141075404
26000548,2/16/2026,1021047,شيخ الكار حلاوة 400 غم سادة دايت 1*12,حبة,699,1338.107,699,635.2512,1.914316166
26000549,2/16/2026,1171016,حلاوة بلك دايت,kg,268,607.831,268,0,2.268026119
26000550,2/18/2026,1021043,شيخ الكار حلاوة 300 غم رشة فستق 1*12,حبة,2460,1098.669,2460,0,0.446613415
26000551,2/18/2026,1171029,حلاوة بلك رشة شيخ الكار,kg,660,818.172,660,0,1.239654545
26000552,2/17/2026,1171022,حلاوة بلك سادة شيخ الكار,kg,5366,5725.998,5366,0,1.067088707
26000553,2/17/2026,1171031,حلاوة بلك فستق شيخ الكار,kg,2750,3457.53,2750,0,1.257283636
26000554,2/17/2026,1171030,حلاوة بلك ملوكي شيخ الكار,kg,13.5,22.792,13.5,0,1.688296296
26000555,2/17/2026,1021007,شيخ الكار حلاوة 1 كغم ملوكية بالمكسرات 1*8,حبة,8,14.61,8,0,1.82625
26000556,2/17/2026,1021024,الموسم حلاوة 6 كغم فستق 1*4,حبة,188,1539.908,188,0,8.191
26000557,2/17/2026,1021060,شيخ الكار حلاوة 1300 غم فستق 1*6,حبة,30,55.218,30,0,1.8406
26000558,2/18/2026,1021050,شيخ الكار حلاوة 800 غم سادة 1*12,حبة,1920,1966.112,1920,0,1.024016667
26000559,2/18/2026,1021062,شيخ الكار حلاوة 800 غم فستق 1*12,حبة,1920,2257.952,1920,0,1.176016667
26000560,2/17/2026,1171032,حلاوة بلك دايت فستق شيخ الكار,kg,4.8,12.528,4.8,0,2.61
26000561,2/18/2026,1171016,حلاوة بلك دايت,kg,4.7,10.666,4.7,0,2.269361702
26000562,2/19/2026,1021163,شيخ الكار حلاوة 400 غم فستق دايت 1*12,حبة,12,13.689,12,0,1.14075
26000563,2/18/2026,1011050,سيلك رود طحينية 1 كغم مطرة 1*12,حبة,1200,2243.6,1200,0,1.869666667
26000564,2/19/2026,1011018,زيت سيرج 1000 مل 1*1,حبة,12,78.321,12,0,6.52675
26000565,2/19/2026,1021005,ميار حلاوة 300 غم رشة فستق 1*12,حبة,3420,1368.148,3420,0,0.400043275
26000566,2/19/2026,1021161,الموسم حلاوة 1200 غم برش فستق 1*6,حبة,252,374.346,252,0,1.4855
26000567,2/19/2026,1021149,الميلاد حلاوة 700 غم فستق 1*12,حبة,1800,1860.33,1800,0,1.033516667
26000568,2/19/2026,1021039,شيخ الكار حلاوة 700 غم فستق 1*12,حبة,1400,1392.473,1400,0,0.994623571
26000569,2/19/2026,1021060,شيخ الكار حلاوة 1300 غم فستق 1*6,حبة,366,699.316,366,0,1.910699454
26000570,2/19/2026,1021011,شيخ الكار حلاوة 6 كغم فستق 1*4,حبة,80,674.94,80,0,8.43675
26000571,2/19/2026,1011090,شيخ الكار طحينية 900 غم 1*12 جديد,حبة,12,17.285,12,0,1.440416667
26000572,2/19/2026,1011024,شيخ الكار طحينية 250 غم 1*12,حبة,4020,1980.185,4020,0,0.492583333
26000573,2/19/2026,1011005,ميار طحينية 250 غم 1*12,حبة,1560,1032.127,1560,0,0.661619872
26000574,2/19/2026,1171022,حلاوة بلك سادة شيخ الكار,kg,5325,5822.124,5325,140.011345,1.09335662
26000575,2/18/2026,1171015,طحينية بلك شيخ الكار حجر,kg,15000,26114.862,15000,0,1.7409908
26000576,2/18/2026,1171031,حلاوة بلك فستق شيخ الكار,kg,4062,5351.34,4062,0,1.317415066
26000577,2/18/2026,1171026,حلاوة بلك شوكولاته شيخ الكار,kg,945,1168.644,945,0,1.236660317
26000578,2/18/2026,1171020,حلاوة بلك سادة ميار - موسم,kg,484,444.351,484,0,0.918080579
26000579,2/18/2026,1171028,حلاوة بلك فستق ميار,kg,188,199.29,188,0,1.060053191
26000580,2/18/2026,1171013,حلاوة بلك رشة فستق ميار,kg,300,296.842,300,0,0.989473333
26000581,2/18/2026,1021037,شيخ الكار حلاوة 400 غم فستق 1*12,حبة,1728,1075.075,1728,0,0.622149884
26000582,2/18/2026,1021050,شيخ الكار حلاوة 800 غم سادة 1*12,حبة,2184,2257.419,2184,0,1.033616758
26000583,2/19/2026,1021039,شيخ الكار حلاوة 700 غم فستق 1*12,حبة,12,12.104,12,0,1.008666667
26000584,2/19/2026,1021030,ميار حلاوة 550 غم رشة فستق 1*12,حبة,12,7.697,12,0,0.641416667
26000585,2/19/2026,1021080,شتلة حلاوة 300 غم رشة فستق 1*12,حبة,12,13.042,12,0,1.086833333
26000586,2/19/2026,1021039,شيخ الكار حلاوة 700 غم فستق 1*12,حبة,280,278.416,280,0,0.994342857
26000587,2/21/2026,1171020,حلاوة بلك سادة ميار - موسم,kg,3074.5,3197.083,3074.5,192.038469,1.039870873
26000588,2/19/2026,1171022,حلاوة بلك سادة شيخ الكار,kg,4419,4857.283,4419,141.673794,1.099181489
26000589,2/19/2026,1171013,حلاوة بلك رشة فستق ميار,kg,933,1064.058,933,0,1.140469453
26000590,2/19/2026,1171028,حلاوة بلك فستق ميار,kg,871,968.574,871,0,1.112025258
26000591,2/19/2026,1171031,حلاوة بلك فستق شيخ الكار,kg,936,1154.666,936,0,1.233617521
26000592,2/19/2026,1171026,حلاوة بلك شوكولاته شيخ الكار,kg,483,609.577,483,0,1.262064182
26000593,2/21/2026,1141004,سمسم جاهز كعك 50 كغم,شوال,89,6642.715,89,0,74.63724719
26000594,2/21/2026,1011020,شيخ الكار طحينية 800 غم 1*12,حبة,1200,1882.06,1200,0,1.568383333
26000595,2/21/2026,1011025,شيخ الكار طحينية 600 غم 1*12,حبة,1200,1416.22,1200,0,1.180183333
26000596,2/21/2026,1011027,شيخ الكار طحينية 18 كغم تنك 1*1,تنكة,100,3260.9,100,0,32.609
26000597,2/21/2026,1021024,الموسم حلاوة 6 كغم فستق 1*4,حبة,124,1045.32,124,0,8.43
26000598,2/21/2026,1021043,شيخ الكار حلاوة 300 غم رشة فستق 1*12,حبة,1800,801.91,1800,0,0.445505556
26000599,2/21/2026,1021048,شيخ الكار حلاوة 300 غم سادة 1*12,حبة,1200,487.756,1200,0,0.406463333
26000600,2/21/2026,1171028,حلاوة بلك فستق ميار,kg,453,565.42,453,0,1.24816777
26000601,2/21/2026,1021060,شيخ الكار حلاوة 1300 غم فستق 1*6,حبة,750,1433.025,750,0,1.9107
26000602,2/21/2026,1011027,شيخ الكار طحينية 18 كغم تنك 1*1,تنكة,100,3260.9,100,0,32.609
26000603,2/21/2026,1141004,سمسم جاهز كعك 50 كغم,شوال,2,149.275,2,0,74.6375
26000604,2/21/2026,1021090,الميلاد حلاوة 300 غم 1*12  فستق,حبة,2400,1130.288,2400,0,0.470953333
26000605,2/21/2026,1011008,ميار طحينية 550 غم 1*12,حبة,1800,1551.294,1800,0,0.86183
26000606,2/22/2026,1171022,حلاوة بلك سادة شيخ الكار,kg,2167,2392.081,2167,79.567578,1.103867559
26000607,2/22/2026,1171020,حلاوة بلك سادة ميار - موسم,kg,1357.5,1328.565,1357.5,2.187152,0.978685083
26000608,2/22/2026,1171031,حلاوة بلك فستق شيخ الكار,kg,2195,2898.128,2195,0,1.320331663
26000609,2/22/2026,1011008,ميار طحينية 550 غم 1*12,حبة,12,10.342,12,0,0.861833333
26000610,2/22/2026,1171028,حلاوة بلك فستق ميار,kg,460,527.271,460,0,1.146241304
26000611,2/22/2026,1171013,حلاوة بلك رشة فستق ميار,kg,910,1027.102,910,0,1.128683516
26000612,2/22/2026,1171018,زيت سيرج بلك,kg,128,427.547,128,0,3.340210938
26000613,2/22/2026,1011020,شيخ الكار طحينية 800 غم 1*12,حبة,12,16.795,12,0,1.399583333
26000614,2/22/2026,1011088,الموسم طحينية 800 غم  1*12,حبة,12,14.515,12,0,1.209583333
26000615,2/22/2026,1021054,شيخ الكار حلاوة 3 كغم فستق 1*6,حبة,180,799.8,180,0,4.443333333
26000616,2/22/2026,1021064,شيخ الكار حلاوة 3 كغم سادة 1*6,حبة,120,442,120,0,3.683333333
26000617,2/22/2026,1011033,شيخ الكار طحينية 15 كغم تنك 1*1,تنكة,160,3673.2,160,0,22.9575
26000618,2/22/2026,1011035,شيخ الكار طحينية 18 كغم سطل 1*1,تنكة,240,6929.76,240,0,28.874
26000619,2/22/2026,1011028,شيخ الكار طحينية 9 كغم تنك 1*1,تنكة,360,4899.96,360,0,13.611
26000620,2/22/2026,1011101,الموسم طحينية 400 غم 1*12,حبة,5400,3603.69,5400,0,0.66735
26000621,2/22/2026,1011020,شيخ الكار طحينية 800 غم 1*12,حبة,1056,1656.213,1056,0,1.568383523
26000622,2/19/2026,1171031,حلاوة بلك فستق شيخ الكار,kg,2720,3508.7,2720,0,1.289963235
26000623,2/22/2026,1021031,ميار حلاوة 1200 غم برش فستق 1*6,حبة,528,821.529,528,0,1.555926136
26000624,2/22/2026,1171016,حلاوة بلك دايت,kg,282,687.561,282,47.973181,2.438159574
26000625,2/22/2026,1021047,شيخ الكار حلاوة 400 غم سادة دايت 1*12,حبة,24,25.727,24,0,1.071958333
26000626,2/22/2026,1171022,حلاوة بلك سادة شيخ الكار,kg,3082,3369.108,3082,80.487246,1.093156392
26000627,2/22/2026,1171029,حلاوة بلك رشة شيخ الكار,kg,484,600.004,484,0,1.239677686
26000628,2/22/2026,1171031,حلاوة بلك فستق شيخ الكار,kg,2307,2929.279,2307,0,1.269735154
26000629,2/23/2026,1021045,شيخ الكار حلاوة 200 غم سادة 1*12,حبة,2160,641.3,2160,0,0.296898148
26000630,2/23/2026,1021044,شيخ الكار حلاوة 200 غم فستق 1*12,حبة,2160,804.784,2160,0,0.372585185
26000631,2/23/2026,1021050,شيخ الكار حلاوة 800 غم سادة 1*12,حبة,960,934.672,960,0,0.973616667
26000632,2/23/2026,1021062,شيخ الكار حلاوة 800 غم فستق 1*12,حبة,960,1225.744,960,0,1.276816667
26000633,2/23/2026,1021052,شيخ الكار حلاوة 4 كغم سادة تنك 1*1,تنكة,420,801.444,420,0,1.9082
26000634,2/23/2026,1021037,شيخ الكار حلاوة 400 غم فستق 1*12,حبة,1728,1124.842,1728,0,0.650950231
26000635,2/23/2026,1021137,الموسم حلاوة 800 غم فستق دمعة 1*12,حبة,960,1069.552,960,0,1.114116667
26000636,2/23/2026,1021137,الموسم حلاوة 800 غم فستق دمعة 1*12,حبة,569,647.095,569,0,1.137249561
26000637,2/23/2026,1021085,الميلاد حلاوة 1300 غم فستق 1*6,حبة,600,1009.488,600,0,1.68248
26000638,2/23/2026,1011116,الميلاد طحينية 300 غم مطرة 1*12 قارورة,حبة,840,448.504,840,0,0.533933333
26000639,2/23/2026,1011109,الميلاد طحينية 500 غم مطرة 1*12 قارورة,حبة,516,419.078,516,0,0.812166667
26000640,2/23/2026,1171015,طحينية بلك شيخ الكار حجر,kg,20000,30324.886,20000,0,1.5162443
26000641,2/23/2026,1021039,شيخ الكار حلاوة 700 غم فستق 1*12,حبة,1152,2069.588,1152,938.938,1.796517361
26000642,2/23/2026,1171031,حلاوة بلك فستق شيخ الكار,kg,95,121.68,95,0,1.280842105
26000643,2/24/2026,1021030,ميار حلاوة 550 غم رشة فستق 1*12,حبة,1800,1289.55,1800,0,0.716416667
26000644,2/24/2026,1021031,ميار حلاوة 1200 غم برش فستق 1*6,حبة,126,213.11,126,0,1.691349206
26000645,2/24/2026,1021041,شيخ الكار حلاوة 700 غم سادة 1*12,حبة,420,338.964,420,0,0.807057143
26000646,2/24/2026,1021043,شيخ الكار حلاوة 300 غم رشة فستق 1*12,حبة,1200,497.338,1200,0,0.414448333
26000647,2/24/2026,1021048,شيخ الكار حلاوة 300 غم سادة 1*12,حبة,1200,451.618,1200,0,0.376348333
26000648,2/24/2026,1171022,حلاوة بلك سادة شيخ الكار,kg,363,356.939,363,14.576884,0.98330303
26000649,2/24/2026,1171031,حلاوة بلك فستق شيخ الكار,kg,276,322.251,276,0,1.167576087
26000650,2/24/2026,1171020,حلاوة بلك سادة ميار - موسم,kg,446,429.341,446,0.761544,0.962647982
26000651,2/23/2026,1171022,حلاوة بلك سادة شيخ الكار,kg,4446,4380.453,4446,91.500266,0.985257085
26000652,2/23/2026,1171031,حلاوة بلك فستق شيخ الكار,kg,4136,5118.092,4136,0,1.23744971
26000653,2/24/2026,1021060,شيخ الكار حلاوة 1300 غم فستق 1*6,حبة,522,945.593,522,0,1.811480843
26000654,2/24/2026,1021063,شيخ الكار حلاوة 2300 غم فستق 1*4,حبة,440,1343.826,440,0,3.05415
26000655,2/25/2026,1021063,شيخ الكار حلاوة 2300 غم فستق 1*4,حبة,52,158.816,52,0,3.054153846
26000656,2/25/2026,1021161,الموسم حلاوة 1200 غم برش فستق 1*6,حبة,54,84.173,54,0,1.558759259
26000657,2/25/2026,1021048,شيخ الكار حلاوة 300 غم سادة 1*12,حبة,24,9.289,24,0,0.387041667
26000658,2/22/2026,1171031,حلاوة بلك فستق شيخ الكار,kg,287,373.513,287,0,1.301439024
26000659,2/24/2026,1171022,حلاوة بلك سادة شيخ الكار,kg,4797,4809.624,4797,182.427346,1.002631645
26000660,2/24/2026,1171031,حلاوة بلك فستق شيخ الكار,kg,2055,2858.235,2055,0,1.390868613
26000661,2/24/2026,1171020,حلاوة بلك سادة ميار - موسم,kg,895,876.598,895,1.243648,0.979439106
26000662,2/24/2026,1171028,حلاوة بلك فستق ميار,kg,907,1098.753,907,0,1.211414553
26000663,2/19/2026,1011006,شيخ الكار طحينية 300 غم 1*12 جديد,حبة,1068,530.031,1068,0,0.496283708
26000664,2/5/2026,1021129,الموسم حلاوة 400 غم سادة دمعة 1*12,حبة,1728,850.608,1728,0,0.49225
26000665,2/25/2026,1171016,حلاوة بلك دايت,kg,536,1167.586,536,0,2.17833209
26000666,2/26/2026,1021097,لايت أند سويت حلاوة 400 غم دايت فستق 1*24,حبة,808,975.137,808,0,1.206852723
26000667,2/26/2026,1021095,لايت أند سويت حلاوة 400 غم دايت سادة 1*24,حبة,200,212.48,200,0,1.0624
26000668,2/26/2026,1021096,لايت أند سويت حلاوة 400 غم دايت شوكولاته 1*24,حبة,192,208.606,192,0,1.086489583
26000669,2/26/2026,1021047,شيخ الكار حلاوة 400 غم سادة دايت 1*12,حبة,837,839.66,837,0,1.003178017
26000670,3/1/2026,1011006,شيخ الكار طحينية 300 غم 1*12 جديد,حبة,12,5.954,12,0,0.496166667
26000671,3/1/2026,1011093,الموسم طحينية 250 غم 1*12,حبة,12,5.317,12,0,0.443083333
26000672,3/1/2026,1011121,الفاخرة طحينية 270 غم 1*12,حبة,6000,3058.1,6000,0,0.509683333
26000673,3/1/2026,1011044,لوكسر طحينية 450 غم 1*12 اصفر,حبة,40800,32781.4,40800,0,0.803465686
26000674,3/1/2026,1011043,لوكسر طحينية 450 غم 1*12,حبة,2400,1955.56,2400,0,0.814816667
26000675,3/1/2026,1171022,حلاوة بلك سادة شيخ الكار,kg,1313,1298.054,1313,31.74178,0.988616908
26000676,2/26/2026,1171029,حلاوة بلك رشة شيخ الكار,kg,318,362.926,318,0,1.14127673
26000677,2/26/2026,1171031,حلاوة بلك فستق شيخ الكار,kg,414,476.865,414,0,1.151847826
26000678,3/1/2026,1171020,حلاوة بلك سادة ميار - موسم,kg,261.5,277.838,261.5,22.137543,1.062478011
26000679,3/1/2026,1171013,حلاوة بلك رشة فستق ميار,kg,264,285.582,264,0,1.08175
26000680,2/26/2026,1011091,شيخ الكار طحينية 700 غم 1*12,حبة,1200,1325.2,1200,0,1.104333333
26000683,3/1/2026,1021060,شيخ الكار حلاوة 1300 غم فستق 1*6,حبة,840,1432.2,840,0,1.705
26000684,3/1/2026,1021159,الفاخرة حلاوة 300 غم فستق 1*12,حبة,2400,942.091,2400,0,0.392537917
26000685,3/1/2026,1021039,شيخ الكار حلاوة 700 غم فستق 1*12,حبة,1380,1280.663,1380,0,0.928016667
26000686,3/1/2026,1021041,شيخ الكار حلاوة 700 غم سادة 1*12,حبة,1404,1105.252,1404,0,0.787216524
26000687,3/1/2026,1021038,شيخ الكار حلاوة 700 غم شوكولاته 1*12,حبة,1008,908.346,1008,0,0.901136905
26000688,3/1/2026,1021049,شيخ الكار حلاوة 300 غم شوكولاته 1*12,حبة,1200,508.852,1200,0,0.424043333
26000689,3/1/2026,1021063,شيخ الكار حلاوة 2300 غم فستق 1*4,حبة,390,1150.403,390,0,2.949751282
26000690,2/26/2026,1021024,الموسم حلاوة 6 كغم فستق 1*4,حبة,75,578.82,75,0,7.7176
26000691,2/26/2026,1171031,حلاوة بلك فستق شيخ الكار,kg,36,47.598,36,0,1.322166667
26000692,3/1/2026,1011022,شيخ الكار طحينية 3500 غم 1*4,حبة,1,5.744,1,0,5.744
26000693,3/1/2026,1021054,شيخ الكار حلاوة 3 كغم فستق 1*6,حبة,1,4.618,1,0,4.618
26000694,3/1/2026,1021055,شيخ الكار حلاوة 6 كغم سادة 1*4,حبة,1,6.54,1,0,6.54
26000695,3/1/2026,1171031,حلاوة بلك فستق شيخ الكار,kg,50,67.893,50,0,1.35786
26000696,3/1/2026,1011022,شيخ الكار طحينية 3500 غم 1*4,حبة,60,354.87,60,0,5.9145
26000697,3/2/2026,1011091,شيخ الكار طحينية 700 غم 1*12,حبة,1200,1325.2,1200,0,1.104333333
26000698,3/2/2026,1011025,شيخ الكار طحينية 600 غم 1*12,حبة,12,12.642,13,0,0.972461538
26000699,3/2/2026,1171020,حلاوة بلك سادة ميار - موسم,kg,1329,1301.318,1329,4.674373,0.979170805
26000700,3/1/2026,1171013,حلاوة بلك رشة فستق ميار,kg,612,672.432,612,0,1.098745098
26000701,3/1/2026,1171028,حلاوة بلك فستق ميار,kg,728,839.93,728,0,1.15375
26000702,3/1/2026,1171022,حلاوة بلك سادة شيخ الكار,kg,2323,2184.993,2323,26.89377,0.940591046
26000703,3/1/2026,1171015,طحينية بلك شيخ الكار حجر,kg,20000,29258.358,20000,0,1.4629179
26000704,3/1/2026,1171029,حلاوة بلك رشة شيخ الكار,kg,636,709.304,636,0,1.115257862
26000705,3/1/2026,1171031,حلاوة بلك فستق شيخ الكار,kg,1638,1873.916,1638,0,1.144026862
26000706,3/1/2026,1021037,شيخ الكار حلاوة 400 غم فستق 1*12,حبة,360,200.07,360,0,0.55575
26000707,3/2/2026,1021005,ميار حلاوة 300 غم رشة فستق 1*12,حبة,1380,547.589,1380,0,0.396803623
26000708,3/2/2026,1021050,شيخ الكار حلاوة 800 غم سادة 1*12,حبة,1572,1481.479,1572,0,0.942416667
26000709,3/2/2026,1021031,ميار حلاوة 1200 غم برش فستق 1*6,حبة,648,1037.012,648,0,1.60032716
26000710,3/1/2026,1021024,الموسم حلاوة 6 كغم فستق 1*4,حبة,86,656.076,86,0,7.628790698
26000711,3/2/2026,1021031,ميار حلاوة 1200 غم برش فستق 1*6,حبة,804,1252.75,804,0,1.558146766
26000712,3/3/2026,1021003,شيخ الكار حلاوة 5 كغم سادة (الولاء) 1*1,حبة,2200,12261.26,2200,0,5.5733
26000713,3/3/2026,1021052,شيخ الكار حلاوة 4 كغم سادة تنك 1*1,تنكة,112,209.955,112,0,1.874598214
26000714,3/3/2026,1021037,شيخ الكار حلاوة 400 غم فستق 1*12,حبة,52,29.908,52,0,0.575153846
26000715,3/2/2026,1171026,حلاوة بلك شوكولاته شيخ الكار,kg,966,1101.292,966,0,1.14005383
26000716,3/2/2026,1171031,حلاوة بلك فستق شيخ الكار,kg,1748,2079.88,1748,0,1.1898627
26000717,3/4/2026,1011036,قاسيون طحينية 1كغم مطرة 1*12,حبة,300,478.372,300,0,1.594573333
26000718,3/4/2026,1171018,زيت سيرج بلك,kg,84,264.092,84,0,3.143952381
26000719,3/2/2026,1171022,حلاوة بلك سادة شيخ الكار,kg,3971,3861.073,3971,154.659057,0.972317552
26000720,3/3/2026,1171022,حلاوة بلك سادة شيخ الكار,kg,1743,1678.894,1743,52.132797,0.963220884
26000721,3/3/2026,1171020,حلاوة بلك سادة ميار - موسم,kg,1426,1308.711,1426,0,0.917749649
26000722,3/3/2026,1171013,حلاوة بلك رشة فستق ميار,kg,556,620.143,556,0,1.115365108
26000723,3/4/2026,1171028,حلاوة بلك فستق ميار,kg,883,985.939,883,0,1.116578709
26000724,3/4/2026,1011027,شيخ الكار طحينية 18 كغم تنك 1*1,تنكة,500,13829.5,500,0,27.659
26000725,3/4/2026,1021059,شيخ الكار حلاوة 800 غم ملوكية بالمكسرات 1*12,حبة,120,146.842,120,0,1.223683333
26000726,3/4/2026,1021013,شيخ الكار حلاوة 400 غم سادة 1*12,حبة,96,52.296,96,0,0.54475
26000727,3/4/2026,1011105,زيت سيرج 16.5 كغم تنك 1*1,تنكة,157,17853.255,157,0,113.715
26000728,3/5/2026,1171016,حلاوة بلك دايت,kg,275,628.903,275,44.883027,2.28692
26000729,3/5/2026,1171022,حلاوة بلك سادة شيخ الكار,kg,3567,3425.081,3567,95.696592,0.960213345
26000730,3/5/2026,1171030,حلاوة بلك ملوكي شيخ الكار,kg,96,119.85,96,0,1.2484375
26000731,3/5/2026,1171019,طحينية سودا بلك حبة كاملة,kg,1500,2230.68,1500,0,1.48712
26000732,3/3/2026,1021080,شتلة حلاوة 300 غم رشة فستق 1*12,حبة,708,277.004,708,3.15765E-14,0.391248588
26000733,3/8/2026,1011035,شيخ الكار طحينية 18 كغم سطل 1*1,تنكة,288,7830.432,288,0,27.189
26000734,3/8/2026,1011033,شيخ الكار طحينية 15 كغم تنك 1*1,تنكة,640,14930.4,640,739.2,23.32875
26000735,3/8/2026,1011028,شيخ الكار طحينية 9 كغم تنك 1*1,تنكة,720,9471.24,720,0,13.1545
26000736,3/8/2026,1021060,شيخ الكار حلاوة 1300 غم فستق 1*6,حبة,672,1140.881,672,0,1.697739583
26000737,3/8/2026,1021063,شيخ الكار حلاوة 2300 غم فستق 1*4,حبة,394,1157.143,394,0,2.936911168
26000738,3/8/2026,1011007,ميار طحينية 900 غم مطرة 1*12,حبة,1164,1622.441,1164,1.70076E-13,1.393849656
26000739,3/8/2026,1011005,ميار طحينية 250 غم 1*12,حبة,2400,882.556,1656,5.50528,0.532944444
26000740,3/8/2026,1011003,الموسم طحينية 18 كغم تنك 1*1,حبة,100,2817.8,100,0,28.178
26000741,3/8/2026,1141004,سمسم جاهز كعك 50 كغم,شوال,40,2949.428,40,0,73.7357
26000742,3/8/2026,1011026,شيخ الكار طحينية 400 غم 1*12,حبة,2400,1724.4,2400,0,0.7185
26000743,3/8/2026,1021060,شيخ الكار حلاوة 1300 غم فستق 1*6,حبة,82,146.426,82,0,1.785682927
26000744,3/8/2026,1021039,شيخ الكار حلاوة 700 غم فستق 1*12,حبة,1428,1319.724,1428,0,0.924176471
26000745,3/8/2026,1021043,شيخ الكار حلاوة 300 غم رشة فستق 1*12,حبة,1200,488.116,1200,0,0.406763333
26000746,3/8/2026,1021024,الموسم حلاوة 6 كغم فستق 1*4,حبة,296,2191.584,296,0,7.404
26000747,3/8/2026,1011090,شيخ الكار طحينية 900 غم 1*12 جديد,حبة,6336,8781.802,6336,0,1.38601673
26000748,3/8/2026,1011035,شيخ الكار طحينية 18 كغم سطل 1*1,تنكة,1,28.094,1,0,28.094
26000749,3/4/2026,1171020,حلاوة بلك سادة ميار - موسم,kg,4485,4335.76,4485,3.725325,0.966724638
26000750,3/9/2026,1021063,شيخ الكار حلاوة 2300 غم فستق 1*4,حبة,2,5.817,2,0,2.9085
26000751,3/5/2026,1171017,طحينية بلك ميار - موسم  كروما,kg,20000,29917.4,20000,0,1.49587
26000752,3/9/2026,1021096,لايت أند سويت حلاوة 400 غم دايت شوكولاته 1*24,حبة,18,19.952,18,0,1.108444444
26000753,3/9/2026,1021050,شيخ الكار حلاوة 800 غم سادة 1*12,حبة,432,405.396,432,0,0.938416667
26000754,3/8/2026,1171022,حلاوة بلك سادة شيخ الكار,kg,904,881.685,904,34.751,0.975315265
26000755,3/5/2026,1171015,طحينية بلك شيخ الكار حجر,kg,30000,44241.419,30000,0,1.474713967
26000756,3/8/2026,1171020,حلاوة بلك سادة ميار - موسم,kg,2710,5964.674,2710,3314.911097,2.200986716
26000757,3/9/2026,1171031,حلاوة بلك فستق شيخ الكار,kg,822,939.202,822,0,1.142581509
26000758,3/8/2026,1171030,حلاوة بلك ملوكي شيخ الكار,kg,100,189.308,100,0,1.89308
26000759,3/9/2026,1021011,شيخ الكار حلاوة 6 كغم فستق 1*4,حبة,1,7.537,1,0,7.537
26000760,3/9/2026,1021007,شيخ الكار حلاوة 1 كغم ملوكية بالمكسرات 1*8,حبة,100,200.222,100,0,2.00222
26000761,3/9/2026,1171022,حلاوة بلك سادة شيخ الكار,kg,2163,2096.539,2163,68.337249,0.969273694
26000762,3/9/2026,1171029,حلاوة بلك رشة شيخ الكار,kg,439,488.092,439,0,1.111826879
26000763,3/9/2026,1171031,حلاوة بلك فستق شيخ الكار,kg,1748,2070.904,1748,0,1.184727689
26000764,3/9/2026,1021060,شيخ الكار حلاوة 1300 غم فستق 1*6,حبة,100,162.552,100,0,1.62552
26000765,3/9/2026,1141004,سمسم جاهز كعك 50 كغم,شوال,41,3022.632,41,0,73.72273171
26000766,3/10/2026,1021060,شيخ الكار حلاوة 1300 غم فستق 1*6,حبة,762,1295.688,762,0,1.700377953
26000767,3/10/2026,1021031,ميار حلاوة 1200 غم برش فستق 1*6,حبة,702,1106.286,702,0,1.575905983
26000768,3/10/2026,1021005,ميار حلاوة 300 غم رشة فستق 1*12,حبة,2412,948.624,2412,0,0.393293532
26000769,3/10/2026,1021063,شيخ الكار حلاوة 2300 غم فستق 1*4,حبة,320,932.784,320,0,2.91495
26000770,3/10/2026,1021024,الموسم حلاوة 6 كغم فستق 1*4,حبة,224,1722.936,224,0,7.691678571
26000771,3/10/2026,1011125,شيخ الكار طحينية 16 كغم سطل 1*1,تنكة,50,1230.55,50,0,24.611
26000772,3/10/2026,1011027,شيخ الكار طحينية 18 كغم تنك 1*1,تنكة,278,7839.322,278,0,28.199
26000773,3/10/2026,1021162,خير بلادنا حلاوة 300 غم سادة 1*12,حبة,672,236.262,672,0,0.351580357
26000774,3/10/2026,1021164,خير بلادنا حلاوة 300 غم رشة فستق 1*12,حبة,6900,2544.644,6900,0,0.368788986
26000775,3/10/2026,1171016,حلاوة بلك دايت,kg,288,646.907,288,32.51688,2.246204861
26000776,3/10/2026,1171022,حلاوة بلك سادة شيخ الكار,kg,2651,2559.431,2651,73.500125,0.965458695
26000777,3/10/2026,1171031,حلاوة بلك فستق شيخ الكار,kg,1794,2131.7,1794,0,1.188238573
26000778,3/10/2026,1171020,حلاوة بلك سادة ميار - موسم,kg,484.5,446.444,484.5,0,0.921453044
26000779,3/10/2026,1171013,حلاوة بلك رشة فستق ميار,kg,486,496.055,486,0,1.0206893
26000780,3/11/2026,1011036,قاسيون طحينية 1كغم مطرة 1*12,حبة,1200,1924.4,1200,0,1.603666667
26000781,1/15/2026,1021037,شيخ الكار حلاوة 400 غم فستق 1*12,حبة,1584,904.385,1584,0,0.570950126
26000782,2/17/2026,1011088,الموسم طحينية 800 غم  1*12,حبة,2880,3538.55,2880,0,1.228663194
26000783,2/15/2026,1011026,شيخ الكار طحينية 400 غم 1*12,حبة,2040,1465.74,2040,0,0.7185
26000784,3/11/2026,1021062,شيخ الكار حلاوة 800 غم فستق 1*12,حبة,240,268.036,240,0,1.116816667
26000785,1/15/2026,1021037,شيخ الكار حلاوة 400 غم فستق 1*12,حبة,1728,986.602,1728,0,0.570950231
26000786,3/12/2026,1171020,حلاوة بلك سادة ميار - موسم,kg,2164,2147.623,2164,31.496863,0.99243207
26000787,3/12/2026,1021003,شيخ الكار حلاوة 5 كغم سادة (الولاء) 1*1,حبة,19,0,19,0,0
26000788,3/12/2026,1171013,حلاوة بلك رشة فستق ميار,kg,1310,1354.482,1310,0,1.033955725
26000789,3/12/2026,1171028,حلاوة بلك فستق ميار,kg,780,884.412,780,0,1.133861538
26000790,3/12/2026,1171022,حلاوة بلك سادة شيخ الكار,kg,1358,1298.891,1358,27.09575,0.95647349
26000791,3/12/2026,1171031,حلاوة بلك فستق شيخ الكار,kg,1368,1509.572,1368,0,1.103488304
26000792,3/12/2026,1021039,شيخ الكار حلاوة 700 غم فستق 1*12,حبة,720,634.487,720,0,0.881231944
26000793,3/12/2026,1011027,شيخ الكار طحينية 18 كغم تنك 1*1,تنكة,500,13910.5,500,0,27.821
26000794,3/12/2026,1011024,شيخ الكار طحينية 250 غم 1*12,حبة,3600,1723.8,3600,0,0.478833333
26000795,3/12/2026,1021020,ميار حلاوة 2200 غم برش فستق 1*4,حبة,632,1656.914,632,0,2.621699367
26000796,3/12/2026,1021031,ميار حلاوة 1200 غم برش فستق 1*6,حبة,300,470.108,300,0,1.567026667
26000797,3/12/2026,1011005,ميار طحينية 250 غم 1*12,حبة,5496,2910.649,5496,0,0.529594068
26000798,3/12/2026,1141004,سمسم جاهز كعك 50 كغم,شوال,56,4129.199,56,0,73.73569643
26000799,3/11/2026,1021039,شيخ الكار حلاوة 700 غم فستق 1*12,حبة,684,602.807,684,6.34941E-14,0.881296784
26000800,3/11/2026,1021041,شيخ الكار حلاوة 700 غم سادة 1*12,حبة,1368,1072.535,1368,1.09708E-13,0.784016813
26000801,3/11/2026,1171031,حلاوة بلك فستق شيخ الكار,kg,1478,1643.842,1478,0,1.112207037
26000802,3/10/2026,1171017,طحينية بلك ميار - موسم  كروما,kg,20000,29917.4,20000,0,1.49587
26000803,3/15/2026,1171020,حلاوة بلك سادة ميار - موسم,kg,441,414.244,441,2.001668,0.939328798
26000804,3/15/2026,1171031,حلاوة بلك فستق شيخ الكار,kg,334,376.703,334,0,1.127853293
26000805,3/15/2026,1171022,حلاوة بلك سادة شيخ الكار,kg,2167,2127.343,2167,95.296248,0.981699585
26000806,3/15/2026,1171031,حلاوة بلك فستق شيخ الكار,kg,2177,2571.296,2177,0,1.181118971
26000807,3/16/2026,1171015,طحينية بلك شيخ الكار حجر,kg,20000,29494.279,20000,0,1.47471395
26000808,3/15/2026,1171028,حلاوة بلك فستق ميار,kg,334,376.041,334,0,1.125871257
26000809,2/5/2026,1021115,جولدن سوان حلاوة 800 غم فستق 1*12,حبة,36,40.09,36,4.17089E-15,1.113611111
26000810,3/16/2026,1171022,حلاوة بلك سادة شيخ الكار,kg,1385,1306.201,1385,15.155625,0.943105415
26000811,3/16/2026,1171031,حلاوة بلك فستق شيخ الكار,kg,1068.5,1289.786,1068.5,0,1.207099672
26000812,3/16/2026,1171020,حلاوة بلك سادة ميار - موسم,kg,1786.5,1716.814,1786.5,3.196975,0.960993003
26000813,3/16/2026,1171028,حلاوة بلك فستق ميار,kg,1166,1303.032,1166,0,1.117523156
26000814,3/16/2026,1171013,حلاوة بلك رشة فستق ميار,kg,636,711.569,636,0,1.118819182
26000815,3/16/2026,1021031,ميار حلاوة 1200 غم برش فستق 1*6,حبة,300,467.111,300,0,1.557036667
26000816,3/16/2026,1021039,شيخ الكار حلاوة 700 غم فستق 1*12,حبة,1435,1340.97,1435,0,0.934473868
26000817,3/16/2026,1021054,شيخ الكار حلاوة 3 كغم فستق 1*6,حبة,2,8.3,2,0,4.15
26000818,3/16/2026,1021063,شيخ الكار حلاوة 2300 غم فستق 1*4,حبة,3,8.956,3,0,2.985333333
26000819,3/16/2026,1011022,شيخ الكار طحينية 3500 غم 1*4,حبة,1,5.552,1,0,5.552
26000820,3/16/2026,1171031,حلاوة بلك فستق شيخ الكار,kg,39.045,46.59,39.045,0,1.193238571
26000821,3/16/2026,1021034,شيخ الكار حلاوة 600 غم سادة 1*12,حبة,24,18.955,24,0,0.789791667
26000822,3/17/2026,1171020,حلاوة بلك سادة ميار - موسم,kg,861,856.911,861,14.949635,0.995250871
26000823,3/17/2026,1171022,حلاوة بلك سادة شيخ الكار,kg,1800,1713.084,1800,25.463899,0.951713333
26000824,3/17/2026,1021003,شيخ الكار حلاوة 5 كغم سادة (الولاء) 1*1,حبة,10,0,10,0,0
26000825,3/17/2026,1171031,حلاوة بلك فستق شيخ الكار,kg,1331,1473.296,1331,0,1.106909091
26000826,3/17/2026,1171028,حلاوة بلك فستق ميار,kg,918,1022.808,918,0,1.114169935
26000827,3/17/2026,1021024,الموسم حلاوة 6 كغم فستق 1*4,حبة,36,265.248,36,0,7.368
26000828,3/17/2026,1021055,شيخ الكار حلاوة 6 كغم سادة 1*4,حبة,40,254.71,40,0,6.36775
26000829,3/17/2026,1021060,شيخ الكار حلاوة 1300 غم فستق 1*6,حبة,366,604.987,366,0,1.652969945
26000830,3/17/2026,1021031,ميار حلاوة 1200 غم برش فستق 1*6,حبة,396,616.147,396,0,1.555926768
26000831,3/17/2026,1021166,الموسم حلاوة 5 كغم سادة 1*4,حبة,48,264.528,48,0,5.511
26000832,3/17/2026,1021141,الموسم حلاوة 5 كغم فستق 1*4,حبة,48,300.528,48,0,6.261
26000833,3/17/2026,1011008,ميار طحينية 550 غم 1*12,حبة,1200,1071.926,1200,0,0.893271667
26000834,3/17/2026,1011017,الموسم طحينية 10 كغ تنك 1*1,حبة,240,3556.2,240,0,14.8175
26000835,3/17/2026,1141004,سمسم جاهز كعك 50 كغم,شوال,100,7373.57,100,0,73.7357
26000836,3/17/2026,1141004,سمسم جاهز كعك 50 كغم,شوال,65,4792.82,65,0,73.73569231
26000837,3/17/2026,1141004,سمسم جاهز كعك 50 كغم,شوال,20,1282,20,0,64.1
26000838,3/24/2026,1011005,ميار طحينية 250 غم 1*12,حبة,2400,1160.626,2400,0,0.483594167
26000839,3/24/2026,1011045,عرفة طحينية 900 غم 1*12,حبة,1188,1645.004,1188,0,1.384683502
26000840,3/24/2026,1021013,شيخ الكار حلاوة 400 غم سادة 1*12,حبة,1200,663.78,1200,0,0.55315
26000841,3/24/2026,1021037,شيخ الكار حلاوة 400 غم فستق 1*12,حبة,1212,675.508,1212,6.55973E-14,0.557349835
26000842,3/24/2026,1021014,شيخ الكار حلاوة 400 غم ملوكية بالمكسرات 1*12,حبة,600,356.97,600,0,0.59495
26000843,3/24/2026,1021036,شيخ الكار حلاوة 400 غم شوكولاته 1*12,حبة,360,200.502,360,0,0.55695
26000844,3/24/2026,1021064,شيخ الكار حلاوة 3 كغم سادة 1*6,حبة,30,107.71,30,0,3.590333333
26000845,3/24/2026,1021054,شيخ الكار حلاوة 3 كغم فستق 1*6,حبة,30,127.18,30,0,4.239333333
26000846,3/24/2026,1021053,شيخ الكار حلاوة 3 كغم شوكولاته 1*6,حبة,30,116.41,30,0,3.880333333
26000847,3/24/2026,1011007,ميار طحينية 900 غم مطرة 1*12,حبة,1344,1873.334,1344,0,1.393849702
26000848,3/24/2026,1011045,عرفة طحينية 900 غم 1*12,حبة,1200,1671.42,1200,0,1.39285
26000849,3/24/2026,1011021,شيخ الكار طحينية 5 كغم 1*4,حبة,1,7.94,1,0,7.94
26000850,3/25/2026,1171022,حلاوة بلك سادة شيخ الكار,kg,3946,3815.243,3946,115.373858,0.966863406
26000851,3/25/2026,1171031,حلاوة بلك فستق شيخ الكار,kg,2128,2520.722,2128,0,1.184549812
26000852,3/25/2026,1171026,حلاوة بلك شوكولاته شيخ الكار,kg,976,1101.404,976,0,1.128487705
26000853,3/25/2026,1021039,شيخ الكار حلاوة 700 غم فستق 1*12,حبة,802,741.736,802,0,0.924857855
26000854,3/25/2026,1011027,شيخ الكار طحينية 18 كغم تنك 1*1,تنكة,200,5564.2,200,0,27.821
26000855,3/25/2026,1021060,شيخ الكار حلاوة 1300 غم فستق 1*6,حبة,930,1625.036,930,0,1.747350538
26000856,3/26/2026,1171031,حلاوة بلك فستق شيخ الكار,kg,2028,2324.691,2028,0,1.146297337
26000857,3/26/2026,1171029,حلاوة بلك رشة شيخ الكار,kg,398,446.74,398,0,1.122462312
26000858,3/26/2026,1171028,حلاوة بلك فستق ميار,kg,1374,1536.255,1374,0,1.11808952
26000859,3/26/2026,1171020,حلاوة بلك سادة ميار - موسم,kg,137.3,130.384,137.3,0,0.949628551
26000860,3/26/2026,1171017,طحينية بلك ميار - موسم  كروما,kg,17242,25790.875,17242,0,1.495816901
26000861,3/26/2026,1011005,ميار طحينية 250 غم 1*12,حبة,4800,2542.176,4800,0,0.52962
26000862,3/26/2026,1021031,ميار حلاوة 1200 غم برش فستق 1*6,حبة,840,1308.843,840,0,1.558146429
26000863,3/26/2026,1021063,شيخ الكار حلاوة 2300 غم فستق 1*4,حبة,422,1211.669,422,0,2.871253555
26000864,3/26/2026,1021043,شيخ الكار حلاوة 300 غم رشة فستق 1*12,حبة,1500,614.518,1500,0,0.409678667
26000865,3/26/2026,1021048,شيخ الكار حلاوة 300 غم سادة 1*12,حبة,900,329.651,900,0,0.366278889
26000866,3/26/2026,1021060,شيخ الكار حلاوة 1300 غم فستق 1*6,حبة,269,459.98,269,0,1.709962825
26000867,3/26/2026,1021055,شيخ الكار حلاوة 6 كغم سادة 1*4,حبة,76,486.685,76,0,6.40375
26000868,3/26/2026,1021056,شيخ الكار حلاوة 6 كغم شوكولاته 1*4,حبة,80,592.46,80,0,7.40575
26000869,3/26/2026,1021054,شيخ الكار حلاوة 3 كغم فستق 1*6,حبة,60,245.72,60,0,4.095333333
26000870,3/26/2026,1021041,شيخ الكار حلاوة 700 غم سادة 1*12,حبة,756,592.233,756,0,0.783376984
26000871,3/26/2026,1171022,حلاوة بلك سادة شيخ الكار,kg,2640,2544.482,2640,60.035032,0.963818939
26000872,3/26/2026,1171020,حلاوة بلك سادة ميار - موسم,kg,1363,1304.031,1363,7.670159,0.956735877
26000873,3/26/2026,1021038,شيخ الكار حلاوة 700 غم شوكولاته 1*12,حبة,804,715.252,804,0,0.889616915
26000874,3/26/2026,1021020,ميار حلاوة 2200 غم برش فستق 1*4,حبة,219,575.061,219,0,2.625849315
26000875,3/29/2026,1171022,حلاوة بلك سادة شيخ الكار,kg,1280,1259.402,1280,54.241325,0.983907813
26000876,3/29/2026,1171015,طحينية بلك شيخ الكار حجر,kg,30000,44241.419,30000,0,1.474713967
26000877,3/29/2026,1171031,حلاوة بلك فستق شيخ الكار,kg,858,723.068,858,0,0.842736597
26000878,3/29/2026,1171020,حلاوة بلك سادة ميار - موسم,kg,1420,1323.916,1420,0,0.932335211
26000879,3/29/2026,1171028,حلاوة بلك فستق ميار,kg,745,993.712,745,0,1.333841611
26000880,3/29/2026,1011035,شيخ الكار طحينية 18 كغم سطل 1*1,تنكة,576,15660.864,576,0,27.189
26000881,3/29/2026,1011021,شيخ الكار طحينية 5 كغم 1*4,حبة,100,856.225,100,0,8.56225
26000882,3/29/2026,1011035,شيخ الكار طحينية 18 كغم سطل 1*1,تنكة,144,3915.216,144,0,27.189
26000883,3/29/2026,1011003,الموسم طحينية 18 كغم تنك 1*1,حبة,50,1408.9,50,0,28.178
26000884,3/30/2026,1021062,شيخ الكار حلاوة 800 غم فستق 1*12,حبة,960,906.256,960,0,0.944016667
26000885,3/30/2026,1021045,شيخ الكار حلاوة 200 غم سادة 1*12,حبة,2160,624.762,2160,0,0.289241667
26000886,3/30/2026,1021011,شيخ الكار حلاوة 6 كغم فستق 1*4,حبة,116,749.099,116,0,6.45775
26000887,3/30/2026,1171020,حلاوة بلك سادة ميار - موسم,kg,2730,2620.903,2730,23.63694,0.960037729
26000888,3/30/2026,1171013,حلاوة بلك رشة فستق ميار,kg,213,239.275,213,0,1.123356808
26000889,3/30/2026,1171022,حلاوة بلك سادة شيخ الكار,kg,446,426.192,446,6.114477,0.955587444
26000890,3/30/2026,1171031,حلاوة بلك فستق شيخ الكار,kg,453,565.846,453,0,1.249108168
26000891,3/30/2026,1011027,شيخ الكار طحينية 18 كغم تنك 1*1,تنكة,100,2782.1,100,0,27.821
26000892,3/30/2026,1021032,ميار حلاوة 800غ سادة 1*12,حبة,1440,1341.816,1440,0,0.931816667
26000893,3/30/2026,1021047,شيخ الكار حلاوة 400 غم سادة دايت 1*12,حبة,773,775.396,773,0,1.003099612
26000894,3/30/2026,1021005,ميار حلاوة 300 غم رشة فستق 1*12,حبة,804,319.03,804,0,0.396803483
26000895,3/30/2026,1021129,الموسم حلاوة 400 غم سادة دمعة 1*12,حبة,1728,835.402,1728,0,0.483450231
26000896,3/30/2026,1021130,الموسم حلاوة 400 غم فستق دمعة 1*12,حبة,1728,1081.814,1728,0,0.626049769
26000897,3/30/2026,1021167,شهد حلاوة 300غم سادة 1*12,حبة,4798,1867.237,4798,0,0.389169862
26000898,3/30/2026,1011047,الميلاد طحينية 900 غم قارورة 1*12,حبة,672,911.008,672,0,1.355666667
26000899,3/30/2026,1021167,شهد حلاوة 300غم سادة 1*12,حبة,2,0.572,2,0,0.286
26000900,3/31/2026,1171022,حلاوة بلك سادة شيخ الكار,kg,853,850.91,853,47.999531,0.997549824
26000901,3/31/2026,1171020,حلاوة بلك سادة ميار - موسم,kg,2737,2650.823,2737,47.005553,0.968514066
26000902,3/31/2026,1171031,حلاوة بلك فستق شيخ الكار,kg,867,1099.396,867,0,1.268046136
26000903,3/31/2026,1171013,حلاوة بلك رشة فستق ميار,kg,465,502.554,465,0,1.08076129
26000904,3/31/2026,1021039,شيخ الكار حلاوة 700 غم فستق 1*12,حبة,2063,2006.937,2063,0,0.972824527
26000905,3/31/2026,1021005,ميار حلاوة 300 غم رشة فستق 1*12,حبة,1752,685.204,1752,0,0.391098174
26000906,3/31/2026,1011101,الموسم طحينية 400 غم 1*12,حبة,8400,5749.766,8400,0,0.684495952
26000907,3/31/2026,1021050,شيخ الكار حلاوة 800 غم سادة 1*12,حبة,144,136.399,144,1.38698E-14,0.947215278
26000908,3/31/2026,1011088,الموسم طحينية 800 غم  1*12,حبة,1920,2356.66,1920,0,1.227427083
26000909,3/31/2026,1011033,شيخ الكار طحينية 15 كغم تنك 1*1,تنكة,160,3547.8,160,0,22.17375
26000910,3/31/2026,1011028,شيخ الكار طحينية 9 كغم تنك 1*1,تنكة,240,3157.08,240,0,13.1545
26000911,4/1/2026,1171022,حلاوة بلك سادة شيخ الكار,kg,860,825.835,860,16.050421,0.960273256
26000912,4/1/2026,1021050,شيخ الكار حلاوة 800 غم سادة 1*12,حبة,918,866.509,918,0,0.943909586
26000913,4/1/2026,1011121,الفاخرة طحينية 270 غم 1*12,حبة,12000,5407,12000,0,0.450583333
26000914,4/2/2026,1171020,حلاوة بلك سادة ميار - موسم,kg,4444,4354.708,4444,127.003406,0.979907291
26000915,4/2/2026,1171017,طحينية بلك ميار - موسم  كروما,kg,30000,44876.1,30000,0,1.49587
26000916,4/2/2026,1021144,ميار حلاوة 5 كغم سادة 1*4,حبة,22,0,22,0,0
26000917,4/2/2026,1171013,حلاوة بلك رشة فستق ميار,kg,453,513.125,453,0,1.132726269
26000918,4/2/2026,1171028,حلاوة بلك فستق ميار,kg,1332,1513.104,1332,0,1.135963964
26000919,4/2/2026,1021031,ميار حلاوة 1200 غم برش فستق 1*6,حبة,1200,1904.408,1200,0,1.587006667
26000920,4/2/2026,1021005,ميار حلاوة 300 غم رشة فستق 1*12,حبة,1708,681.855,1708,0,0.399212529
26000921,4/2/2026,1021052,شيخ الكار حلاوة 4 كغم سادة تنك 1*1,تنكة,1,1.878,1,0,1.878
26000922,4/2/2026,1141004,سمسم جاهز كعك 50 كغم,شوال,61,3927.256,61,0,64.3812459
26000923,4/2/2026,1011027,شيخ الكار طحينية 18 كغم تنك 1*1,تنكة,26,725.374,26,0,27.899
26000924,4/2/2026,1011027,شيخ الكار طحينية 18 كغم تنك 1*1,تنكة,4,111.596,4,0,27.899
26000925,4/2/2026,1011003,الموسم طحينية 18 كغم تنك 1*1,حبة,2,56.356,2,0,28.178
26000926,4/2/2026,1011021,شيخ الكار طحينية 5 كغم 1*4,حبة,4,34.249,4,0,8.56225
26000927,4/5/2026,1011027,شيخ الكار طحينية 18 كغم تنك 1*1,تنكة,100,2789.9,100,0,27.899
26000928,4/5/2026,1171016,حلاوة بلك دايت,kg,321,1075.91,321,390.659547,3.351744548
26000929,4/5/2026,1171022,حلاوة بلك سادة شيخ الكار,kg,2253,2176.715,2253,55.623853,0.966140701
26000930,4/5/2026,1171031,حلاوة بلك فستق شيخ الكار,kg,462,556.236,462,0,1.203974026
26000931,4/5/2026,1021050,شيخ الكار حلاوة 800 غم سادة 1*12,حبة,2251,2119.464,2251,0,0.941565526
26000932,4/5/2026,1021011,شيخ الكار حلاوة 6 كغم فستق 1*4,حبة,76,596.581,76,0,7.84975
26000933,4/5/2026,1011027,شيخ الكار طحينية 18 كغم تنك 1*1,تنكة,200,5579.8,200,0,27.899
26000934,4/5/2026,1171015,طحينية بلك شيخ الكار حجر,kg,30000,44241.419,30000,0,1.474713967
26000935,4/5/2026,1021058,شيخ الكار حلاوة 5 كغم سادة 1*4,حبة,1,5.332,1,0,5.332
26000936,4/5/2026,1021001,شيخ الكار حلاوة 5 كغم فستق 1*4,حبة,1,6.512,1,0,6.512
26000937,4/6/2026,1021003,شيخ الكار حلاوة 5 كغم سادة (الولاء) 1*1,حبة,1002,5611.02,1002,0,5.599820359
26000938,4/6/2026,1011027,شيخ الكار طحينية 18 كغم تنك 1*1,تنكة,450,12741.3,450,0,28.314
26000939,4/6/2026,1141004,سمسم جاهز كعك 50 كغم,شوال,163,12128.283,163,0,74.40664417
26000940,4/6/2026,1011027,شيخ الكار طحينية 18 كغم تنك 1*1,تنكة,200,5587.2,200,0,27.936
26000941,4/6/2026,1011022,شيخ الكار طحينية 3500 غم 1*4,حبة,1,5.552,1,0,5.552
26000942,4/6/2026,1021047,شيخ الكار حلاوة 400 غم سادة دايت 1*12,حبة,807,646.505,807,0,0.801121437
26000943,4/6/2026,1021058,شيخ الكار حلاوة 5 كغم سادة 1*4,حبة,1,5.332,1,0,5.332
26000944,4/6/2026,1021001,شيخ الكار حلاوة 5 كغم فستق 1*4,حبة,1,5.423,1,0,5.423
26000945,4/6/2026,1011027,شيخ الكار طحينية 18 كغم تنك 1*1,تنكة,383,10699.488,383,0,27.936
26000946,4/6/2026,1011027,شيخ الكار طحينية 18 كغم تنك 1*1,تنكة,250,7078.5,250,0,28.314
26000947,4/8/2026,1011027,شيخ الكار طحينية 18 كغم تنك 1*1,تنكة,67,1871.712,67,0,27.936
26000948,4/8/2026,1011052,القيسي طحينية 900 غم مطرة 1*12,حبة,204,279.038,204,0,1.367833333
26000949,4/8/2026,1011007,ميار طحينية 900 غم مطرة 1*12,حبة,3000,4157.05,3000,0,1.385683333
26000950,4/8/2026,1011005,ميار طحينية 250 غم 1*12,حبة,1200,580.313,1200,0,0.483594167
26000951,4/8/2026,1021034,شيخ الكار حلاوة 600 غم سادة 1*12,حبة,24,19.074,24,0,0.79475
26000952,4/8/2026,1021007,شيخ الكار حلاوة 1 كغم ملوكية بالمكسرات 1*8,حبة,4,7.7,4,0,1.925
26000953,4/8/2026,1021044,شيخ الكار حلاوة 200 غم فستق 1*12,حبة,6168,2133.498,6168,0,0.34589786
26000954,4/8/2026,1171022,حلاوة بلك سادة شيخ الكار,kg,3980,3898.188,3980,149.149722,0.979444221
26000955,4/8/2026,1171031,حلاوة بلك فستق شيخ الكار,kg,4024,5044.794,4024,0,1.253676441
26000956,4/8/2026,1171022,حلاوة بلك سادة شيخ الكار,kg,3569,3479.15,3569,117.569321,0.974824881
26000957,4/8/2026,1171031,حلاوة بلك فستق شيخ الكار,kg,3247,3925.479,3247,0,1.208955651
26000958,4/8/2026,1171026,حلاوة بلك شوكولاته شيخ الكار,kg,66,74.4,66,0,1.127272727
26000959,4/8/2026,1021044,شيخ الكار حلاوة 200 غم فستق 1*12,حبة,312,106.405,312,0,0.341041667
26000960,4/8/2026,1021039,شيخ الكار حلاوة 700 غم فستق 1*12,حبة,1680,1612.156,1680,0,0.959616667
26000961,4/8/2026,1021060,شيخ الكار حلاوة 1300 غم فستق 1*6,حبة,486,875.675,486,0,1.801800412
26000962,4/8/2026,1021011,شيخ الكار حلاوة 6 كغم فستق 1*4,حبة,1,7.867,1,0,7.867
26000963,4/8/2026,1011048,القيسي زيت سيرج 250 غم 1*12,حبة,108,187.52,108,0,1.736296296
26000964,4/8/2026,1011036,قاسيون طحينية 1كغم مطرة 1*12,حبة,1198,1921.24,1198,0,1.603706177
26000965,4/8/2026,1011027,شيخ الكار طحينية 18 كغم تنك 1*1,تنكة,200,5587.2,200,0,27.936
26000966,4/8/2026,1011007,ميار طحينية 900 غم مطرة 1*12,حبة,408,565.359,408,0,1.385683824
26000967,4/8/2026,1011090,شيخ الكار طحينية 900 غم 1*12 جديد,حبة,2080,2905.194,2080,0,1.396727885
26000968,4/8/2026,1011022,شيخ الكار طحينية 3500 غم 1*4,حبة,100,594.6,100,0,5.946
26000969,4/8/2026,1011007,ميار طحينية 900 غم مطرة 1*12,حبة,6,8.26,6,0,1.376666667
26000970,4/8/2026,1011090,شيخ الكار طحينية 900 غم 1*12 جديد,حبة,2,2.762,2,0,1.381
26000971,4/8/2026,1011025,شيخ الكار طحينية 600 غم 1*12,حبة,1848,1886.038,1848,0,1.020583333
26000972,4/9/2026,1171020,حلاوة بلك سادة ميار - موسم,kg,2263,2197.156,2263,43.33806,0.97090411
26000973,4/9/2026,1171022,حلاوة بلك سادة شيخ الكار,kg,2254,2167.463,2254,44.48516,0.961607365
26000974,4/9/2026,1171031,حلاوة بلك فستق شيخ الكار,kg,1820,2065.036,1820,0,1.134635165
26000975,4/9/2026,1171028,حلاوة بلك فستق ميار,kg,318,354.764,318,0,1.115610063
26000976,4/12/2026,1021024,الموسم حلاوة 6 كغم فستق 1*4,حبة,632,4994.064,632,0,7.902
26000977,4/12/2026,1021060,شيخ الكار حلاوة 1300 غم فستق 1*6,حبة,557,984.765,557,0,1.767980251
26000978,4/12/2026,1021063,شيخ الكار حلاوة 2300 غم فستق 1*4,حبة,428,1273.664,428,0,2.975850467
26000979,4/12/2026,1021039,شيخ الكار حلاوة 700 غم فستق 1*12,حبة,641,603.545,641,0,0.941567863
26000980,4/12/2026,1021031,ميار حلاوة 1200 غم برش فستق 1*6,حبة,286,446.339,286,0,1.560625874
26000981,4/12/2026,1021001,شيخ الكار حلاوة 5 كغم فستق 1*4,حبة,80,530.86,80,0,6.63575
26000982,4/12/2026,1021058,شيخ الكار حلاوة 5 كغم سادة 1*4,حبة,60,328.245,60,0,5.47075
26000983,4/12/2026,1021057,شيخ الكار حلاوة 5 كغم شوكولاته 1*4,حبة,12,75.249,12,0,6.27075
26000984,4/12/2026,1021064,شيخ الكار حلاوة 3 كغم سادة 1*6,حبة,150,528.65,150,0,3.524333333
26000985,4/12/2026,1021021,الموسم حلاوة 800 غم سادة 1*12,حبة,1920,1738.592,1920,0,0.905516667
26000986,4/12/2026,1021020,ميار حلاوة 2200 غم برش فستق 1*4,حبة,27,71.01,27,0,2.63
26000987,4/10/2026,1171031,حلاوة بلك فستق شيخ الكار,kg,82,97.728,82,0,1.191804878
26000988,4/12/2026,1171022,حلاوة بلك سادة شيخ الكار,kg,3160,3063.063,3160,86.525548,0.969323734
26000989,4/12/2026,1011027,شيخ الكار طحينية 18 كغم تنك 1*1,تنكة,100,2793.6,100,0,27.936
26000990,4/12/2026,1021003,شيخ الكار حلاوة 5 كغم سادة (الولاء) 1*1,حبة,740,4129.2,740,0,5.58
26000991,4/13/2026,1171022,حلاوة بلك سادة شيخ الكار,kg,4086,4040.42,4086,63.139862,0.988844836
26000992,4/13/2026,1171015,طحينية بلك شيخ الكار حجر,kg,30000,46183.864,30000,1539.8788,1.539462133
26000993,4/13/2026,1171029,حلاوة بلك رشة شيخ الكار,kg,477,541.29,477,0,1.134779874
26000994,4/13/2026,1171031,حلاوة بلك فستق شيخ الكار,kg,1342,1700.443,1342,0,1.267096125
26000995,4/13/2026,1171026,حلاوة بلك شوكولاته شيخ الكار,kg,965,1110.414,965,0,1.150688083
26000996,4/13/2026,1021043,شيخ الكار حلاوة 300 غم رشة فستق 1*12,حبة,1800,743.145,1800,0,0.412858333
26000997,4/13/2026,1021048,شيخ الكار حلاوة 300 غم سادة 1*12,حبة,1200,445.513,1200,0,0.371260833
26000998,4/13/2026,1171030,حلاوة بلك ملوكي شيخ الكار,kg,159,193.005,159,0,1.213867925
26000999,4/13/2026,1021046,شيخ الكار حلاوة 300 غم كاجو 1*12,حبة,600,260.05,600,0,0.433416667
26001000,4/13/2026,1021049,شيخ الكار حلاوة 300 غم شوكولاته 1*12,حبة,1200,509.176,1200,0,0.424313333
26001001,4/13/2026,1021003,شيخ الكار حلاوة 5 كغم سادة (الولاء) 1*1,حبة,14,78.33,14,0,5.595
26001002,4/13/2026,1021039,شيخ الكار حلاوة 700 غم فستق 1*12,حبة,145,142.569,145,0,0.983234483
26001003,4/13/2026,1021039,شيخ الكار حلاوة 700 غم فستق 1*12,حبة,1595,1568.375,1595,0,0.98330721
26001004,4/14/2026,1171022,حلاوة بلك سادة شيخ الكار,kg,3556,3552.154,3556,90.873716,0.998918448
26001005,4/14/2026,1171031,حلاوة بلك فستق شيخ الكار,kg,2333,2789.993,2333,0,1.195882126
26001006,4/14/2026,1171030,حلاوة بلك ملوكي شيخ الكار,kg,342,426.6,342,0,1.247368421
26001007,4/14/2026,1171026,حلاوة بلك شوكولاته شيخ الكار,kg,484,560.73,484,0,1.158533058
26001008,4/14/2026,1011050,سيلك رود طحينية 1 كغم مطرة 1*12,حبة,1200,2001.2,1200,0,1.667666667
26001009,4/14/2026,1011029,شيخ الكار طحينية 8 كغم تنك 1*1,تنكة,400,4996.708,400,0,12.49177
26001010,4/14/2026,1011025,شيخ الكار طحينية 600 غم 1*12,حبة,1800,1906.17,1800,0,1.058983333
26001011,4/14/2026,1011091,شيخ الكار طحينية 700 غم 1*12,حبة,767,851.526,767,0,1.11020339
26001012,4/14/2026,1021039,شيخ الكار حلاوة 700 غم فستق 1*12,حبة,1498,1411.653,1498,0,0.942358478
26001013,4/14/2026,1021038,شيخ الكار حلاوة 700 غم شوكولاته 1*12,حبة,1399,1288.858,1399,0,0.921270908
26001014,4/14/2026,1021041,شيخ الكار حلاوة 700 غم سادة 1*12,حبة,1201,961.572,1201,0,0.800642798
26001015,4/14/2026,1021059,شيخ الكار حلاوة 800 غم ملوكية بالمكسرات 1*12,حبة,121,145.536,121,0,1.20277686
26001016,4/14/2026,1021024,الموسم حلاوة 6 كغم فستق 1*4,حبة,195,1549.2,195,0,7.944615385
26001017,4/14/2026,1021037,شيخ الكار حلاوة 400 غم فستق 1*12,حبة,660,380.787,660,0,0.57695
26001018,4/15/2026,1171031,حلاوة بلك فستق شيخ الكار,kg,20,25.382,20,0,1.2691
26001019,4/15/2026,1011021,شيخ الكار طحينية 5 كغم 1*4,حبة,100,888.225,100,0,8.88225
26001020,4/15/2026,1011022,شيخ الكار طحينية 3500 غم 1*4,حبة,100,617,100,0,6.17
26001021,4/16/2026,1011033,شيخ الكار طحينية 15 كغم تنك 1*1,تنكة,400,9253.1,400,0,23.13275
26001022,4/16/2026,1011028,شيخ الكار طحينية 9 كغم تنك 1*1,تنكة,600,8241.42,600,0,13.7357
26001023,4/16/2026,1011035,شيخ الكار طحينية 18 كغم سطل 1*1,تنكة,288,8269.344,288,0,28.713
26001024,4/19/2026,1011017,الموسم طحينية 10 كغ تنك 1*1,حبة,360,5404.608,360,0,15.0128
26001025,4/19/2026,1011035,شيخ الكار طحينية 18 كغم سطل 1*1,تنكة,192,5441.472,192,0,28.341
26001026,4/19/2026,1011022,شيخ الكار طحينية 3500 غم 1*4,حبة,1,6.171,1,0,6.171
26001027,4/19/2026,1011090,شيخ الكار طحينية 900 غم 1*12 جديد,حبة,3732,4117.951,3732,0,1.103416667
26001028,4/19/2026,1011094,شيخ الكار طحينية 500 غم 1*12,حبة,2064,1240.808,2064,0,0.601166667
26001029,4/19/2026,1011006,شيخ الكار طحينية 300 غم 1*12 جديد,حبة,1499,585.046,1499,0,0.390290861
26001030,4/19/2026,1171015,طحينية بلك شيخ الكار حجر,kg,30000,33652.602,30000,0,1.1217534
26001031,4/20/2026,1171016,حلاوة بلك دايت,kg,602,1206.652,602,46.89358,2.004405316
26001032,4/20/2026,1171022,حلاوة بلك سادة شيخ الكار,kg,443.5,347.908,443.5,5.249848,0.784459977
26001033,4/20/2026,1171026,حلاوة بلك شوكولاته شيخ الكار,kg,98.5,109.728,98.5,0,1.113989848
26001034,4/20/2026,1171031,حلاوة بلك فستق شيخ الكار,kg,257.5,284.63,257.5,0,1.105359223
26001035,4/20/2026,1021047,شيخ الكار حلاوة 400 غم سادة دايت 1*12,حبة,1757,1546.033,1757,0,0.879927718
26001036,4/20/2026,1021050,شيخ الكار حلاوة 800 غم سادة 1*12,حبة,120,111.65,120,0,0.930416667
26001037,4/20/2026,1021061,شيخ الكار حلاوة 800 غم شوكولاته 1*12,حبة,120,128.45,120,0,1.070416667
26001038,4/20/2026,1021062,شيخ الكار حلاوة 800 غم فستق 1*12,حبة,180,189.075,180,0,1.050416667
26001039,4/20/2026,1021063,شيخ الكار حلاوة 2300 غم فستق 1*4,حبة,51,141.05,51,0,2.765686275
26001040,4/20/2026,1021039,شيخ الكار حلاوة 700 غم فستق 1*12,حبة,4,3.453,4,0,0.86325
26001041,4/21/2026,1171020,حلاوة بلك سادة ميار - موسم,kg,5035,4864.261,5035,72.156833,0.966089573
26001042,4/22/2026,1171020,حلاوة بلك سادة ميار - موسم,kg,5550,5331.834,5550,49.528834,0.960690811
26001043,4/22/2026,1011063,النور طحينية 500 غم 1*12,حبة,12000,8710,12000,0,0.725833333
26001044,4/22/2026,1011027,شيخ الكار طحينية 18 كغم تنك 1*1,تنكة,10,217.26,10,0,21.726
26001045,4/22/2026,1011027,شيخ الكار طحينية 18 كغم تنك 1*1,تنكة,10,0,10,0,0
26001046,4/22/2026,1011063,النور طحينية 500 غم 1*12,حبة,12000,0,12000,0,0
26001048,4/22/2026,1171015,طحينية بلك شيخ الكار حجر,kg,25589.293,0,25589.293,0,0
26001049,4/22/2026,1171015,طحينية بلك شيخ الكار حجر,kg,30000,31529.898,30000,0,1.0509966
26001050,4/22/2026,1011027,شيخ الكار طحينية 18 كغم تنك 1*1,تنكة,10,203.04,10,0,20.304
26001051,4/22/2026,1011063,النور طحينية 500 غم 1*12,حبة,12000,8236,12000,0,0.686333333
26001052,4/22/2026,1021003,شيخ الكار حلاوة 5 كغم سادة (الولاء) 1*1,حبة,562,3143.266,562,0,5.593
26001053,4/22/2026,1011059,النور طحينية 1 كغم 1*12,حبة,7392,9459.296,7392,0,1.279666667
26001054,4/23/2026,1011027,شيخ الكار طحينية 18 كغم تنك 1*1,تنكة,200,4060.8,200,0,20.304
26001055,4/23/2026,1171022,حلاوة بلك سادة شيخ الكار,kg,4156,3098.098,4156,0,0.745451877
26001056,4/23/2026,1171020,حلاوة بلك سادة ميار - موسم,kg,430,409.979,430,0,0.953439535
26001057,4/23/2026,1171031,حلاوة بلك فستق شيخ الكار,kg,1285,1320.748,1285,0,1.027819455
26001058,4/23/2026,1171026,حلاوة بلك شوكولاته شيخ الكار,kg,968,933.17,968,0,0.964018595
26001059,4/23/2026,1021062,شيخ الكار حلاوة 800 غم فستق 1*12,حبة,120,118.658,120,0,0.988816667
26001060,4/23/2026,1021050,شيخ الكار حلاوة 800 غم سادة 1*12,حبة,120,98.21,120,0,0.818416667
26001061,4/23/2026,1021061,شيخ الكار حلاوة 800 غم شوكولاته 1*12,حبة,120,113.666,120,0,0.947216667
26001062,4/23/2026,1021037,شيخ الكار حلاوة 400 غم فستق 1*12,حبة,24,12.167,24,0,0.506958333
26001063,4/23/2026,1021060,شيخ الكار حلاوة 1300 غم فستق 1*6,حبة,3,4.656,3,0,1.552
26001064,4/23/2026,1011090,شيخ الكار طحينية 900 غم 1*12 جديد,حبة,20,20.407,20,0,1.02035
26001065,4/26/2026,1171022,حلاوة بلك سادة شيخ الكار,kg,1298,1000.819,1298,46.014004,0.771046995
26001066,4/26/2026,1171020,حلاوة بلك سادة ميار - موسم,kg,477,452.895,477,1.044208,0.949465409
26001067,4/26/2026,1171031,حلاوة بلك فستق شيخ الكار,kg,1135,1147.11,1135,0,1.010669604
26001068,4/26/2026,1171030,حلاوة بلك ملوكي شيخ الكار,kg,96,147.996,96,0,1.541625
26001069,4/26/2026,1171028,حلاوة بلك فستق ميار,kg,181,197.522,181,0,1.091281768
26001070,4/26/2026,1171013,حلاوة بلك رشة فستق ميار,kg,300,327.598,300,0,1.091993333
26001071,4/26/2026,1021003,شيخ الكار حلاوة 5 كغم سادة (الولاء) 1*1,حبة,1642,9188.026,1642,0,5.595630938
26001072,4/26/2026,1021048,شيخ الكار حلاوة 300 غم سادة 1*12,حبة,1200,388.972,1200,0,0.324143333
26001073,4/26/2026,1021049,شيخ الكار حلاوة 300 غم شوكولاته 1*12,حبة,1200,453.124,1200,0,0.377603333
26001074,4/26/2026,1021039,شيخ الكار حلاوة 700 غم فستق 1*12,حبة,1200,990.26,1200,0,0.825216667
26001075,4/26/2026,1021060,شيخ الكار حلاوة 1300 غم فستق 1*6,حبة,601,946.962,601,0,1.575643927
26001076,4/26/2026,1021011,شيخ الكار حلاوة 6 كغم فستق 1*4,حبة,212,1430.099,212,0,6.74575
26001077,4/26/2026,1021055,شيخ الكار حلاوة 6 كغم سادة 1*4,حبة,100,544.975,100,0,5.44975
26001078,4/26/2026,1021052,شيخ الكار حلاوة 4 كغم سادة تنك 1*1,تنكة,75,323.7,75,0,4.316
26001079,4/26/2026,1021030,ميار حلاوة 550 غم رشة فستق 1*12,حبة,600,430.75,600,0,0.717916667
26001080,4/26/2026,1021034,شيخ الكار حلاوة 600 غم سادة 1*12,حبة,36,25.046,36,0,0.695722222
26001081,4/26/2026,1021059,شيخ الكار حلاوة 800 غم ملوكية بالمكسرات 1*12,حبة,120,171.13,120,0,1.426083333
26001082,4/26/2026,1021039,شيخ الكار حلاوة 700 غم فستق 1*12,حبة,1200,0,1200,0,0
26001083,4/26/2026,1021041,شيخ الكار حلاوة 700 غم سادة 1*12,حبة,1200,817.172,1200,0,0.680976667
26001084,4/26/2026,1011027,شيخ الكار طحينية 18 كغم تنك 1*1,تنكة,200,4060.8,200,0,20.304
26001085,4/26/2026,1011007,ميار طحينية 900 غم مطرة 1*12,حبة,3024,4316.256,3024,0,1.427333333
26001086,4/26/2026,1171017,طحينية بلك ميار - موسم  كروما,kg,20000,30943,20000,0,1.54715
26001087,4/26/2026,1011020,شيخ الكار طحينية 800 غم 1*12,حبة,1200,1219.66,1200,0,1.016383333
26001088,4/27/2026,1141004,سمسم جاهز كعك 50 كغم,شوال,1,64.1,1,0,64.1
26001089,4/27/2026,1011005,ميار طحينية 250 غم 1*12,حبة,3900,1900.86,3900,0,0.4874
26001090,4/27/2026,1171020,حلاوة بلك سادة ميار - موسم,kg,2793,2709.211,2793,0,0.970000358
26001091,4/27/2026,1171028,حلاوة بلك فستق ميار,kg,2797,3078.872,2797,0,1.100776546
26001092,4/27/2026,1021031,ميار حلاوة 1200 غم برش فستق 1*6,حبة,2628,4044.309,2628,0,1.538930365
26001093,4/27/2026,1021031,ميار حلاوة 1200 غم برش فستق 1*6,حبة,54,83.061,54,0,1.538166667
26001094,4/29/2026,1011035,شيخ الكار طحينية 18 كغم سطل 1*1,تنكة,336,6870.864,336,0,20.449
26001095,4/29/2026,1011015,الموسم طحينية 9 كغم تنك 1*1,حبة,210,2934.435,210,0,13.9735
26001096,4/29/2026,1171015,طحينية بلك شيخ الكار حجر,kg,15000,15764.949,15000,0,1.0509966
26001097,4/29/2026,1011020,شيخ الكار طحينية 800 غم 1*12,حبة,2112,2146.602,2112,0,1.016383523
26001098,4/29/2026,1011088,الموسم طحينية 800 غم  1*12,حبة,960,1212.736,960,0,1.263266667
26001099,4/29/2026,1011093,الموسم طحينية 250 غم 1*12,حبة,2040,926.415,2040,0,0.454125
26001100,4/29/2026,1021062,شيخ الكار حلاوة 800 غم فستق 1*12,حبة,8,7.728,8,0,0.966
26001101,4/29/2026,1021052,شيخ الكار حلاوة 4 كغم سادة تنك 1*1,تنكة,1,4.316,1,0,4.316
26001102,4/29/2026,1021063,شيخ الكار حلاوة 2300 غم فستق 1*4,حبة,1,2.539,1,0,2.539
26001103,4/29/2026,1021059,شيخ الكار حلاوة 800 غم ملوكية بالمكسرات 1*12,حبة,1,1.37,1,0,1.37
26001104,5/3/2026,1171022,حلاوة بلك سادة شيخ الكار,kg,4171,3100.2,4171,33.539512,0.743274994
26001105,5/3/2026,1021003,شيخ الكار حلاوة 5 كغم سادة (الولاء) 1*1,حبة,15,0,15,0,0
26001106,5/3/2026,1171031,حلاوة بلك فستق شيخ الكار,kg,1468,1402.306,1468,0,0.955249319
26001107,5/3/2026,1171026,حلاوة بلك شوكولاته شيخ الكار,kg,649,573.689,649,0,0.883958398
26001108,5/3/2026,1171030,حلاوة بلك ملوكي شيخ الكار,kg,31,49.148,31,0,1.585419355
26001109,5/3/2026,1011027,شيخ الكار طحينية 18 كغم تنك 1*1,تنكة,300,6091.2,300,0,20.304
26001110,5/3/2026,1021050,شيخ الكار حلاوة 800 غم سادة 1*12,حبة,1704,1323.696,1704,0,0.776816901
26001111,5/3/2026,1021062,شيخ الكار حلاوة 800 غم فستق 1*12,حبة,600,564.01,600,0,0.940016667
26001112,5/3/2026,1021061,شيخ الكار حلاوة 800 غم شوكولاته 1*12,حبة,600,540.72,600,0,0.9012
26001113,5/3/2026,1021007,شيخ الكار حلاوة 1 كغم ملوكية بالمكسرات 1*8,حبة,16,27.444,16,0,1.71525
26001114,5/3/2026,1021038,شيخ الكار حلاوة 700 غم شوكولاته 1*12,حبة,864,672.172,864,0,0.777976852
26001115,5/3/2026,1021039,شيخ الكار حلاوة 700 غم فستق 1*12,حبة,489,386.993,489,0,0.791396728
26001116,5/3/2026,1021066,شيخ الكار حلاوة 1800 غم فستق 1*6,حبة,420,753.647,420,0,1.794397619
26001117,5/3/2026,1021060,شيخ الكار حلاوة 1300 غم فستق 1*6,حبة,480,813.744,480,0,1.6953
26001118,5/3/2026,1011015,الموسم طحينية 9 كغم تنك 1*1,حبة,30,422.205,30,0,14.0735
26001119,5/4/2026,1021066,شيخ الكار حلاوة 1800 غم فستق 1*6,حبة,420,0,420,0,0
26001120,5/4/2026,1021009,شيخ الكار حلاوة 1800 غم سادة 1*6,حبة,420,612.052,420,0,1.457266667
26001121,5/4/2026,1021002,شيخ الكار حلاوة 600 غم ملوكي 1*12,حبة,24,27.109,24,0,1.129541667
26001122,5/4/2026,1171022,حلاوة بلك سادة شيخ الكار,kg,2895,2041.575,2895,0,0.705207254
26001123,5/4/2026,1171020,حلاوة بلك سادة ميار - موسم,kg,470,459.455,470,0,0.97756383
26001124,5/4/2026,1171031,حلاوة بلك فستق شيخ الكار,kg,1396,1394.796,1396,0,0.999137536
26001125,5/6/2026,1171020,حلاوة بلك سادة ميار - موسم,kg,4106,4124.073,4106,109.385895,1.004401607
26001126,5/6/2026,1021003,شيخ الكار حلاوة 5 كغم سادة (الولاء) 1*1,حبة,43,244.138,43,0,5.677627907
26001127,5/6/2026,1021003,شيخ الكار حلاوة 5 كغم سادة (الولاء) 1*1,حبة,86,0,86,0,0
26001128,5/6/2026,1171028,حلاوة بلك فستق ميار,kg,2816,3565.972,2816,0,1.266325284
26001129,5/6/2026,1171020,حلاوة بلك سادة ميار - موسم,kg,4091,4094.718,4091,94.74864,1.000908824
26001130,5/6/2026,1171022,حلاوة بلك سادة شيخ الكار,kg,443,340.846,443,14.851182,0.769404063
26001131,5/6/2026,1171028,حلاوة بلك فستق ميار,kg,1712,2118.236,1712,0,1.237287383
26001132,5/6/2026,1171031,حلاوة بلك فستق شيخ الكار,kg,450,438.793,450,0,0.975095556
26001133,5/6/2026,1011045,عرفة طحينية 900 غم 1*12,حبة,1080,1540.44,1080,0,1.426333333
26001134,5/7/2026,1011003,الموسم طحينية 18 كغم تنك 1*1,حبة,50,1453,50,0,29.06
26001135,5/7/2026,1011077,كباتيلو طحينية 800 غم 1*12,حبة,600,598.93,600,0,0.998216667
26001136,5/7/2026,1011075,كباتيلو طحينية 400 غم 1*12,حبة,480,285.432,480,0,0.59465
26001137,5/7/2026,1021063,شيخ الكار حلاوة 2300 غم فستق 1*4,حبة,377,948.019,377,0,2.514639257
26001138,5/7/2026,1021072,كباتيلو حلاوة 350 غم فستق 1*12,حبة,300,139.3,300,0,0.464333333
26001139,5/7/2026,1021072,كباتيلو حلاوة 350 غم فستق 1*12,حبة,300,139.3,300,0,0.464333333
26001140,5/7/2026,1021073,كباتيلو حلاوة 350 غم سادة 1*12,حبة,300,113.92,300,0,0.379733333
26001141,5/7/2026,1021071,كباتيلو حلاوة 700 غم سادة 1*12,حبة,300,204.665,300,0,0.682216667
26001142,5/7/2026,1021060,شيخ الكار حلاوة 1300 غم فستق 1*6,حبة,221,340.241,221,0,1.539552036
26001143,5/7/2026,1021031,ميار حلاوة 1200 غم برش فستق 1*6,حبة,72,124.936,72,0,1.735222222
26001144,5/7/2026,1021072,كباتيلو حلاوة 350 غم فستق 1*12,حبة,300,0,300,0,0
26001145,5/7/2026,1021082,كباتيلو حلاوة 700 غم فستق 1*12,حبة,300,231.107,300,0,0.770356667
26001146,5/10/2026,1021097,لايت أند سويت حلاوة 400 غم دايت فستق 1*24,حبة,143,0,143,0,0
26001147,5/10/2026,1171016,حلاوة بلك دايت,kg,289.5,587.281,289.5,23.166482,2.028604491
26001148,5/10/2026,1171032,حلاوة بلك دايت فستق شيخ الكار,kg,310.8,712.898,310.8,0,2.293751609
26001149,5/10/2026,1171022,حلاوة بلك سادة شيخ الكار,kg,1437,1070.185,1437,23.8577,0.74473556
26001150,5/10/2026,1171031,حلاوة بلك فستق شيخ الكار,kg,1135,1037.943,1135,0,0.914487225
26001151,5/10/2026,1021163,شيخ الكار حلاوة 400 غم فستق دايت 1*12,حبة,556,580.405,556,0,1.043893885
26001152,5/10/2026,1021168,شيخ الكار حلاوة 3 كغم دايت فستق 1*6,حبة,6,47.774,6,0,7.962333333
26001153,5/10/2026,1021062,شيخ الكار حلاوة 800 غم فستق 1*12,حبة,960,884.752,960,0,0.921616667
26001154,5/10/2026,1021050,شيخ الكار حلاوة 800 غم سادة 1*12,حبة,960,725.776,960,0,0.756016667
26001155,5/10/2026,1021037,شيخ الكار حلاوة 400 غم فستق 1*12,حبة,1728,831.773,1728,0,0.481350116
26001156,5/10/2026,1021013,شيخ الكار حلاوة 400 غم سادة 1*12,حبة,1728,780.278,1728,0,0.451549769
26001157,5/10/2026,1021129,الموسم حلاوة 400 غم سادة دمعة 1*12,حبة,3456,1731.629,3456,0,0.501050058
26001158,5/10/2026,1021130,الموسم حلاوة 400 غم فستق دمعة 1*12,حبة,3456,2057.184,3456,0,0.59525
26001159,5/10/2026,1021137,الموسم حلاوة 800 غم فستق دمعة 1*12,حبة,3840,4419.52,3840,0,1.150916667
26001160,5/10/2026,1021138,الموسم حلاوة 800 غم سادة دمعة 1*12,حبة,3840,3669.184,3840,0,0.955516667
26001161,5/10/2026,1021044,شيخ الكار حلاوة 200 غم فستق 1*12,حبة,480,136.244,480,0,0.283841667
26001162,5/13/2026,1011091,شيخ الكار طحينية 700 غم 1*12,حبة,1204,954.689,1204,0,0.792931063
26001163,5/13/2026,1011094,شيخ الكار طحينية 500 غم 1*12,حبة,1200,678.74,1200,0,0.565616667
26001164,5/13/2026,1011007,ميار طحينية 900 غم مطرة 1*12,حبة,1200,1717.6,1200,0,1.431333333
26001165,5/13/2026,1011022,شيخ الكار طحينية 3500 غم 1*4,حبة,1,4.068,1,0,4.068
26001166,5/14/2026,1011098,الافندي طحينية 250 غم 1*12,حبة,1200,526.41,1200,0,0.438675
26001167,5/14/2026,1011095,الافندي طحينية 500 غم 1*12,حبة,1200,1137.4,1200,0,0.947833333
26001168,5/14/2026,1011090,شيخ الكار طحينية 900 غم 1*12 جديد,حبة,3600,3678.54,3600,0,1.021816667
26001169,5/14/2026,1011050,سيلك رود طحينية 1 كغم مطرة 1*12,حبة,1200,1395.086,1200,0,1.162571667
26001170,5/14/2026,1171015,طحينية بلك شيخ الكار حجر,kg,40000,41342.174,40000,0,1.03355435
26001171,5/14/2026,1011090,شيخ الكار طحينية 900 غم 1*12 جديد,حبة,12,12.262,12,0,1.021833333
26001172,5/18/2026,1171022,حلاوة بلك سادة شيخ الكار,kg,2623,1984.706,2623,77.034992,0.756654975
26001173,5/18/2026,1171031,حلاوة بلك فستق شيخ الكار,kg,1597.5,1609.125,1597.5,0,1.007276995
26001174,5/18/2026,1171026,حلاوة بلك شوكولاته شيخ الكار,kg,486,442.776,486,0,0.911061728
26001175,5/18/2026,1011003,الموسم طحينية 18 كغم تنك 1*1,حبة,10,282.5,10,0,28.25
26001176,5/18/2026,1011044,لوكسر طحينية 450 غم 1*12 اصفر,حبة,10800,8769.24,10800,0,0.811966667
26001177,5/18/2026,1021063,شيخ الكار حلاوة 2300 غم فستق 1*4,حبة,2,5.049,2,0,2.5245
26001178,5/18/2026,1021060,شيخ الكار حلاوة 1300 غم فستق 1*6,حبة,5,7.767,5,0,1.5534
26001179,5/18/2026,1021007,شيخ الكار حلاوة 1 كغم ملوكية بالمكسرات 1*8,حبة,3,5.146,3,0,1.715333333
26001180,5/19/2026,1171022,حلاوة بلك سادة شيخ الكار,kg,3868,3076.841,3868,263.873789,0.795460445
26001181,5/19/2026,1171031,حلاوة بلك فستق شيخ الكار,kg,1489,1632.584,1489,0,1.096429819
26001182,5/19/2026,1171026,حلاوة بلك شوكولاته شيخ الكار,kg,970,909.312,970,0,0.937435052
26001183,5/19/2026,1011044,لوكسر طحينية 450 غم 1*12 اصفر,حبة,13860,11253.858,13860,0,0.811966667
26001184,5/19/2026,1171017,طحينية بلك ميار - موسم  كروما,kg,30000,45260.7,30000,0,1.50869
26001185,5/19/2026,1011035,شيخ الكار طحينية 18 كغم سطل 1*1,تنكة,100,2034.9,100,0,20.349
26001186,5/19/2026,1011035,شيخ الكار طحينية 18 كغم سطل 1*1,تنكة,288,5908.32,288,0,20.515
26001187,5/19/2026,1021053,شيخ الكار حلاوة 3 كغم شوكولاته 1*6,حبة,150,481.25,150,0,3.208333333
26001188,5/19/2026,1021054,شيخ الكار حلاوة 3 كغم فستق 1*6,حبة,150,563,150,0,3.753333333
26001189,5/19/2026,1021055,شيخ الكار حلاوة 6 كغم سادة 1*4,حبة,100,528.175,100,0,5.28175
26001190,5/19/2026,1021011,شيخ الكار حلاوة 6 كغم فستق 1*4,حبة,192,1318.224,192,0,6.86575
26001191,5/19/2026,1021056,شيخ الكار حلاوة 6 كغم شوكولاته 1*4,حبة,8,49.598,8,0,6.19975
26001192,5/19/2026,1021009,شيخ الكار حلاوة 1800 غم سادة 1*6,حبة,432,717.638,432,0,1.661199074
26001193,5/19/2026,1021044,شيخ الكار حلاوة 200 غم فستق 1*12,حبة,2160,680.49,2160,0,0.315041667
26001194,5/19/2026,1021039,شيخ الكار حلاوة 700 غم فستق 1*12,حبة,660,553.091,660,0,0.838016667
26001195,5/19/2026,1011022,شيخ الكار طحينية 3500 غم 1*4,حبة,4,17.61,4,0,4.4025
26001196,5/20/2026,1011044,لوكسر طحينية 450 غم 1*12 اصفر,حبة,11340,9206.991,11340,0,0.811903968
26001197,5/20/2026,1011035,شيخ الكار طحينية 18 كغم سطل 1*1,تنكة,288,5801.184,288,0,20.143
26001198,5/20/2026,1011036,قاسيون طحينية 1كغم مطرة 1*12,حبة,720,837.12,720,0,1.162666667
26001199,5/20/2026,1011022,شيخ الكار طحينية 3500 غم 1*4,حبة,1,4.008,1,0,4.008
26001200,5/20/2026,1011033,شيخ الكار طحينية 15 كغم تنك 1*1,تنكة,320,5099.68,320,0,15.9365
26001201,5/20/2026,1011088,الموسم طحينية 800 غم  1*12,حبة,2880,3573.034,2880,0,1.240636806
26001202,5/20/2026,1011035,شيخ الكار طحينية 18 كغم سطل 1*1,تنكة,192,3938.88,192,0,20.515
26001203,5/20/2026,1011101,الموسم طحينية 400 غم 1*12,حبة,3600,2571.444,3600,0,0.71429
26001204,5/21/2026,1171020,حلاوة بلك سادة ميار - موسم,kg,5025,4935.319,5025,97.664524,0.982153035
26001205,5/21/2026,1011044,لوكسر طحينية 450 غم 1*12 اصفر,حبة,3600,2923.08,3600,0,0.811966667
26001206,5/21/2026,1011101,الموسم طحينية 400 غم 1*12,حبة,1800,1285.722,1800,0,0.71429
26001207,5/21/2026,1011003,الموسم طحينية 18 كغم تنك 1*1,حبة,3,85.506,3,0,28.502
26001208,5/21/2026,1021039,شيخ الكار حلاوة 700 غم فستق 1*12,حبة,988,827.895,988,0,0.837950405
26001209,5/21/2026,1021038,شيخ الكار حلاوة 700 غم شوكولاته 1*12,حبة,1517,1180.109,1517,0,0.777922874
26001210,5/31/2026,1021050,شيخ الكار حلاوة 800 غم سادة 1*12,حبة,1260,991.893,1260,0,0.787216667
26001211,5/31/2026,1011027,شيخ الكار طحينية 18 كغم تنك 1*1,تنكة,15,300.105,15,0,20.007
26001212,5/31/2026,1171020,حلاوة بلك سادة ميار - موسم,kg,2730,2688.688,2730,60.254532,0.984867399
26001213,5/31/2026,1011091,شيخ الكار طحينية 700 غم 1*12,حبة,4,3.064,4,0,0.766
26001214,6/1/2026,1021003,شيخ الكار حلاوة 5 كغم سادة (الولاء) 1*1,حبة,640,3654.88,640,0,5.71075
26001215,6/1/2026,1011027,شيخ الكار طحينية 18 كغم تنك 1*1,تنكة,223,6388.281,223,0,28.647
26001216,6/1/2026,1011003,الموسم طحينية 18 كغم تنك 1*1,حبة,50,1425.1,50,0,28.502
26001217,6/1/2026,1011090,شيخ الكار طحينية 900 غم 1*12 جديد,حبة,3608,3769.571,3608,0,1.044781319
26001218,6/1/2026,1011021,شيخ الكار طحينية 5 كغم 1*4,حبة,100,670.225,100,0,6.70225
26001219,6/1/2026,1011004,الموسم طحينية 900 غم 1*12,حبة,600,853.39,600,0,1.422316667
26001220,6/2/2026,1171016,حلاوة بلك دايت,kg,280,583.48,280,38.226809,2.083857143
26001221,6/2/2026,1171022,حلاوة بلك سادة شيخ الكار,kg,4099,3015.835,4099,34.808703,0.735748963
26001222,6/2/2026,1171029,حلاوة بلك رشة شيخ الكار,kg,339,317.3,339,0,0.935988201
26001223,6/2/2026,1171031,حلاوة بلك فستق شيخ الكار,kg,3807,3532.712,3807,0,0.927951668
26001224,6/2/2026,1171022,حلاوة بلك سادة شيخ الكار,kg,1315,989.769,1315,33.439262,0.752676046
26001225,6/2/2026,1171031,حلاوة بلك فستق شيخ الكار,kg,1325,1153.05,1325,0,0.870226415
26001226,6/2/2026,1171020,حلاوة بلك سادة ميار - موسم,kg,3183,3254.201,3183,189.955989,1.022369149
26001227,6/2/2026,1171013,حلاوة بلك رشة فستق ميار,kg,324,370.398,324,0,1.143203704
26001228,6/2/2026,1171028,حلاوة بلك فستق ميار,kg,834,942.106,834,0,1.129623501
26001229,6/2/2026,1021003,شيخ الكار حلاوة 5 كغم سادة (الولاء) 1*1,حبة,17,0,17,0,0
26001230,6/2/2026,1021003,شيخ الكار حلاوة 5 كغم سادة (الولاء) 1*1,حبة,940,5455.525,940,0,5.80375
26001231,6/2/2026,1021024,الموسم حلاوة 6 كغم فستق 1*4,حبة,413,2572.789,413,0,6.229513317
26001232,6/2/2026,1021039,شيخ الكار حلاوة 700 غم فستق 1*12,حبة,1420,1081.771,1420,0,0.761810563
26001233,6/2/2026,1021011,شيخ الكار حلاوة 6 كغم فستق 1*4,حبة,140,861.245,140,0,6.15175
26001234,6/2/2026,1021063,شيخ الكار حلاوة 2300 غم فستق 1*4,حبة,416,999.513,416,0,2.402675481
26001235,6/2/2026,1021005,ميار حلاوة 300 غم رشة فستق 1*12,حبة,1200,496.396,1200,0,0.413663333
26001236,6/2/2026,1021043,شيخ الكار حلاوة 300 غم رشة فستق 1*12,حبة,1200,432.966,1200,0,0.360805
26001237,6/2/2026,1021047,شيخ الكار حلاوة 400 غم سادة دايت 1*12,حبة,695,645.674,695,0,0.929027338
26001238,6/2/2026,1011088,الموسم طحينية 800 غم  1*12,حبة,960,1191.011,960,0,1.240636458
26001239,6/2/2026,1011033,شيخ الكار طحينية 15 كغم تنك 1*1,تنكة,80,1274.92,80,0,15.9365
26001240,6/3/2026,1171022,حلاوة بلك سادة شيخ الكار,kg,4913,3703.599,4913,130.473909,0.753836556
26001241,6/3/2026,1171031,حلاوة بلك فستق شيخ الكار,kg,3862,3513.312,3862,0,0.909713102
26001242,6/3/2026,1171026,حلاوة بلك شوكولاته شيخ الكار,kg,90,84.635,90,0,0.940388889
26001243,6/3/2026,1021149,الميلاد حلاوة 700 غم فستق 1*12,حبة,1200,964.7,1200,0,0.803916667
26001244,6/3/2026,1021142,الميلاد حلاوة 1500 غم فستق 1*6,حبة,600,1061.4,600,0,1.769
26001245,6/3/2026,1021085,الميلاد حلاوة 1300 غم فستق 1*6,حبة,600,771.36,600,0,1.2856
26001246,6/3/2026,1021084,الميلاد حلاوة 2300 غم فستق 1*4,حبة,200,468.15,200,0,2.34075
26001247,6/3/2026,1021064,شيخ الكار حلاوة 3 كغم سادة 1*6,حبة,60,172.58,60,0,2.876333333
26001248,6/3/2026,1021053,شيخ الكار حلاوة 3 كغم شوكولاته 1*6,حبة,30,96.52,30,0,3.217333333
26001249,6/3/2026,1021054,شيخ الكار حلاوة 3 كغم فستق 1*6,حبة,30,100.9,30,0,3.363333333
26001250,6/3/2026,1011090,شيخ الكار طحينية 900 غم 1*12 جديد,حبة,7,7.202,7,0,1.028857143
26001251,6/7/2026,1171022,حلاوة بلك سادة شيخ الكار,kg,3889,2769.059,3889,0,0.712023399
26001252,6/7/2026,1171015,طحينية بلك شيخ الكار حجر,kg,40000,40080.047,40000,0,1.002001175
26001253,6/7/2026,1171031,حلاوة بلك فستق شيخ الكار,kg,2564,2634.804,2564,0,1.027614665
26001254,6/7/2026,1021045,شيخ الكار حلاوة 200 غم سادة 1*12,حبة,4320,1079.316,4320,0,0.249841667
26001255,6/7/2026,1021044,شيخ الكار حلاوة 200 غم فستق 1*12,حبة,2160,658.89,2160,0,0.305041667
26001256,6/7/2026,1021062,شيخ الكار حلاوة 800 غم فستق 1*12,حبة,828,798.537,828,0,0.964416667
26001257,6/7/2026,1021039,شيخ الكار حلاوة 700 غم فستق 1*12,حبة,828,667.382,828,0,0.806016908
26001258,6/7/2026,1021024,الموسم حلاوة 6 كغم فستق 1*4,حبة,132,868.824,132,0,6.582
26001259,6/7/2026,1021020,ميار حلاوة 2200 غم برش فستق 1*4,حبة,401,1062.951,401,0,2.650750623
26001260,6/7/2026,1011007,ميار طحينية 900 غم مطرة 1*12,حبة,3000,4237.9,3000,0,1.412633333
26001261,6/7/2026,1011020,شيخ الكار طحينية 800 غم 1*12,حبة,66,64.67,66,0,0.979848485
26001262,6/7/2026,1171017,طحينية بلك ميار - موسم  كروما,kg,40000,9007466.4,40000,0,225.18666
26001263,6/7/2026,1171017,طحينية بلك ميار - موسم  كروما,kg,40000,0,40000,0,0
26001264,6/7/2026,1171017,طحينية بلك ميار - موسم  كروما,kg,40000,60942.4,40000,0,1.52356
26001265,6/7/2026,1021037,شيخ الكار حلاوة 400 غم فستق 1*12,حبة,24,12.042,24,0,0.50175
26001266,6/7/2026,1021163,شيخ الكار حلاوة 400 غم فستق دايت 1*12,حبة,24,25.079,24,0,1.044958333
26001267,6/7/2026,1021060,شيخ الكار حلاوة 1300 غم فستق 1*6,حبة,3,4.518,3,0,1.506
26001268,6/7/2026,1021063,شيخ الكار حلاوة 2300 غم فستق 1*4,حبة,1,2.511,1,0,2.511
26001269,6/7/2026,1011090,شيخ الكار طحينية 900 غم 1*12 جديد,حبة,25,25.446,25,0,1.01784
26001270,6/7/2026,1141003,سمسم محمص 50 كغم,kg,500,489.901,500,0,0.979802
26001271,6/7/2026,1011101,الموسم طحينية 400 غم 1*12,حبة,1800,1246.554,1800,0,0.69253
26001272,6/7/2026,1011020,شيخ الكار طحينية 800 غم 1*12,حبة,1056,1032.75,1056,0,0.977982955
26001273,6/7/2026,1011036,قاسيون طحينية 1كغم مطرة 1*12,حبة,300,339.5,300,0,1.131666667
26001274,6/8/2026,1021003,شيخ الكار حلاوة 5 كغم سادة (الولاء) 1*1,حبة,392,2275.07,392,0,5.80375
26001275,6/8/2026,1171020,حلاوة بلك سادة ميار - موسم,kg,1391,1460.257,1391,0,1.04978936
26001276,6/8/2026,1171028,حلاوة بلك فستق ميار,kg,730,933.238,730,0,1.278408219
26001277,6/8/2026,1171022,حلاوة بلك سادة شيخ الكار,kg,2657,1891.908,2657,0,0.712046669
26001278,6/8/2026,1171031,حلاوة بلك فستق شيخ الكار,kg,252,261.487,252,0,1.037646825
26001279,6/8/2026,1171030,حلاوة بلك ملوكي شيخ الكار,kg,47,71.96,47,0,1.53106383
26001280,6/8/2026,1171016,حلاوة بلك دايت,kg,298,582.663,298,20.44537,1.955244966
26001281,6/8/2026,1171032,حلاوة بلك دايت فستق شيخ الكار,kg,320,727.583,320,0,2.273696875
26001282,6/8/2026,1021060,شيخ الكار حلاوة 1300 غم فستق 1*6,حبة,77,116.7,77,0,1.515584416
26001283,6/9/2026,1011087,تمور البركة طحينية 400 غم *12,حبة,3600,2046.42,3600,0,0.56845
26001284,6/9/2026,1011028,شيخ الكار طحينية 9 كغم تنك 1*1,تنكة,840,7800.996,840,0,9.2869
26001285,6/9/2026,1011033,شيخ الكار طحينية 15 كغم تنك 1*1,تنكة,240,3718.74,240,0,15.49475
26001286,6/9/2026,1021039,شيخ الكار حلاوة 700 غم فستق 1*12,حبة,2316,1875.359,2316,0,0.809740501
26001287,6/9/2026,1171020,حلاوة بلك سادة ميار - موسم,kg,424,450.864,424,0,1.063358491
26001288,6/9/2026,1171022,حلاوة بلك سادة شيخ الكار,kg,4533,3302.934,4533,75.19052,0.728641959
26001289,6/9/2026,1171031,حلاوة بلك فستق شيخ الكار,kg,4593,4287.225,4593,0,0.933425865
26001290,6/9/2026,1021062,شيخ الكار حلاوة 800 غم فستق 1*12,حبة,132,121.284,132,0,0.918818182
26001291,6/9/2026,1021037,شيخ الكار حلاوة 400 غم فستق 1*12,حبة,3456,1670.803,3456,0,0.483449942
26001292,6/9/2026,1021137,الموسم حلاوة 800 غم فستق دمعة 1*12,حبة,960,1150.768,960,0,1.198716667
26001293,6/9/2026,1021138,الموسم حلاوة 800 غم سادة دمعة 1*12,حبة,960,940.336,960,0,0.979516667
26001294,6/9/2026,1021050,شيخ الكار حلاوة 800 غم سادة 1*12,حبة,1960,1479.96,1960,0,0.755081633
26001295,6/9/2026,1021052,شيخ الكار حلاوة 4 كغم سادة تنك 1*1,تنكة,210,840,210,0,4
26001296,6/9/2026,1171028,حلاوة بلك فستق ميار,kg,36,52.625,36,0,1.461805556
26001297,6/9/2026,1021003,شيخ الكار حلاوة 5 كغم سادة (الولاء) 1*1,حبة,35,208.304,35,0,5.951542857
26001298,6/9/2026,1021063,شيخ الكار حلاوة 2300 غم فستق 1*4,حبة,4,9.715,4,0,2.42875
26001299,6/10/2026,1171022,حلاوة بلك سادة شيخ الكار,kg,4010,2956.793,4010,101.658269,0.737354863
26001300,6/10/2026,1171020,حلاوة بلك سادة ميار - موسم,kg,523,532.674,523,0,1.018497132
26001301,6/10/2026,1011087,تمور البركة طحينية 400 غم *12,حبة,10476,5955.082,10476,0,0.568449981
26001302,6/11/2026,1171016,حلاوة بلك دايت,kg,577,1162.742,577,47.270255,2.01515078
26001303,6/11/2026,1171032,حلاوة بلك دايت فستق شيخ الكار,kg,182,454.72,182,0,2.498461538
26001304,6/14/2026,1011036,قاسيون طحينية 1كغم مطرة 1*12,حبة,1200,1360.4,1200,0,1.133666667
26001305,6/14/2026,1011015,الموسم طحينية 9 كغم تنك 1*1,حبة,120,1666.908,120,0,13.8909
26001306,6/14/2026,1011027,شيخ الكار طحينية 18 كغم تنك 1*1,تنكة,250,4862.25,250,0,19.449
26001307,6/14/2026,1021003,شيخ الكار حلاوة 5 كغم سادة (الولاء) 1*1,حبة,80,475.1,80,0,5.93875
26001308,6/14/2026,1021011,شيخ الكار حلاوة 6 كغم فستق 1*4,حبة,80,499.26,80,0,6.24075
26001309,6/14/2026,1021050,شيخ الكار حلاوة 800 غم سادة 1*12,حبة,1800,1369.83,1800,0,0.761016667
26001310,6/14/2026,1021011,شيخ الكار حلاوة 6 كغم فستق 1*4,حبة,72,449.334,72,0,6.24075
26001311,6/14/2026,1021039,شيخ الكار حلاوة 700 غم فستق 1*12,حبة,372,289.616,372,0,0.778537634
26001312,6/14/2026,1141003,سمسم محمص 50 كغم,kg,4480.5,4390.688,4480.5,0,0.979954916
26001313,6/14/2026,1171015,طحينية بلك شيخ الكار حجر,kg,8961,12984.489,8961,0,1.449
26001314,6/15/2026,1021095,لايت أند سويت حلاوة 400 غم دايت سادة 1*24,حبة,194,159.1,194,0,0.820103093
26001315,6/15/2026,1021096,لايت أند سويت حلاوة 400 غم دايت شوكولاته 1*24,حبة,204,174.442,204,0,0.855107843
26001316,6/15/2026,1021097,لايت أند سويت حلاوة 400 غم دايت فستق 1*24,حبة,606,579.088,606,6.68763E-14,0.955590759
26001317,6/15/2026,1021024,الموسم حلاوة 6 كغم فستق 1*4,حبة,300,1916.1,300,0,6.387
26001318,6/15/2026,1021011,شيخ الكار حلاوة 6 كغم فستق 1*4,حبة,80,499.26,80,0,6.24075
26001319,6/15/2026,1021009,شيخ الكار حلاوة 1800 غم سادة 1*6,حبة,840,1179.836,840,0,1.404566667
26001320,6/15/2026,1021045,شيخ الكار حلاوة 200 غم سادة 1*12,حبة,2160,540.954,2160,0,0.250441667
26001321,6/15/2026,1171022,حلاوة بلك سادة شيخ الكار,kg,1780,1444.248,1780,0,0.811375281
26001322,6/15/2026,1171031,حلاوة بلك فستق شيخ الكار,kg,1671,1471.946,1671,0,0.880877319
26001323,6/15/2026,1171020,حلاوة بلك سادة ميار - موسم,kg,2286,2441.039,2286,0,1.067821085
26001324,6/15/2026,1171028,حلاوة بلك فستق ميار,kg,1819,2234.584,1819,0,1.228468389
26001325,6/15/2026,1021063,شيخ الكار حلاوة 2300 غم فستق 1*4,حبة,600,1420.725,600,0,2.367875
26001326,6/15/2026,1021031,ميار حلاوة 1200 غم برش فستق 1*6,حبة,480,818.518,480,0,1.705245833
26001327,6/15/2026,1011093,الموسم طحينية 250 غم 1*12,حبة,4080,1832.634,4080,0,0.449175
26001328,6/15/2026,1021163,شيخ الكار حلاوة 400 غم فستق دايت 1*12,حبة,780,821.691,780,0,1.05345
26001329,6/16/2026,1021037,شيخ الكار حلاوة 400 غم فستق 1*12,حبة,1728,0,1728,0,0
26001330,6/16/2026,1021013,شيخ الكار حلاوة 400 غم سادة 1*12,حبة,3456,1631.405,3456,0,0.472050058
26001331,6/16/2026,1011035,شيخ الكار طحينية 18 كغم سطل 1*1,تنكة,384,8941.824,384,0,23.286
26001332,6/16/2026,1171016,حلاوة بلك دايت,kg,290,603.922,290,20.58129,2.082489655
26001333,6/17/2026,1021137,الموسم حلاوة 800 غم فستق دمعة 1*12,حبة,960,1106.224,960,0,1.152316667
26001334,6/17/2026,1021047,شيخ الكار حلاوة 400 غم سادة دايت 1*12,حبة,12,11.228,12,0,0.935666667
26001335,6/17/2026,1021034,شيخ الكار حلاوة 600 غم سادة 1*12,حبة,48,32.042,48,0,0.667541667
26001336,6/17/2026,1021013,شيخ الكار حلاوة 400 غم سادة 1*12,حبة,1728,815.702,1728,0,0.472049769
26001337,6/17/2026,1021138,الموسم حلاوة 800 غم سادة دمعة 1*12,حبة,960,956.464,960,0,0.996316667
26001338,6/17/2026,1021062,شيخ الكار حلاوة 800 غم فستق 1*12,حبة,120,107.57,120,0,0.896416667
26001339,6/17/2026,1021024,الموسم حلاوة 6 كغم فستق 1*4,حبة,63,384.004,63,0,6.095301587
26001340,6/17/2026,1021031,ميار حلاوة 1200 غم برش فستق 1*6,حبة,470,796.848,470,0,1.695421277
26001341,6/17/2026,1021145,شيخ الكار حلاوة 6 كغم سادة دايت 1*4,حبة,47,610.787,47,0,12.99546809
26001342,6/17/2026,1021142,الميلاد حلاوة 1500 غم فستق 1*6,حبة,140,246.296,140,0,1.759257143
26001343,6/21/2026,1021142,الميلاد حلاوة 1500 غم فستق 1*6,حبة,140,0,140,0,0
26001344,6/21/2026,1021169,شيخ الكار حلاوة 1.5 كغم 1*6 فستق,حبة,140,234.54,140,0,1.675285714
26001345,6/21/2026,1011063,النور طحينية 500 غم 1*12,حبة,13202,10196.313,13202,0,0.772330935
26001346,6/21/2026,1011035,شيخ الكار طحينية 18 كغم سطل 1*1,تنكة,240,5677.92,240,0,23.658
26001347,6/21/2026,1011059,النور طحينية 1 كغم 1*12,حبة,6722,8389.564,6722,0,1.248075573
26001348,6/21/2026,1171015,طحينية بلك شيخ الكار حجر,kg,20000,20049.024,20000,0,1.0024512
26001349,6/21/2026,1171016,حلاوة بلك دايت,kg,264,562.195,264,52.568579,2.129526515
26001350,6/21/2026,1171022,حلاوة بلك سادة شيخ الكار,kg,1841,1331.616,1841,12.821349,0.723311244
26001351,6/21/2026,1171020,حلاوة بلك سادة ميار - موسم,kg,456,450.176,456,9.055193,0.98722807
26001352,6/21/2026,1171031,حلاوة بلك فستق شيخ الكار,kg,42,39.05,42,0,0.929761905
26001353,6/21/2026,1021050,شيخ الكار حلاوة 800 غم سادة 1*12,حبة,1152,884.064,1152,8.41283E-14,0.767416667
26001354,6/21/2026,1021032,ميار حلاوة 800غ سادة 1*12,حبة,612,610.419,612,0,0.997416667
26001355,6/21/2026,1021052,شيخ الكار حلاوة 4 كغم سادة تنك 1*1,تنكة,220,893.2,220,0,4.06
26001356,6/21/2026,1021047,شيخ الكار حلاوة 400 غم سادة دايت 1*12,حبة,766,730.214,766,0,0.953281984
26001357,6/22/2026,1011090,شيخ الكار طحينية 900 غم 1*12 جديد,حبة,3600,3694.02,3600,0,1.026116667
26001358,6/22/2026,1011036,قاسيون طحينية 1كغم مطرة 1*12,حبة,1200,1371.2,1200,0,1.142666667
26001359,6/22/2026,1011035,شيخ الكار طحينية 18 كغم سطل 1*1,تنكة,100,1981.2,100,0,19.812
26001360,6/23/2026,1171022,حلاوة بلك سادة شيخ الكار,kg,3297,2359.421,3297,9.605904,0.71562663
26001361,6/23/2026,1171031,حلاوة بلك فستق شيخ الكار,kg,1951,1811.424,1951,0,0.928459252
26001362,6/23/2026,1021039,شيخ الكار حلاوة 700 غم فستق 1*12,حبة,1452,1125.789,1452,0,0.775336777
26001363,6/23/2026,1171026,حلاوة بلك شوكولاته شيخ الكار,kg,498,446.772,498,0,0.89713253
26001364,6/23/2026,1171020,حلاوة بلك سادة ميار - موسم,kg,1378.5,1333.363,1378.5,0,0.967256438
26001365,6/23/2026,1171028,حلاوة بلك فستق ميار,kg,1390,1577.213,1390,0,1.134685612
26001366,6/23/2026,1021060,شيخ الكار حلاوة 1300 غم فستق 1*6,حبة,850,1244.79,850,0,1.464458824
26001367,6/23/2026,1021039,شيخ الكار حلاوة 700 غم فستق 1*12,حبة,1428,1107.181,1428,0,0.775336835
26001368,6/23/2026,1021038,شيخ الكار حلاوة 700 غم شوكولاته 1*12,حبة,774,591.653,774,0,0.764409561
26001369,6/23/2026,1021031,ميار حلاوة 1200 غم برش فستق 1*6,حبة,823,1373.892,823,0,1.669370595
26001370,6/23/2026,1021020,ميار حلاوة 2200 غم برش فستق 1*4,حبة,250,665.281,250,0,2.661124
26001371,6/23/2026,1011021,شيخ الكار طحينية 5 كغم 1*4,حبة,98,642.385,98,0,6.55494898
26001372,6/23/2026,1011027,شيخ الكار طحينية 18 كغم تنك 1*1,تنكة,300,5883.3,300,0,19.611
26001373,6/23/2026,1011090,شيخ الكار طحينية 900 غم 1*12 جديد,حبة,12,12.313,12,0,1.026083333
26001374,6/23/2026,1171015,طحينية بلك شيخ الكار حجر,kg,25000,25061.28,25000,0,1.0024512
26001375,6/23/2026,1021039,شيخ الكار حلاوة 700 غم فستق 1*12,حبة,1428,0,1428,0,0
26001376,6/23/2026,1021041,شيخ الكار حلاوة 700 غم سادة 1*12,حبة,1428,899.321,1428,0,0.629776611
26001377,6/23/2026,1171028,حلاوة بلك فستق ميار,kg,45,105.885,45,0,2.353
26001378,6/23/2026,1021020,ميار حلاوة 2200 غم برش فستق 1*4,حبة,6,16.714,6,2.12275E-15,2.785666667
26001379,6/23/2026,1171028,حلاوة بلك فستق ميار,kg,10,12.658,10,0,1.2658
26001380,6/24/2026,1171022,حلاوة بلك سادة شيخ الكار,kg,2274.5,1487.68,2274.5,16.933335,0.654069026
26001381,6/24/2026,1171020,حلاوة بلك سادة ميار - موسم,kg,1435.5,1530.265,1435.5,0,1.066015326
26001382,6/24/2026,1171031,حلاوة بلك فستق شيخ الكار,kg,2302,1986.475,2302,0,0.862934405
26001383,6/24/2026,1171028,حلاوة بلك فستق ميار,kg,1448,1676.585,1448,0,1.157862569
26001384,6/25/2026,1011108,زيت سيرج 16 كغم تنك 1*1,حبة,10,1098.896,10,0,109.8896
26001385,6/25/2026,1021031,ميار حلاوة 1200 غم برش فستق 1*6,حبة,893,1453.436,893,0,1.627587906
26001386,6/25/2026,1021039,شيخ الكار حلاوة 700 غم فستق 1*12,حبة,1441,1059.143,1441,0,0.735005552
26001387,6/25/2026,1021041,شيخ الكار حلاوة 700 غم سادة 1*12,حبة,12,7.265,12,0,0.605416667
26001388,6/25/2026,1011101,الموسم طحينية 400 غم 1*12,حبة,2040,1463.761,2040,0,0.717529902
26001389,6/25/2026,1011093,الموسم طحينية 250 غم 1*12,حبة,4080,1885.674,4080,0,0.462175
26001390,6/25/2026,1011045,عرفة طحينية 900 غم 1*12,حبة,1800,2544.54,1800,0,1.413633333
26001391,6/25/2026,1011088,الموسم طحينية 800 غم  1*12,حبة,960,1197.318,960,0,1.24720625
26001392,6/25/2026,1011004,الموسم طحينية 900 غم 1*12,حبة,600,857.98,600,0,1.429966667
26001393,6/25/2026,1171022,حلاوة بلك سادة شيخ الكار,kg,429,305.251,429,2.84786E-14,0.711540793
26001394,6/25/2026,1171020,حلاوة بلك سادة ميار - موسم,kg,2724.5,2702.305,2724.5,0,0.991853551
26001395,6/25/2026,1171031,حلاوة بلك فستق شيخ الكار,kg,438,435.912,438,0,0.995232877
26001396,6/25/2026,1171028,حلاوة بلك فستق ميار,kg,692,907.627,692,0,1.311599711
26001397,6/25/2026,1021024,الموسم حلاوة 6 كغم فستق 1*4,حبة,237,1429.901,237,0,6.033337553
26001398,6/25/2026,1021129,الموسم حلاوة 400 غم سادة دمعة 1*12,حبة,3456,1746.835,3456,0,0.505449942
26001399,6/25/2026,1021130,الموسم حلاوة 400 غم فستق دمعة 1*12,حبة,1728,1044.144,1728,0,0.60425
26001400,6/25/2026,1021020,ميار حلاوة 2200 غم برش فستق 1*4,حبة,220,637.945,220,0,2.89975
26001401,6/25/2026,1141003,سمسم محمص 50 كغم,kg,30,29.569,30,0,0.985633333
26001402,6/25/2026,1011088,الموسم طحينية 800 غم  1*12,حبة,2880,3662.69,2880,0,1.271767361
26001403,6/29/2026,1011020,شيخ الكار طحينية 800 غم 1*12,حبة,1116,1091.653,1116,0,0.978183692
26001404,6/29/2026,1011026,شيخ الكار طحينية 400 غم 1*12,حبة,2040,1100.172,2040,0,0.5393
26001405,6/29/2026,1141003,سمسم محمص 50 كغم,kg,50,49.001,50,0,0.98002
26001406,6/29/2026,1171022,حلاوة بلك سادة شيخ الكار,kg,2705,1976.182,2705,51.643578,0.730566359
26001407,6/29/2026,1171020,حلاوة بلك سادة ميار - موسم,kg,863,871.415,863,36.607329,1.009750869
26001408,6/29/2026,1171031,حلاوة بلك فستق شيخ الكار,kg,1868,1777.242,1868,0,0.951414347
26001409,6/30/2026,1011050,سيلك رود طحينية 1 كغم مطرة 1*12,حبة,1200,1356.8,1200,0,1.130666667
26001410,6/30/2026,1011035,شيخ الكار طحينية 18 كغم سطل 1*1,تنكة,48,960.192,48,0,20.004
26001411,6/30/2026,1011015,الموسم طحينية 9 كغم تنك 1*1,حبة,120,1666.908,120,0,13.8909
26001412,6/30/2026,1011024,شيخ الكار طحينية 250 غم 1*12,حبة,2040,678.307,2040,0,0.332503431
26001413,6/30/2026,1011026,شيخ الكار طحينية 400 غم 1*12,حبة,2040,1100.172,2040,0,0.5393
26001414,6/30/2026,1021037,شيخ الكار حلاوة 400 غم فستق 1*12,حبة,3964,1951.23,3964,0,0.492237639
26001415,6/30/2026,1021138,الموسم حلاوة 800 غم سادة دمعة 1*12,حبة,960,925.504,960,0,0.964066667
26001416,6/30/2026,1021060,شيخ الكار حلاوة 1300 غم فستق 1*6,حبة,480,795.6,480,0,1.6575
26001417,6/30/2026,1021044,شيخ الكار حلاوة 200 غم فستق 1*12,حبة,2119,628.509,2119,0,0.296606418
26001418,6/30/2026,1021045,شيخ الكار حلاوة 200 غم سادة 1*12,حبة,4320,1070.604,4320,0,0.247825
26001419,6/30/2026,1021060,شيخ الكار حلاوة 1300 غم فستق 1*6,حبة,480,795.6,480,0,1.6575
26001420,6/30/2026,1021138,الموسم حلاوة 800 غم سادة دمعة 1*12,حبة,960,925.504,960,0,0.964066667
26001421,6/30/2026,1171022,حلاوة بلك سادة شيخ الكار,kg,3110,2288.011,3110,74.99231,0.735694855
26001422,6/30/2026,1171031,حلاوة بلك فستق شيخ الكار,kg,3159,3032.599,3159,0,0.959987021
26001423,6/30/2026,1171020,حلاوة بلك سادة ميار - موسم,kg,1327,1283.432,1327,1.02318E-14,0.967168048
26001424,6/30/2026,1171028,حلاوة بلك فستق ميار,kg,885,1098.465,885,0,1.24120339
26001425,6/30/2026,1011050,سيلك رود طحينية 1 كغم مطرة 1*12,حبة,1200,1356.8,1200,0,1.130666667
26001426,7/1/2026,1171022,حلاوة بلك سادة شيخ الكار,kg,4480,3277.606,4480,89.734338,0.731608482
26001427,7/1/2026,1171020,حلاوة بلك سادة ميار - موسم,kg,144,333.36,144,0,2.315
26001428,7/1/2026,1171028,حلاوة بلك فستق ميار,kg,1993,2582.083,1993,0,1.295576016
26001429,7/1/2026,1171022,حلاوة بلك سادة شيخ الكار,kg,4480,0,4480,0,0
26001430,7/1/2026,1171020,حلاوة بلك سادة ميار - موسم,kg,4480,4454.545,4480,121.512028,0.99431808
26001431,7/1/2026,1021130,الموسم حلاوة 400 غم فستق دمعة 1*12,حبة,3456,2128.378,3456,0,0.615850116
26001432,7/1/2026,1021129,الموسم حلاوة 400 غم سادة دمعة 1*12,حبة,4680,2389.842,4680,0,0.51065
26001433,7/1/2026,1011007,ميار طحينية 900 غم مطرة 1*12,حبة,1793,2548.943,1793,0,1.42160792
26001434,7/1/2026,1011020,شيخ الكار طحينية 800 غم 1*12,حبة,2112,2065.923,2112,0,0.978183239
26001435,7/1/2026,1011004,الموسم طحينية 900 غم 1*12,حبة,600,857.98,600,0,1.429966667
26001436,7/1/2026,1011024,شيخ الكار طحينية 250 غم 1*12,حبة,1800,598.506,1800,0,0.332503333
26001437,7/1/2026,1011022,شيخ الكار طحينية 3500 غم 1*4,حبة,1,3.896,1,0,3.896
26001438,7/1/2026,1011007,ميار طحينية 900 غم مطرة 1*12,حبة,1,1.413,1,0,1.413
26001439,7/1/2026,1021138,الموسم حلاوة 800 غم سادة دمعة 1*12,حبة,1920,1924.736,1920,0,1.002466667
26001440,7/1/2026,1021137,الموسم حلاوة 800 غم فستق دمعة 1*12,حبة,1920,2290.304,1920,0,1.192866667
26001441,7/1/2026,1021062,شيخ الكار حلاوة 800 غم فستق 1*12,حبة,1920,1797.92,1920,0,0.936416667
26001442,7/1/2026,1021060,شيخ الكار حلاوة 1300 غم فستق 1*6,حبة,1,1.464,1,0,1.464
26001443,7/1/2026,1021053,شيخ الكار حلاوة 3 كغم شوكولاته 1*6,حبة,1,3.062,1,0,3.062
26001444,7/1/2026,1021050,شيخ الكار حلاوة 800 غم سادة 1*12,حبة,240,183.46,240,0,0.764416667
26001445,7/1/2026,1141003,سمسم محمص 50 كغم,kg,1000,980.026,1000,0,0.980026
26001446,7/1/2026,1171028,حلاوة بلك فستق ميار,kg,40,51.489,40,0,1.287225
26001447,7/2/2026,1171016,حلاوة بلك دايت,kg,565,1146.712,565,56.978737,2.029578761
26001448,7/2/2026,1171032,حلاوة بلك دايت فستق شيخ الكار,kg,277,645.809,277,0,2.331440433
26001449,7/2/2026,1171020,حلاوة بلك سادة ميار - موسم,kg,460,445.607,460,0.736798,0.96871087
26001450,7/2/2026,1171022,حلاوة بلك سادة شيخ الكار,kg,1349,987.591,1349,27.757847,0.732091179
26001451,7/2/2026,1171031,حلاوة بلك فستق شيخ الكار,kg,20,22.161,20,0,1.10805
26001452,7/2/2026,1021050,شيخ الكار حلاوة 800 غم سادة 1*12,حبة,1212,927.443,1212,8.31051E-14,0.765216997
26001453,7/2/2026,1011022,شيخ الكار طحينية 3500 غم 1*4,حبة,100,429.05,100,0,4.2905
26001454,7/2/2026,1011035,شيخ الكار طحينية 18 كغم سطل 1*1,تنكة,10,200.04,10,0,20.004
26001455,7/2/2026,1011090,شيخ الكار طحينية 900 غم 1*12 جديد,حبة,6,6.022,6,0,1.003666667
26001456,7/2/2026,1021050,شيخ الكار حلاوة 800 غم سادة 1*12,حبة,216,165.287,216,0,0.765217593
26001457,7/2/2026,1021047,شيخ الكار حلاوة 400 غم سادة دايت 1*12,حبة,633,587.427,633,0,0.928004739
26001458,7/2/2026,1021163,شيخ الكار حلاوة 400 غم فستق دايت 1*12,حبة,691,722.9,691,0,1.046164978
26001459,7/2/2026,1021032,ميار حلاوة 800غ سادة 1*12,حبة,252,236.834,252,0,0.93981746
26001460,7/2/2026,1021014,شيخ الكار حلاوة 400 غم ملوكية بالمكسرات 1*12,حبة,13,9.376,13,0,0.721230769
26001461,7/2/2026,1021061,شيخ الكار حلاوة 800 غم شوكولاته 1*12,حبة,4,3.506,4,0,0.8765
26001462,7/2/2026,1021036,شيخ الكار حلاوة 400 غم شوكولاته 1*12,حبة,15,7.022,15,0,0.468133333
26001463,7/2/2026,1021062,شيخ الكار حلاوة 800 غم فستق 1*12,حبة,15,14.057,15,0,0.937133333
26001464,7/2/2026,1021161,الموسم حلاوة 1200 غم برش فستق 1*6,حبة,3,4.635,3,0,1.545
26001465,7/2/2026,1021024,الموسم حلاوة 6 كغم فستق 1*4,حبة,98,629.723,98,0,6.425744898
26001466,7/2/2026,1011027,شيخ الكار طحينية 18 كغم تنك 1*1,تنكة,200,3886.2,200,0,19.431
26001467,7/2/2026,1011087,تمور البركة طحينية 400 غم *12,حبة,2460,1344.8,2460,0,0.546666667
26001468,7/2/2026,1011025,شيخ الكار طحينية 600 غم 1*12,حبة,1800,1353.21,1800,0,0.751783333
26001469,7/2/2026,1011026,شيخ الكار طحينية 400 غم 1*12,حبة,1200,647.16,1200,0,0.5393
26001470,7/5/2026,1011006,شيخ الكار طحينية 300 غم 1*12 جديد,حبة,2388,1017.726,2388,0,0.426183417
26001471,7/5/2026,1011090,شيخ الكار طحينية 900 غم 1*12 جديد,حبة,2400,2434.6,2400,0,1.014416667
26001472,7/5/2026,1011094,شيخ الكار طحينية 500 غم 1*12,حبة,1200,734.6,1200,0,0.612166667
26001473,7/5/2026,1011052,القيسي طحينية 900 غم مطرة 1*12,حبة,120,114.67,120,0,0.955583333
26001474,7/5/2026,1171015,طحينية بلك شيخ الكار حجر,kg,40000,39576.046,40000,150,0.98940115
26001475,7/6/2026,1171022,حلاوة بلك سادة شيخ الكار,kg,4924,3583.567,4924,109.154039,0.727775589
26001476,7/6/2026,1171022,حلاوة بلك سادة شيخ الكار,kg,25,58.338,25,0,2.33352
26001477,7/6/2026,1171031,حلاوة بلك فستق شيخ الكار,kg,4070,3783.172,4070,0,0.92952629
26001478,7/6/2026,1171026,حلاوة بلك شوكولاته شيخ الكار,kg,995,888.018,995,0,0.892480402
26001479,7/6/2026,1021011,شيخ الكار حلاوة 6 كغم فستق 1*4,حبة,200,1244.55,200,0,6.22275
26001480,7/6/2026,1021039,شيخ الكار حلاوة 700 غم فستق 1*12,حبة,2148,1668.173,2148,0,0.776616853
26001481,7/6/2026,1021038,شيخ الكار حلاوة 700 غم شوكولاته 1*12,حبة,800,605.551,800,0,0.75693875
26001482,7/6/2026,1021063,شيخ الكار حلاوة 2300 غم فستق 1*4,حبة,400,968.9,400,0,2.42225
26001483,7/6/2026,1021056,شيخ الكار حلاوة 6 كغم شوكولاته 1*4,حبة,80,481.5,80,0,6.01875
26001484,7/6/2026,1011091,شيخ الكار طحينية 700 غم 1*12,حبة,1200,904,1200,0,0.753333333
26001485,7/6/2026,1011024,شيخ الكار طحينية 250 غم 1*12,حبة,2040,673.166,2040,0,0.329983333
26001486,7/6/2026,1011027,شيخ الكار طحينية 18 كغم تنك 1*1,تنكة,200,3843,200,0,19.215
26001487,7/6/2026,1011003,الموسم طحينية 18 كغم تنك 1*1,حبة,50,1433.2,50,0,28.664
26001488,7/6/2026,1011007,ميار طحينية 900 غم مطرة 1*12,حبة,984,1514.999,984,116.112,1.53963313
26001489,7/6/2026,1011005,ميار طحينية 250 غم 1*12,حبة,2382,1124.609,2382,0,0.472128044
26001490,7/6/2026,1141004,سمسم جاهز كعك 50 كغم,شوال,112,5488.146,112,0,49.00130357
26001491,7/7/2026,1171022,حلاوة بلك سادة شيخ الكار,kg,2665,1945.942,2665,65.600258,0.730184615
26001492,7/7/2026,1171031,حلاوة بلك فستق شيخ الكار,kg,2698,2522.109,2698,0,0.934806894
26001493,7/7/2026,1171020,حلاوة بلك سادة ميار - موسم,kg,2196,2208.236,2196,84.171523,1.005571949
26001494,7/7/2026,1171020,حلاوة بلك سادة ميار - موسم,kg,125,274.757,125,0,2.198056
26001495,7/7/2026,1171028,حلاوة بلك فستق ميار,kg,2337,2702.453,2337,0,1.156376979
26001496,7/7/2026,1021020,ميار حلاوة 2200 غم برش فستق 1*4,حبة,399,1079.175,399,1.31422E-13,2.704699248
26001497,7/7/2026,1021039,شيخ الكار حلاوة 700 غم فستق 1*12,حبة,2099,1635.508,2099,0,0.779184374
26001498,7/7/2026,1021031,ميار حلاوة 1200 غم برش فستق 1*6,حبة,1352,2206.831,1352,0,1.63227145
26001499,7/7/2026,1021024,الموسم حلاوة 6 كغم فستق 1*4,حبة,331,2074.723,331,0,6.268045317
26001500,7/8/2026,1021060,شيخ الكار حلاوة 1300 غم فستق 1*6,حبة,1196,1657.845,1196,0,1.386158027
26001501,7/8/2026,1021063,شيخ الكار حلاوة 2300 غم فستق 1*4,حبة,400,907.13,400,0,2.267825
26001502,7/8/2026,1021043,شيخ الكار حلاوة 300 غم رشة فستق 1*12,حبة,1200,406.572,1200,0,0.33881
26001503,7/8/2026,1021049,شيخ الكار حلاوة 300 غم شوكولاته 1*12,حبة,1200,418.956,1200,0,0.34913
26001504,7/8/2026,1021038,شيخ الكار حلاوة 700 غم شوكولاته 1*12,حبة,276,204.123,276,0,0.739576087
26001505,7/8/2026,1021005,ميار حلاوة 300 غم رشة فستق 1*12,حبة,1728,707.812,1728,0,0.409613426
26001506,7/8/2026,1011101,الموسم طحينية 400 غم 1*12,حبة,7200,4986.316,7200,0,0.692543889
26001507,7/8/2026,1011090,شيخ الكار طحينية 900 غم 1*12 جديد,حبة,2040,2069.41,2040,0,1.014416667
26001508,7/8/2026,1011021,شيخ الكار طحينية 5 كغم 1*4,حبة,2,11.72,2,0,5.86
26001509,7/8/2026,1171022,حلاوة بلك سادة شيخ الكار,kg,3185,2274.061,3185,26.581368,0.713990895
26001510,7/8/2026,1171029,حلاوة بلك رشة شيخ الكار,kg,324,274.763,324,0,0.848033951
26001511,7/8/2026,1171031,حلاوة بلك فستق شيخ الكار,kg,2413,2069.22,2413,0,0.857530046
26001512,7/8/2026,1171026,حلاوة بلك شوكولاته شيخ الكار,kg,502,430.2,502,0,0.856972112
26001513,7/8/2026,1171020,حلاوة بلك سادة ميار - موسم,kg,2257,2214.328,2257,31.574771,0.981093487
26001514,7/8/2026,1171013,حلاوة بلك رشة فستق ميار,kg,485,537.795,485,0,1.10885567
26001515,7/9/2026,1171020,حلاوة بلك سادة ميار - موسم,kg,5781,5742.5,5781,163.221681,0.993340253
26001516,7/9/2026,1021137,الموسم حلاوة 800 غم فستق دمعة 1*12,حبة,442,0,442,0,0
26001517,7/9/2026,1171028,حلاوة بلك فستق ميار,kg,3343,3568.053,3343,0,1.06732067
26001518,7/9/2026,1021031,ميار حلاوة 1200 غم برش فستق 1*6,حبة,3012,4625.036,3012,0,1.535536521
26001519,7/9/2026,1021129,الموسم حلاوة 400 غم سادة دمعة 1*12,حبة,1596,814.918,1596,0,0.510600251
26001520,7/9/2026,1011027,شيخ الكار طحينية 18 كغم تنك 1*1,تنكة,200,3843.4,200,0,19.217
26001521,7/9/2026,1011033,شيخ الكار طحينية 15 كغم تنك 1*1,تنكة,320,4899.04,320,0,15.3095
26001522,7/9/2026,1011021,شيخ الكار طحينية 5 كغم 1*4,حبة,2,14.209,2,0,7.1045
26001523,7/12/2026,1171020,حلاوة بلك سادة ميار - موسم,kg,1365,1338.552,1365,21.287271,0.980624176
26001524,7/12/2026,1171022,حلاوة بلك سادة شيخ الكار,kg,1300,955.779,1300,41.184734,0.735214615
26001525,7/12/2026,1171031,حلاوة بلك فستق شيخ الكار,kg,456,433.308,456,0,0.950236842
26001526,7/12/2026,1011033,شيخ الكار طحينية 15 كغم تنك 1*1,تنكة,160,2467.28,160,0,15.4205
26001527,7/12/2026,1011091,شيخ الكار طحينية 700 غم 1*12,حبة,84,63.28,84,0,0.753333333
26001528,7/12/2026,1021041,شيخ الكار حلاوة 700 غم سادة 1*12,حبة,1331,839.953,1331,0,0.631069121
26001529,7/12/2026,1021011,شيخ الكار حلاوة 6 كغم فستق 1*4,حبة,76,473.841,76,0,6.23475
26001530,7/12/2026,1011027,شيخ الكار طحينية 18 كغم تنك 1*1,تنكة,200,3843.4,200,0,19.217
26001531,7/12/2026,1011105,زيت سيرج 16.5 كغم تنك 1*1,تنكة,10,585.59,10,0,58.559
26001532,7/13/2026,1171018,زيت سيرج بلك,kg,165,571.131,165,0,3.4614
26001533,7/13/2026,1011028,شيخ الكار طحينية 9 كغم تنك 1*1,تنكة,240,2202.96,240,0,9.179
26001534,7/13/2026,1011015,الموسم طحينية 9 كغم تنك 1*1,حبة,240,3333.816,240,0,13.8909
26001535,7/13/2026,1021003,شيخ الكار حلاوة 5 كغم سادة (الولاء) 1*1,حبة,1034,6005.409,1034,0,5.807939072
26001536,7/13/2026,1171022,حلاوة بلك سادة شيخ الكار,kg,2233,1623.985,2233,53.05192,0.72726601
26001537,7/13/2026,1171031,حلاوة بلك فستق شيخ الكار,kg,2265,2191.967,2265,0,0.96775585
26001538,7/13/2026,1021099,الضياء حلاوة 400 غم فستق 1*12,حبة,600,269.856,600,0,0.44976
26001539,7/13/2026,1171020,حلاوة بلك سادة ميار - موسم,kg,1320,1269.021,1320,0,0.961379545
26001540,7/13/2026,1021039,شيخ الكار حلاوة 700 غم فستق 1*12,حبة,1247,999.682,1247,0,0.801669607
26001541,7/13/2026,1021062,شيخ الكار حلاوة 800 غم فستق 1*12,حبة,120,113.786,120,0,0.948216667
26001542,7/13/2026,1171016,حلاوة بلك دايت,kg,270,581.057,270,60.437106,2.152062963
26001543,7/13/2026,1021047,شيخ الكار حلاوة 400 غم سادة دايت 1*12,حبة,675,657.049,675,0,0.973405926
26001544,7/13/2026,1021037,شيخ الكار حلاوة 400 غم فستق 1*12,حبة,22,11.029,22,0,0.501318182
26001545,7/13/2026,1171015,طحينية بلك شيخ الكار حجر,kg,40000,39795.205,40000,0,0.994880125
26001546,7/13/2026,1011090,شيخ الكار طحينية 900 غم 1*12 جديد,حبة,2400,2444.8,2400,0,1.018666667
26001547,7/14/2026,1171022,حلاوة بلك سادة شيخ الكار,kg,2261,1616.811,2261,28.906183,0.715086687
26001548,7/14/2026,1171020,حلاوة بلك سادة ميار - موسم,kg,3684,3529.53,3684,5.686274,0.958070033
26001549,7/14/2026,1171031,حلاوة بلك فستق شيخ الكار,kg,1446,1467.32,1446,0,1.014744122
26001550,7/14/2026,1011006,شيخ الكار طحينية 300 غم 1*12 جديد,حبة,2400,1052.02,2400,26,0.438341667
26001551,7/14/2026,1011026,شيخ الكار طحينية 400 غم 1*12,حبة,1800,965.7,1800,0,0.5365
26001552,7/14/2026,1011101,الموسم طحينية 400 غم 1*12,حبة,1800,1291.554,1800,0,0.71753
26001553,7/15/2026,1171020,حلاوة بلك سادة ميار - موسم,kg,2220,2194.647,2220,60.707138,0.98857973
26001554,7/15/2026,1171022,حلاوة بلك سادة شيخ الكار,kg,2705,1944.351,2705,44.998248,0.718798891
26001555,7/15/2026,1171031,حلاوة بلك فستق شيخ الكار,kg,1536,1515.072,1536,0,0.986375
26001556,7/15/2026,1011088,الموسم طحينية 800 غم  1*12,حبة,1920,2481.44,1920,0,1.292416667
26001557,7/15/2026,1011007,ميار طحينية 900 غم مطرة 1*12,حبة,1800,2509.35,1800,0,1.394083333
26001558,7/15/2026,1011033,شيخ الكار طحينية 15 كغم تنك 1*1,تنكة,400,6185.1,400,0,15.46275
26001559,7/15/2026,1171017,طحينية بلك ميار - موسم  كروما,kg,5000,7479.35,5000,0,1.49587
26001560,7/15/2026,1021024,الموسم حلاوة 6 كغم فستق 1*4,حبة,116,766.035,116,0,6.60375
26001561,7/15/2026,1021011,شيخ الكار حلاوة 6 كغم فستق 1*4,حبة,152,1000.578,152,0,6.58275
26001562,7/15/2026,1021062,شيخ الكار حلاوة 800 غم فستق 1*12,حبة,1920,1857.44,1920,0,0.967416667
26001563,7/15/2026,1021050,شيخ الكار حلاوة 800 غم سادة 1*12,حبة,960,726.16,960,0,0.756416667
26001564,7/15/2026,1021138,الموسم حلاوة 800 غم سادة دمعة 1*12,حبة,960,925.504,960,0,0.964066667
26001565,7/15/2026,1021052,شيخ الكار حلاوة 4 كغم سادة تنك 1*1,تنكة,210,835.8,210,0,3.98
26001566,7/15/2026,1021037,شيخ الكار حلاوة 400 غم فستق 1*12,حبة,1728,880.704,1728,0,0.509666667
26001567,7/15/2026,1021039,شيخ الكار حلاوة 700 غم فستق 1*12,حبة,465,379.962,465,0,0.817122581
26001568,7/15/2026,1011020,شيخ الكار طحينية 800 غم 1*12,حبة,2112,2054.096,2112,0,0.972583333
26001569,7/15/2026,1011123,الفاخرة طحينية  900 غ 1*12,حبة,600,517,600,0,0.861666667
26001570,7/16/2026,1171022,حلاوة بلك سادة شيخ الكار,kg,3997,2873.39,3997,67.379707,0.718886665
26001571,7/16/2026,1171031,حلاوة بلك فستق شيخ الكار,kg,2334,2053.224,2334,0,0.879701799
26001572,7/16/2026,1171029,حلاوة بلك رشة شيخ الكار,kg,435,380.961,435,0,0.875772414
26001573,7/16/2026,1171020,حلاوة بلك سادة ميار - موسم,kg,454,439.191,454,7.937553,0.967381057
26001574,7/16/2026,1021038,شيخ الكار حلاوة 700 غم شوكولاته 1*12,حبة,768,558.164,768,0,0.726776042
26001575,7/16/2026,1021053,شيخ الكار حلاوة 3 كغم شوكولاته 1*6,حبة,1,2.969,1,0,2.969
26001576,7/16/2026,1171026,حلاوة بلك شوكولاته شيخ الكار,kg,978,825.712,978,0,0.844286299
26001577,7/16/2026,1021043,شيخ الكار حلاوة 300 غم رشة فستق 1*12,حبة,1692,582.683,1692,0,0.344375296
26001578,7/16/2026,1021063,شيخ الكار حلاوة 2300 غم فستق 1*4,حبة,217,504.348,217,0,2.324184332
26001579,7/16/2026,1021050,شيخ الكار حلاوة 800 غم سادة 1*12,حبة,960,725.392,960,0,0.755616667
26001580,7/16/2026,1021138,الموسم حلاوة 800 غم سادة دمعة 1*12,حبة,960,925.504,960,0,0.964066667
26001581,7/16/2026,1021038,شيخ الكار حلاوة 700 غم شوكولاته 1*12,حبة,761,552.995,761,0,0.726668857
26001582,7/16/2026,1021060,شيخ الكار حلاوة 1300 غم فستق 1*6,حبة,749,1139.5,749,0,1.521361816
26001583,7/16/2026,1011035,شيخ الكار طحينية 18 كغم سطل 1*1,تنكة,576,11235.456,576,0,19.506
26001584,7/19/2026,1171020,حلاوة بلك سادة ميار - موسم,kg,2199,2176.456,2199,87.622744,0.989748067
26001585,7/19/2026,1021137,الموسم حلاوة 800 غم فستق دمعة 1*12,حبة,196,0,196,0,0
26001586,7/19/2026,1171028,حلاوة بلك فستق ميار,kg,778,869.248,778,0,1.117285347
26001587,7/19/2026,1171013,حلاوة بلك رشة فستق ميار,kg,1435,1536.323,1435,0,1.070608362
26001588,7/19/2026,1021031,ميار حلاوة 1200 غم برش فستق 1*6,حبة,840,1331.439,840,0,1.585046429
26001589,7/19/2026,1021011,شيخ الكار حلاوة 6 كغم فستق 1*4,حبة,80,476.22,80,0,5.95275
26001590,7/19/2026,1021005,ميار حلاوة 300 غم رشة فستق 1*12,حبة,1836,733.213,1836,0,0.399353486
26001591,7/19/2026,1021003,شيخ الكار حلاوة 5 كغم سادة (الولاء) 1*1,حبة,1210,6918.673,1210,0,5.71791157
26001592,7/19/2026,1011116,الميلاد طحينية 300 غم مطرة 1*12 قارورة,حبة,600,233.664,600,0,0.38944
26001593,7/19/2026,1011006,شيخ الكار طحينية 300 غم 1*12 جديد,حبة,1404,587.937,1404,0,0.418758547
26001594,7/19/2026,1011025,شيخ الكار طحينية 600 غم 1*12,حبة,1701,1271.689,1701,0,0.747612581
26001595,7/19/2026,1011027,شيخ الكار طحينية 18 كغم تنك 1*1,تنكة,50,965.35,50,0,19.307
26001596,7/19/2026,1011090,شيخ الكار طحينية 900 غم 1*12 جديد,حبة,2,1.998,2,0,0.999
26001597,7/19/2026,1011047,الميلاد طحينية 900 غم قارورة 1*12,حبة,1200,1233.2,1200,0,1.027666667
