VendorCode,VendorName,PurchaseType,Amt,QYT,ItemDescription,ItemCode,ItemGroup,DocNum,Year,Month,DocType,DB,ReferenceNumber
LV0000309,مورد نقدي,Local Vendors,12.497,24,كولجيت معجون أسنان 100 ملم,1151132,Legumes & Spices,26000097,2026,01,فاتورة مشتريات,الشركة التجارية,
LV0000309,مورد نقدي,Local Vendors,85.75,245,قشطة خبز كماج صغير 1 كغم,1151071,Legumes & Spices,26000010,2026,01,فاتورة مشتريات,الشركة التجارية,
LV0000309,مورد نقدي,Local Vendors,8.4,21,قشطة خبز قمح أسمر(لمرضى السكري صغير),1151065,Legumes & Spices,26000010,2026,01,فاتورة مشتريات,الشركة التجارية,
LV0000309,مورد نقدي,Local Vendors,7.8,6,لويال مادة تلميع الاثاث 500 ملم *1,1151129,Legumes & Spices,26000011,2026,01,فاتورة مشتريات,الشركة التجارية,
LV0000309,مورد نقدي,Local Vendors,7.8,6,لويال مادة تلميع الاثاث 500 ملم *1,1151129,Legumes & Spices,26000011,2026,01,فاتورة مشتريات,الشركة التجارية,
LV0000309,مورد نقدي,Local Vendors,15,6,لويال ملين ملابس 1.5 لتر *1,1151122,Legumes & Spices,26000258,2026,02,فاتورة مشتريات,الشركة التجارية,
LV0000309,مورد نقدي,Local Vendors,31.188,10,شيخ الكار بيض طازج 1920 غم فأكثر 1*1,1151111,Legumes & Spices,26000063,2026,01,فاتورة مشتريات,الشركة التجارية,
LV0000309,مورد نقدي,Local Vendors,269.15,96,شيخ الكار بيض طازج 1920 غم فأكثر 1*1,1151111,Legumes & Spices,26000072,2026,01,فاتورة مشتريات,الشركة التجارية,
LV0000309,مورد نقدي,Local Vendors,217.35,84,شيخ الكار بيض طازج 1920 غم فأكثر 1*1,1151111,Legumes & Spices,26000077,2026,01,فاتورة مشتريات,الشركة التجارية,
LV0000309,مورد نقدي,Local Vendors,17.5,10,قشطة قرشلة مطحونة ناعم أو خشن او حار 1 كغم,1151092,Legumes & Spices,26000079,2026,01,فاتورة مشتريات,الشركة التجارية,
LV0000309,مورد نقدي,Local Vendors,72,45,قشطة قرشلة وكعك بأنواعه محلى او سادة 1 كغم,1151100,Legumes & Spices,26000079,2026,01,فاتورة مشتريات,الشركة التجارية,
LV0000309,مورد نقدي,Local Vendors,27,150,قشطة خبز شراك,1151066,Legumes & Spices,26000079,2026,01,فاتورة مشتريات,الشركة التجارية,
LV0000309,مورد نقدي,Local Vendors,268.53,583,قشطة خبز كماج كبير 1 كغم,1151069,Legumes & Spices,26000079,2026,01,فاتورة مشتريات,الشركة التجارية,
LV0000309,مورد نقدي,Local Vendors,86.1,245,قشطة خبز كماج كبير 1 كغم,1151069,Legumes & Spices,26000080,2026,01,فاتورة مشتريات,الشركة التجارية,
LV0000309,مورد نقدي,Local Vendors,18.029,25,قشطة قرشلة وكعك بأنواعه محلى او سادة 1 كغم,1151100,Legumes & Spices,26000080,2026,01,فاتورة مشتريات,الشركة التجارية,
LV0000309,مورد نقدي,Local Vendors,8.4,21,قشطة خبز قمح أسمر(لمرضى السكري صغير),1151065,Legumes & Spices,26000080,2026,01,فاتورة مشتريات,الشركة التجارية,
LV0000309,مورد نقدي,Local Vendors,22,2,شيخ الكار سمن بلدي 1 كغم,1151091,Legumes & Spices,26000084,2026,01,فاتورة مشتريات,الشركة التجارية,
LV0000309,مورد نقدي,Local Vendors,4.004,1.001,شيخ الكار جوز عين الجمل مقشر 1 كغم,1151098,Legumes & Spices,26000084,2026,01,فاتورة مشتريات,الشركة التجارية,
LV0000309,مورد نقدي,Local Vendors,18.029,25,قشطة قرشلة وكعك بأنواعه محلى او سادة 1 كغم,1151100,Legumes & Spices,26000094,2026,01,فاتورة مشتريات,الشركة التجارية,
LV0000309,مورد نقدي,Local Vendors,8.4,21,قشطة خبز قمح أسمر(لمرضى السكري صغير),1151065,Legumes & Spices,26000094,2026,01,فاتورة مشتريات,الشركة التجارية,
LV0000309,مورد نقدي,Local Vendors,85.995,245,قشطة خبز كماج صغير 1 كغم,1151071,Legumes & Spices,26000094,2026,01,فاتورة مشتريات,الشركة التجارية,
LV0000309,مورد نقدي,Local Vendors,89.694,19.932,"شيخ الكار جوز هند (ناعم,خشن) 1 كغم",1151089,Legumes & Spices,26000098,2026,01,فاتورة مشتريات,الشركة التجارية,
LV0000309,مورد نقدي,Local Vendors,66.667,20,شيخ الكار جميد بلدي 1 كغم,1151052,Legumes & Spices,26000100,2026,01,فاتورة مشتريات,الشركة التجارية,
LV0000309,مورد نقدي,Local Vendors,217.308,84,شيخ الكار بيض طازج 1920 غم فأكثر 1*1,1151111,Legumes & Spices,26000108,2026,01,فاتورة مشتريات,الشركة التجارية,
LV0000309,مورد نقدي,Local Vendors,53.609,17,شيخ الكار بيض طازج 1920 غم فأكثر 1*1,1151111,Legumes & Spices,26000119,2026,01,فاتورة مشتريات,الشركة التجارية,
LV0000309,مورد نقدي,Local Vendors,1000.35,200,"شيخ الكار جوز هند (ناعم,خشن) 1 كغم",1151089,Legumes & Spices,26000120,2026,01,فاتورة مشتريات,الشركة التجارية,
LV0000309,مورد نقدي,Local Vendors,18.952,48,كولجيت معجون أسنان 100 ملم,1151132,Legumes & Spices,26000488,2026,03,فاتورة مشتريات,الشركة التجارية,
LV0000309,مورد نقدي,Local Vendors,309.38,620,قشطة خبز كماج صغير 1 كغم,1151071,Legumes & Spices,26000143,2026,01,فاتورة مشتريات,الشركة التجارية,
LV0000309,مورد نقدي,Local Vendors,255.657,93,شيخ الكار بيض طازج 1920 غم فأكثر 1*1,1151111,Legumes & Spices,26000143,2026,01,فاتورة مشتريات,الشركة التجارية,
LV0000309,مورد نقدي,Local Vendors,8.4,21,قشطة خبز قمح أسمر(لمرضى السكري صغير),1151065,Legumes & Spices,26000150,2026,01,فاتورة مشتريات,الشركة التجارية,
LV0000309,مورد نقدي,Local Vendors,18.365,25,قشطة قرشلة وكعك بأنواعه محلى او سادة 1 كغم,1151100,Legumes & Spices,26000150,2026,01,فاتورة مشتريات,الشركة التجارية,
LV0000309,مورد نقدي,Local Vendors,85.75,245,قشطة خبز كماج كبير 1 كغم,1151069,Legumes & Spices,26000150,2026,01,فاتورة مشتريات,الشركة التجارية,
LV0000309,مورد نقدي,Local Vendors,10.738,26,قشطة خبز حمام 1 كغم,1151070,Legumes & Spices,26000175,2026,01,فاتورة مشتريات,الشركة التجارية,
LV0000309,مورد نقدي,Local Vendors,296,740,قشطة خبز كماج كبير 1 كغم,1151069,Legumes & Spices,26000175,2026,01,فاتورة مشتريات,الشركة التجارية,
LV0000309,مورد نقدي,Local Vendors,18,90,قشطة خبز شراك,1151066,Legumes & Spices,26000175,2026,01,فاتورة مشتريات,الشركة التجارية,
LV0000309,مورد نقدي,Local Vendors,12.803,31,قشطة خبز قمح أسمر(لمرضى السكري صغير),1151065,Legumes & Spices,26000175,2026,01,فاتورة مشتريات,الشركة التجارية,
LV0000309,مورد نقدي,Local Vendors,140,40,شيخ الكار جميد بلدي 1 كغم,1151052,Legumes & Spices,26000176,2026,01,فاتورة مشتريات,الشركة التجارية,
LV0000309,مورد نقدي,Local Vendors,31.5,10,شيخ الكار بيض طازج 1920 غم فأكثر 1*1,1151111,Legumes & Spices,26000183,2026,02,فاتورة مشتريات,الشركة التجارية,
LV0000309,مورد نقدي,Local Vendors,13,24,كولجيت معجون أسنان 100 ملم,1151132,Legumes & Spices,26000185,2026,02,فاتورة مشتريات,الشركة التجارية,
LV0000309,مورد نقدي,Local Vendors,86.207,25,"شيخ الكار جوز هند (ناعم,خشن) 1 كغم",1151089,Legumes & Spices,26000193,2026,02,فاتورة مشتريات,الشركة التجارية,
LV0000309,مورد نقدي,Local Vendors,85.75,245,قشطة خبز كماج صغير 1 كغم,1151071,Legumes & Spices,26000194,2026,02,فاتورة مشتريات,الشركة التجارية,
LV0000309,مورد نقدي,Local Vendors,8.4,21,قشطة خبز قمح أسمر(لمرضى السكري صغير),1151065,Legumes & Spices,26000194,2026,02,فاتورة مشتريات,الشركة التجارية,
LV0000309,مورد نقدي,Local Vendors,2.4,1,لويال ملين ملابس 1.5 لتر *1,1151122,Legumes & Spices,26000230,2026,02,فاتورة مشتريات,الشركة التجارية,
LV0000309,مورد نقدي,Local Vendors,86.1,245,قشطة خبز كماج صغير 1 كغم,1151071,Legumes & Spices,26000231,2026,02,فاتورة مشتريات,الشركة التجارية,
LV0000309,مورد نقدي,Local Vendors,8.4,21,قشطة خبز قمح أسمر(لمرضى السكري صغير),1151065,Legumes & Spices,26000231,2026,02,فاتورة مشتريات,الشركة التجارية,
LV0000309,مورد نقدي,Local Vendors,18.025,25,قشطة قرشلة وكعك بأنواعه محلى او سادة 1 كغم,1151100,Legumes & Spices,26000231,2026,02,فاتورة مشتريات,الشركة التجارية,
LV0000309,مورد نقدي,Local Vendors,17.16,36,كولجيت معجون أسنان 100 ملم,1151132,Legumes & Spices,26000232,2026,02,فاتورة مشتريات,الشركة التجارية,
LV0000309,مورد نقدي,Local Vendors,37.4,12,شيخ الكار بيض طازج 1920 غم فأكثر 1*1,1151111,Legumes & Spices,26000237,2026,02,فاتورة مشتريات,الشركة التجارية,
LV0000309,مورد نقدي,Local Vendors,31.5,10,شيخ الكار بيض طازج 1920 غم فأكثر 1*1,1151111,Legumes & Spices,26000256,2026,02,فاتورة مشتريات,الشركة التجارية,
LV0000309,مورد نقدي,Local Vendors,10,5,لويال منظف أرضيات 2.4 لتر *1,1151120,Legumes & Spices,26000257,2026,02,فاتورة مشتريات,الشركة التجارية,
LV0000309,مورد نقدي,Local Vendors,94.828,20,شيخ الكار جوز عين الجمل مقشر 1 كغم,1151098,Legumes & Spices,26000275,2026,01,فاتورة مشتريات,الشركة التجارية,
LV0000309,مورد نقدي,Local Vendors,232.85,90,شيخ الكار بيض طازج 1920 غم فأكثر 1*1,1151111,Legumes & Spices,26000316,2026,02,فاتورة مشتريات,الشركة التجارية,
LV0000309,مورد نقدي,Local Vendors,136.364,0.1,سمسم خام,1141002,Sesame,26000141,2026,01,فاتورة مشتريات,الشركة التجارية,
LV0000309,مورد نقدي,Local Vendors,86.1,245,قشطة خبز كماج صغير 1 كغم,1151071,Legumes & Spices,26000302,2026,02,فاتورة مشتريات,الشركة التجارية,
LV0000309,مورد نقدي,Local Vendors,8.4,21,قشطة خبز قمح أسمر(لمرضى السكري صغير),1151065,Legumes & Spices,26000302,2026,02,فاتورة مشتريات,الشركة التجارية,
LV0000309,مورد نقدي,Local Vendors,18.029,25,قشطة قرشلة وكعك بأنواعه محلى او سادة 1 كغم,1151100,Legumes & Spices,26000302,2026,02,فاتورة مشتريات,الشركة التجارية,
LV0000309,مورد نقدي,Local Vendors,310,620,قشطة خبز كماج صغير 1 كغم,1151071,Legumes & Spices,26000303,2026,02,فاتورة مشتريات,الشركة التجارية,
LV0000309,مورد نقدي,Local Vendors,256.029,93,شيخ الكار بيض طازج 1920 غم فأكثر 1*1,1151111,Legumes & Spices,26000303,2026,02,فاتورة مشتريات,الشركة التجارية,
LV0000309,مورد نقدي,Local Vendors,17.5,5,"شيخ الكار جوز هند (ناعم,خشن) 1 كغم",1151089,Legumes & Spices,26000303,2026,02,فاتورة مشتريات,الشركة التجارية,
LV0000309,مورد نقدي,Local Vendors,24,1,شيخ الكار هال حب 1 كغم,1151109,Legumes & Spices,26000303,2026,02,فاتورة مشتريات,الشركة التجارية,
LV0000309,مورد نقدي,Local Vendors,2000,1200,شعبان سكر 3.5 كغم,1151040,Legumes & Spices,26000299,2026,02,فاتورة مشتريات,الشركة التجارية,
LV0000309,مورد نقدي,Local Vendors,1896.552,400,شيخ الكار جوز عين الجمل مقشر 1 كغم,1151098,Legumes & Spices,26000253,2026,02,فاتورة مشتريات,الشركة التجارية,
LV0000309,مورد نقدي,Local Vendors,291.6,729,قشطة خبز كماج صغير 1 كغم,1151071,Legumes & Spices,26000325,2026,02,فاتورة مشتريات,الشركة التجارية,
LV0000309,مورد نقدي,Local Vendors,10.4,26,قشطة خبز حمام 1 كغم,1151070,Legumes & Spices,26000325,2026,02,فاتورة مشتريات,الشركة التجارية,
LV0000309,مورد نقدي,Local Vendors,13,65,قشطة خبز شراك,1151066,Legumes & Spices,26000325,2026,02,فاتورة مشتريات,الشركة التجارية,
LV0000309,مورد نقدي,Local Vendors,12.4,31,قشطة خبز قمح أسمر(لمرضى السكري صغير),1151065,Legumes & Spices,26000325,2026,02,فاتورة مشتريات,الشركة التجارية,
LV0000309,مورد نقدي,Local Vendors,20,1,شيخ الكار هال مطحون 1 كغم,1151096,Legumes & Spices,26000323,2026,02,فاتورة مشتريات,الشركة التجارية,
LV0000309,مورد نقدي,Local Vendors,14,20,شيخ الكار سكر مطحون ناعم بودرة 1كغم,1151134,Legumes & Spices,26000323,2026,02,فاتورة مشتريات,الشركة التجارية,
LV0000309,مورد نقدي,Local Vendors,86.1,245,قشطة خبز كماج صغير 1 كغم,1151071,Legumes & Spices,26000326,2026,02,فاتورة مشتريات,الشركة التجارية,
LV0000309,مورد نقدي,Local Vendors,8.4,21,قشطة خبز قمح أسمر(لمرضى السكري صغير),1151065,Legumes & Spices,26000326,2026,02,فاتورة مشتريات,الشركة التجارية,
LV0000309,مورد نقدي,Local Vendors,18.025,25,قشطة قرشلة وكعك بأنواعه محلى او سادة 1 كغم,1151100,Legumes & Spices,26000326,2026,02,فاتورة مشتريات,الشركة التجارية,
LV0000309,مورد نقدي,Local Vendors,3.017,5,قشطة قطايف 1 كغم,1151104,Legumes & Spices,26000326,2026,02,فاتورة مشتريات,الشركة التجارية,
LV0000309,مورد نقدي,Local Vendors,623.55,1558,قشطة خبز كماج صغير 1 كغم,1151071,Legumes & Spices,26000327,2026,02,فاتورة مشتريات,الشركة التجارية,
LV0000309,مورد نقدي,Local Vendors,232.83,90,شيخ الكار بيض طازج 1920 غم فأكثر 1*1,1151111,Legumes & Spices,26000611,2026,03,فاتورة مشتريات,الشركة التجارية,
LV0000309,مورد نقدي,Local Vendors,263.6,659,قشطة خبز كماج صغير 1 كغم,1151071,Legumes & Spices,26000473,2026,03,فاتورة مشتريات,الشركة التجارية,
LV0000309,مورد نقدي,Local Vendors,9.6,24,قشطة خبز حمام 1 كغم,1151070,Legumes & Spices,26000473,2026,03,فاتورة مشتريات,الشركة التجارية,
LV0000309,مورد نقدي,Local Vendors,13,65,قشطة خبز شراك,1151066,Legumes & Spices,26000473,2026,03,فاتورة مشتريات,الشركة التجارية,
LV0000309,مورد نقدي,Local Vendors,11.2,28,قشطة خبز قمح أسمر(لمرضى السكري صغير),1151065,Legumes & Spices,26000473,2026,03,فاتورة مشتريات,الشركة التجارية,
LV0000309,مورد نقدي,Local Vendors,28.272,31,قشطة قطايف 1 كغم,1151104,Legumes & Spices,26000473,2026,03,فاتورة مشتريات,الشركة التجارية,
LV0000309,مورد نقدي,Local Vendors,175,50,شيخ الكار جميد بلدي 1 كغم,1151052,Legumes & Spices,26000489,2026,03,فاتورة مشتريات,الشركة التجارية,
LV0000309,مورد نقدي,Local Vendors,16.574,6,شيخ الكار بيض طازج 1920 غم فأكثر 1*1,1151111,Legumes & Spices,26000346,2026,02,فاتورة مشتريات,الشركة التجارية,
LV0000309,مورد نقدي,Local Vendors,75.465,215,قشطة خبز كماج صغير 1 كغم,1151071,Legumes & Spices,26000445,2026,03,فاتورة مشتريات,الشركة التجارية,
LV0000309,مورد نقدي,Local Vendors,8.4,21,قشطة خبز قمح أسمر(لمرضى السكري صغير),1151065,Legumes & Spices,26000445,2026,03,فاتورة مشتريات,الشركة التجارية,
LV0000309,مورد نقدي,Local Vendors,18.104,30,قشطة قطايف 1 كغم,1151104,Legumes & Spices,26000445,2026,03,فاتورة مشتريات,الشركة التجارية,
LV0000309,مورد نقدي,Local Vendors,25.668,55.8,قشطة خبز كماج كبير 1 كغم,1151069,Legumes & Spices,26000448,2026,03,فاتورة مشتريات,الشركة التجارية,
LV0000309,مورد نقدي,Local Vendors,16.33,35.5,قشطة خبز كماج كبير 1 كغم,1151069,Legumes & Spices,26000448,2026,03,فاتورة مشتريات,الشركة التجارية,
LV0000309,مورد نقدي,Local Vendors,289.34,629,قشطة خبز كماج كبير 1 كغم,1151069,Legumes & Spices,26000448,2026,03,فاتورة مشتريات,الشركة التجارية,
LV0000309,مورد نقدي,Local Vendors,15.75,22.5,قشطة خبز قمح أسمر(لمرضى السكري صغير),1151065,Legumes & Spices,26000448,2026,03,فاتورة مشتريات,الشركة التجارية,
LV0000309,مورد نقدي,Local Vendors,96,60,قشطة قرشلة وكعك بأنواعه محلى او سادة 1 كغم,1151100,Legumes & Spices,26000448,2026,03,فاتورة مشتريات,الشركة التجارية,
LV0000309,مورد نقدي,Local Vendors,14,8,قشطة قرشلة مطحونة ناعم أو خشن او حار 1 كغم,1151092,Legumes & Spices,26000448,2026,03,فاتورة مشتريات,الشركة التجارية,
LV0000309,مورد نقدي,Local Vendors,6.029,2,الاسرة تمر مع بذور حبة طويلة نخب أول,1151045,Legumes & Spices,26000449,2026,03,فاتورة مشتريات,الشركة التجارية,
LV0000309,مورد نقدي,Local Vendors,61.386,10,قشطة بسكوت سادة مغلف 500 غم,1151087,Legumes & Spices,26000451,2026,03,فاتورة مشتريات,الشركة التجارية,
LV0000309,مورد نقدي,Local Vendors,7.759,10,شيخ الكار ملح ليمون 1 كغم,1151135,Legumes & Spices,26000471,2026,03,فاتورة مشتريات,الشركة التجارية,
LV0000309,مورد نقدي,Local Vendors,130,13,شيخ الكار سمن بلدي 1 كغم,1151091,Legumes & Spices,26000472,2026,03,فاتورة مشتريات,الشركة التجارية,
LV0000309,مورد نقدي,Local Vendors,110,10,شيخ الكار سمن بلدي 1 كغم,1151091,Legumes & Spices,26000472,2026,03,فاتورة مشتريات,الشركة التجارية,
LV0000309,مورد نقدي,Local Vendors,285.906,102,شيخ الكار بيض طازج 1920 غم فأكثر 1*1,1151111,Legumes & Spices,26000474,2026,03,فاتورة مشتريات,الشركة التجارية,
LV0000309,مورد نقدي,Local Vendors,151.4,378.5,قشطة خبز كماج صغير 1 كغم,1151071,Legumes & Spices,26000475,2026,03,فاتورة مشتريات,الشركة التجارية,
LV0000309,مورد نقدي,Local Vendors,5.625,45,قشطة خبز شراك,1151066,Legumes & Spices,26000475,2026,03,فاتورة مشتريات,الشركة التجارية,
LV0000309,مورد نقدي,Local Vendors,1.35,1,قشطة قطايف 1 كغم,1151104,Legumes & Spices,26000475,2026,03,فاتورة مشتريات,الشركة التجارية,
LV0000309,مورد نقدي,Local Vendors,68.64,195,قشطة خبز كماج صغير 1 كغم,1151071,Legumes & Spices,26000476,2026,03,فاتورة مشتريات,الشركة التجارية,
LV0000309,مورد نقدي,Local Vendors,8.8,22,قشطة خبز قمح أسمر(لمرضى السكري صغير),1151065,Legumes & Spices,26000476,2026,03,فاتورة مشتريات,الشركة التجارية,
LV0000309,مورد نقدي,Local Vendors,21.105,35,قشطة قطايف 1 كغم,1151104,Legumes & Spices,26000476,2026,03,فاتورة مشتريات,الشركة التجارية,
LV0000309,مورد نقدي,Local Vendors,280,560,قشطة خبز كماج صغير 1 كغم,1151071,Legumes & Spices,26000479,2026,03,فاتورة مشتريات,الشركة التجارية,
LV0000309,مورد نقدي,Local Vendors,18.75,15,قشطة قطايف 1 كغم,1151104,Legumes & Spices,26000479,2026,03,فاتورة مشتريات,الشركة التجارية,
LV0000309,مورد نقدي,Local Vendors,231.336,84,شيخ الكار بيض طازج 1920 غم فأكثر 1*1,1151111,Legumes & Spices,26000479,2026,03,فاتورة مشتريات,الشركة التجارية,
LV0000309,مورد نقدي,Local Vendors,70.058,23,شيخ الكار بيض طازج 1920 غم فأكثر 1*1,1151111,Legumes & Spices,26000352,2026,02,فاتورة مشتريات,الشركة التجارية,
LV0000309,مورد نقدي,Local Vendors,163636.4,200,سمسم خام,1141002,Sesame,26000482,2026,03,فاتورة مشتريات,الشركة التجارية,
LV0000309,مورد نقدي,Local Vendors,100,25,"شيخ الكار جوز هند (ناعم,خشن) 1 كغم",1151089,Legumes & Spices,26000837,2026,04,فاتورة مشتريات,الشركة التجارية,
LV0000309,مورد نقدي,Local Vendors,3.33,3,قشطة قطايف 1 كغم,1151104,Legumes & Spices,26000447,2026,02,فاتورة مشتريات,الشركة التجارية,
LV0000309,مورد نقدي,Local Vendors,24.4,8,شيخ الكار بيض طازج 1920 غم فأكثر 1*1,1151111,Legumes & Spices,26000729,2026,04,فاتورة مشتريات,الشركة التجارية,
LV0000309,مورد نقدي,Local Vendors,82.25,235,قشطة خبز كماج صغير 1 كغم,1151071,Legumes & Spices,26000582,2026,03,فاتورة مشتريات,الشركة التجارية,
LV0000309,مورد نقدي,Local Vendors,8.4,21,قشطة خبز قمح أسمر(لمرضى السكري صغير),1151065,Legumes & Spices,26000582,2026,03,فاتورة مشتريات,الشركة التجارية,
LV0000309,مورد نقدي,Local Vendors,21.121,35,قشطة قطايف 1 كغم,1151104,Legumes & Spices,26000582,2026,03,فاتورة مشتريات,الشركة التجارية,
LV0000309,مورد نقدي,Local Vendors,5.35,1,شيخ الكار جوز عين الجمل مقشر 1 كغم,1151098,Legumes & Spices,26000591,2026,03,فاتورة مشتريات,الشركة التجارية,
LV0000309,مورد نقدي,Local Vendors,149.263,51,شيخ الكار بيض طازج 1920 غم فأكثر 1*1,1151111,Legumes & Spices,26000487,2026,03,فاتورة مشتريات,الشركة التجارية,
LV0000309,مورد نقدي,Local Vendors,19.6,56,قشطة خبز قمح أسمر(لمرضى السكري صغير),1151065,Legumes & Spices,26000631,2026,03,فاتورة مشتريات,الشركة التجارية,
LV0000309,مورد نقدي,Local Vendors,316.75,905,قشطة خبز كماج صغير 1 كغم,1151071,Legumes & Spices,26000631,2026,03,فاتورة مشتريات,الشركة التجارية,
LV0000309,مورد نقدي,Local Vendors,124,248,قشطة خبز حمام 1 كغم,1151070,Legumes & Spices,26000631,2026,03,فاتورة مشتريات,الشركة التجارية,
LV0000309,مورد نقدي,Local Vendors,21,12,قشطة قرشلة وكعك بأنواعه محلى او سادة 1 كغم,1151100,Legumes & Spices,26000631,2026,03,فاتورة مشتريات,الشركة التجارية,
LV0000309,مورد نقدي,Local Vendors,4,4,قشطة خبز برغر طحين زيرو 1 كغم,1151053,Legumes & Spices,26000631,2026,03,فاتورة مشتريات,الشركة التجارية,
LV0000309,مورد نقدي,Local Vendors,14,14,قشطة قطايف 1 كغم,1151104,Legumes & Spices,26000631,2026,03,فاتورة مشتريات,الشركة التجارية,
LV0000309,مورد نقدي,Local Vendors,115.83,330,قشطة خبز كماج صغير 1 كغم,1151071,Legumes & Spices,26000632,2026,03,فاتورة مشتريات,الشركة التجارية,
LV0000309,مورد نقدي,Local Vendors,12,30,قشطة خبز قمح أسمر(لمرضى السكري صغير),1151065,Legumes & Spices,26000632,2026,03,فاتورة مشتريات,الشركة التجارية,
LV0000309,مورد نقدي,Local Vendors,21.12,35,قشطة قطايف 1 كغم,1151104,Legumes & Spices,26000632,2026,03,فاتورة مشتريات,الشركة التجارية,
LV0000309,مورد نقدي,Local Vendors,58.08,165,قشطة خبز كماج صغير 1 كغم,1151071,Legumes & Spices,26000636,2026,03,فاتورة مشتريات,الشركة التجارية,
LV0000309,مورد نقدي,Local Vendors,6,15,قشطة خبز قمح أسمر(لمرضى السكري صغير),1151065,Legumes & Spices,26000636,2026,03,فاتورة مشتريات,الشركة التجارية,
LV0000309,مورد نقدي,Local Vendors,18.005,25,قشطة قرشلة وكعك بأنواعه محلى او سادة 1 كغم,1151100,Legumes & Spices,26000636,2026,03,فاتورة مشتريات,الشركة التجارية,
LV0000309,مورد نقدي,Local Vendors,85.75,245,قشطة خبز كماج صغير 1 كغم,1151071,Legumes & Spices,26000703,2026,04,فاتورة مشتريات,الشركة التجارية,
LV0000309,مورد نقدي,Local Vendors,8.4,21,قشطة خبز قمح أسمر(لمرضى السكري صغير),1151065,Legumes & Spices,26000703,2026,04,فاتورة مشتريات,الشركة التجارية,
LV0000309,مورد نقدي,Local Vendors,18.029,25,قشطة قرشلة وكعك بأنواعه محلى او سادة 1 كغم,1151100,Legumes & Spices,26000703,2026,04,فاتورة مشتريات,الشركة التجارية,
LV0000309,مورد نقدي,Local Vendors,105,30,شيخ الكار جميد مستورد,1111001,Jameed,26000765,2026,04,فاتورة مشتريات,الشركة التجارية,
LV0000309,مورد نقدي,Local Vendors,268.8,96,شيخ الكار بيض طازج 1920 غم فأكثر 1*1,1151111,Legumes & Spices,26000768,2026,04,فاتورة مشتريات,الشركة التجارية,
LV0000309,مورد نقدي,Local Vendors,232.47,90,شيخ الكار بيض طازج 1920 غم فأكثر 1*1,1151111,Legumes & Spices,26000790,2026,04,فاتورة مشتريات,الشركة التجارية,
LV0000309,مورد نقدي,Local Vendors,310.62,620,قشطة خبز كماج صغير 1 كغم,1151071,Legumes & Spices,26000796,2026,04,فاتورة مشتريات,الشركة التجارية,
LV0000309,مورد نقدي,Local Vendors,255.75,93,شيخ الكار بيض طازج 1920 غم فأكثر 1*1,1151111,Legumes & Spices,26000796,2026,04,فاتورة مشتريات,الشركة التجارية,
LV0000309,مورد نقدي,Local Vendors,43.75,35,قشطة قطايف 1 كغم,1151104,Legumes & Spices,26000796,2026,04,فاتورة مشتريات,الشركة التجارية,
LV0000309,مورد نقدي,Local Vendors,30.198,10,شيخ الكار بيض طازج 1920 غم فأكثر 1*1,1151111,Legumes & Spices,26000802,2026,04,فاتورة مشتريات,الشركة التجارية,
LV0000309,مورد نقدي,Local Vendors,85.75,245,قشطة خبز كماج صغير 1 كغم,1151071,Legumes & Spices,26000809,2026,04,فاتورة مشتريات,الشركة التجارية,
LV0000309,مورد نقدي,Local Vendors,8.4,21,قشطة خبز قمح أسمر(لمرضى السكري صغير),1151065,Legumes & Spices,26000809,2026,04,فاتورة مشتريات,الشركة التجارية,
LV0000309,مورد نقدي,Local Vendors,21.63,30,قشطة قرشلة وكعك بأنواعه محلى او سادة 1 كغم,1151100,Legumes & Spices,26000809,2026,04,فاتورة مشتريات,الشركة التجارية,
LV0000309,مورد نقدي,Local Vendors,23.6,8,شيخ الكار بيض طازج 1920 غم فأكثر 1*1,1151111,Legumes & Spices,26000836,2026,04,فاتورة مشتريات,الشركة التجارية,
LV0000309,مورد نقدي,Local Vendors,268.35,0,,,,26000773,2026,04,فاتورة مشتريات,الشركة التجارية,
LV0000309,مورد نقدي,Local Vendors,38.022,13,شيخ الكار بيض طازج 1920 غم فأكثر 1*1,1151111,Legumes & Spices,26000689,2026,04,فاتورة مشتريات,الشركة التجارية,
LV0000309,مورد نقدي,Local Vendors,125,125,قشطة قطايف 1 كغم,1151104,Legumes & Spices,26000728,2026,04,فاتورة مشتريات,الشركة التجارية,
LV0000309,مورد نقدي,Local Vendors,143,357.5,قشطة خبز كماج صغير 1 كغم,1151071,Legumes & Spices,26000770,2026,04,فاتورة مشتريات,الشركة التجارية,
LV0000309,مورد نقدي,Local Vendors,2.86,20,قشطة خبز شراك,1151066,Legumes & Spices,26000770,2026,04,فاتورة مشتريات,الشركة التجارية,
LV0000309,مورد نقدي,Local Vendors,1258.6,0,,,,26000794,2026,04,فاتورة مشتريات,الشركة التجارية,
LV0000309,مورد نقدي,Local Vendors,10,8,سرور مربى نكهات مختلفة 400 غم 1*1,1151113,Legumes & Spices,26000844,2026,04,فاتورة مشتريات,الشركة التجارية,
LV0000309,مورد نقدي,Local Vendors,85.75,245,قشطة خبز كماج صغير 1 كغم,1151071,Legumes & Spices,26000846,2026,04,فاتورة مشتريات,الشركة التجارية,
LV0000309,مورد نقدي,Local Vendors,8.4,21,قشطة خبز قمح أسمر(لمرضى السكري صغير),1151065,Legumes & Spices,26000846,2026,04,فاتورة مشتريات,الشركة التجارية,
LV0000309,مورد نقدي,Local Vendors,39.655,55,قشطة قرشلة وكعك بأنواعه محلى او سادة 1 كغم,1151100,Legumes & Spices,26000846,2026,04,فاتورة مشتريات,الشركة التجارية,
LV0000309,مورد نقدي,Local Vendors,12.8,32,قشطة خبز قمح أسمر(لمرضى السكري صغير),1151065,Legumes & Spices,26000847,2026,04,فاتورة مشتريات,الشركة التجارية,
LV0000309,مورد نقدي,Local Vendors,51.3,57,قشطة قطايف 1 كغم,1151104,Legumes & Spices,26000847,2026,04,فاتورة مشتريات,الشركة التجارية,
LV0000309,مورد نقدي,Local Vendors,32,160,قشطة خبز شراك,1151066,Legumes & Spices,26000847,2026,04,فاتورة مشتريات,الشركة التجارية,
LV0000309,مورد نقدي,Local Vendors,11.2,28,قشطة خبز حمام 1 كغم,1151070,Legumes & Spices,26000847,2026,04,فاتورة مشتريات,الشركة التجارية,
LV0000309,مورد نقدي,Local Vendors,266,665,قشطة خبز كماج صغير 1 كغم,1151071,Legumes & Spices,26000847,2026,04,فاتورة مشتريات,الشركة التجارية,
LV0000309,مورد نقدي,Local Vendors,85.75,245,قشطة خبز كماج صغير 1 كغم,1151071,Legumes & Spices,26000854,2026,05,فاتورة مشتريات,الشركة التجارية,
LV0000309,مورد نقدي,Local Vendors,8.4,21,قشطة خبز قمح أسمر(لمرضى السكري صغير),1151065,Legumes & Spices,26000854,2026,05,فاتورة مشتريات,الشركة التجارية,
LV0000309,مورد نقدي,Local Vendors,39.663,55,قشطة قرشلة وكعك بأنواعه محلى او سادة 1 كغم,1151100,Legumes & Spices,26000854,2026,05,فاتورة مشتريات,الشركة التجارية,
LV0000309,مورد نقدي,Local Vendors,41,10,شيخ الكار سمن بلدي 1 كغم,1151091,Legumes & Spices,26000861,2026,05,فاتورة مشتريات,الشركة التجارية,
LV0000309,مورد نقدي,Local Vendors,49,5,شيخ الكار سمن بلدي 1 كغم,1151091,Legumes & Spices,26000862,2026,05,فاتورة مشتريات,الشركة التجارية,
LV0000309,مورد نقدي,Local Vendors,22,2,شيخ الكار سمن بلدي 1 كغم,1151091,Legumes & Spices,26000863,2026,05,فاتورة مشتريات,الشركة التجارية,
LV0000309,مورد نقدي,Local Vendors,96.983,25,"شيخ الكار جوز هند (ناعم,خشن) 1 كغم",1151089,Legumes & Spices,26000869,2026,05,فاتورة مشتريات,الشركة التجارية,
LV0000309,مورد نقدي,Local Vendors,25.776,144,استريكو خميرة افرنجية جافة 100 غم *1,1151055,Legumes & Spices,26000873,2026,05,فاتورة مشتريات,الشركة التجارية,
LV0000309,مورد نقدي,Local Vendors,269.088,96,شيخ الكار بيض طازج 1920 غم فأكثر 1*1,1151111,Legumes & Spices,26000880,2026,05,فاتورة مشتريات,الشركة التجارية,
LV0000309,مورد نقدي,Local Vendors,43.8,109.5,قشطة خبز حمام 1 كغم,1151070,Legumes & Spices,26000881,2026,05,فاتورة مشتريات,الشركة التجارية,
LV0000309,مورد نقدي,Local Vendors,22,2,شيخ الكار سمن بلدي 1 كغم,1151091,Legumes & Spices,26000882,2026,05,فاتورة مشتريات,الشركة التجارية,
LV0000309,مورد نقدي,Local Vendors,57.25,75,استريكو خميرة افرنجية جافة 100 غم *1,1151055,Legumes & Spices,26000896,2026,05,فاتورة مشتريات,الشركة التجارية,
LV0000309,مورد نقدي,Local Vendors,8.4,21,قشطة خبز قمح أسمر(لمرضى السكري صغير),1151065,Legumes & Spices,26000890,2026,05,فاتورة مشتريات,الشركة التجارية,
LV0000309,مورد نقدي,Local Vendors,89.25,255,قشطة خبز كماج صغير 1 كغم,1151071,Legumes & Spices,26000890,2026,05,فاتورة مشتريات,الشركة التجارية,
LV0000309,مورد نقدي,Local Vendors,18.029,25,قشطة قرشلة وكعك بأنواعه محلى او سادة 1 كغم,1151100,Legumes & Spices,26000890,2026,05,فاتورة مشتريات,الشركة التجارية,
LV0000309,مورد نقدي,Local Vendors,300,600,قشطة خبز كماج صغير 1 كغم,1151071,Legumes & Spices,26000895,2026,05,فاتورة مشتريات,الشركة التجارية,
LV0000309,مورد نقدي,Local Vendors,247.35,90,شيخ الكار بيض طازج 1920 غم فأكثر 1*1,1151111,Legumes & Spices,26000895,2026,05,فاتورة مشتريات,الشركة التجارية,
LV0000309,مورد نقدي,Local Vendors,168.269,80,شيخ الكار زيت شمس 1.3 لتر 1*8,1041003,Oil,26000917,2026,05,فاتورة مشتريات,الشركة التجارية,
LV0000309,مورد نقدي,Local Vendors,45,15,شيخ الكار بيض طازج 1920 غم فأكثر 1*1,1151111,Legumes & Spices,26000925,2026,05,فاتورة مشتريات,الشركة التجارية,
LV0000309,مورد نقدي,Local Vendors,85.995,245,قشطة خبز كماج صغير 1 كغم,1151071,Legumes & Spices,26000931,2026,05,فاتورة مشتريات,الشركة التجارية,
LV0000309,مورد نقدي,Local Vendors,8.4,21,قشطة خبز قمح أسمر(لمرضى السكري صغير),1151065,Legumes & Spices,26000931,2026,05,فاتورة مشتريات,الشركة التجارية,
LV0000309,مورد نقدي,Local Vendors,18.029,25,قشطة قرشلة وكعك بأنواعه محلى او سادة 1 كغم,1151100,Legumes & Spices,26000931,2026,05,فاتورة مشتريات,الشركة التجارية,
LV0000309,مورد نقدي,Local Vendors,30.604,10,شيخ الكار زبيب بدون بذور 1 كغم,1151097,Legumes & Spices,26000932,2026,05,فاتورة مشتريات,الشركة التجارية,
LV0000309,مورد نقدي,Local Vendors,30.603,10,شيخ الكار زبيب بدون بذور 1 كغم,1151097,Legumes & Spices,26000932,2026,05,فاتورة مشتريات,الشركة التجارية,
LV0000309,مورد نقدي,Local Vendors,44,4,شيخ الكار سمن بلدي 1 كغم,1151091,Legumes & Spices,26000932,2026,05,فاتورة مشتريات,الشركة التجارية,
LV0000309,مورد نقدي,Local Vendors,52.941,100,شيخ الكار فريكة ناعمة او خشنة 1 كغم,1151063,Legumes & Spices,26000932,2026,05,فاتورة مشتريات,الشركة التجارية,
LV0000309,مورد نقدي,Local Vendors,43.027,576,استريكو خميرة افرنجية جافة 100 غم *1,1151055,Legumes & Spices,26000934,2026,05,فاتورة مشتريات,الشركة التجارية,
LV0000309,مورد نقدي,Local Vendors,1105.769,400,يارا سمن نباتي 1.7 غم,1151046,Legumes & Spices,26000936,2026,05,فاتورة مشتريات,الشركة التجارية,
LV0000309,مورد نقدي,Local Vendors,25.668,55.8,قشطة خبز كماج كبير 1 كغم,1151069,Legumes & Spices,26000939,2026,05,فاتورة مشتريات,الشركة التجارية,
LV0000309,مورد نقدي,Local Vendors,270.48,588,قشطة خبز كماج صغير 1 كغم,1151071,Legumes & Spices,26000940,2026,05,فاتورة مشتريات,الشركة التجارية,
LV0000309,مورد نقدي,Local Vendors,27,150,قشطة خبز شراك,1151066,Legumes & Spices,26000940,2026,05,فاتورة مشتريات,الشركة التجارية,
LV0000309,مورد نقدي,Local Vendors,10.5,15,قشطة خبز قمح أسمر(لمرضى السكري صغير),1151065,Legumes & Spices,26000940,2026,05,فاتورة مشتريات,الشركة التجارية,
LV0000309,مورد نقدي,Local Vendors,72,45,قشطة قرشلة وكعك بأنواعه محلى او سادة 1 كغم,1151100,Legumes & Spices,26000940,2026,05,فاتورة مشتريات,الشركة التجارية,
LV0000309,مورد نقدي,Local Vendors,18.025,25,قشطة قرشلة وكعك بأنواعه محلى او سادة 1 كغم,1151100,Legumes & Spices,26001020,2026,06,فاتورة مشتريات,الشركة التجارية,
LV0000309,مورد نقدي,Local Vendors,8.4,21,قشطة خبز قمح أسمر(لمرضى السكري صغير),1151065,Legumes & Spices,26001020,2026,06,فاتورة مشتريات,الشركة التجارية,
LV0000309,مورد نقدي,Local Vendors,85.995,245,قشطة خبز كماج صغير 1 كغم,1151071,Legumes & Spices,26001020,2026,06,فاتورة مشتريات,الشركة التجارية,
LV0000309,مورد نقدي,Local Vendors,217.308,84,شيخ الكار بيض طازج 1920 غم فأكثر 1*1,1151111,Legumes & Spices,26000946,2026,05,فاتورة مشتريات,الشركة التجارية,
LV0000309,مورد نقدي,Local Vendors,8.4,21,قشطة خبز قمح أسمر(لمرضى السكري صغير),1151065,Legumes & Spices,26000947,2026,05,فاتورة مشتريات,الشركة التجارية,
LV0000309,مورد نقدي,Local Vendors,17.332,25,قشطة قرشلة وكعك بأنواعه محلى او سادة 1 كغم,1151100,Legumes & Spices,26000947,2026,05,فاتورة مشتريات,الشركة التجارية,
LV0000309,مورد نقدي,Local Vendors,85.995,245,قشطة خبز كماج صغير 1 كغم,1151071,Legumes & Spices,26000947,2026,05,فاتورة مشتريات,الشركة التجارية,
LV0000309,مورد نقدي,Local Vendors,60.396,20,شيخ الكار بيض طازج 1920 غم فأكثر 1*1,1151111,Legumes & Spices,26000948,2026,05,فاتورة مشتريات,الشركة التجارية,
LV0000309,مورد نقدي,Local Vendors,6.348,3,شيخ الكار بيض طازج 1920 غم فأكثر 1*1,1151111,Legumes & Spices,26000953,2026,05,فاتورة مشتريات,الشركة التجارية,
LV0000309,مورد نقدي,Local Vendors,440,0,,,,26000963,2026,05,فاتورة مشتريات,الشركة التجارية,
LV0000309,مورد نقدي,Local Vendors,45,0,,,,26000963,2026,05,فاتورة مشتريات,الشركة التجارية,
LV0000309,مورد نقدي,Local Vendors,54.075,75,قشطة قرشلة وكعك بأنواعه محلى او سادة 1 كغم,1151100,Legumes & Spices,26000966,2026,06,فاتورة مشتريات,الشركة التجارية,
LV0000309,مورد نقدي,Local Vendors,8.4,21,قشطة خبز قمح أسمر(لمرضى السكري صغير),1151065,Legumes & Spices,26000966,2026,06,فاتورة مشتريات,الشركة التجارية,
LV0000309,مورد نقدي,Local Vendors,85.995,245,قشطة خبز كماج صغير 1 كغم,1151071,Legumes & Spices,26000966,2026,06,فاتورة مشتريات,الشركة التجارية,
LV0000309,مورد نقدي,Local Vendors,100,10,شيخ الكار سمن بلدي 1 كغم,1151091,Legumes & Spices,26000967,2026,06,فاتورة مشتريات,الشركة التجارية,
LV0000309,مورد نقدي,Local Vendors,555,30,شيخ الكار هال حب 1 كغم,1151109,Legumes & Spices,26000968,2026,06,فاتورة مشتريات,الشركة التجارية,
LV0000309,مورد نقدي,Local Vendors,68,2,شيخ الكار زبيب بدون بذور 1 كغم,1151097,Legumes & Spices,26000968,2026,06,فاتورة مشتريات,الشركة التجارية,
LV0000309,مورد نقدي,Local Vendors,259.584,96,شيخ الكار بيض طازج 1920 غم فأكثر 1*1,1151111,Legumes & Spices,26000974,2026,06,فاتورة مشتريات,الشركة التجارية,
LV0000309,مورد نقدي,Local Vendors,85.995,245,قشطة خبز كماج صغير 1 كغم,1151071,Legumes & Spices,26000976,2026,06,فاتورة مشتريات,الشركة التجارية,
LV0000309,مورد نقدي,Local Vendors,8.505,21,قشطة خبز قمح أسمر(لمرضى السكري صغير),1151065,Legumes & Spices,26000976,2026,06,فاتورة مشتريات,الشركة التجارية,
LV0000309,مورد نقدي,Local Vendors,18.025,25,قشطة قرشلة وكعك بأنواعه محلى او سادة 1 كغم,1151100,Legumes & Spices,26000976,2026,06,فاتورة مشتريات,الشركة التجارية,
LV0000309,مورد نقدي,Local Vendors,38.4,96,قشطة خبز حمام 1 كغم,1151070,Legumes & Spices,26001096,2026,07,فاتورة مشتريات,الشركة التجارية,
LV0000309,مورد نقدي,Local Vendors,10.4,26,قشطة خبز حمام 1 كغم,1151070,Legumes & Spices,26000982,2026,06,فاتورة مشتريات,الشركة التجارية,
LV0000309,مورد نقدي,Local Vendors,22,55,قشطة خبز قمح أسمر(لمرضى السكري صغير),1151065,Legumes & Spices,26000982,2026,06,فاتورة مشتريات,الشركة التجارية,
LV0000309,مورد نقدي,Local Vendors,10,50,قشطة خبز شراك,1151066,Legumes & Spices,26000982,2026,06,فاتورة مشتريات,الشركة التجارية,
LV0000309,مورد نقدي,Local Vendors,285.6,714,قشطة خبز كماج صغير 1 كغم,1151071,Legumes & Spices,26000982,2026,06,فاتورة مشتريات,الشركة التجارية,
LV0000309,مورد نقدي,Local Vendors,8.4,21,قشطة خبز قمح أسمر(لمرضى السكري صغير),1151065,Legumes & Spices,26000998,2026,06,فاتورة مشتريات,الشركة التجارية,
LV0000309,مورد نقدي,Local Vendors,18.028,25,قشطة قرشلة وكعك بأنواعه محلى او سادة 1 كغم,1151100,Legumes & Spices,26000998,2026,06,فاتورة مشتريات,الشركة التجارية,
LV0000309,مورد نقدي,Local Vendors,100.035,285,قشطة خبز كماج صغير 1 كغم,1151071,Legumes & Spices,26000998,2026,06,فاتورة مشتريات,الشركة التجارية,
LV0000309,مورد نقدي,Local Vendors,310,620,قشطة خبز كماج صغير 1 كغم,1151071,Legumes & Spices,26000999,2026,06,فاتورة مشتريات,الشركة التجارية,
LV0000309,مورد نقدي,Local Vendors,256.029,93,شيخ الكار بيض طازج 1920 غم فأكثر 1*1,1151111,Legumes & Spices,26000999,2026,06,فاتورة مشتريات,الشركة التجارية,
LV0000309,مورد نقدي,Local Vendors,108.8,272,قشطة خبز كماج صغير 1 كغم,1151071,Legumes & Spices,26001000,2026,06,فاتورة مشتريات,الشركة التجارية,
LV0000309,مورد نقدي,Local Vendors,19.375,155,قشطة خبز شراك,1151066,Legumes & Spices,26001000,2026,06,فاتورة مشتريات,الشركة التجارية,
LV0000309,مورد نقدي,Local Vendors,110.676,276,قشطة خبز كماج صغير 1 كغم,1151071,Legumes & Spices,26001000,2026,06,فاتورة مشتريات,الشركة التجارية,
LV0000309,مورد نقدي,Local Vendors,8.125,65,قشطة خبز شراك,1151066,Legumes & Spices,26001000,2026,06,فاتورة مشتريات,الشركة التجارية,
LV0000309,مورد نقدي,Local Vendors,217.308,84,شيخ الكار بيض طازج 1920 غم فأكثر 1*1,1151111,Legumes & Spices,26001001,2026,06,فاتورة مشتريات,الشركة التجارية,
LV0000309,مورد نقدي,Local Vendors,370,40,شيخ الكار هال مطحون 1 كغم,1151096,Legumes & Spices,26001002,2026,06,فاتورة مشتريات,الشركة التجارية,
LV0000309,مورد نقدي,Local Vendors,750,50,شيخ الكار هال حب 1 كغم,1151109,Legumes & Spices,26001017,2026,06,فاتورة مشتريات,الشركة التجارية,
LV0000309,مورد نقدي,Local Vendors,147,0,,,,26000944,2026,05,فاتورة مشتريات,الشركة التجارية,
LV0000309,مورد نقدي,Local Vendors,271.86,591,قشطة خبز كماج كبير 1 كغم,1151069,Legumes & Spices,26001021,2026,06,فاتورة مشتريات,الشركة التجارية,
LV0000309,مورد نقدي,Local Vendors,30.6,170,قشطة خبز شراك,1151066,Legumes & Spices,26001021,2026,06,فاتورة مشتريات,الشركة التجارية,
LV0000309,مورد نقدي,Local Vendors,14,20,قشطة خبز قمح أسمر(لمرضى السكري صغير),1151065,Legumes & Spices,26001021,2026,06,فاتورة مشتريات,الشركة التجارية,
LV0000309,مورد نقدي,Local Vendors,96,60,قشطة قرشلة وكعك بأنواعه محلى او سادة 1 كغم,1151100,Legumes & Spices,26001021,2026,06,فاتورة مشتريات,الشركة التجارية,
LV0000309,مورد نقدي,Local Vendors,14,8,قشطة قرشلة مطحونة ناعم أو خشن او حار 1 كغم,1151092,Legumes & Spices,26001021,2026,06,فاتورة مشتريات,الشركة التجارية,
LV0000309,مورد نقدي,Local Vendors,18.4,40,قشطة خبز كماج كبير 1 كغم,1151069,Legumes & Spices,26001022,2026,06,فاتورة مشتريات,الشركة التجارية,
LV0000309,مورد نقدي,Local Vendors,9.48,12,استريكو خميرة افرنجية جافة 100 غم *1,1151055,Legumes & Spices,26001041,2026,06,فاتورة مشتريات,الشركة التجارية,
LV0000309,مورد نقدي,Local Vendors,17.38,22,استريكو خميرة افرنجية جافة 100 غم *1,1151055,Legumes & Spices,26001042,2026,06,فاتورة مشتريات,الشركة التجارية,
LV0000309,مورد نقدي,Local Vendors,36.05,50,قشطة قرشلة وكعك بأنواعه محلى او سادة 1 كغم,1151100,Legumes & Spices,26001044,2026,06,فاتورة مشتريات,الشركة التجارية,
LV0000309,مورد نقدي,Local Vendors,8.4,21,قشطة خبز قمح أسمر(لمرضى السكري صغير),1151065,Legumes & Spices,26001044,2026,06,فاتورة مشتريات,الشركة التجارية,
LV0000309,مورد نقدي,Local Vendors,85.75,245,قشطة خبز كماج صغير 1 كغم,1151071,Legumes & Spices,26001044,2026,06,فاتورة مشتريات,الشركة التجارية,
LV0000309,مورد نقدي,Local Vendors,282,705,قشطة خبز كماج صغير 1 كغم,1151071,Legumes & Spices,26001048,2026,06,فاتورة مشتريات,الشركة التجارية,
LV0000309,مورد نقدي,Local Vendors,10.4,26,قشطة خبز حمام 1 كغم,1151070,Legumes & Spices,26001048,2026,06,فاتورة مشتريات,الشركة التجارية,
LV0000309,مورد نقدي,Local Vendors,24.8,62,قشطة خبز قمح أسمر(لمرضى السكري صغير),1151065,Legumes & Spices,26001048,2026,06,فاتورة مشتريات,الشركة التجارية,
LV0000309,مورد نقدي,Local Vendors,12.4,62,قشطة خبز شراك,1151066,Legumes & Spices,26001048,2026,06,فاتورة مشتريات,الشركة التجارية,
LV0000309,مورد نقدي,Local Vendors,49.6,16,شيخ الكار بيض طازج 1920 غم فأكثر 1*1,1151111,Legumes & Spices,26001052,2026,07,فاتورة مشتريات,الشركة التجارية,
LV0000309,مورد نقدي,Local Vendors,370,80,شيخ الكار هال حب 1 كغم,1151109,Legumes & Spices,26001053,2026,07,فاتورة مشتريات,الشركة التجارية,
LV0000309,مورد نقدي,Local Vendors,44,55,استريكو خميرة افرنجية جافة 100 غم *1,1151055,Legumes & Spices,26001054,2026,07,فاتورة مشتريات,الشركة التجارية,
LV0000309,مورد نقدي,Local Vendors,8,8,استريكو خميرة افرنجية جافة 100 غم *1,1151055,Legumes & Spices,26001054,2026,07,فاتورة مشتريات,الشركة التجارية,
LV0000309,مورد نقدي,Local Vendors,211.488,96,شيخ الكار بيض طازج 1920 غم فأكثر 1*1,1151111,Legumes & Spices,26001069,2026,07,فاتورة مشتريات,الشركة التجارية,
LV0000309,مورد نقدي,Local Vendors,18.025,25,قشطة قرشلة وكعك بأنواعه محلى او سادة 1 كغم,1151100,Legumes & Spices,26001070,2026,07,فاتورة مشتريات,الشركة التجارية,
LV0000309,مورد نقدي,Local Vendors,8.4,21,قشطة خبز قمح أسمر(لمرضى السكري صغير),1151065,Legumes & Spices,26001070,2026,07,فاتورة مشتريات,الشركة التجارية,
LV0000309,مورد نقدي,Local Vendors,85.75,245,قشطة خبز كماج صغير 1 كغم,1151071,Legumes & Spices,26001070,2026,07,فاتورة مشتريات,الشركة التجارية,
LV0000309,مورد نقدي,Local Vendors,27.648,9,شيخ الكار بيض طازج 1920 غم فأكثر 1*1,1151111,Legumes & Spices,26001073,2026,07,فاتورة مشتريات,الشركة التجارية,
LV0000309,مورد نقدي,Local Vendors,27.648,9,شيخ الكار بيض طازج 1920 غم فأكثر 1*1,1151111,Legumes & Spices,26001074,2026,07,فاتورة مشتريات,الشركة التجارية,
LV0000309,مورد نقدي,Local Vendors,85,25,شيخ الكار زبيب بدون بذور 1 كغم,1151097,Legumes & Spices,26001082,2026,07,فاتورة مشتريات,الشركة التجارية,
LV0000309,مورد نقدي,Local Vendors,370,80,شيخ الكار هال حب 1 كغم,1151109,Legumes & Spices,26001082,2026,07,فاتورة مشتريات,الشركة التجارية,
LV0000309,مورد نقدي,Local Vendors,17.25,23,استريكو خميرة افرنجية جافة 100 غم *1,1151055,Legumes & Spices,26001083,2026,07,فاتورة مشتريات,الشركة التجارية,
LV0000309,مورد نقدي,Local Vendors,216.972,84,شيخ الكار بيض طازج 1920 غم فأكثر 1*1,1151111,Legumes & Spices,26001095,2026,07,فاتورة مشتريات,الشركة التجارية,
LV0000309,مورد نقدي,Local Vendors,85.75,245,قشطة خبز كماج صغير 1 كغم,1151071,Legumes & Spices,26001124,2026,07,فاتورة مشتريات,الشركة التجارية,
LV0000309,مورد نقدي,Local Vendors,8.4,21,قشطة خبز قمح أسمر(لمرضى السكري صغير),1151065,Legumes & Spices,26001124,2026,07,فاتورة مشتريات,الشركة التجارية,
LV0000309,مورد نقدي,Local Vendors,28.84,40,قشطة قرشلة وكعك بأنواعه محلى او سادة 1 كغم,1151100,Legumes & Spices,26001124,2026,07,فاتورة مشتريات,الشركة التجارية,
LV0000309,مورد نقدي,Local Vendors,300,600,قشطة خبز كماج صغير 1 كغم,1151071,Legumes & Spices,26001125,2026,07,فاتورة مشتريات,الشركة التجارية,
LV0000309,مورد نقدي,Local Vendors,225,90,شيخ الكار بيض طازج 1920 غم فأكثر 1*1,1151111,Legumes & Spices,26001125,2026,07,فاتورة مشتريات,الشركة التجارية,
LV0000309,مورد نقدي,Local Vendors,64.64,80,سيترس مبيض الغسيل للملابس (كلور) 1 لتر *1,1151119,Legumes & Spices,26001126,2026,07,فاتورة مشتريات,الشركة التجارية,
LV0000309,مورد نقدي,Local Vendors,98.256,48,لويال سائل لغسيل الايدي 500 ملم *1,1151116,Legumes & Spices,26001126,2026,07,فاتورة مشتريات,الشركة التجارية,
LV0000091,شركة الموارس الزراعية,Local Vendors,144.4,50,شيخ الكار بيض طازج 1920 غم فأكثر 1*1,1151111,Legumes & Spices,26000013,2026,01,فاتورة مشتريات,الشركة التجارية,
LV0000091,شركة الموارس الزراعية,Local Vendors,17.328,6,شيخ الكار بيض طازج 1920 غم فأكثر 1*1,1151111,Legumes & Spices,26000014,2026,01,فاتورة مشتريات,الشركة التجارية,
LV0000091,شركة الموارس الزراعية,Local Vendors,692.01,233,شيخ الكار بيض طازج 1920 غم فأكثر 1*1,1151111,Legumes & Spices,26000005,2026,01,فاتورة مشتريات,الشركة التجارية,
LV0000091,شركة الموارس الزراعية,Local Vendors,92.416,32,شيخ الكار بيض طازج 1920 غم فأكثر 1*1,1151111,Legumes & Spices,26000012,2026,01,فاتورة مشتريات,الشركة التجارية,
LV0000091,شركة الموارس الزراعية,Local Vendors,262.808,91,شيخ الكار بيض طازج 1920 غم فأكثر 1*1,1151111,Legumes & Spices,26000015,2026,01,فاتورة مشتريات,الشركة التجارية,
LV0000091,شركة الموارس الزراعية,Local Vendors,173.28,60,شيخ الكار بيض طازج 1920 غم فأكثر 1*1,1151111,Legumes & Spices,26000016,2026,01,فاتورة مشتريات,الشركة التجارية,
LV0000091,شركة الموارس الزراعية,Local Vendors,242.592,84,شيخ الكار بيض طازج 1920 غم فأكثر 1*1,1151111,Legumes & Spices,26000017,2026,01,فاتورة مشتريات,الشركة التجارية,
LV0000091,شركة الموارس الزراعية,Local Vendors,259.92,90,شيخ الكار بيض طازج 1920 غم فأكثر 1*1,1151111,Legumes & Spices,26000018,2026,01,فاتورة مشتريات,الشركة التجارية,
LV0000091,شركة الموارس الزراعية,Local Vendors,207.936,72,شيخ الكار بيض طازج 1920 غم فأكثر 1*1,1151111,Legumes & Spices,26000019,2026,01,فاتورة مشتريات,الشركة التجارية,
LV0000091,شركة الموارس الزراعية,Local Vendors,57.76,20,شيخ الكار بيض طازج 1920 غم فأكثر 1*1,1151111,Legumes & Spices,26000020,2026,01,فاتورة مشتريات,الشركة التجارية,
LV0000091,شركة الموارس الزراعية,Local Vendors,69.312,24,شيخ الكار بيض طازج 1920 غم فأكثر 1*1,1151111,Legumes & Spices,26000021,2026,01,فاتورة مشتريات,الشركة التجارية,
LV0000091,شركة الموارس الزراعية,Local Vendors,103.968,36,شيخ الكار بيض طازج 1920 غم فأكثر 1*1,1151111,Legumes & Spices,26000022,2026,01,فاتورة مشتريات,الشركة التجارية,
LV0000091,شركة الموارس الزراعية,Local Vendors,86.64,30,شيخ الكار بيض طازج 1920 غم فأكثر 1*1,1151111,Legumes & Spices,26000023,2026,01,فاتورة مشتريات,الشركة التجارية,
LV0000091,شركة الموارس الزراعية,Local Vendors,103.968,36,شيخ الكار بيض طازج 1920 غم فأكثر 1*1,1151111,Legumes & Spices,26000024,2026,01,فاتورة مشتريات,الشركة التجارية,
LV0000091,شركة الموارس الزراعية,Local Vendors,69.312,24,شيخ الكار بيض طازج 1920 غم فأكثر 1*1,1151111,Legumes & Spices,26000025,2026,01,فاتورة مشتريات,الشركة التجارية,
LV0000091,شركة الموارس الزراعية,Local Vendors,242.592,84,شيخ الكار بيض طازج 1920 غم فأكثر 1*1,1151111,Legumes & Spices,26000026,2026,01,فاتورة مشتريات,الشركة التجارية,
LV0000091,شركة الموارس الزراعية,Local Vendors,69.312,24,شيخ الكار بيض طازج 1920 غم فأكثر 1*1,1151111,Legumes & Spices,26000027,2026,01,فاتورة مشتريات,الشركة التجارية,
LV0000091,شركة الموارس الزراعية,Local Vendors,86.64,30,شيخ الكار بيض طازج 1920 غم فأكثر 1*1,1151111,Legumes & Spices,26000029,2026,01,فاتورة مشتريات,الشركة التجارية,
LV0000091,شركة الموارس الزراعية,Local Vendors,294.576,102,شيخ الكار بيض طازج 1920 غم فأكثر 1*1,1151111,Legumes & Spices,26000030,2026,01,فاتورة مشتريات,الشركة التجارية,
LV0000091,شركة الموارس الزراعية,Local Vendors,277.248,96,شيخ الكار بيض طازج 1920 غم فأكثر 1*1,1151111,Legumes & Spices,26000031,2026,01,فاتورة مشتريات,الشركة التجارية,
LV0000091,شركة الموارس الزراعية,Local Vendors,173.28,60,شيخ الكار بيض طازج 1920 غم فأكثر 1*1,1151111,Legumes & Spices,26000032,2026,01,فاتورة مشتريات,الشركة التجارية,
LV0000091,شركة الموارس الزراعية,Local Vendors,23.104,8,شيخ الكار بيض طازج 1920 غم فأكثر 1*1,1151111,Legumes & Spices,26000033,2026,01,فاتورة مشتريات,الشركة التجارية,
LV0000091,شركة الموارس الزراعية,Local Vendors,173.28,60,شيخ الكار بيض طازج 1920 غم فأكثر 1*1,1151111,Legumes & Spices,26000034,2026,01,فاتورة مشتريات,الشركة التجارية,
LV0000091,شركة الموارس الزراعية,Local Vendors,63.536,22,شيخ الكار بيض طازج 1920 غم فأكثر 1*1,1151111,Legumes & Spices,26000035,2026,01,فاتورة مشتريات,الشركة التجارية,
LV0000091,شركة الموارس الزراعية,Local Vendors,69.312,24,شيخ الكار بيض طازج 1920 غم فأكثر 1*1,1151111,Legumes & Spices,26000036,2026,01,فاتورة مشتريات,الشركة التجارية,
LV0000091,شركة الموارس الزراعية,Local Vendors,86.64,30,شيخ الكار بيض طازج 1920 غم فأكثر 1*1,1151111,Legumes & Spices,26000037,2026,01,فاتورة مشتريات,الشركة التجارية,
LV0000091,شركة الموارس الزراعية,Local Vendors,242.592,84,شيخ الكار بيض طازج 1920 غم فأكثر 1*1,1151111,Legumes & Spices,26000038,2026,01,فاتورة مشتريات,الشركة التجارية,
LV0000091,شركة الموارس الزراعية,Local Vendors,69.312,24,شيخ الكار بيض طازج 1920 غم فأكثر 1*1,1151111,Legumes & Spices,26000039,2026,01,فاتورة مشتريات,الشركة التجارية,
LV0000091,شركة الموارس الزراعية,Local Vendors,69.312,24,شيخ الكار بيض طازج 1920 غم فأكثر 1*1,1151111,Legumes & Spices,26000040,2026,01,فاتورة مشتريات,الشركة التجارية,
LV0000091,شركة الموارس الزراعية,Local Vendors,242.592,84,شيخ الكار بيض طازج 1920 غم فأكثر 1*1,1151111,Legumes & Spices,26000041,2026,01,فاتورة مشتريات,الشركة التجارية,
LV0000091,شركة الموارس الزراعية,Local Vendors,144.4,50,شيخ الكار بيض طازج 1920 غم فأكثر 1*1,1151111,Legumes & Spices,26000042,2026,01,فاتورة مشتريات,الشركة التجارية,
LV0000091,شركة الموارس الزراعية,Local Vendors,207.936,72,شيخ الكار بيض طازج 1920 غم فأكثر 1*1,1151111,Legumes & Spices,26000043,2026,01,فاتورة مشتريات,الشركة التجارية,
LV0000091,شركة الموارس الزراعية,Local Vendors,294.576,102,شيخ الكار بيض طازج 1920 غم فأكثر 1*1,1151111,Legumes & Spices,26000044,2026,01,فاتورة مشتريات,الشركة التجارية,
LV0000091,شركة الموارس الزراعية,Local Vendors,23.104,8,شيخ الكار بيض طازج 1920 غم فأكثر 1*1,1151111,Legumes & Spices,26000046,2026,01,فاتورة مشتريات,الشركة التجارية,
LV0000091,شركة الموارس الزراعية,Local Vendors,259.92,90,شيخ الكار بيض طازج 1920 غم فأكثر 1*1,1151111,Legumes & Spices,26000047,2026,01,فاتورة مشتريات,الشركة التجارية,
LV0000091,شركة الموارس الزراعية,Local Vendors,69.312,24,شيخ الكار بيض طازج 1920 غم فأكثر 1*1,1151111,Legumes & Spices,26000048,2026,01,فاتورة مشتريات,الشركة التجارية,
LV0000091,شركة الموارس الزراعية,Local Vendors,51.984,18,شيخ الكار بيض طازج 1920 غم فأكثر 1*1,1151111,Legumes & Spices,26000049,2026,01,فاتورة مشتريات,الشركة التجارية,
LV0000091,شركة الموارس الزراعية,Local Vendors,103.968,36,شيخ الكار بيض طازج 1920 غم فأكثر 1*1,1151111,Legumes & Spices,26000050,2026,01,فاتورة مشتريات,الشركة التجارية,
LV0000091,شركة الموارس الزراعية,Local Vendors,103.968,36,شيخ الكار بيض طازج 1920 غم فأكثر 1*1,1151111,Legumes & Spices,26000051,2026,01,فاتورة مشتريات,الشركة التجارية,
LV0000091,شركة الموارس الزراعية,Local Vendors,115.52,40,شيخ الكار بيض طازج 1920 غم فأكثر 1*1,1151111,Legumes & Spices,26000052,2026,01,فاتورة مشتريات,الشركة التجارية,
LV0000091,شركة الموارس الزراعية,Local Vendors,103.968,36,شيخ الكار بيض طازج 1920 غم فأكثر 1*1,1151111,Legumes & Spices,26000053,2026,01,فاتورة مشتريات,الشركة التجارية,
LV0000091,شركة الموارس الزراعية,Local Vendors,69.312,24,شيخ الكار بيض طازج 1920 غم فأكثر 1*1,1151111,Legumes & Spices,26000054,2026,01,فاتورة مشتريات,الشركة التجارية,
LV0000091,شركة الموارس الزراعية,Local Vendors,242.592,84,شيخ الكار بيض طازج 1920 غم فأكثر 1*1,1151111,Legumes & Spices,26000055,2026,01,فاتورة مشتريات,الشركة التجارية,
LV0000091,شركة الموارس الزراعية,Local Vendors,356.4,120,شيخ الكار بيض طازج 1920 غم فأكثر 1*1,1151111,Legumes & Spices,26000058,2026,01,فاتورة مشتريات,الشركة التجارية,
LV0000091,شركة الموارس الزراعية,Local Vendors,463.32,156,شيخ الكار بيض طازج 1920 غم فأكثر 1*1,1151111,Legumes & Spices,26000062,2026,01,فاتورة مشتريات,الشركة التجارية,
LV0000091,شركة الموارس الزراعية,Local Vendors,691.849,233,شيخ الكار بيض طازج 1920 غم فأكثر 1*1,1151111,Legumes & Spices,26000085,2026,01,فاتورة مشتريات,الشركة التجارية,
LV0000091,شركة الموارس الزراعية,Local Vendors,867.24,292,شيخ الكار بيض طازج 1920 غم فأكثر 1*1,1151111,Legumes & Spices,26000096,2026,01,فاتورة مشتريات,الشركة التجارية,
LV0000091,شركة الموارس الزراعية,Local Vendors,1283.126,432,شيخ الكار بيض طازج 1920 غم فأكثر 1*1,1151111,Legumes & Spices,26000114,2026,01,فاتورة مشتريات,الشركة التجارية,
LV0000091,شركة الموارس الزراعية,Local Vendors,653.4,220,شيخ الكار بيض طازج 1920 غم فأكثر 1*1,1151111,Legumes & Spices,26000144,2026,01,فاتورة مشتريات,الشركة التجارية,
LV0000091,شركة الموارس الزراعية,Local Vendors,1069.272,360,شيخ الكار بيض طازج 1920 غم فأكثر 1*1,1151111,Legumes & Spices,26000155,2026,01,فاتورة مشتريات,الشركة التجارية,
LV0000091,شركة الموارس الزراعية,Local Vendors,427.58,144,شيخ الكار بيض طازج 1920 غم فأكثر 1*1,1151111,Legumes & Spices,26000508,2026,03,فاتورة مشتريات,الشركة التجارية,
LV0000091,شركة الموارس الزراعية,Local Vendors,712.871,240,شيخ الكار بيض طازج 1920 غم فأكثر 1*1,1151111,Legumes & Spices,26000182,2026,01,فاتورة مشتريات,الشركة التجارية,
LV0000091,شركة الموارس الزراعية,Local Vendors,322.105,113,شيخ الكار بيض طازج 1920 غم فأكثر 1*1,1151111,Legumes & Spices,26000203,2026,02,فاتورة مشتريات,الشركة التجارية,
LV0000091,شركة الموارس الزراعية,Local Vendors,519.683,180,شيخ الكار بيض طازج 1920 غم فأكثر 1*1,1151111,Legumes & Spices,26000639,2026,03,فاتورة مشتريات,الشركة التجارية,
LV0000091,شركة الموارس الزراعية,Local Vendors,513,180,شيخ الكار بيض طازج 1920 غم فأكثر 1*1,1151111,Legumes & Spices,26000265,2026,02,فاتورة مشتريات,الشركة التجارية,
LV0000091,شركة الموارس الزراعية,Local Vendors,0,5,شيخ الكار بيض طازج 1920 غم فأكثر 1*1,1151111,Legumes & Spices,26000222,2026,02,فاتورة مشتريات,الشركة التجارية,
LV0000091,شركة الموارس الزراعية,Local Vendors,342.059,120,شيخ الكار بيض طازج 1920 غم فأكثر 1*1,1151111,Legumes & Spices,26000222,2026,02,فاتورة مشتريات,الشركة التجارية,
LV0000091,شركة الموارس الزراعية,Local Vendors,513.089,180,شيخ الكار بيض طازج 1920 غم فأكثر 1*1,1151111,Legumes & Spices,26000223,2026,02,فاتورة مشتريات,الشركة التجارية,
LV0000091,شركة الموارس الزراعية,Local Vendors,648,240,شيخ الكار بيض طازج 1920 غم فأكثر 1*1,1151111,Legumes & Spices,26000312,2026,02,فاتورة مشتريات,الشركة التجارية,
LV0000091,شركة الموارس الزراعية,Local Vendors,804.6,298,شيخ الكار بيض طازج 1920 غم فأكثر 1*1,1151111,Legumes & Spices,26000336,2026,02,فاتورة مشتريات,الشركة التجارية,
LV0000091,شركة الموارس الزراعية,Local Vendors,269.937,91,شيخ الكار بيض طازج 1920 غم فأكثر 1*1,1151111,Legumes & Spices,26000358,2026,01,فاتورة مشتريات,الشركة التجارية,
LV0000091,شركة الموارس الزراعية,Local Vendors,178.159,60,شيخ الكار بيض طازج 1920 غم فأكثر 1*1,1151111,Legumes & Spices,26000359,2026,02,فاتورة مشتريات,الشركة التجارية,
LV0000091,شركة الموارس الزراعية,Local Vendors,106.895,36,شيخ الكار بيض طازج 1920 غم فأكثر 1*1,1151111,Legumes & Spices,26000360,2026,01,فاتورة مشتريات,الشركة التجارية,
LV0000091,شركة الموارس الزراعية,Local Vendors,213.79,72,شيخ الكار بيض طازج 1920 غم فأكثر 1*1,1151111,Legumes & Spices,26000361,2026,01,فاتورة مشتريات,الشركة التجارية,
LV0000091,شركة الموارس الزراعية,Local Vendors,249.422,84,شيخ الكار بيض طازج 1920 غم فأكثر 1*1,1151111,Legumes & Spices,26000362,2026,01,فاتورة مشتريات,الشركة التجارية,
LV0000091,شركة الموارس الزراعية,Local Vendors,264.269,89,شيخ الكار بيض طازج 1920 غم فأكثر 1*1,1151111,Legumes & Spices,26000363,2026,02,فاتورة مشتريات,الشركة التجارية,
LV0000091,شركة الموارس الزراعية,Local Vendors,178.159,60,شيخ الكار بيض طازج 1920 غم فأكثر 1*1,1151111,Legumes & Spices,26000364,2026,02,فاتورة مشتريات,الشركة التجارية,
LV0000091,شركة الموارس الزراعية,Local Vendors,71.263,24,شيخ الكار بيض طازج 1920 غم فأكثر 1*1,1151111,Legumes & Spices,26000367,2026,02,فاتورة مشتريات,الشركة التجارية,
LV0000091,شركة الموارس الزراعية,Local Vendors,106.895,36,شيخ الكار بيض طازج 1920 غم فأكثر 1*1,1151111,Legumes & Spices,26000369,2026,02,فاتورة مشتريات,الشركة التجارية,
LV0000091,شركة الموارس الزراعية,Local Vendors,71.263,24,شيخ الكار بيض طازج 1920 غم فأكثر 1*1,1151111,Legumes & Spices,26000370,2026,02,فاتورة مشتريات,الشركة التجارية,
LV0000091,شركة الموارس الزراعية,Local Vendors,23.76,8,شيخ الكار بيض طازج 1920 غم فأكثر 1*1,1151111,Legumes & Spices,26000371,2026,02,فاتورة مشتريات,الشركة التجارية,
LV0000091,شركة الموارس الزراعية,Local Vendors,213.861,72,شيخ الكار بيض طازج 1920 غم فأكثر 1*1,1151111,Legumes & Spices,26000372,2026,02,فاتورة مشتريات,الشركة التجارية,
LV0000091,شركة الموارس الزراعية,Local Vendors,163.366,55,شيخ الكار بيض طازج 1920 غم فأكثر 1*1,1151111,Legumes & Spices,26000374,2026,02,فاتورة مشتريات,الشركة التجارية,
LV0000091,شركة الموارس الزراعية,Local Vendors,139.604,47,شيخ الكار بيض طازج 1920 غم فأكثر 1*1,1151111,Legumes & Spices,26000377,2026,02,فاتورة مشتريات,الشركة التجارية,
LV0000091,شركة الموارس الزراعية,Local Vendors,178.2,60,شيخ الكار بيض طازج 1920 غم فأكثر 1*1,1151111,Legumes & Spices,26000378,2026,02,فاتورة مشتريات,الشركة التجارية,
LV0000091,شركة الموارس الزراعية,Local Vendors,71.287,24,شيخ الكار بيض طازج 1920 غم فأكثر 1*1,1151111,Legumes & Spices,26000379,2026,02,فاتورة مشتريات,الشركة التجارية,
LV0000091,شركة الموارس الزراعية,Local Vendors,95.05,32,شيخ الكار بيض طازج 1920 غم فأكثر 1*1,1151111,Legumes & Spices,26000380,2026,02,فاتورة مشتريات,الشركة التجارية,
LV0000091,شركة الموارس الزراعية,Local Vendors,300,101,شيخ الكار بيض طازج 1920 غم فأكثر 1*1,1151111,Legumes & Spices,26000429,2026,02,فاتورة مشتريات,الشركة التجارية,
LV0000091,شركة الموارس الزراعية,Local Vendors,249.505,84,شيخ الكار بيض طازج 1920 غم فأكثر 1*1,1151111,Legumes & Spices,26000382,2026,02,فاتورة مشتريات,الشركة التجارية,
LV0000091,شركة الموارس الزراعية,Local Vendors,71.287,24,شيخ الكار بيض طازج 1920 غم فأكثر 1*1,1151111,Legumes & Spices,26000385,2026,02,فاتورة مشتريات,الشركة التجارية,
LV0000091,شركة الموارس الزراعية,Local Vendors,29.703,10,شيخ الكار بيض طازج 1920 غم فأكثر 1*1,1151111,Legumes & Spices,26000386,2026,02,فاتورة مشتريات,الشركة التجارية,
LV0000091,شركة الموارس الزراعية,Local Vendors,106.931,36,شيخ الكار بيض طازج 1920 غم فأكثر 1*1,1151111,Legumes & Spices,26000387,2026,02,فاتورة مشتريات,الشركة التجارية,
LV0000091,شركة الموارس الزراعية,Local Vendors,29.7,10,شيخ الكار بيض طازج 1920 غم فأكثر 1*1,1151111,Legumes & Spices,26000388,2026,02,فاتورة مشتريات,الشركة التجارية,
LV0000091,شركة الموارس الزراعية,Local Vendors,106.931,36,شيخ الكار بيض طازج 1920 غم فأكثر 1*1,1151111,Legumes & Spices,26000389,2026,02,فاتورة مشتريات,الشركة التجارية,
LV0000091,شركة الموارس الزراعية,Local Vendors,89.109,30,شيخ الكار بيض طازج 1920 غم فأكثر 1*1,1151111,Legumes & Spices,26000390,2026,02,فاتورة مشتريات,الشركة التجارية,
LV0000091,شركة الموارس الزراعية,Local Vendors,252.475,85,شيخ الكار بيض طازج 1920 غم فأكثر 1*1,1151111,Legumes & Spices,26000391,2026,02,فاتورة مشتريات,الشركة التجارية,
LV0000091,شركة الموارس الزراعية,Local Vendors,20.792,7,شيخ الكار بيض طازج 1920 غم فأكثر 1*1,1151111,Legumes & Spices,26000391,2026,02,فاتورة مشتريات,الشركة التجارية,
LV0000091,شركة الموارس الزراعية,Local Vendors,213.861,72,شيخ الكار بيض طازج 1920 غم فأكثر 1*1,1151111,Legumes & Spices,26000392,2026,02,فاتورة مشتريات,الشركة التجارية,
LV0000091,شركة الموارس الزراعية,Local Vendors,71.287,24,شيخ الكار بيض طازج 1920 غم فأكثر 1*1,1151111,Legumes & Spices,26000393,2026,02,فاتورة مشتريات,الشركة التجارية,
LV0000091,شركة الموارس الزراعية,Local Vendors,249.48,84,شيخ الكار بيض طازج 1920 غم فأكثر 1*1,1151111,Legumes & Spices,26000394,2026,02,فاتورة مشتريات,الشركة التجارية,
LV0000091,شركة الموارس الزراعية,Local Vendors,243.564,82,شيخ الكار بيض طازج 1920 غم فأكثر 1*1,1151111,Legumes & Spices,26000395,2026,02,فاتورة مشتريات,الشركة التجارية,
LV0000091,شركة الموارس الزراعية,Local Vendors,23.76,8,شيخ الكار بيض طازج 1920 غم فأكثر 1*1,1151111,Legumes & Spices,26000396,2026,02,فاتورة مشتريات,الشركة التجارية,
LV0000091,شركة الموارس الزراعية,Local Vendors,71.287,24,شيخ الكار بيض طازج 1920 غم فأكثر 1*1,1151111,Legumes & Spices,26000397,2026,02,فاتورة مشتريات,الشركة التجارية,
LV0000091,شركة الموارس الزراعية,Local Vendors,249.48,84,شيخ الكار بيض طازج 1920 غم فأكثر 1*1,1151111,Legumes & Spices,26000398,2026,02,فاتورة مشتريات,الشركة التجارية,
LV0000091,شركة الموارس الزراعية,Local Vendors,71.287,24,شيخ الكار بيض طازج 1920 غم فأكثر 1*1,1151111,Legumes & Spices,26000399,2026,02,فاتورة مشتريات,الشركة التجارية,
LV0000091,شركة الموارس الزراعية,Local Vendors,106.931,36,شيخ الكار بيض طازج 1920 غم فأكثر 1*1,1151111,Legumes & Spices,26000401,2026,02,فاتورة مشتريات,الشركة التجارية,
LV0000091,شركة الموارس الزراعية,Local Vendors,71.287,24,شيخ الكار بيض طازج 1920 غم فأكثر 1*1,1151111,Legumes & Spices,26000402,2026,02,فاتورة مشتريات,الشركة التجارية,
LV0000091,شركة الموارس الزراعية,Local Vendors,106.931,36,شيخ الكار بيض طازج 1920 غم فأكثر 1*1,1151111,Legumes & Spices,26000403,2026,02,فاتورة مشتريات,الشركة التجارية,
LV0000091,شركة الموارس الزراعية,Local Vendors,112.871,38,شيخ الكار بيض طازج 1920 غم فأكثر 1*1,1151111,Legumes & Spices,26000404,2026,02,فاتورة مشتريات,الشركة التجارية,
LV0000091,شركة الموارس الزراعية,Local Vendors,270.297,91,شيخ الكار بيض طازج 1920 غم فأكثر 1*1,1151111,Legumes & Spices,26000405,2026,02,فاتورة مشتريات,الشركة التجارية,
LV0000091,شركة الموارس الزراعية,Local Vendors,178.218,60,شيخ الكار بيض طازج 1920 غم فأكثر 1*1,1151111,Legumes & Spices,26000406,2026,02,فاتورة مشتريات,الشركة التجارية,
LV0000091,شركة الموارس الزراعية,Local Vendors,59.406,20,شيخ الكار بيض طازج 1920 غم فأكثر 1*1,1151111,Legumes & Spices,26000407,2026,02,فاتورة مشتريات,الشركة التجارية,
LV0000091,شركة الموارس الزراعية,Local Vendors,213.861,72,شيخ الكار بيض طازج 1920 غم فأكثر 1*1,1151111,Legumes & Spices,26000408,2026,02,فاتورة مشتريات,الشركة التجارية,
LV0000091,شركة الموارس الزراعية,Local Vendors,106.931,36,شيخ الكار بيض طازج 1920 غم فأكثر 1*1,1151111,Legumes & Spices,26000409,2026,02,فاتورة مشتريات,الشركة التجارية,
LV0000091,شركة الموارس الزراعية,Local Vendors,249.505,84,شيخ الكار بيض طازج 1920 غم فأكثر 1*1,1151111,Legumes & Spices,26000410,2026,02,فاتورة مشتريات,الشركة التجارية,
LV0000091,شركة الموارس الزراعية,Local Vendors,285.149,96,شيخ الكار بيض طازج 1920 غم فأكثر 1*1,1151111,Legumes & Spices,26000411,2026,02,فاتورة مشتريات,الشركة التجارية,
LV0000091,شركة الموارس الزراعية,Local Vendors,106.931,36,شيخ الكار بيض طازج 1920 غم فأكثر 1*1,1151111,Legumes & Spices,26000412,2026,02,فاتورة مشتريات,الشركة التجارية,
LV0000091,شركة الموارس الزراعية,Local Vendors,249.505,84,شيخ الكار بيض طازج 1920 غم فأكثر 1*1,1151111,Legumes & Spices,26000413,2026,02,فاتورة مشتريات,الشركة التجارية,
LV0000091,شركة الموارس الزراعية,Local Vendors,71.287,24,شيخ الكار بيض طازج 1920 غم فأكثر 1*1,1151111,Legumes & Spices,26000415,2026,02,فاتورة مشتريات,الشركة التجارية,
LV0000091,شركة الموارس الزراعية,Local Vendors,71.287,24,شيخ الكار بيض طازج 1920 غم فأكثر 1*1,1151111,Legumes & Spices,26000416,2026,02,فاتورة مشتريات,الشركة التجارية,
LV0000091,شركة الموارس الزراعية,Local Vendors,71.287,24,شيخ الكار بيض طازج 1920 غم فأكثر 1*1,1151111,Legumes & Spices,26000417,2026,02,فاتورة مشتريات,الشركة التجارية,
LV0000091,شركة الموارس الزراعية,Local Vendors,98.02,33,شيخ الكار بيض طازج 1920 غم فأكثر 1*1,1151111,Legumes & Spices,26000418,2026,02,فاتورة مشتريات,الشركة التجارية,
LV0000091,شركة الموارس الزراعية,Local Vendors,35.644,12,شيخ الكار بيض طازج 1920 غم فأكثر 1*1,1151111,Legumes & Spices,26000419,2026,02,فاتورة مشتريات,الشركة التجارية,
LV0000091,شركة الموارس الزراعية,Local Vendors,237.624,80,شيخ الكار بيض طازج 1920 غم فأكثر 1*1,1151111,Legumes & Spices,26000420,2026,02,فاتورة مشتريات,الشركة التجارية,
LV0000091,شركة الموارس الزراعية,Local Vendors,712.872,240,شيخ الكار بيض طازج 1920 غم فأكثر 1*1,1151111,Legumes & Spices,26000422,2026,02,فاتورة مشتريات,الشركة التجارية,
LV0000091,شركة الموارس الزراعية,Local Vendors,178.218,60,شيخ الكار بيض طازج 1920 غم فأكثر 1*1,1151111,Legumes & Spices,26000423,2026,02,فاتورة مشتريات,الشركة التجارية,
LV0000091,شركة الموارس الزراعية,Local Vendors,89.109,30,شيخ الكار بيض طازج 1920 غم فأكثر 1*1,1151111,Legumes & Spices,26000424,2026,02,فاتورة مشتريات,الشركة التجارية,
LV0000091,شركة الموارس الزراعية,Local Vendors,285.149,96,شيخ الكار بيض طازج 1920 غم فأكثر 1*1,1151111,Legumes & Spices,26000425,2026,02,فاتورة مشتريات,الشركة التجارية,
LV0000091,شركة الموارس الزراعية,Local Vendors,71.287,24,شيخ الكار بيض طازج 1920 غم فأكثر 1*1,1151111,Legumes & Spices,26000430,2026,02,فاتورة مشتريات,الشركة التجارية,
LV0000091,شركة الموارس الزراعية,Local Vendors,249.505,84,شيخ الكار بيض طازج 1920 غم فأكثر 1*1,1151111,Legumes & Spices,26000431,2026,02,فاتورة مشتريات,الشركة التجارية,
LV0000091,شركة الموارس الزراعية,Local Vendors,106.931,36,شيخ الكار بيض طازج 1920 غم فأكثر 1*1,1151111,Legumes & Spices,26000433,2026,02,فاتورة مشتريات,الشركة التجارية,
LV0000091,شركة الموارس الزراعية,Local Vendors,106.931,36,شيخ الكار بيض طازج 1920 غم فأكثر 1*1,1151111,Legumes & Spices,26000434,2026,02,فاتورة مشتريات,الشركة التجارية,
LV0000091,شركة الموارس الزراعية,Local Vendors,98.02,33,شيخ الكار بيض طازج 1920 غم فأكثر 1*1,1151111,Legumes & Spices,26000435,2026,02,فاتورة مشتريات,الشركة التجارية,
LV0000091,شركة الموارس الزراعية,Local Vendors,71.287,24,شيخ الكار بيض طازج 1920 غم فأكثر 1*1,1151111,Legumes & Spices,26000437,2026,02,فاتورة مشتريات,الشركة التجارية,
LV0000091,شركة الموارس الزراعية,Local Vendors,26.733,9,شيخ الكار بيض طازج 1920 غم فأكثر 1*1,1151111,Legumes & Spices,26000438,2026,02,فاتورة مشتريات,الشركة التجارية,
LV0000091,شركة الموارس الزراعية,Local Vendors,71.287,24,شيخ الكار بيض طازج 1920 غم فأكثر 1*1,1151111,Legumes & Spices,26000439,2026,02,فاتورة مشتريات,الشركة التجارية,
LV0000091,شركة الموارس الزراعية,Local Vendors,67.2,24,شيخ الكار بيض طازج 1920 غم فأكثر 1*1,1151111,Legumes & Spices,26000640,2026,03,فاتورة مشتريات,الشركة التجارية,
LV0000091,شركة الموارس الزراعية,Local Vendors,15,6,شيخ الكار بيض طازج 1920 غم فأكثر 1*1,1151111,Legumes & Spices,26000641,2026,03,فاتورة مشتريات,الشركة التجارية,
LV0000091,شركة الموارس الزراعية,Local Vendors,534.653,2160,بيض وسخ,1151139,Legumes & Spices,26000499,2026,03,فاتورة مشتريات,الشركة التجارية,
LV0000091,شركة الموارس الزراعية,Local Vendors,100.8,36,شيخ الكار بيض طازج 1920 غم فأكثر 1*1,1151111,Legumes & Spices,26000500,2026,03,فاتورة مشتريات,الشركة التجارية,
LV0000091,شركة الموارس الزراعية,Local Vendors,81,30,شيخ الكار بيض طازج 1920 غم فأكثر 1*1,1151111,Legumes & Spices,26000501,2026,03,فاتورة مشتريات,الشركة التجارية,
LV0000091,شركة الموارس الزراعية,Local Vendors,90,36,شيخ الكار بيض طازج 1920 غم فأكثر 1*1,1151111,Legumes & Spices,26000509,2026,03,فاتورة مشتريات,الشركة التجارية,
LV0000091,شركة الموارس الزراعية,Local Vendors,300,120,شيخ الكار بيض طازج 1920 غم فأكثر 1*1,1151111,Legumes & Spices,26000510,2026,03,فاتورة مشتريات,الشركة التجارية,
LV0000091,شركة الموارس الزراعية,Local Vendors,150,60,شيخ الكار بيض طازج 1920 غم فأكثر 1*1,1151111,Legumes & Spices,26000511,2026,03,فاتورة مشتريات,الشركة التجارية,
LV0000091,شركة الموارس الزراعية,Local Vendors,60,24,شيخ الكار بيض طازج 1920 غم فأكثر 1*1,1151111,Legumes & Spices,26000512,2026,03,فاتورة مشتريات,الشركة التجارية,
LV0000091,شركة الموارس الزراعية,Local Vendors,285,114,شيخ الكار بيض طازج 1920 غم فأكثر 1*1,1151111,Legumes & Spices,26000513,2026,03,فاتورة مشتريات,الشركة التجارية,
LV0000091,شركة الموارس الزراعية,Local Vendors,150,60,شيخ الكار بيض طازج 1920 غم فأكثر 1*1,1151111,Legumes & Spices,26000514,2026,03,فاتورة مشتريات,الشركة التجارية,
LV0000091,شركة الموارس الزراعية,Local Vendors,270,100,شيخ الكار بيض طازج 1920 غم فأكثر 1*1,1151111,Legumes & Spices,26000515,2026,03,فاتورة مشتريات,الشركة التجارية,
LV0000091,شركة الموارس الزراعية,Local Vendors,248.4,92,شيخ الكار بيض طازج 1920 غم فأكثر 1*1,1151111,Legumes & Spices,26000516,2026,03,فاتورة مشتريات,الشركة التجارية,
LV0000091,شركة الموارس الزراعية,Local Vendors,162,60,شيخ الكار بيض طازج 1920 غم فأكثر 1*1,1151111,Legumes & Spices,26000517,2026,03,فاتورة مشتريات,الشركة التجارية,
LV0000091,شركة الموارس الزراعية,Local Vendors,97.2,36,شيخ الكار بيض طازج 1920 غم فأكثر 1*1,1151111,Legumes & Spices,26000519,2026,03,فاتورة مشتريات,الشركة التجارية,
LV0000091,شركة الموارس الزراعية,Local Vendors,135,50,شيخ الكار بيض طازج 1920 غم فأكثر 1*1,1151111,Legumes & Spices,26000520,2026,03,فاتورة مشتريات,الشركة التجارية,
LV0000091,شركة الموارس الزراعية,Local Vendors,64.8,24,شيخ الكار بيض طازج 1920 غم فأكثر 1*1,1151111,Legumes & Spices,26000521,2026,03,فاتورة مشتريات,الشركة التجارية,
LV0000091,شركة الموارس الزراعية,Local Vendors,132.3,49,شيخ الكار بيض طازج 1920 غم فأكثر 1*1,1151111,Legumes & Spices,26000522,2026,03,فاتورة مشتريات,الشركة التجارية,
LV0000091,شركة الموارس الزراعية,Local Vendors,162,60,شيخ الكار بيض طازج 1920 غم فأكثر 1*1,1151111,Legumes & Spices,26000523,2026,03,فاتورة مشتريات,الشركة التجارية,
LV0000091,شركة الموارس الزراعية,Local Vendors,162,60,شيخ الكار بيض طازج 1920 غم فأكثر 1*1,1151111,Legumes & Spices,26000524,2026,03,فاتورة مشتريات,الشركة التجارية,
LV0000091,شركة الموارس الزراعية,Local Vendors,97.2,36,شيخ الكار بيض طازج 1920 غم فأكثر 1*1,1151111,Legumes & Spices,26000525,2026,03,فاتورة مشتريات,الشركة التجارية,
LV0000091,شركة الموارس الزراعية,Local Vendors,64.8,24,شيخ الكار بيض طازج 1920 غم فأكثر 1*1,1151111,Legumes & Spices,26000526,2026,03,فاتورة مشتريات,الشركة التجارية,
LV0000091,شركة الموارس الزراعية,Local Vendors,97.2,36,شيخ الكار بيض طازج 1920 غم فأكثر 1*1,1151111,Legumes & Spices,26000527,2026,03,فاتورة مشتريات,الشركة التجارية,
LV0000091,شركة الموارس الزراعية,Local Vendors,97.2,36,شيخ الكار بيض طازج 1920 غم فأكثر 1*1,1151111,Legumes & Spices,26000528,2026,03,فاتورة مشتريات,الشركة التجارية,
LV0000091,شركة الموارس الزراعية,Local Vendors,64.8,24,شيخ الكار بيض طازج 1920 غم فأكثر 1*1,1151111,Legumes & Spices,26000529,2026,03,فاتورة مشتريات,الشركة التجارية,
LV0000091,شركة الموارس الزراعية,Local Vendors,129.6,48,شيخ الكار بيض طازج 1920 غم فأكثر 1*1,1151111,Legumes & Spices,26000530,2026,03,فاتورة مشتريات,الشركة التجارية,
LV0000091,شركة الموارس الزراعية,Local Vendors,64.8,24,شيخ الكار بيض طازج 1920 غم فأكثر 1*1,1151111,Legumes & Spices,26000531,2026,03,فاتورة مشتريات,الشركة التجارية,
LV0000091,شركة الموارس الزراعية,Local Vendors,201.6,72,شيخ الكار بيض طازج 1920 غم فأكثر 1*1,1151111,Legumes & Spices,26000532,2026,03,فاتورة مشتريات,الشركة التجارية,
LV0000091,شركة الموارس الزراعية,Local Vendors,280,100,شيخ الكار بيض طازج 1920 غم فأكثر 1*1,1151111,Legumes & Spices,26000533,2026,03,فاتورة مشتريات,الشركة التجارية,
LV0000091,شركة الموارس الزراعية,Local Vendors,137.2,49,شيخ الكار بيض طازج 1920 غم فأكثر 1*1,1151111,Legumes & Spices,26000534,2026,03,فاتورة مشتريات,الشركة التجارية,
LV0000091,شركة الموارس الزراعية,Local Vendors,235.2,84,شيخ الكار بيض طازج 1920 غم فأكثر 1*1,1151111,Legumes & Spices,26000535,2026,03,فاتورة مشتريات,الشركة التجارية,
LV0000091,شركة الموارس الزراعية,Local Vendors,257.6,92,شيخ الكار بيض طازج 1920 غم فأكثر 1*1,1151111,Legumes & Spices,26000536,2026,03,فاتورة مشتريات,الشركة التجارية,
LV0000091,شركة الموارس الزراعية,Local Vendors,50.4,18,شيخ الكار بيض طازج 1920 غم فأكثر 1*1,1151111,Legumes & Spices,26000537,2026,03,فاتورة مشتريات,الشركة التجارية,
LV0000091,شركة الموارس الزراعية,Local Vendors,100.8,36,شيخ الكار بيض طازج 1920 غم فأكثر 1*1,1151111,Legumes & Spices,26000538,2026,03,فاتورة مشتريات,الشركة التجارية,
LV0000091,شركة الموارس الزراعية,Local Vendors,84,30,شيخ الكار بيض طازج 1920 غم فأكثر 1*1,1151111,Legumes & Spices,26000539,2026,03,فاتورة مشتريات,الشركة التجارية,
LV0000091,شركة الموارس الزراعية,Local Vendors,67.2,24,شيخ الكار بيض طازج 1920 غم فأكثر 1*1,1151111,Legumes & Spices,26000540,2026,03,فاتورة مشتريات,الشركة التجارية,
LV0000091,شركة الموارس الزراعية,Local Vendors,100.8,36,شيخ الكار بيض طازج 1920 غم فأكثر 1*1,1151111,Legumes & Spices,26000541,2026,03,فاتورة مشتريات,الشركة التجارية,
LV0000091,شركة الموارس الزراعية,Local Vendors,235.2,84,شيخ الكار بيض طازج 1920 غم فأكثر 1*1,1151111,Legumes & Spices,26000542,2026,03,فاتورة مشتريات,الشركة التجارية,
LV0000091,شركة الموارس الزراعية,Local Vendors,67.2,24,شيخ الكار بيض طازج 1920 غم فأكثر 1*1,1151111,Legumes & Spices,26000543,2026,03,فاتورة مشتريات,الشركة التجارية,
LV0000091,شركة الموارس الزراعية,Local Vendors,85.515,30,شيخ الكار بيض طازج 1920 غم فأكثر 1*1,1151111,Legumes & Spices,26000544,2026,03,فاتورة مشتريات,الشركة التجارية,
LV0000091,شركة الموارس الزراعية,Local Vendors,102.618,36,شيخ الكار بيض طازج 1920 غم فأكثر 1*1,1151111,Legumes & Spices,26000545,2026,03,فاتورة مشتريات,الشركة التجارية,
LV0000091,شركة الموارس الزراعية,Local Vendors,17.1,6,شيخ الكار بيض طازج 1920 غم فأكثر 1*1,1151111,Legumes & Spices,26000547,2026,03,فاتورة مشتريات,الشركة التجارية,
LV0000091,شركة الموارس الزراعية,Local Vendors,259.604,92,شيخ الكار بيض طازج 1920 غم فأكثر 1*1,1151111,Legumes & Spices,26000548,2026,03,فاتورة مشتريات,الشركة التجارية,
LV0000091,شركة الموارس الزراعية,Local Vendors,42.742,15,شيخ الكار بيض طازج 1920 غم فأكثر 1*1,1151111,Legumes & Spices,26000549,2026,03,فاتورة مشتريات,الشركة التجارية,
LV0000091,شركة الموارس الزراعية,Local Vendors,256.455,90,شيخ الكار بيض طازج 1920 غم فأكثر 1*1,1151111,Legumes & Spices,26000550,2026,03,فاتورة مشتريات,الشركة التجارية,
LV0000091,شركة الموارس الزراعية,Local Vendors,22.796,8,شيخ الكار بيض طازج 1920 غم فأكثر 1*1,1151111,Legumes & Spices,26000551,2026,03,فاتورة مشتريات,الشركة التجارية,
LV0000091,شركة الموارس الزراعية,Local Vendors,205.164,72,شيخ الكار بيض طازج 1920 غم فأكثر 1*1,1151111,Legumes & Spices,26000552,2026,03,فاتورة مشتريات,الشركة التجارية,
LV0000091,شركة الموارس الزراعية,Local Vendors,153.873,54,شيخ الكار بيض طازج 1920 غم فأكثر 1*1,1151111,Legumes & Spices,26000553,2026,03,فاتورة مشتريات,الشركة التجارية,
LV0000091,شركة الموارس الزراعية,Local Vendors,170.97,60,شيخ الكار بيض طازج 1920 غم فأكثر 1*1,1151111,Legumes & Spices,26000554,2026,03,فاتورة مشتريات,الشركة التجارية,
LV0000091,شركة الموارس الزراعية,Local Vendors,51.291,18,شيخ الكار بيض طازج 1920 غم فأكثر 1*1,1151111,Legumes & Spices,26000555,2026,03,فاتورة مشتريات,الشركة التجارية,
LV0000091,شركة الموارس الزراعية,Local Vendors,287.8,101,شيخ الكار بيض طازج 1920 غم فأكثر 1*1,1151111,Legumes & Spices,26000556,2026,03,فاتورة مشتريات,الشركة التجارية,
LV0000091,شركة الموارس الزراعية,Local Vendors,102.582,36,شيخ الكار بيض طازج 1920 غم فأكثر 1*1,1151111,Legumes & Spices,26000557,2026,03,فاتورة مشتريات,الشركة التجارية,
LV0000091,شركة الموارس الزراعية,Local Vendors,102.582,36,شيخ الكار بيض طازج 1920 غم فأكثر 1*1,1151111,Legumes & Spices,26000558,2026,03,فاتورة مشتريات,الشركة التجارية,
LV0000091,شركة الموارس الزراعية,Local Vendors,106.895,36,شيخ الكار بيض طازج 1920 غم فأكثر 1*1,1151111,Legumes & Spices,26000559,2026,03,فاتورة مشتريات,الشركة التجارية,
LV0000091,شركة الموارس الزراعية,Local Vendors,102.582,36,شيخ الكار بيض طازج 1920 غم فأكثر 1*1,1151111,Legumes & Spices,26000560,2026,03,فاتورة مشتريات,الشركة التجارية,
LV0000091,شركة الموارس الزراعية,Local Vendors,96.883,34,شيخ الكار بيض طازج 1920 غم فأكثر 1*1,1151111,Legumes & Spices,26000561,2026,03,فاتورة مشتريات,الشركة التجارية,
LV0000091,شركة الموارس الزراعية,Local Vendors,85.485,30,شيخ الكار بيض طازج 1920 غم فأكثر 1*1,1151111,Legumes & Spices,26000562,2026,03,فاتورة مشتريات,الشركة التجارية,
LV0000091,شركة الموارس الزراعية,Local Vendors,273.552,96,شيخ الكار بيض طازج 1920 غم فأكثر 1*1,1151111,Legumes & Spices,26000563,2026,03,فاتورة مشتريات,الشركة التجارية,
LV0000091,شركة الموارس الزراعية,Local Vendors,74.232,25,شيخ الكار بيض طازج 1920 غم فأكثر 1*1,1151111,Legumes & Spices,26000564,2026,03,فاتورة مشتريات,الشركة التجارية,
LV0000091,شركة الموارس الزراعية,Local Vendors,168.12,59,شيخ الكار بيض طازج 1920 غم فأكثر 1*1,1151111,Legumes & Spices,26000565,2026,03,فاتورة مشتريات,الشركة التجارية,
LV0000091,شركة الموارس الزراعية,Local Vendors,34.194,12,شيخ الكار بيض طازج 1920 غم فأكثر 1*1,1151111,Legumes & Spices,26000566,2026,03,فاتورة مشتريات,الشركة التجارية,
LV0000091,شركة الموارس الزراعية,Local Vendors,51.291,18,شيخ الكار بيض طازج 1920 غم فأكثر 1*1,1151111,Legumes & Spices,26000567,2026,03,فاتورة مشتريات,الشركة التجارية,
LV0000091,شركة الموارس الزراعية,Local Vendors,85.485,30,شيخ الكار بيض طازج 1920 غم فأكثر 1*1,1151111,Legumes & Spices,26000568,2026,03,فاتورة مشتريات,الشركة التجارية,
LV0000091,شركة الموارس الزراعية,Local Vendors,50,20,شيخ الكار بيض طازج 1920 غم فأكثر 1*1,1151111,Legumes & Spices,26000570,2026,03,فاتورة مشتريات,الشركة التجارية,
LV0000091,شركة الموارس الزراعية,Local Vendors,178.159,60,شيخ الكار بيض طازج 1920 غم فأكثر 1*1,1151111,Legumes & Spices,26000673,2026,03,فاتورة مشتريات,الشركة التجارية,
LV0000091,شركة الموارس الزراعية,Local Vendors,106.895,36,شيخ الكار بيض طازج 1920 غم فأكثر 1*1,1151111,Legumes & Spices,26000674,2026,03,فاتورة مشتريات,الشركة التجارية,
LV0000004,شركة الطير الذهبي للصناعات الغذائبة - مورد,Local Vendors,12780,24000,الموسم مكعبات مرقة الدجاج 20 غم 1*24*24,1031003,Noodles & Pasta & Soups,26000006,2026,01,فاتورة مشتريات,الشركة التجارية,
LV0000004,شركة الطير الذهبي للصناعات الغذائبة - مورد,Local Vendors,7810,12000,شيخ الكار مكعبات مرقة الدجاج 20 غم 1*24*24,1031002,Noodles & Pasta & Soups,26000064,2026,01,فاتورة مشتريات,الشركة التجارية,
LV0000004,شركة الطير الذهبي للصناعات الغذائبة - مورد,Local Vendors,3834,7200,الموسم مكعبات مرقة الدجاج 20 غم 1*24*24,1031003,Noodles & Pasta & Soups,26000064,2026,01,فاتورة مشتريات,الشركة التجارية,
LV0000004,شركة الطير الذهبي للصناعات الغذائبة - مورد,Local Vendors,9372,14400,شيخ الكار مكعبات مرقة الدجاج 20 غم 1*24*24,1031002,Noodles & Pasta & Soups,26000088,2026,01,فاتورة مشتريات,الشركة التجارية,
LV0000004,شركة الطير الذهبي للصناعات الغذائبة - مورد,Local Vendors,15336,28800,الموسم مكعبات مرقة الدجاج 20 غم 1*24*24,1031003,Noodles & Pasta & Soups,26000116,2026,01,فاتورة مشتريات,الشركة التجارية,
LV0000004,شركة الطير الذهبي للصناعات الغذائبة - مورد,Local Vendors,5043.103,7200,شيخ الكار مكعبات مرقة الدجاج 20 غم 1*24*24,1031002,Noodles & Pasta & Soups,26000117,2026,01,فاتورة مشتريات,الشركة التجارية,
LV0000004,شركة الطير الذهبي للصناعات الغذائبة - مورد,Local Vendors,687.6,3600,شيخ الكار شوربة 70 غم فطر 1*12*6,1031007,Noodles & Pasta & Soups,26000130,2026,01,فاتورة مشتريات,الشركة التجارية,
LV0000004,شركة الطير الذهبي للصناعات الغذائبة - مورد,Local Vendors,1911.528,10008,شيخ الكار شوربة 70 غم شعرية 1*12*6,1031006,Noodles & Pasta & Soups,26000130,2026,01,فاتورة مشتريات,الشركة التجارية,
LV0000004,شركة الطير الذهبي للصناعات الغذائبة - مورد,Local Vendors,687.6,3600,شيخ الكار شوربة 80 غم فريكة 1*12*6,1031004,Noodles & Pasta & Soups,26000130,2026,01,فاتورة مشتريات,الشركة التجارية,
LV0000004,شركة الطير الذهبي للصناعات الغذائبة - مورد,Local Vendors,2755.862,14400,شيخ الكار شوربة 70 غم شعرية 1*12*6,1031006,Noodles & Pasta & Soups,26000666,2026,03,فاتورة مشتريات,الشركة التجارية,
LV0000004,شركة الطير الذهبي للصناعات الغذائبة - مورد,Local Vendors,6338.483,33120,شيخ الكار شوربة 70 غم شعرية 1*12*6,1031006,Noodles & Pasta & Soups,26000267,2026,02,فاتورة مشتريات,الشركة التجارية,
LV0000004,شركة الطير الذهبي للصناعات الغذائبة - مورد,Local Vendors,3232.552,17280,شيخ الكار شوربة 70 غم شعرية 1*12*6,1031006,Noodles & Pasta & Soups,26000267,2026,02,فاتورة مشتريات,الشركة التجارية,
LV0000004,شركة الطير الذهبي للصناعات الغذائبة - مورد,Local Vendors,2135.172,7200,الموسم مكعبات مرقة دجاج 12*12,1031008,Noodles & Pasta & Soups,26000267,2026,02,فاتورة مشتريات,الشركة التجارية,
LV0000004,شركة الطير الذهبي للصناعات الغذائبة - مورد,Local Vendors,1433.503,2352,الموسم مكعبات مرقة الدجاج 20 غم 1*24*24,1031003,Noodles & Pasta & Soups,26000267,2026,02,فاتورة مشتريات,الشركة التجارية,
LV0000004,شركة الطير الذهبي للصناعات الغذائبة - مورد,Local Vendors,1101.414,1560,شيخ الكار مكعبات مرقة الدجاج 20 غم 1*24*24,1031002,Noodles & Pasta & Soups,26000267,2026,02,فاتورة مشتريات,الشركة التجارية,
LV0000004,شركة الطير الذهبي للصناعات الغذائبة - مورد,Local Vendors,2130,7200,الموسم مكعبات مرقة دجاج 12*12,1031008,Noodles & Pasta & Soups,26000278,2026,02,فاتورة مشتريات,الشركة التجارية,
LV0000004,شركة الطير الذهبي للصناعات الغذائبة - مورد,Local Vendors,1382.4,7200,شيخ الكار شوربة 55 غم خضار 1*12*6,1031001,Noodles & Pasta & Soups,26000353,2026,02,فاتورة مشتريات,الشركة التجارية,
LV0000004,شركة الطير الذهبي للصناعات الغذائبة - مورد,Local Vendors,687.6,3600,شيخ الكار شوربة 70 غم فطر 1*12*6,1031007,Noodles & Pasta & Soups,26000353,2026,02,فاتورة مشتريات,الشركة التجارية,
LV0000004,شركة الطير الذهبي للصناعات الغذائبة - مورد,Local Vendors,6247.931,9600,شيخ الكار مكعبات مرقة الدجاج 20 غم 1*24*24,1031002,Noodles & Pasta & Soups,26000774,2026,04,فاتورة مشتريات,الشركة التجارية,
LV0000004,شركة الطير الذهبي للصناعات الغذائبة - مورد,Local Vendors,1681.034,2400,شيخ الكار مكعبات مرقة الدجاج 20 غم 1*24*24,1031002,Noodles & Pasta & Soups,26000850,2026,04,فاتورة مشتريات,الشركة التجارية,
LV0000004,شركة الطير الذهبي للصناعات الغذائبة - مورد,Local Vendors,1681.034,2400,شيخ الكار مكعبات مرقة الدجاج 20 غم 1*24*24,1031002,Noodles & Pasta & Soups,26000866,2026,05,فاتورة مشتريات,الشركة التجارية,
LV0000004,شركة الطير الذهبي للصناعات الغذائبة - مورد,Local Vendors,1681.076,8784,شيخ الكار شوربة 70 غم شعرية 1*12*6,1031006,Noodles & Pasta & Soups,26000889,2026,04,فاتورة مشتريات,الشركة التجارية,
LV0000004,شركة الطير الذهبي للصناعات الغذائبة - مورد,Local Vendors,3623.958,18936,شيخ الكار شوربة 70 غم شعرية 1*12*6,1031006,Noodles & Pasta & Soups,26000891,2026,05,فاتورة مشتريات,الشركة التجارية,
LV0000004,شركة الطير الذهبي للصناعات الغذائبة - مورد,Local Vendors,4205.172,6000,شيخ الكار مكعبات مرقة الدجاج 20 غم 1*24*24,1031002,Noodles & Pasta & Soups,26000987,2026,06,فاتورة مشتريات,الشركة التجارية,
LV0000119,شركة حلومي الغذائية,Local Vendors,1739.5,3976,شيخ الكار نودلز 70 غم دجاج 1*5*8,1031015,Noodles & Pasta & Soups,26000156,2026,01,فاتورة مشتريات,الشركة التجارية,
LV0000119,شركة حلومي الغذائية,Local Vendors,1722,3936,شيخ الكار نودلز 70 غم خضار 1*5*8,1031014,Noodles & Pasta & Soups,26000156,2026,01,فاتورة مشتريات,الشركة التجارية,
LV0000119,شركة حلومي الغذائية,Local Vendors,1788.5,4088,شيخ الكار نودلز 70 غم كاري 1*5*8,1031013,Noodles & Pasta & Soups,26000156,2026,01,فاتورة مشتريات,الشركة التجارية,
LV0000119,شركة حلومي الغذائية,Local Vendors,0,43,شيخ الكار نودلز 70 غم خضار 1*5*8,1031014,Noodles & Pasta & Soups,26000156,2026,01,فاتورة مشتريات,الشركة التجارية,
LV0000119,شركة حلومي الغذائية,Local Vendors,2905,6640,شيخ الكار نودلز 70 غم خضار 1*5*8,1031014,Noodles & Pasta & Soups,26000225,2026,02,فاتورة مشتريات,الشركة التجارية,
LV0000119,شركة حلومي الغذائية,Local Vendors,2079,4752,شيخ الكار نودلز 70 غم دجاج 1*5*8,1031015,Noodles & Pasta & Soups,26000225,2026,02,فاتورة مشتريات,الشركة التجارية,
LV0000119,شركة حلومي الغذائية,Local Vendors,2796.5,6392,شيخ الكار نودلز 70 غم كاري 1*5*8,1031013,Noodles & Pasta & Soups,26000225,2026,02,فاتورة مشتريات,الشركة التجارية,
LV0000119,شركة حلومي الغذائية,Local Vendors,3206,7328,شيخ الكار نودلز 70 غم دجاج 1*5*8,1031015,Noodles & Pasta & Soups,26000245,2026,02,فاتورة مشتريات,الشركة التجارية,
LV0000119,شركة حلومي الغذائية,Local Vendors,2408,5504,شيخ الكار نودلز 70 غم كاري 1*5*8,1031013,Noodles & Pasta & Soups,26000245,2026,02,فاتورة مشتريات,الشركة التجارية,
LV0000119,شركة حلومي الغذائية,Local Vendors,2341.5,5352,شيخ الكار نودلز 70 غم خضار 1*5*8,1031014,Noodles & Pasta & Soups,26000245,2026,02,فاتورة مشتريات,الشركة التجارية,
LV0000119,شركة حلومي الغذائية,Local Vendors,1703.506,4336,شيخ الكار نودلز 70 غم دجاج 1*5*8,1031015,Noodles & Pasta & Soups,26000930,2026,05,فاتورة مشتريات,الشركة التجارية,
LV0000119,شركة حلومي الغذائية,Local Vendors,1854.285,4720,شيخ الكار نودلز 70 غم كاري 1*5*8,1031013,Noodles & Pasta & Soups,26000930,2026,05,فاتورة مشتريات,الشركة التجارية,
LV0000119,شركة حلومي الغذائية,Local Vendors,1206.857,3072,شيخ الكار نودلز 70 غم خضار 1*5*8,1031014,Noodles & Pasta & Soups,26000930,2026,05,فاتورة مشتريات,الشركة التجارية,
LV0000119,شركة حلومي الغذائية,Local Vendors,1095,2400,شيخ الكار نودلز 70 غم دجاج 1*5*8,1031015,Noodles & Pasta & Soups,26001003,2026,06,فاتورة مشتريات,الشركة التجارية,
LV0000129,الثنية لصناعة الالبان,Local Vendors,910,728,شيخ الكار جميد سائل 1 كغم 1*8,1111002,Jameed,26000059,2026,01,فاتورة مشتريات,الشركة التجارية,
LV0000129,الثنية لصناعة الالبان,Local Vendors,740.48,624,شيخ الكار جميد سائل 1 كغم 1*8,1111002,Jameed,26000775,2026,04,فاتورة مشتريات,الشركة التجارية,
LV0000129,الثنية لصناعة الالبان,Local Vendors,1012.5,648,شيخ الكار جميد سائل 1 كغم 1*8,1111002,Jameed,26000215,2026,02,فاتورة مشتريات,الشركة التجارية,
LV0000129,الثنية لصناعة الالبان,Local Vendors,1120.528,944,شيخ الكار جميد سائل 1 كغم 1*8,1111002,Jameed,26000864,2026,05,فاتورة مشتريات,الشركة التجارية,
LV0000129,الثنية لصناعة الالبان,Local Vendors,249.92,160,شيخ الكار جميد سائل 1 كغم 1*8,1111002,Jameed,26000864,2026,05,فاتورة مشتريات,الشركة التجارية,
LV0000129,الثنية لصناعة الالبان,Local Vendors,830,664,شيخ الكار جميد سائل 1 كغم 1*8,1111002,Jameed,26000247,2026,02,فاتورة مشتريات,الشركة التجارية,
LV0000129,الثنية لصناعة الالبان,Local Vendors,790,632,شيخ الكار جميد سائل 1 كغم 1*8,1111002,Jameed,26000281,2026,02,فاتورة مشتريات,الشركة التجارية,
LV0000129,الثنية لصناعة الالبان,Local Vendors,651.154,576,شيخ الكار جميد سائل 1 كغم 1*8,1111002,Jameed,26000892,2026,05,فاتورة مشتريات,الشركة التجارية,
LV0000129,الثنية لصناعة الالبان,Local Vendors,1092,728,شيخ الكار جميد سائل 1 كغم 1*8,1111002,Jameed,26000490,2026,02,فاتورة مشتريات,الشركة التجارية,
LV0000129,الثنية لصناعة الالبان,Local Vendors,674.5,568,شيخ الكار جميد سائل 1 كغم 1*8,1111002,Jameed,26000795,2026,04,فاتورة مشتريات,الشركة التجارية,
LV0000129,الثنية لصناعة الالبان,Local Vendors,693.013,584,شيخ الكار جميد سائل 1 كغم 1*8,1111002,Jameed,26000818,2026,04,فاتورة مشتريات,الشركة التجارية,
LV0000129,الثنية لصناعة الالبان,Local Vendors,899.657,576,شيخ الكار جميد سائل 1 كغم 1*8,1111002,Jameed,26000872,2026,05,فاتورة مشتريات,الشركة التجارية,
LV0000129,الثنية لصناعة الالبان,Local Vendors,937.143,600,شيخ الكار جميد سائل 1 كغم 1*8,1111002,Jameed,26000875,2026,05,فاتورة مشتريات,الشركة التجارية,
LV0000129,الثنية لصناعة الالبان,Local Vendors,721.493,608,شيخ الكار جميد سائل 1 كغم 1*8,1111002,Jameed,26000883,2026,05,فاتورة مشتريات,الشركة التجارية,
LV0000129,الثنية لصناعة الالبان,Local Vendors,1103.52,968,شيخ الكار جميد سائل 1 كغم 1*8,1111002,Jameed,26000945,2026,05,فاتورة مشتريات,الشركة التجارية,
LV0000129,الثنية لصناعة الالبان,Local Vendors,1249.44,1096,شيخ الكار جميد سائل 1 كغم 1*8,1111002,Jameed,26000973,2026,06,فاتورة مشتريات,الشركة التجارية,
LV0000129,الثنية لصناعة الالبان,Local Vendors,648,432,شيخ الكار جميد سائل 1 كغم 1*8,1111002,Jameed,26001007,2026,06,فاتورة مشتريات,الشركة التجارية,
LV0000129,الثنية لصناعة الالبان,Local Vendors,319.2,280,شيخ الكار جميد سائل 1 كغم 1*8,1111002,Jameed,26001007,2026,06,فاتورة مشتريات,الشركة التجارية,
LV0000129,الثنية لصناعة الالبان,Local Vendors,465.12,408,شيخ الكار جميد سائل 1 كغم 1*8,1111002,Jameed,26001128,2026,07,فاتورة مشتريات,الشركة التجارية,
LV0000012,شركة التلال الخضراء لصناعة الاغذية,Local Vendors,3297.32,1492,شيخ الكار كاتشب 4500 غم 1*4,1121002,Tomato paste,26000004,2026,01,فاتورة مشتريات,الشركة التجارية,
LV0000012,شركة التلال الخضراء لصناعة الاغذية,Local Vendors,6618.201,13164,شيخ الكار كاتشب 800 غم 1*12,1121001,Tomato paste,26000004,2026,01,فاتورة مشتريات,الشركة التجارية,
LV0000012,شركة التلال الخضراء لصناعة الاغذية,Local Vendors,6017.655,12480,شيخ الكار كاتشب 800 غم 1*12,1121001,Tomato paste,26000594,2026,03,فاتورة مشتريات,الشركة التجارية,
LV0000012,شركة التلال الخضراء لصناعة الاغذية,Local Vendors,5458.823,4608,شيخ الكار معجون طماطم 1350 غم 26-24 1*6,1121004,Tomato paste,26000594,2026,03,فاتورة مشتريات,الشركة التجارية,
LV0000012,شركة التلال الخضراء لصناعة الاغذية,Local Vendors,3979.294,3360,شيخ الكار معجون طماطم 1350 غم 26-24 1*6,1121004,Tomato paste,26000725,2026,04,فاتورة مشتريات,الشركة التجارية,
LV0000012,شركة التلال الخضراء لصناعة الاغذية,Local Vendors,11209.069,9462,شيخ الكار معجون طماطم 1350 غم 26-24 1*6,1121004,Tomato paste,26000133,2026,01,فاتورة مشتريات,الشركة التجارية,
LV0000012,شركة التلال الخضراء لصناعة الاغذية,Local Vendors,413.4,212,شيخ الكار كاتشب 4500 غم 1*4,1121002,Tomato paste,26000692,2026,03,فاتورة مشتريات,الشركة التجارية,
LV0000012,شركة التلال الخضراء لصناعة الاغذية,Local Vendors,3469.655,7200,شيخ الكار كاتشب 800 غم 1*12,1121001,Tomato paste,26000692,2026,03,فاتورة مشتريات,الشركة التجارية,
LV0000012,شركة التلال الخضراء لصناعة الاغذية,Local Vendors,6068.424,5124,شيخ الكار معجون طماطم 1350 غم 26-24 1*6,1121004,Tomato paste,26000692,2026,03,فاتورة مشتريات,الشركة التجارية,
LV0000012,شركة التلال الخضراء لصناعة الاغذية,Local Vendors,13472.752,11376,شيخ الكار معجون طماطم 1350 غم 26-24 1*6,1121004,Tomato paste,26001005,2026,06,فاتورة مشتريات,الشركة التجارية,
LV0000012,شركة التلال الخضراء لصناعة الاغذية,Local Vendors,75.22,104,شيخ الكار كاتشب 800 غم 1*12,1121001,Tomato paste,26001005,2026,06,فاتورة مشتريات,الشركة التجارية,
LV0000012,شركة التلال الخضراء لصناعة الاغذية,Local Vendors,101.4,52,شيخ الكار كاتشب 4500 غم 1*4,1121002,Tomato paste,26001005,2026,06,فاتورة مشتريات,الشركة التجارية,
LV0000012,شركة التلال الخضراء لصناعة الاغذية,Local Vendors,4406.863,3720,شيخ الكار معجون طماطم 1350 غم 26-24 1*6,1121004,Tomato paste,26000803,2026,04,فاتورة مشتريات,الشركة التجارية,
LV0000012,شركة التلال الخضراء لصناعة الاغذية,Local Vendors,6394.635,13260,شيخ الكار كاتشب 800 غم 1*12,1121001,Tomato paste,26000803,2026,04,فاتورة مشتريات,الشركة التجارية,
LV0000012,شركة التلال الخضراء لصناعة الاغذية,Local Vendors,1387.862,2880,شيخ الكار كاتشب 800 غم 1*12,1121001,Tomato paste,26000789,2026,04,فاتورة مشتريات,الشركة التجارية,
LV0000012,شركة التلال الخضراء لصناعة الاغذية,Local Vendors,530.4,272,شيخ الكار كاتشب 4500 غم 1*4,1121002,Tomato paste,26000965,2026,06,فاتورة مشتريات,الشركة التجارية,
LV0000012,شركة التلال الخضراء لصناعة الاغذية,Local Vendors,4019.017,8340,شيخ الكار كاتشب 800 غم 1*12,1121001,Tomato paste,26000965,2026,06,فاتورة مشتريات,الشركة التجارية,
LV0000012,شركة التلال الخضراء لصناعة الاغذية,Local Vendors,4149.6,532,شيخ الكار كاتشب 4500 غم 1*4,1121002,Tomato paste,26001057,2026,07,فاتورة مشتريات,الشركة التجارية,
LV0000012,شركة التلال الخضراء لصناعة الاغذية,Local Vendors,28.914,60,شيخ الكار كاتشب 800 غم 1*12,1121001,Tomato paste,26001057,2026,07,فاتورة مشتريات,الشركة التجارية,
LV0000012,شركة التلال الخضراء لصناعة الاغذية,Local Vendors,-270.098,-228,شيخ الكار معجون طماطم 1350 غم 26-24 1*6,1121004,Tomato paste,26000003,2026,01,مرتجع مشتريات,الشركة التجارية,
LV0000012,شركة التلال الخضراء لصناعة الاغذية,Local Vendors,-115.68,-240,شيخ الكار كاتشب 800 غم 1*12,1121001,Tomato paste,26000014,2026,04,مرتجع مشتريات,الشركة التجارية,
LV0000322,شركة صقور عمان لتجارة المواد الغذائية - مورد,Local Vendors,6085.714,5112,شيخ الكار جميد سائل 1 كغم 1*8,1111002,Jameed,26000313,2026,02,فاتورة مشتريات,الشركة التجارية,
LV0000322,شركة صقور عمان لتجارة المواد الغذائية - مورد,Local Vendors,1409.35,1985,شيخ الكار عدس مجروش 1 كغم,1151072,Legumes & Spices,26000174,2026,01,فاتورة مشتريات,الشركة التجارية,
LV0000322,شركة صقور عمان لتجارة المواد الغذائية - مورد,Local Vendors,970.2,990,شيخ الكار حمص حب (نمرة 11) 1 كغم,1151021,Legumes & Spices,26000174,2026,01,فاتورة مشتريات,الشركة التجارية,
LV0000322,شركة صقور عمان لتجارة المواد الغذائية - مورد,Local Vendors,142.241,30,شيخ الكار جوز عين الجمل مقشر 1 كغم,1151098,Legumes & Spices,26000174,2026,01,فاتورة مشتريات,الشركة التجارية,
LV0000322,شركة صقور عمان لتجارة المواد الغذائية - مورد,Local Vendors,796,995,شيخ الكار عدس حب 1 كغم,1151018,Legumes & Spices,26000174,2026,01,فاتورة مشتريات,الشركة التجارية,
LV0000322,شركة صقور عمان لتجارة المواد الغذائية - مورد,Local Vendors,327.586,200,شيخ الكار بهارات مشكلة (مطحونة) 1 كغم,1151094,Legumes & Spices,26000174,2026,01,فاتورة مشتريات,الشركة التجارية,
LV0000322,شركة صقور عمان لتجارة المواد الغذائية - مورد,Local Vendors,633.621,245,"شيخ الكار بهارات كبسة (حب , مطحون) 1 كغم",1151093,Legumes & Spices,26000174,2026,01,فاتورة مشتريات,الشركة التجارية,
LV0000322,شركة صقور عمان لتجارة المواد الغذائية - مورد,Local Vendors,65.517,100,شيخ الكار ملح ليمون 1 كغم,1151135,Legumes & Spices,26000213,2026,01,فاتورة مشتريات,الشركة التجارية,
LV0000322,شركة صقور عمان لتجارة المواد الغذائية - مورد,Local Vendors,2809.524,2360,شيخ الكار جميد سائل 1 كغم 1*8,1111002,Jameed,26000205,2026,02,فاتورة مشتريات,الشركة التجارية,
LV0000322,شركة صقور عمان لتجارة المواد الغذائية - مورد,Local Vendors,933.2,400,"شيخ الكار بهارات كبسة (حب , مطحون) 1 كغم",1151093,Legumes & Spices,26000235,2026,02,فاتورة مشتريات,الشركة التجارية,
LV0000322,شركة صقور عمان لتجارة المواد الغذائية - مورد,Local Vendors,620.8,400,شيخ الكار بهارات مشكلة (مطحونة) 1 كغم,1151094,Legumes & Spices,26000235,2026,02,فاتورة مشتريات,الشركة التجارية,
LV0000322,شركة صقور عمان لتجارة المواد الغذائية - مورد,Local Vendors,350.945,185,شيخ الكار كركم مطحون 1 كغم,1151058,Legumes & Spices,26000235,2026,02,فاتورة مشتريات,الشركة التجارية,
LV0000322,شركة صقور عمان لتجارة المواد الغذائية - مورد,Local Vendors,814.725,225,كمون مطحون 1 كغم,1151020,Legumes & Spices,26000235,2026,02,فاتورة مشتريات,الشركة التجارية,
LV0000322,شركة صقور عمان لتجارة المواد الغذائية - مورد,Local Vendors,18930.3,890,شيخ الكار هال مطحون 1 كغم,1151096,Legumes & Spices,26000235,2026,02,فاتورة مشتريات,الشركة التجارية,
LV0000322,شركة صقور عمان لتجارة المواد الغذائية - مورد,Local Vendors,159.483,10,شيخ الكار هال حب 1 كغم,1151109,Legumes & Spices,26000262,2026,02,فاتورة مشتريات,الشركة التجارية,
LV0000322,شركة صقور عمان لتجارة المواد الغذائية - مورد,Local Vendors,686.274,1000,شيخ الكار فريكة ناعمة او خشنة 1 كغم,1151063,Legumes & Spices,26000263,2026,02,فاتورة مشتريات,الشركة التجارية,
LV0000322,شركة صقور عمان لتجارة المواد الغذائية - مورد,Local Vendors,882.353,1000,شيخ الكار فريكة ناعمة او خشنة 1 كغم,1151063,Legumes & Spices,26000263,2026,02,فاتورة مشتريات,الشركة التجارية,
LV0000322,شركة صقور عمان لتجارة المواد الغذائية - مورد,Local Vendors,163.8,100,شيخ الكار كاري 1 كغم,1151110,Legumes & Spices,26000446,2026,03,فاتورة مشتريات,الشركة التجارية,
LV0000322,شركة صقور عمان لتجارة المواد الغذائية - مورد,Local Vendors,94.85,50,شيخ الكار كركم مطحون 1 كغم,1151058,Legumes & Spices,26000446,2026,03,فاتورة مشتريات,الشركة التجارية,
LV0000322,شركة صقور عمان لتجارة المواد الغذائية - مورد,Local Vendors,800,1000,شيخ الكار عدس حب 1 كغم,1151018,Legumes & Spices,26000446,2026,03,فاتورة مشتريات,الشركة التجارية,
LV0000322,شركة صقور عمان لتجارة المواد الغذائية - مورد,Local Vendors,37.95,50,شيخ الكار ملح ليمون 1 كغم,1151135,Legumes & Spices,26000446,2026,03,فاتورة مشتريات,الشركة التجارية,
LV0000322,شركة صقور عمان لتجارة المواد الغذائية - مورد,Local Vendors,1420,2000,شيخ الكار عدس حب 1 كغم,1151018,Legumes & Spices,26000464,2026,03,فاتورة مشتريات,الشركة التجارية,
LV0000322,شركة صقور عمان لتجارة المواد الغذائية - مورد,Local Vendors,6190.476,5200,شيخ الكار جميد سائل 1 كغم 1*8,1111002,Jameed,26000918,2026,05,فاتورة مشتريات,الشركة التجارية,
LV0000322,شركة صقور عمان لتجارة المواد الغذائية - مورد,Local Vendors,1714.286,1440,شيخ الكار جميد سائل 1 كغم 1*8,1111002,Jameed,26001065,2026,07,فاتورة مشتريات,الشركة التجارية,
LV0000322,شركة صقور عمان لتجارة المواد الغذائية - مورد,Local Vendors,4901.867,3920,شيخ الكار جميد سائل 1 كغم 1*8,1111002,Jameed,26001066,2026,07,فاتورة مشتريات,الشركة التجارية,
LV0000322,شركة صقور عمان لتجارة المواد الغذائية - مورد,Local Vendors,155.172,100,شيخ الكار بهارات مشكلة (مطحونة) 1 كغم,1151094,Legumes & Spices,26001067,2026,07,فاتورة مشتريات,الشركة التجارية,
LV0000322,شركة صقور عمان لتجارة المواد الغذائية - مورد,Local Vendors,4881.859,3904,شيخ الكار جميد سائل 1 كغم 1*8,1111002,Jameed,26001091,2026,07,فاتورة مشتريات,الشركة التجارية,
LV0000316,شركة وادي الاردن للصناعات الغذائية,Local Vendors,387.931,1200,بيروتي خضار مشكل 400 غم,1151007,Legumes & Spices,26000126,2026,01,فاتورة مشتريات,الشركة التجارية,
LV0000316,شركة وادي الاردن للصناعات الغذائية,Local Vendors,1163.793,3600,بيروتي خضار مشكل 400 غم,1151007,Legumes & Spices,26000491,2026,03,فاتورة مشتريات,الشركة التجارية,
LV0000281,شركة الحلول الدولية للمواد الغذائية,Local Vendors,7500,20,سكر 50 كعم 20*50,1081001,Sugar,26000166,2026,01,فاتورة مشتريات,الشركة التجارية,
LV0000281,شركة الحلول الدولية للمواد الغذائية,Local Vendors,7450,20,سكر 50 كعم 20*50,1081001,Sugar,26000589,2026,03,فاتورة مشتريات,الشركة التجارية,
LV0000281,شركة الحلول الدولية للمواد الغذائية,Local Vendors,7450,20,سكر 50 كعم 20*50,1081001,Sugar,26000260,2026,02,فاتورة مشتريات,الشركة التجارية,
LV0000281,شركة الحلول الدولية للمواد الغذائية,Local Vendors,7450,20,سكر 50 كعم 20*50,1081001,Sugar,26000261,2026,02,فاتورة مشتريات,الشركة التجارية,
LV0000281,شركة الحلول الدولية للمواد الغذائية,Local Vendors,4505.333,21.8,ذرة للعلف,1151056,Legumes & Spices,26000101,2026,01,فاتورة مشتريات,الشركة التجارية,
LV0000281,شركة الحلول الدولية للمواد الغذائية,Local Vendors,29250,78,سكر 50 كعم 20*50,1081001,Sugar,26000002,2026,01,فاتورة مشتريات,الشركة التجارية,
LV0000281,شركة الحلول الدولية للمواد الغذائية,Local Vendors,15768.75,42.05,سكر 50 كعم 20*50,1081001,Sugar,26000103,2026,01,فاتورة مشتريات,الشركة التجارية,
LV0000281,شركة الحلول الدولية للمواد الغذائية,Local Vendors,7500,20,سكر 50 كعم 20*50,1081001,Sugar,26000165,2026,01,فاتورة مشتريات,الشركة التجارية,
LV0000281,شركة الحلول الدولية للمواد الغذائية,Local Vendors,15750,42,سكر 50 كعم 20*50,1081001,Sugar,26000192,2026,02,فاتورة مشتريات,الشركة التجارية,
LV0000281,شركة الحلول الدولية للمواد الغذائية,Local Vendors,7450,20,سكر 50 كعم 20*50,1081001,Sugar,26000330,2026,02,فاتورة مشتريات,الشركة التجارية,
LV0000281,شركة الحلول الدولية للمواد الغذائية,Local Vendors,7450,20,سكر 50 كعم 20*50,1081001,Sugar,26000427,2026,02,فاتورة مشتريات,الشركة التجارية,
LV0000281,شركة الحلول الدولية للمواد الغذائية,Local Vendors,19375,50,سكر 50 كعم 20*50,1081001,Sugar,26000727,2026,04,فاتورة مشتريات,الشركة التجارية,
LV0000281,شركة الحلول الدولية للمواد الغذائية,Local Vendors,7750,20,سكر 50 كعم 20*50,1081001,Sugar,26000672,2026,03,فاتورة مشتريات,الشركة التجارية,
LV0000281,شركة الحلول الدولية للمواد الغذائية,Local Vendors,14070,35,سكر 50 كعم 20*50,1081001,Sugar,26001011,2026,06,فاتورة مشتريات,الشركة التجارية,
LV0000281,شركة الحلول الدولية للمواد الغذائية,Local Vendors,19375,50,سكر 50 كعم 20*50,1081001,Sugar,26000805,2026,04,فاتورة مشتريات,الشركة التجارية,
LV0000281,شركة الحلول الدولية للمواد الغذائية,Local Vendors,18600,48,سكر 50 كعم 20*50,1081001,Sugar,26000806,2026,04,فاتورة مشتريات,الشركة التجارية,
LV0000281,شركة الحلول الدولية للمواد الغذائية,Local Vendors,6587.5,17,سكر 50 كعم 20*50,1081001,Sugar,26000878,2026,05,فاتورة مشتريات,الشركة التجارية,
LV0000281,شركة الحلول الدولية للمواد الغذائية,Local Vendors,15750,42,سكر 50 كعم 20*50,1081001,Sugar,26000466,2026,02,فاتورة مشتريات,الشركة التجارية,
LV0000281,شركة الحلول الدولية للمواد الغذائية,Local Vendors,14070,35,سكر 50 كعم 20*50,1081001,Sugar,26001075,2026,07,فاتورة مشتريات,الشركة التجارية,
LV0000281,شركة الحلول الدولية للمواد الغذائية,Local Vendors,-15750,-42,سكر 50 كعم 20*50,1081001,Sugar,26000027,2026,05,مرتجع مشتريات,الشركة التجارية,
LV0000312,مزارع الطازج,Bank Murabaha,121.8,42,شيخ الكار بيض طازج 1920 غم فأكثر 1*1,1151111,Legumes & Spices,26000113,2026,01,فاتورة مشتريات,الشركة التجارية,
LV0000312,مزارع الطازج,Bank Murabaha,326.733,120,شيخ الكار بيض طازج 1920 غم فأكثر 1*1,1151111,Legumes & Spices,26000199,2026,02,فاتورة مشتريات,الشركة التجارية,
LV0000312,مزارع الطازج,Bank Murabaha,627,228,شيخ الكار بيض طازج 1920 غم فأكثر 1*1,1151111,Legumes & Spices,26000259,2026,02,فاتورة مشتريات,الشركة التجارية,
LV0000312,مزارع الطازج,Bank Murabaha,577.2,222,شيخ الكار بيض طازج 1920 غم فأكثر 1*1,1151111,Legumes & Spices,26000318,2026,02,فاتورة مشتريات,الشركة التجارية,
LV0000312,مزارع الطازج,Bank Murabaha,467.5,170,شيخ الكار بيض طازج 1920 غم فأكثر 1*1,1151111,Legumes & Spices,26000322,2026,02,فاتورة مشتريات,الشركة التجارية,
LV0000312,مزارع الطازج,Bank Murabaha,180.446,81,شيخ الكار بيض طازج 1920 غم فأكثر 1*1,1151111,Legumes & Spices,26000338,2026,02,فاتورة مشتريات,الشركة التجارية,
LV0000312,مزارع الطازج,Bank Murabaha,909.72,420,شيخ الكار بيض طازج 1920 غم فأكثر 1*1,1151111,Legumes & Spices,26000971,2026,06,فاتورة مشتريات,الشركة التجارية,
LV0000312,مزارع الطازج,Bank Murabaha,351.054,162,شيخ الكار بيض طازج 1920 غم فأكثر 1*1,1151111,Legumes & Spices,26000979,2026,06,فاتورة مشتريات,الشركة التجارية,
LV0000312,مزارع الطازج,Bank Murabaha,259.92,120,شيخ الكار بيض طازج 1920 غم فأكثر 1*1,1151111,Legumes & Spices,26000988,2026,06,فاتورة مشتريات,الشركة التجارية,
LV0000312,مزارع الطازج,Bank Murabaha,650.1,300,شيخ الكار بيض طازج 1920 غم فأكثر 1*1,1151111,Legumes & Spices,26000989,2026,06,فاتورة مشتريات,الشركة التجارية,
LV0000312,مزارع الطازج,Bank Murabaha,459.84,240,شيخ الكار بيض طازج 1920 غم فأكثر 1*1,1151111,Legumes & Spices,26000990,2026,06,فاتورة مشتريات,الشركة التجارية,
LV0000312,مزارع الطازج,Bank Murabaha,240,120,شيخ الكار بيض طازج 1920 غم فأكثر 1*1,1151111,Legumes & Spices,26001115,2026,07,فاتورة مشتريات,الشركة التجارية,
LV0000312,مزارع الطازج,Bank Murabaha,366.6,200,شيخ الكار بيض طازج 1920 غم فأكثر 1*1,1151111,Legumes & Spices,26001107,2026,07,فاتورة مشتريات,الشركة التجارية,
LV0000312,مزارع الطازج,Bank Murabaha,431.028,234,شيخ الكار بيض طازج 1920 غم فأكثر 1*1,1151111,Legumes & Spices,26001108,2026,07,فاتورة مشتريات,الشركة التجارية,
LV0000312,مزارع الطازج,Bank Murabaha,432,216,شيخ الكار بيض طازج 1920 غم فأكثر 1*1,1151111,Legumes & Spices,26001109,2026,07,فاتورة مشتريات,الشركة التجارية,
LV0000312,مزارع الطازج,Bank Murabaha,180,90,شيخ الكار بيض طازج 1920 غم فأكثر 1*1,1151111,Legumes & Spices,26001111,2026,07,فاتورة مشتريات,الشركة التجارية,
LV0000312,مزارع الطازج,Bank Murabaha,480,240,شيخ الكار بيض طازج 1920 غم فأكثر 1*1,1151111,Legumes & Spices,26001113,2026,07,فاتورة مشتريات,الشركة التجارية,
LV0000312,مزارع الطازج,Bank Murabaha,480,240,شيخ الكار بيض طازج 1920 غم فأكثر 1*1,1151111,Legumes & Spices,26001117,2026,07,فاتورة مشتريات,الشركة التجارية,
LV0000312,مزارع الطازج,Bank Murabaha,600,300,شيخ الكار بيض طازج 1920 غم فأكثر 1*1,1151111,Legumes & Spices,26001119,2026,07,فاتورة مشتريات,الشركة التجارية,
LV0000312,مزارع الطازج,Bank Murabaha,456,228,شيخ الكار بيض طازج 1920 غم فأكثر 1*1,1151111,Legumes & Spices,26001121,2026,07,فاتورة مشتريات,الشركة التجارية,
LV0000312,مزارع الطازج,Bank Murabaha,480,240,شيخ الكار بيض طازج 1920 غم فأكثر 1*1,1151111,Legumes & Spices,26001123,2026,07,فاتورة مشتريات,الشركة التجارية,
LV0000312,مزارع الطازج,Bank Murabaha,-343.17,-186,شيخ الكار بيض طازج 1920 غم فأكثر 1*1,1151111,Legumes & Spices,26000037,2026,06,مرتجع مشتريات,الشركة التجارية,
LV0000312,مزارع الطازج,Bank Murabaha,-60.282,-33,شيخ الكار بيض طازج 1920 غم فأكثر 1*1,1151111,Legumes & Spices,26000038,2026,06,مرتجع مشتريات,الشركة التجارية,
LV0000337,شركة محامص مكاديميا,Local Vendors,474.138,100,شيخ الكار جوز عين الجمل مقشر 1 كغم,1151098,Legumes & Spices,26000240,2026,02,فاتورة مشتريات,الشركة التجارية,
LV0000337,شركة محامص مكاديميا,Local Vendors,96.983,25,"شيخ الكار جوز هند (ناعم,خشن) 1 كغم",1151089,Legumes & Spices,26000241,2026,02,فاتورة مشتريات,الشركة التجارية,
LV0000337,شركة محامص مكاديميا,Local Vendors,387.931,100,"شيخ الكار جوز هند (ناعم,خشن) 1 كغم",1151089,Legumes & Spices,26000250,2026,02,فاتورة مشتريات,الشركة التجارية,
LV0000337,شركة محامص مكاديميا,Local Vendors,193.966,50,"شيخ الكار جوز هند (ناعم,خشن) 1 كغم",1151089,Legumes & Spices,26000450,2026,03,فاتورة مشتريات,الشركة التجارية,
LV0000313,بيت الزيتون للمواد الغذائية - مورد,Bank Murabaha,480,300,شيخ الكار زيتون أخضر 1 كغم,1151064,Legumes & Spices,26000093,2026,01,فاتورة مشتريات,الشركة التجارية,
LV0000313,بيت الزيتون للمواد الغذائية - مورد,Bank Murabaha,510,300,شيخ الكار زيتون أخضر 1 كغم,1151064,Legumes & Spices,26000138,2026,01,فاتورة مشتريات,الشركة التجارية,
LV0000313,بيت الزيتون للمواد الغذائية - مورد,Bank Murabaha,680,400,شيخ الكار زيتون أخضر 1 كغم,1151064,Legumes & Spices,26000301,2026,02,فاتورة مشتريات,الشركة التجارية,
LV0000313,بيت الزيتون للمواد الغذائية - مورد,Bank Murabaha,1020,600,شيخ الكار زيتون أخضر 1 كغم,1151064,Legumes & Spices,26000462,2026,03,فاتورة مشتريات,الشركة التجارية,
LV0000313,بيت الزيتون للمواد الغذائية - مورد,Bank Murabaha,170,100,شيخ الكار زيتون أسود 1 كغم,1151059,Legumes & Spices,26000462,2026,03,فاتورة مشتريات,الشركة التجارية,
LV0000313,بيت الزيتون للمواد الغذائية - مورد,Bank Murabaha,1020,600,شيخ الكار زيتون أخضر 1 كغم,1151064,Legumes & Spices,26000644,2026,03,فاتورة مشتريات,الشركة التجارية,
LV0000313,بيت الزيتون للمواد الغذائية - مورد,Bank Murabaha,510,300,شيخ الكار زيتون أسود 1 كغم,1151059,Legumes & Spices,26000644,2026,03,فاتورة مشتريات,الشركة التجارية,
LV0000313,بيت الزيتون للمواد الغذائية - مورد,Bank Murabaha,170,100,شيخ الكار زيتون أسود 1 كغم,1151059,Legumes & Spices,26000704,2026,04,فاتورة مشتريات,الشركة التجارية,
LV0000313,بيت الزيتون للمواد الغذائية - مورد,Bank Murabaha,340,200,شيخ الكار زيتون أخضر 1 كغم,1151064,Legumes & Spices,26000704,2026,04,فاتورة مشتريات,الشركة التجارية,
LV0000313,بيت الزيتون للمواد الغذائية - مورد,Bank Murabaha,850,500,شيخ الكار زيتون أخضر 1 كغم,1151064,Legumes & Spices,26000706,2026,04,فاتورة مشتريات,الشركة التجارية,
LV0000313,بيت الزيتون للمواد الغذائية - مورد,Bank Murabaha,510,300,شيخ الكار زيتون أخضر 1 كغم,1151064,Legumes & Spices,26000848,2026,04,فاتورة مشتريات,الشركة التجارية,
LV0000313,بيت الزيتون للمواد الغذائية - مورد,Bank Murabaha,600,400,شيخ الكار زيتون أخضر 1 كغم,1151064,Legumes & Spices,26000859,2026,05,فاتورة مشتريات,الشركة التجارية,
LV0000313,بيت الزيتون للمواد الغذائية - مورد,Bank Murabaha,425,250,شيخ الكار زيتون أخضر 1 كغم,1151064,Legumes & Spices,26000876,2026,05,فاتورة مشتريات,الشركة التجارية,
LV0000313,بيت الزيتون للمواد الغذائية - مورد,Bank Murabaha,340,200,شيخ الكار زيتون أخضر 1 كغم,1151064,Legumes & Spices,26000972,2026,06,فاتورة مشتريات,الشركة التجارية,
LV0000313,بيت الزيتون للمواد الغذائية - مورد,Bank Murabaha,85,50,شيخ الكار زيتون أسود 1 كغم,1151059,Legumes & Spices,26000972,2026,06,فاتورة مشتريات,الشركة التجارية,
LV0000313,بيت الزيتون للمواد الغذائية - مورد,Bank Murabaha,510,300,شيخ الكار زيتون أخضر 1 كغم,1151064,Legumes & Spices,26000986,2026,06,فاتورة مشتريات,الشركة التجارية,
LV0000313,بيت الزيتون للمواد الغذائية - مورد,Bank Murabaha,425,250,شيخ الكار زيتون أخضر 1 كغم,1151064,Legumes & Spices,26001061,2026,07,فاتورة مشتريات,الشركة التجارية,
LV0000313,بيت الزيتون للمواد الغذائية - مورد,Bank Murabaha,425,250,شيخ الكار زيتون أسود 1 كغم,1151059,Legumes & Spices,26001061,2026,07,فاتورة مشتريات,الشركة التجارية,
LV0000313,بيت الزيتون للمواد الغذائية - مورد,Bank Murabaha,-85,-50,شيخ الكار زيتون أخضر 1 كغم,1151064,Legumes & Spices,26000010,2026,04,مرتجع مشتريات,الشركة التجارية,
LV0000313,بيت الزيتون للمواد الغذائية - مورد,Bank Murabaha,-51,-30,شيخ الكار زيتون أخضر 1 كغم,1151064,Legumes & Spices,26000011,2026,04,مرتجع مشتريات,الشركة التجارية,
LV0000146,الشركة التجارية الفلسطينية,Local Vendors,345,600,استريكو خميرة افرنجية جافة 100 غم *1,1151055,Legumes & Spices,26000095,2026,01,فاتورة مشتريات,الشركة التجارية,
LV0000146,الشركة التجارية الفلسطينية,Local Vendors,344.828,3000,استريكو خميرة افرنجية جافة 100 غم *1,1151055,Legumes & Spices,26000224,2026,02,فاتورة مشتريات,الشركة التجارية,
LV0000076,شركة الجديدة للصناعات الغذائية / موردين,Local Vendors,1836.1,14448,ميار معكرونة صدف كبير 300 غم 1*24,1031018,Noodles & Pasta & Soups,26000507,2026,03,فاتورة مشتريات,الشركة التجارية,
LV0000076,شركة الجديدة للصناعات الغذائية / موردين,Local Vendors,3065.835,22536,ميار معكرونة بيني 300 غم 1*24,1031019,Noodles & Pasta & Soups,26000073,2026,01,فاتورة مشتريات,الشركة التجارية,
LV0000076,شركة الجديدة للصناعات الغذائية / موردين,Local Vendors,2726.275,20040,ميار شعيرية 300 غم 1*24,1031016,Noodles & Pasta & Soups,26000007,2026,01,فاتورة مشتريات,الشركة التجارية,
LV0000076,شركة الجديدة للصناعات الغذائية / موردين,Local Vendors,205.695,63,شيخ الكار معكرونة بيني 300 غم 1*24,1031005,Noodles & Pasta & Soups,26000007,2026,01,فاتورة مشتريات,الشركة التجارية,
LV0000076,شركة الجديدة للصناعات الغذائية / موردين,Local Vendors,0,2400,ميار صدف كبير 300 غم 1*24,1031018,Noodles & Pasta & Soups,26000007,2026,01,فاتورة مشتريات,الشركة التجارية,
LV0000076,شركة الجديدة للصناعات الغذائية / موردين,Local Vendors,205.68,1512,ميار معكرونة بيني 300 غم 1*24,1031019,Noodles & Pasta & Soups,26000110,2026,01,فاتورة مشتريات,الشركة التجارية,
LV0000076,شركة الجديدة للصناعات الغذائية / موردين,Local Vendors,4392,34560,ميار شعيرية 300 غم 1*24,1031016,Noodles & Pasta & Soups,26000086,2026,01,فاتورة مشتريات,الشركة التجارية,
LV0000076,شركة الجديدة للصناعات الغذائية / موردين,Local Vendors,3843,30240,ميار شعيرية 300 غم 1*24,1031016,Noodles & Pasta & Soups,26000087,2026,01,فاتورة مشتريات,الشركة التجارية,
LV0000076,شركة الجديدة للصناعات الغذائية / موردين,Local Vendors,1442.65,11352,ميار معكرونة فوسيلي 300 غم 1*24,1031020,Noodles & Pasta & Soups,26000089,2026,01,فاتورة مشتريات,الشركة التجارية,
LV0000076,شركة الجديدة للصناعات الغذائية / موردين,Local Vendors,1610.4,12672,ميار معكرونة سباغيتي 300 غم 1*24,1031021,Noodles & Pasta & Soups,26000089,2026,01,فاتورة مشتريات,الشركة التجارية,
LV0000076,شركة الجديدة للصناعات الغذائية / موردين,Local Vendors,4113.9,30240,ميار شعيرية 300 غم 1*24,1031016,Noodles & Pasta & Soups,26000090,2026,01,فاتورة مشتريات,الشركة التجارية,
LV0000076,شركة الجديدة للصناعات الغذائية / موردين,Local Vendors,1880.64,13824,ميار معكرونة فوسيلي 300 غم 1*24,1031020,Noodles & Pasta & Soups,26000091,2026,01,فاتورة مشتريات,الشركة التجارية,
LV0000076,شركة الجديدة للصناعات الغذائية / موردين,Local Vendors,3268.265,24024,ميار معكرونة كوع 300 غم 1*24,1031022,Noodles & Pasta & Soups,26000105,2026,01,فاتورة مشتريات,الشركة التجارية,
LV0000076,شركة الجديدة للصناعات الغذائية / موردين,Local Vendors,2635.2,20736,ميار معكرونة كوع 300 غم 1*24,1031022,Noodles & Pasta & Soups,26000115,2026,01,فاتورة مشتريات,الشركة التجارية,
LV0000076,شركة الجديدة للصناعات الغذائية / موردين,Local Vendors,4831.2,38016,ميار معكرونة سباغيتي 300 غم 1*24,1031021,Noodles & Pasta & Soups,26000122,2026,01,فاتورة مشتريات,الشركة التجارية,
LV0000076,شركة الجديدة للصناعات الغذائية / موردين,Local Vendors,1756.8,13824,ميار معكرونة كوع 300 غم 1*24,1031022,Noodles & Pasta & Soups,26000124,2026,01,فاتورة مشتريات,الشركة التجارية,
LV0000076,شركة الجديدة للصناعات الغذائية / موردين,Local Vendors,1537.2,12096,ميار معكرونة بيني 300 غم 1*24,1031019,Noodles & Pasta & Soups,26000124,2026,01,فاتورة مشتريات,الشركة التجارية,
LV0000076,شركة الجديدة للصناعات الغذائية / موردين,Local Vendors,799.1,6288,ميار معكرونة بيني 300 غم 1*24,1031019,Noodles & Pasta & Soups,26000134,2026,01,فاتورة مشتريات,الشركة التجارية,
LV0000076,شركة الجديدة للصناعات الغذائية / موردين,Local Vendors,1506.7,11856,ميار معكرونة بيني 300 غم 1*24,1031019,Noodles & Pasta & Soups,26000134,2026,01,فاتورة مشتريات,الشركة التجارية,
LV0000076,شركة الجديدة للصناعات الغذائية / موردين,Local Vendors,274.5,2160,ميار شعيرية 300 غم 1*24,1031016,Noodles & Pasta & Soups,26000505,2026,02,فاتورة مشتريات,الشركة التجارية,
LV0000076,شركة الجديدة للصناعات الغذائية / موردين,Local Vendors,3766.75,29640,ميار معكرونة سباغيتي 300 غم 1*24,1031021,Noodles & Pasta & Soups,26000505,2026,02,فاتورة مشتريات,الشركة التجارية,
LV0000076,شركة الجديدة للصناعات الغذائية / موردين,Local Vendors,146.4,1152,ميار معكرونة فوسيلي 300 غم 1*24,1031020,Noodles & Pasta & Soups,26000505,2026,02,فاتورة مشتريات,الشركة التجارية,
LV0000076,شركة الجديدة للصناعات الغذائية / موردين,Local Vendors,3294,25920,ميار شعيرية 300 غم 1*24,1031016,Noodles & Pasta & Soups,26000135,2026,01,فاتورة مشتريات,الشركة التجارية,
LV0000076,شركة الجديدة للصناعات الغذائية / موردين,Local Vendors,6441.6,50688,ميار معكرونة سباغيتي 300 غم 1*24,1031021,Noodles & Pasta & Soups,26000136,2026,01,فاتورة مشتريات,الشركة التجارية,
LV0000076,شركة الجديدة للصناعات الغذائية / موردين,Local Vendors,3294,25920,ميار شعيرية 300 غم 1*24,1031016,Noodles & Pasta & Soups,26000137,2026,01,فاتورة مشتريات,الشركة التجارية,
LV0000076,شركة الجديدة للصناعات الغذائية / موردين,Local Vendors,3294,25920,ميار شعيرية 300 غم 1*24,1031016,Noodles & Pasta & Soups,26000142,2026,01,فاتورة مشتريات,الشركة التجارية,
LV0000076,شركة الجديدة للصناعات الغذائية / موردين,Local Vendors,3294,25920,ميار شعيرية 300 غم 1*24,1031016,Noodles & Pasta & Soups,26000147,2026,01,فاتورة مشتريات,الشركة التجارية,
LV0000076,شركة الجديدة للصناعات الغذائية / موردين,Local Vendors,2305.8,18144,ميار معكرونة بيني 300 غم 1*24,1031019,Noodles & Pasta & Soups,26000158,2026,01,فاتورة مشتريات,الشركة التجارية,
LV0000076,شركة الجديدة للصناعات الغذائية / موردين,Local Vendors,2305.8,18144,ميار معكرونة بيني 300 غم 1*24,1031019,Noodles & Pasta & Soups,26000159,2026,01,فاتورة مشتريات,الشركة التجارية,
LV0000076,شركة الجديدة للصناعات الغذائية / موردين,Local Vendors,3526.2,25920,ميار شعيرية 300 غم 1*24,1031016,Noodles & Pasta & Soups,26000001,2026,01,فاتورة مشتريات,الشركة التجارية,
LV0000076,شركة الجديدة للصناعات الغذائية / موردين,Local Vendors,3294,25920,ميار شعيرية 300 غم 1*24,1031016,Noodles & Pasta & Soups,26000160,2026,01,فاتورة مشتريات,الشركة التجارية,
LV0000076,شركة الجديدة للصناعات الغذائية / موردين,Local Vendors,4831.2,38016,ميار معكرونة سباغيتي 300 غم 1*24,1031021,Noodles & Pasta & Soups,26000169,2026,01,فاتورة مشتريات,الشركة التجارية,
LV0000076,شركة الجديدة للصناعات الغذائية / موردين,Local Vendors,3705.75,29160,ميار معكرونة كوع 300 غم 1*24,1031022,Noodles & Pasta & Soups,26000170,2026,01,فاتورة مشتريات,الشركة التجارية,
LV0000076,شركة الجديدة للصناعات الغذائية / موردين,Local Vendors,1610.4,12672,ميار معكرونة فوسيلي 300 غم 1*24,1031020,Noodles & Pasta & Soups,26000170,2026,01,فاتورة مشتريات,الشركة التجارية,
LV0000076,شركة الجديدة للصناعات الغذائية / موردين,Local Vendors,2635.2,20736,ميار معكرونة كوع 300 غم 1*24,1031022,Noodles & Pasta & Soups,26000179,2026,01,فاتورة مشتريات,الشركة التجارية,
LV0000076,شركة الجديدة للصناعات الغذائية / موردين,Local Vendors,1207.8,9504,ميار معكرونة سباغيتي 300 غم 1*24,1031021,Noodles & Pasta & Soups,26000216,2026,02,فاتورة مشتريات,الشركة التجارية,
LV0000076,شركة الجديدة للصناعات الغذائية / موردين,Local Vendors,155.55,1224,ميار معكرونة فوسيلي 300 غم 1*24,1031020,Noodles & Pasta & Soups,26000216,2026,02,فاتورة مشتريات,الشركة التجارية,
LV0000076,شركة الجديدة للصناعات الغذائية / موردين,Local Vendors,503.25,3960,ميار معكرونة فوسيلي 300 غم 1*24,1031020,Noodles & Pasta & Soups,26000216,2026,02,فاتورة مشتريات,الشركة التجارية,
LV0000076,شركة الجديدة للصناعات الغذائية / موردين,Local Vendors,591.7,4656,ميار معكرونة كوع 300 غم 1*24,1031022,Noodles & Pasta & Soups,26000216,2026,02,فاتورة مشتريات,الشركة التجارية,
LV0000076,شركة الجديدة للصناعات الغذائية / موردين,Local Vendors,576.45,4536,ميار معكرونة بيني 300 غم 1*24,1031019,Noodles & Pasta & Soups,26000216,2026,02,فاتورة مشتريات,الشركة التجارية,
LV0000076,شركة الجديدة للصناعات الغذائية / موردين,Local Vendors,957.7,7536,ميار شعيرية 300 غم 1*24,1031016,Noodles & Pasta & Soups,26000236,2026,02,فاتورة مشتريات,الشركة التجارية,
LV0000076,شركة الجديدة للصناعات الغذائية / موردين,Local Vendors,1024.8,8064,ميار معكرونة فوسيلي 300 غم 1*24,1031020,Noodles & Pasta & Soups,26000236,2026,02,فاتورة مشتريات,الشركة التجارية,
LV0000076,شركة الجديدة للصناعات الغذائية / موردين,Local Vendors,1537.2,12096,ميار معكرونة بيني 300 غم 1*24,1031019,Noodles & Pasta & Soups,26000273,2026,02,فاتورة مشتريات,الشركة التجارية,
LV0000076,شركة الجديدة للصناعات الغذائية / موردين,Local Vendors,585.6,4608,ميار معكرونة فوسيلي 300 غم 1*24,1031020,Noodles & Pasta & Soups,26000273,2026,02,فاتورة مشتريات,الشركة التجارية,
LV0000076,شركة الجديدة للصناعات الغذائية / موردين,Local Vendors,3281.8,25824,ميار معكرونة سباغيتي 300 غم 1*24,1031021,Noodles & Pasta & Soups,26000280,2026,02,فاتورة مشتريات,الشركة التجارية,
LV0000076,شركة الجديدة للصناعات الغذائية / موردين,Local Vendors,1549.4,12192,ميار معكرونة سباغيتي 300 غم 1*24,1031021,Noodles & Pasta & Soups,26000280,2026,02,فاتورة مشتريات,الشركة التجارية,
LV0000076,شركة الجديدة للصناعات الغذائية / موردين,Local Vendors,927.2,7296,ميار شعيرية 300 غم 1*24,1031016,Noodles & Pasta & Soups,26000283,2026,02,فاتورة مشتريات,الشركة التجارية,
LV0000076,شركة الجديدة للصناعات الغذائية / موردين,Local Vendors,1159,9120,ميار معكرونة بيني 300 غم 1*24,1031019,Noodles & Pasta & Soups,26000283,2026,02,فاتورة مشتريات,الشركة التجارية,
LV0000076,شركة الجديدة للصناعات الغذائية / موردين,Local Vendors,1482.3,11664,ميار معكرونة كوع 300 غم 1*24,1031022,Noodles & Pasta & Soups,26000283,2026,02,فاتورة مشتريات,الشركة التجارية,
LV0000076,شركة الجديدة للصناعات الغذائية / موردين,Local Vendors,2558.95,20136,ميار معكرونة سباغيتي 300 غم 1*24,1031021,Noodles & Pasta & Soups,26000283,2026,02,فاتورة مشتريات,الشركة التجارية,
LV0000076,شركة الجديدة للصناعات الغذائية / موردين,Local Vendors,732,5760,ميار معكرونة فوسيلي 300 غم 1*24,1031020,Noodles & Pasta & Soups,26000283,2026,02,فاتورة مشتريات,الشركة التجارية,
LV0000076,شركة الجديدة للصناعات الغذائية / موردين,Local Vendors,1070.55,8424,ميار شعيرية 300 غم 1*24,1031016,Noodles & Pasta & Soups,26000337,2026,02,فاتورة مشتريات,الشركة التجارية,
LV0000076,شركة الجديدة للصناعات الغذائية / موردين,Local Vendors,2223.45,17496,ميار شعيرية 300 غم 1*24,1031016,Noodles & Pasta & Soups,26000337,2026,02,فاتورة مشتريات,الشركة التجارية,
LV0000076,شركة الجديدة للصناعات الغذائية / موردين,Local Vendors,5215.5,41040,ميار شعيرية 300 غم 1*24,1031016,Noodles & Pasta & Soups,26000335,2026,02,فاتورة مشتريات,الشركة التجارية,
LV0000076,شركة الجديدة للصناعات الغذائية / موردين,Local Vendors,305,2400,ميار معكرونة كوع 300 غم 1*24,1031022,Noodles & Pasta & Soups,26000335,2026,02,فاتورة مشتريات,الشركة التجارية,
LV0000076,شركة الجديدة للصناعات الغذائية / موردين,Local Vendors,2013,15840,ميار معكرونة سباغيتي 300 غم 1*24,1031021,Noodles & Pasta & Soups,26000335,2026,02,فاتورة مشتريات,الشركة التجارية,
LV0000076,شركة الجديدة للصناعات الغذائية / موردين,Local Vendors,1921.5,15120,ميار شعيرية 300 غم 1*24,1031016,Noodles & Pasta & Soups,26000339,2026,02,فاتورة مشتريات,الشركة التجارية,
LV0000076,شركة الجديدة للصناعات الغذائية / موردين,Local Vendors,732,5760,ميار معكرونة فوسيلي 300 غم 1*24,1031020,Noodles & Pasta & Soups,26000339,2026,02,فاتورة مشتريات,الشركة التجارية,
LV0000076,شركة الجديدة للصناعات الغذائية / موردين,Local Vendors,3294,25920,ميار شعيرية 300 غم 1*24,1031016,Noodles & Pasta & Soups,26000340,2026,02,فاتورة مشتريات,الشركة التجارية,
LV0000076,شركة الجديدة للصناعات الغذائية / موردين,Local Vendors,3019.5,23760,ميار شعيرية 300 غم 1*24,1031016,Noodles & Pasta & Soups,26000671,2026,03,فاتورة مشتريات,الشركة التجارية,
LV0000076,شركة الجديدة للصناعات الغذائية / موردين,Local Vendors,4831.2,38016,ميار معكرونة سباغيتي 300 غم 1*24,1031021,Noodles & Pasta & Soups,26000461,2026,03,فاتورة مشتريات,الشركة التجارية,
LV0000076,شركة الجديدة للصناعات الغذائية / موردين,Local Vendors,1921.5,15120,ميار شعيرية 300 غم 1*24,1031016,Noodles & Pasta & Soups,26000467,2026,03,فاتورة مشتريات,الشركة التجارية,
LV0000076,شركة الجديدة للصناعات الغذائية / موردين,Local Vendors,384.3,3024,ميار معكرونة بيني 300 غم 1*24,1031019,Noodles & Pasta & Soups,26000467,2026,03,فاتورة مشتريات,الشركة التجارية,
LV0000076,شركة الجديدة للصناعات الغذائية / موردين,Local Vendors,439.2,3456,ميار معكرونة فوسيلي 300 غم 1*24,1031020,Noodles & Pasta & Soups,26000467,2026,03,فاتورة مشتريات,الشركة التجارية,
LV0000076,شركة الجديدة للصناعات الغذائية / موردين,Local Vendors,982.1,7728,ميار معكرونة صدف كبير 300 غم 1*24,1031018,Noodles & Pasta & Soups,26000574,2026,03,فاتورة مشتريات,الشركة التجارية,
LV0000076,شركة الجديدة للصناعات الغذائية / موردين,Local Vendors,774.7,6096,ميار معكرونة صدف كبير 300 غم 1*24,1031018,Noodles & Pasta & Soups,26000574,2026,03,فاتورة مشتريات,الشركة التجارية,
LV0000076,شركة الجديدة للصناعات الغذائية / موردين,Local Vendors,3294,25920,ميار شعيرية 300 غم 1*24,1031016,Noodles & Pasta & Soups,26000605,2026,03,فاتورة مشتريات,الشركة التجارية,
LV0000076,شركة الجديدة للصناعات الغذائية / موردين,Local Vendors,3294,25920,ميار شعيرية 300 غم 1*24,1031016,Noodles & Pasta & Soups,26000606,2026,03,فاتورة مشتريات,الشركة التجارية,
LV0000076,شركة الجديدة للصناعات الغذائية / موردين,Local Vendors,1756.8,13824,ميار معكرونة صدف كبير 300 غم 1*24,1031018,Noodles & Pasta & Soups,26000610,2026,03,فاتورة مشتريات,الشركة التجارية,
LV0000076,شركة الجديدة للصناعات الغذائية / موردين,Local Vendors,5215.5,41040,ميار شعيرية 300 غم 1*24,1031016,Noodles & Pasta & Soups,26000654,2026,02,فاتورة مشتريات,الشركة التجارية,
LV0000076,شركة الجديدة للصناعات الغذائية / موردين,Local Vendors,305,2400,شيخ الكار معكرونة كوع 300 غم 1*24,1031012,Noodles & Pasta & Soups,26000654,2026,02,فاتورة مشتريات,الشركة التجارية,
LV0000076,شركة الجديدة للصناعات الغذائية / موردين,Local Vendors,2013,15840,ميار معكرونة سباغيتي 300 غم 1*24,1031021,Noodles & Pasta & Soups,26000654,2026,02,فاتورة مشتريات,الشركة التجارية,
LV0000076,شركة الجديدة للصناعات الغذائية / موردين,Local Vendors,1802.55,14184,شيخ الكار معكرونة فوسلي 300 غم 1*24,1031009,Noodles & Pasta & Soups,26000656,2026,03,فاتورة مشتريات,الشركة التجارية,
LV0000076,شركة الجديدة للصناعات الغذائية / موردين,Local Vendors,1756.8,13824,شيخ الكار معكرونة فوسلي 300 غم 1*24,1031009,Noodles & Pasta & Soups,26000658,2026,03,فاتورة مشتريات,الشركة التجارية,
LV0000076,شركة الجديدة للصناعات الغذائية / موردين,Local Vendors,1537.2,12096,ميار معكرونة بيني 300 غم 1*24,1031019,Noodles & Pasta & Soups,26000682,2026,02,فاتورة مشتريات,الشركة التجارية,
LV0000076,شركة الجديدة للصناعات الغذائية / موردين,Local Vendors,1756.8,13824,ميار معكرونة كوع 300 غم 1*24,1031022,Noodles & Pasta & Soups,26000682,2026,02,فاتورة مشتريات,الشركة التجارية,
LV0000076,شركة الجديدة للصناعات الغذائية / موردين,Local Vendors,3289.846,25920,ميار شعيرية 300 غم 1*24,1031016,Noodles & Pasta & Soups,26000699,2026,03,فاتورة مشتريات,الشركة التجارية,
LV0000076,شركة الجديدة للصناعات الغذائية / موردين,Local Vendors,1920.24,15120,ميار معكرونة بيني 300 غم 1*24,1031019,Noodles & Pasta & Soups,26000700,2026,03,فاتورة مشتريات,الشركة التجارية,
LV0000076,شركة الجديدة للصناعات الغذائية / موردين,Local Vendors,518.16,4080,ميار معكرونة كوع 300 غم 1*24,1031022,Noodles & Pasta & Soups,26000700,2026,03,فاتورة مشتريات,الشركة التجارية,
LV0000076,شركة الجديدة للصناعات الغذائية / موردين,Local Vendors,4230.624,33312,ميار شعيرية 300 غم 1*24,1031016,Noodles & Pasta & Soups,26000701,2026,04,فاتورة مشتريات,الشركة التجارية,
LV0000076,شركة الجديدة للصناعات الغذائية / موردين,Local Vendors,256.032,2016,ميار معكرونة كوع 300 غم 1*24,1031022,Noodles & Pasta & Soups,26000701,2026,04,فاتورة مشتريات,الشركة التجارية,
LV0000076,شركة الجديدة للصناعات الغذائية / موردين,Local Vendors,823.5,6480,ميار شعيرية 300 غم 1*24,1031016,Noodles & Pasta & Soups,26000735,2026,04,فاتورة مشتريات,الشركة التجارية,
LV0000076,شركة الجديدة للصناعات الغذائية / موردين,Local Vendors,768.6,6048,ميار معكرونة بيني 300 غم 1*24,1031019,Noodles & Pasta & Soups,26000735,2026,04,فاتورة مشتريات,الشركة التجارية,
LV0000076,شركة الجديدة للصناعات الغذائية / موردين,Local Vendors,1235.25,9720,ميار معكرونة كوع 300 غم 1*24,1031022,Noodles & Pasta & Soups,26000735,2026,04,فاتورة مشتريات,الشركة التجارية,
LV0000076,شركة الجديدة للصناعات الغذائية / موردين,Local Vendors,293.76,2160,ميار شعيرية 300 غم 1*24,1031016,Noodles & Pasta & Soups,26000781,2026,04,فاتورة مشتريات,الشركة التجارية,
LV0000076,شركة الجديدة للصناعات الغذائية / موردين,Local Vendors,960.12,7560,ميار معكرونة بيني 300 غم 1*24,1031019,Noodles & Pasta & Soups,26000781,2026,04,فاتورة مشتريات,الشركة التجارية,
LV0000076,شركة الجديدة للصناعات الغذائية / موردين,Local Vendors,1481.328,11664,ميار معكرونة كوع 300 غم 1*24,1031022,Noodles & Pasta & Soups,26000781,2026,04,فاتورة مشتريات,الشركة التجارية,
LV0000076,شركة الجديدة للصناعات الغذائية / موردين,Local Vendors,1468.8,10800,ميار شعيرية 300 غم 1*24,1031016,Noodles & Pasta & Soups,26000782,2026,04,فاتورة مشتريات,الشركة التجارية,
LV0000076,شركة الجديدة للصناعات الغذائية / موردين,Local Vendors,777.24,6120,ميار معكرونة بيني 300 غم 1*24,1031019,Noodles & Pasta & Soups,26000782,2026,04,فاتورة مشتريات,الشركة التجارية,
LV0000076,شركة الجديدة للصناعات الغذائية / موردين,Local Vendors,740.664,5832,ميار معكرونة كوع 300 غم 1*24,1031022,Noodles & Pasta & Soups,26000782,2026,04,فاتورة مشتريات,الشركة التجارية,
LV0000076,شركة الجديدة للصناعات الغذائية / موردين,Local Vendors,1912.35,15048,ميار شعيرية 300 غم 1*24,1031016,Noodles & Pasta & Soups,26000791,2026,04,فاتورة مشتريات,الشركة التجارية,
LV0000076,شركة الجديدة للصناعات الغذائية / موردين,Local Vendors,549,4320,ميار معكرونة بيني 300 غم 1*24,1031019,Noodles & Pasta & Soups,26000791,2026,04,فاتورة مشتريات,الشركة التجارية,
LV0000076,شركة الجديدة للصناعات الغذائية / موردين,Local Vendors,292.8,2304,ميار معكرونة صدف كبير 300 غم 1*24,1031018,Noodles & Pasta & Soups,26000791,2026,04,فاتورة مشتريات,الشركة التجارية,
LV0000076,شركة الجديدة للصناعات الغذائية / موردين,Local Vendors,274.5,2160,ميار شعيرية 300 غم 1*24,1031016,Noodles & Pasta & Soups,26000792,2026,04,فاتورة مشتريات,الشركة التجارية,
LV0000076,شركة الجديدة للصناعات الغذائية / موردين,Local Vendors,1503.65,11832,ميار معكرونة بيني 300 غم 1*24,1031019,Noodles & Pasta & Soups,26000792,2026,04,فاتورة مشتريات,الشركة التجارية,
LV0000076,شركة الجديدة للصناعات الغذائية / موردين,Local Vendors,164.7,1296,ميار معكرونة فوسيلي 300 غم 1*24,1031020,Noodles & Pasta & Soups,26000792,2026,04,فاتورة مشتريات,الشركة التجارية,
LV0000076,شركة الجديدة للصناعات الغذائية / موردين,Local Vendors,146.4,1152,ميار معكرونة صدف كبير 300 غم 1*24,1031018,Noodles & Pasta & Soups,26000792,2026,04,فاتورة مشتريات,الشركة التجارية,
LV0000076,شركة الجديدة للصناعات الغذائية / موردين,Local Vendors,957.072,7536,ميار معكرونة بيني 300 غم 1*24,1031019,Noodles & Pasta & Soups,26000981,2026,06,فاتورة مشتريات,الشركة التجارية,
LV0000076,شركة الجديدة للصناعات الغذائية / موردين,Local Vendors,1264.92,9960,ميار معكرونة سباغيتي 300 غم 1*24,1031021,Noodles & Pasta & Soups,26000981,2026,06,فاتورة مشتريات,الشركة التجارية,
LV0000076,شركة الجديدة للصناعات الغذائية / موردين,Local Vendors,548.64,4320,ميار شعيرية 300 غم 1*24,1031016,Noodles & Pasta & Soups,26000981,2026,06,فاتورة مشتريات,الشركة التجارية,
LV0000076,شركة الجديدة للصناعات الغذائية / موردين,Local Vendors,146.304,1152,ميار معكرونة صدف كبير 300 غم 1*24,1031018,Noodles & Pasta & Soups,26000981,2026,06,فاتورة مشتريات,الشركة التجارية,
LV0000076,شركة الجديدة للصناعات الغذائية / موردين,Local Vendors,0,288,ميار معكرونة صدف كبير 300 غم 1*24,1031018,Noodles & Pasta & Soups,26000983,2026,06,فاتورة مشتريات,الشركة التجارية,
LV0000076,شركة الجديدة للصناعات الغذائية / موردين,Local Vendors,3818.88,28080,ميار شعيرية 300 غم 1*24,1031016,Noodles & Pasta & Soups,26000983,2026,06,فاتورة مشتريات,الشركة التجارية,
LV0000076,شركة الجديدة للصناعات الغذائية / موردين,Local Vendors,822.96,6480,ميار شعيرية 300 غم 1*24,1031016,Noodles & Pasta & Soups,26000983,2026,06,فاتورة مشتريات,الشركة التجارية,
LV0000076,شركة الجديدة للصناعات الغذائية / موردين,Local Vendors,4392.692,32400,ميار شعيرية 300 غم 1*24,1031016,Noodles & Pasta & Soups,26000992,2026,06,فاتورة مشتريات,الشركة التجارية,
LV0000076,شركة الجديدة للصناعات الغذائية / موردين,Local Vendors,3514.154,25920,ميار شعيرية 300 غم 1*24,1031016,Noodles & Pasta & Soups,26000993,2026,06,فاتورة مشتريات,الشركة التجارية,
LV0000076,شركة الجديدة للصناعات الغذائية / موردين,Local Vendors,3698.112,27192,ميار شعيرية 300 غم 1*24,1031016,Noodles & Pasta & Soups,26000994,2026,06,فاتورة مشتريات,الشركة التجارية,
LV0000076,شركة الجديدة للصناعات الغذائية / موردين,Local Vendors,793.152,5832,ميار معكرونة كوع 300 غم 1*24,1031022,Noodles & Pasta & Soups,26000994,2026,06,فاتورة مشتريات,الشركة التجارية,
LV0000076,شركة الجديدة للصناعات الغذائية / موردين,Local Vendors,2470.5,19440,ميار معكرونة كوع 300 غم 1*24,1031022,Noodles & Pasta & Soups,26001008,2026,06,فاتورة مشتريات,الشركة التجارية,
LV0000076,شركة الجديدة للصناعات الغذائية / موردين,Local Vendors,-205.695,-63,شيخ الكار معكرونة بيني 300 غم 1*24,1031005,Noodles & Pasta & Soups,26000001,2026,01,مرتجع مشتريات,الشركة التجارية,
LV0000076,شركة الجديدة للصناعات الغذائية / موردين,Local Vendors,-5215.5,-41040,ميار شعيرية 300 غم 1*24,1031016,Noodles & Pasta & Soups,26000009,2026,02,مرتجع مشتريات,الشركة التجارية,
LV0000076,شركة الجديدة للصناعات الغذائية / موردين,Local Vendors,-305,-2400,ميار معكرونة كوع 300 غم 1*24,1031022,Noodles & Pasta & Soups,26000009,2026,02,مرتجع مشتريات,الشركة التجارية,
LV0000076,شركة الجديدة للصناعات الغذائية / موردين,Local Vendors,-2013,-15840,ميار معكرونة سباغيتي 300 غم 1*24,1031021,Noodles & Pasta & Soups,26000009,2026,02,مرتجع مشتريات,الشركة التجارية,
LV0000036,شركة رجائي ومحمد عيسى الملك للتجارة,Local Vendors,162.5,250,شيخ الكار عدس مجروش 1 كغم,1151072,Legumes & Spices,26000244,2026,02,فاتورة مشتريات,الشركة التجارية,
LV0000036,شركة رجائي ومحمد عيسى الملك للتجارة,Local Vendors,1724.138,400,شيخ الكار جوز عين الجمل مقشر 1 كغم,1151098,Legumes & Spices,26000344,2026,02,فاتورة مشتريات,الشركة التجارية,
LV0000036,شركة رجائي ومحمد عيسى الملك للتجارة,Local Vendors,353.448,100,شيخ الكار زبيب بدون بذور 1 كغم,1151097,Legumes & Spices,26000243,2026,02,فاتورة مشتريات,الشركة التجارية,
LV0000036,شركة رجائي ومحمد عيسى الملك للتجارة,Local Vendors,68.627,100,شيخ الكار فريكة ناعمة او خشنة 1 كغم,1151063,Legumes & Spices,26000243,2026,02,فاتورة مشتريات,الشركة التجارية,
LV0000036,شركة رجائي ومحمد عيسى الملك للتجارة,Local Vendors,1357.759,500,"شيخ الكار جوز هند (ناعم,خشن) 1 كغم",1151089,Legumes & Spices,26000571,2026,03,فاتورة مشتريات,الشركة التجارية,
LV0000036,شركة رجائي ومحمد عيسى الملك للتجارة,Local Vendors,2802,1000,"شيخ الكار جوز هند (ناعم,خشن) 1 كغم",1151089,Legumes & Spices,26000332,2026,02,فاتورة مشتريات,الشركة التجارية,
LV0000036,شركة رجائي ومحمد عيسى الملك للتجارة,Local Vendors,411.765,1000,"شيخ الكار برغل 1 كغم (ناعم,خشن)",1151015,Legumes & Spices,26000634,2026,02,فاتورة مشتريات,الشركة التجارية,
LV0000036,شركة رجائي ومحمد عيسى الملك للتجارة,Local Vendors,750,1000,شيخ الكار حمص حب (نمرة 7-9) 1 كغم,1151016,Legumes & Spices,26000634,2026,02,فاتورة مشتريات,الشركة التجارية,
LV0000036,شركة رجائي ومحمد عيسى الملك للتجارة,Local Vendors,1350,1000,شيخ الكار حمص حب (نمرة 11) 1 كغم,1151021,Legumes & Spices,26000634,2026,02,فاتورة مشتريات,الشركة التجارية,
LV0000036,شركة رجائي ومحمد عيسى الملك للتجارة,Local Vendors,637.255,1000,شيخ الكار فريكة ناعمة او خشنة 1 كغم,1151063,Legumes & Spices,26000634,2026,02,فاتورة مشتريات,الشركة التجارية,
LV0000036,شركة رجائي ومحمد عيسى الملك للتجارة,Local Vendors,637.255,1000,شيخ الكار فريكة ناعمة او خشنة 1 كغم,1151063,Legumes & Spices,26000634,2026,02,فاتورة مشتريات,الشركة التجارية,
LV0000036,شركة رجائي ومحمد عيسى الملك للتجارة,Local Vendors,799.334,997.92,شيخ الكار عدس حب 1 كغم,1151018,Legumes & Spices,26000634,2026,02,فاتورة مشتريات,الشركة التجارية,
LV0000036,شركة رجائي ومحمد عيسى الملك للتجارة,Local Vendors,387.931,90,شيخ الكار جوز عين الجمل مقشر 1 كغم,1151098,Legumes & Spices,26001045,2026,06,فاتورة مشتريات,الشركة التجارية,
LV0000036,شركة رجائي ومحمد عيسى الملك للتجارة,Local Vendors,-353.448,-100,شيخ الكار زبيب بدون بذور 1 كغم,1151097,Legumes & Spices,26000007,2026,02,مرتجع مشتريات,الشركة التجارية,
LV0000036,شركة رجائي ومحمد عيسى الملك للتجارة,Local Vendors,-387.931,-90,شيخ الكار جوز عين الجمل مقشر 1 كغم,1151098,Legumes & Spices,26000040,2026,06,مرتجع مشتريات,الشركة التجارية,
LV0000342,شركة ماهر السكافي- مورد,Local Vendors,79.31,20,شيخ الكار جوز عين الجمل مقشر 1 كغم,1151098,Legumes & Spices,26000286,2026,02,فاتورة مشتريات,الشركة التجارية,
LV0000342,شركة ماهر السكافي- مورد,Local Vendors,594.828,150,شيخ الكار جوز عين الجمل مقشر 1 كغم,1151098,Legumes & Spices,26000287,2026,02,فاتورة مشتريات,الشركة التجارية,
LV0000342,شركة ماهر السكافي- مورد,Local Vendors,310.345,100,شيخ الكار زبيب بدون بذور 1 كغم,1151097,Legumes & Spices,26000285,2026,02,فاتورة مشتريات,الشركة التجارية,
LV0000342,شركة ماهر السكافي- مورد,Local Vendors,1594.827,100,شيخ الكار هال حب 1 كغم,1151109,Legumes & Spices,26000345,2026,02,فاتورة مشتريات,الشركة التجارية,
LV0000342,شركة ماهر السكافي- مورد,Local Vendors,310.345,100,شيخ الكار زبيب بدون بذور 1 كغم,1151097,Legumes & Spices,26000345,2026,02,فاتورة مشتريات,الشركة التجارية,
LV0000342,شركة ماهر السكافي- مورد,Local Vendors,797.414,50,شيخ الكار هال حب 1 كغم,1151109,Legumes & Spices,26000808,2026,04,فاتورة مشتريات,الشركة التجارية,
LV0000342,شركة ماهر السكافي- مورد,Local Vendors,150.862,50,شيخ الكار بهارات سمك 1 كغم,1151088,Legumes & Spices,26000957,2026,05,فاتورة مشتريات,الشركة التجارية,
LV0000342,شركة ماهر السكافي- مورد,Local Vendors,150.862,50,"شيخ الكار بهارات كبسة (حب , مطحون) 1 كغم",1151093,Legumes & Spices,26000957,2026,05,فاتورة مشتريات,الشركة التجارية,
LV0000342,شركة ماهر السكافي- مورد,Local Vendors,258.621,100,شيخ الكار بهارات مشكلة (مطحونة) 1 كغم,1151094,Legumes & Spices,26000957,2026,05,فاتورة مشتريات,الشركة التجارية,
LV0000342,شركة ماهر السكافي- مورد,Local Vendors,603.448,200,"شيخ الكار جوز هند (ناعم,خشن) 1 كغم",1151089,Legumes & Spices,26000985,2026,06,فاتورة مشتريات,الشركة التجارية,
LV0000317,شركة فاين لصناعة الورق الصحي,Local Vendors,2500,500,فاين كير حفاظات للكبار كبير 16 فوطة *1,1151126,Legumes & Spices,26000127,2026,01,فاتورة مشتريات,الشركة التجارية,
LV0000317,شركة فاين لصناعة الورق الصحي,Local Vendors,2500,500,فاين كير حفاظات للكبار وسط 20 فوطة *1,1151127,Legumes & Spices,26000127,2026,01,فاتورة مشتريات,الشركة التجارية,
LV0000317,شركة فاين لصناعة الورق الصحي,Local Vendors,620,200,بيبي فاين حفاظات أطفال وسط 46 فوطة *1,1151123,Legumes & Spices,26000128,2026,01,فاتورة مشتريات,الشركة التجارية,
LV0000317,شركة فاين لصناعة الورق الصحي,Local Vendors,1550,500,بيبي فاين حفاظات أطفال كبير 36 فوطة *1,1151125,Legumes & Spices,26000128,2026,01,فاتورة مشتريات,الشركة التجارية,
LV0000317,شركة فاين لصناعة الورق الصحي,Local Vendors,1500,300,فاين كير حفاظات للكبار وسط 20 فوطة *1,1151127,Legumes & Spices,26000310,2026,02,فاتورة مشتريات,الشركة التجارية,
LV0000317,شركة فاين لصناعة الورق الصحي,Local Vendors,2500,500,فاين كير حفاظات للكبار كبير 16 فوطة *1,1151126,Legumes & Spices,26000310,2026,02,فاتورة مشتريات,الشركة التجارية,
LV0000317,شركة فاين لصناعة الورق الصحي,Local Vendors,465,150,بيبي فاين حفاظات أطفال صغير 52 فوطة *1,1151124,Legumes & Spices,26000310,2026,02,فاتورة مشتريات,الشركة التجارية,
LV0000317,شركة فاين لصناعة الورق الصحي,Local Vendors,465,150,بيبي فاين حفاظات أطفال كبير 40 فوطة *1,1151136,Legumes & Spices,26000310,2026,02,فاتورة مشتريات,الشركة التجارية,
LV0000317,شركة فاين لصناعة الورق الصحي,Local Vendors,620,200,بيبي فاين حفاظات أطفال كبير 36 فوطة *1,1151125,Legumes & Spices,26000311,2026,02,فاتورة مشتريات,الشركة التجارية,
LV0000317,شركة فاين لصناعة الورق الصحي,Local Vendors,0,45,بيبي فاين حفاظات أطفال كبير 36 فوطة *1,1151125,Legumes & Spices,26000324,2026,02,فاتورة مشتريات,الشركة التجارية,
LV0000317,شركة فاين لصناعة الورق الصحي,Local Vendors,1293.3,300,بيبي فاين حفاظات أطفال كبير 36 فوطة *1,1151125,Legumes & Spices,26000324,2026,02,فاتورة مشتريات,الشركة التجارية,
LV0000317,شركة فاين لصناعة الورق الصحي,Local Vendors,2500,500,فاين كير حفاظات للكبار كبير 16 فوطة *1,1151126,Legumes & Spices,26000573,2026,02,فاتورة مشتريات,الشركة التجارية,
LV0000317,شركة فاين لصناعة الورق الصحي,Local Vendors,1785.6,576,بيبي فاين حفاظات أطفال صغير 52 فوطة *1,1151124,Legumes & Spices,26000603,2026,03,فاتورة مشتريات,الشركة التجارية,
LV0000317,شركة فاين لصناعة الورق الصحي,Local Vendors,2864.883,448,فاين كير حفاظات للكبار كبير 16 فوطة *1,1151126,Legumes & Spices,26000676,2026,03,فاتورة مشتريات,الشركة التجارية,
LV0000317,شركة فاين لصناعة الورق الصحي,Local Vendors,0.055,64,فاين كير حفاظات للكبار كبير 16 فوطة *1,1151126,Legumes & Spices,26000676,2026,03,فاتورة مشتريات,الشركة التجارية,
LV0000317,شركة فاين لصناعة الورق الصحي,Local Vendors,0.055,64,فاين كير حفاظات للكبار وسط 20 فوطة *1,1151127,Legumes & Spices,26000676,2026,03,فاتورة مشتريات,الشركة التجارية,
LV0000317,شركة فاين لصناعة الورق الصحي,Local Vendors,2864.884,448,فاين كير حفاظات للكبار وسط 20 فوطة *1,1151127,Legumes & Spices,26000676,2026,03,فاتورة مشتريات,الشركة التجارية,
LV0000317,شركة فاين لصناعة الورق الصحي,Local Vendors,1293.3,300,بيبي فاين حفاظات أطفال وسط 46 فوطة *1,1151123,Legumes & Spices,26000678,2026,03,فاتورة مشتريات,الشركة التجارية,
LV0000317,شركة فاين لصناعة الورق الصحي,Local Vendors,1293.3,300,بيبي فاين حفاظات أطفال كبير 40 فوطة *1,1151136,Legumes & Spices,26000678,2026,03,فاتورة مشتريات,الشركة التجارية,
LV0000317,شركة فاين لصناعة الورق الصحي,Local Vendors,1034.64,240,بيبي فاين حفاظات أطفال كبير 36 فوطة *1,1151125,Legumes & Spices,26000678,2026,03,فاتورة مشتريات,الشركة التجارية,
LV0000317,شركة فاين لصناعة الورق الصحي,Local Vendors,0.109,126,بيبي فاين حفاظات أطفال كبير 36 فوطة *1,1151125,Legumes & Spices,26000678,2026,03,فاتورة مشتريات,الشركة التجارية,
LV0000317,شركة فاين لصناعة الورق الصحي,Local Vendors,6000,1200,فاين كير حفاظات للكبار كبير 16 فوطة *1,1151126,Legumes & Spices,26000739,2026,04,فاتورة مشتريات,الشركة التجارية,
LV0000317,شركة فاين لصناعة الورق الصحي,Local Vendors,5576.897,10800,بيبي فاين حفاظات أطفال كبير 40 فوطة *1,1151136,Legumes & Spices,26000783,2026,04,فاتورة مشتريات,الشركة التجارية,
LV0000317,شركة فاين لصناعة الورق الصحي,Local Vendors,9300,3000,بيبي فاين حفاظات أطفال صغير 52 فوطة *1,1151124,Legumes & Spices,26000919,2026,05,فاتورة مشتريات,الشركة التجارية,
LV0000317,شركة فاين لصناعة الورق الصحي,Local Vendors,1860,600,بيبي فاين حفاظات أطفال كبير 40 فوطة *1,1151136,Legumes & Spices,26001051,2026,07,فاتورة مشتريات,الشركة التجارية,
LV0000317,شركة فاين لصناعة الورق الصحي,Local Vendors,1860,600,بيبي فاين حفاظات أطفال كبير 40 فوطة *1,1151136,Legumes & Spices,26001084,2026,07,فاتورة مشتريات,الشركة التجارية,
LV0000317,شركة فاين لصناعة الورق الصحي,Local Vendors,1804.2,582,بيبي فاين حفاظات أطفال صغير 52 فوطة *1,1151124,Legumes & Spices,26001085,2026,07,فاتورة مشتريات,الشركة التجارية,
LV0000317,شركة فاين لصناعة الورق الصحي,Local Vendors,7500,1500,فاين كير حفاظات للكبار كبير 16 فوطة *1,1151126,Legumes & Spices,26001086,2026,07,فاتورة مشتريات,الشركة التجارية,
LV0000317,شركة فاين لصناعة الورق الصحي,Local Vendors,7500,1500,فاين كير حفاظات للكبار كبير 16 فوطة *1,1151126,Legumes & Spices,26001087,2026,07,فاتورة مشتريات,الشركة التجارية,
LV0000317,شركة فاين لصناعة الورق الصحي,Local Vendors,1860,600,بيبي فاين حفاظات أطفال صغير 52 فوطة *1,1151124,Legumes & Spices,26001099,2026,07,فاتورة مشتريات,الشركة التجارية,
LV0000317,شركة فاين لصناعة الورق الصحي,Local Vendors,-1293.3,-300,بيبي فاين حفاظات أطفال وسط 46 فوطة *1,1151123,Legumes & Spices,26000016,2026,04,مرتجع مشتريات,الشركة التجارية,
LV0000317,شركة فاين لصناعة الورق الصحي,Local Vendors,-1293.3,-300,بيبي فاين حفاظات أطفال كبير 40 فوطة *1,1151136,Legumes & Spices,26000016,2026,04,مرتجع مشتريات,الشركة التجارية,
LV0000317,شركة فاين لصناعة الورق الصحي,Local Vendors,-1034.64,-240,بيبي فاين حفاظات أطفال كبير 36 فوطة *1,1151125,Legumes & Spices,26000016,2026,04,مرتجع مشتريات,الشركة التجارية,
LV0000317,شركة فاين لصناعة الورق الصحي,Local Vendors,-0.109,-126,بيبي فاين حفاظات أطفال كبير 36 فوطة *1,1151125,Legumes & Spices,26000016,2026,04,مرتجع مشتريات,الشركة التجارية,
LV0000317,شركة فاين لصناعة الورق الصحي,Local Vendors,-2864.884,-448,فاين كير حفاظات للكبار وسط 20 فوطة *1,1151127,Legumes & Spices,26000017,2026,04,مرتجع مشتريات,الشركة التجارية,
LV0000317,شركة فاين لصناعة الورق الصحي,Local Vendors,-0.055,-64,فاين كير حفاظات للكبار وسط 20 فوطة *1,1151127,Legumes & Spices,26000017,2026,04,مرتجع مشتريات,الشركة التجارية,
LV0000317,شركة فاين لصناعة الورق الصحي,Local Vendors,-2864.883,-448,فاين كير حفاظات للكبار كبير 16 فوطة *1,1151126,Legumes & Spices,26000017,2026,04,مرتجع مشتريات,الشركة التجارية,
LV0000317,شركة فاين لصناعة الورق الصحي,Local Vendors,-0.055,-64,فاين كير حفاظات للكبار كبير 16 فوطة *1,1151126,Legumes & Spices,26000017,2026,04,مرتجع مشتريات,الشركة التجارية,
LV0000317,شركة فاين لصناعة الورق الصحي,Local Vendors,-1293.3,-300,بيبي فاين حفاظات أطفال كبير 36 فوطة *1,1151125,Legumes & Spices,26000018,2026,04,مرتجع مشتريات,الشركة التجارية,
LV0000317,شركة فاين لصناعة الورق الصحي,Local Vendors,0,-45,بيبي فاين حفاظات أطفال كبير 36 فوطة *1,1151125,Legumes & Spices,26000018,2026,04,مرتجع مشتريات,الشركة التجارية,
LV0000317,شركة فاين لصناعة الورق الصحي,Local Vendors,-111.6,-36,بيبي فاين حفاظات أطفال كبير 40 فوطة *1,1151136,Legumes & Spices,26000041,2026,07,مرتجع مشتريات,الشركة التجارية,
LV0000193,الريادة لتدقيق الحسابات,Local Vendors,2000,0,,,,26000125,2026,01,فاتورة مشتريات,الشركة التجارية,
LV0000193,الريادة لتدقيق الحسابات,Local Vendors,2750,0,اتعاب 2025,,,26000145,2026,01,فاتورة مشتريات,الشركة التجارية,
LV0000106,شركة ابو سنينة أبناء عم,Local Vendors,1029.412,100,الاسرة تمر مع بذور حبة طويلة نخب أول,1151045,Legumes & Spices,26000129,2026,01,فاتورة مشتريات,الشركة التجارية,
LV0000106,شركة ابو سنينة أبناء عم,Local Vendors,2058.824,200,الاسرة تمر مع بذور حبة طويلة نخب أول,1151045,Legumes & Spices,26000220,2026,02,فاتورة مشتريات,الشركة التجارية,
LV0000106,شركة ابو سنينة أبناء عم,Local Vendors,514.706,500,الاسرة تمر مع بذور حبة طويلة نخب أول,1151045,Legumes & Spices,26000317,2026,02,فاتورة مشتريات,الشركة التجارية,
LV0000106,شركة ابو سنينة أبناء عم,Local Vendors,1029.413,500,الاسرة تمر مع بذور حبة طويلة نخب أول,1151045,Legumes & Spices,26000426,2026,02,فاتورة مشتريات,الشركة التجارية,
LV0000106,شركة ابو سنينة أبناء عم,Local Vendors,2058.824,200,الاسرة تمر مع بذور حبة طويلة نخب أول,1151045,Legumes & Spices,26000221,2026,02,فاتورة مشتريات,الشركة التجارية,
LV0000106,شركة ابو سنينة أبناء عم,Local Vendors,566.176,275,الاسرة تمر مع بذور حبة طويلة نخب أول,1151045,Legumes & Spices,26000465,2026,02,فاتورة مشتريات,الشركة التجارية,
LV0000106,شركة ابو سنينة أبناء عم,Local Vendors,1029.412,500,الاسرة تمر مع بذور حبة طويلة نخب أول,1151045,Legumes & Spices,26000469,2026,02,فاتورة مشتريات,الشركة التجارية,
LV0000106,شركة ابو سنينة أبناء عم,Local Vendors,2058.824,1000,الاسرة تمر مع بذور حبة طويلة نخب أول,1151045,Legumes & Spices,26000470,2026,03,فاتورة مشتريات,الشركة التجارية,
LV0000106,شركة ابو سنينة أبناء عم,Local Vendors,514.706,50,الاسرة تمر مع بذور حبة طويلة نخب أول,1151045,Legumes & Spices,26000669,2026,03,فاتورة مشتريات,الشركة التجارية,
LV0000106,شركة ابو سنينة أبناء عم,Local Vendors,1029.412,100,الاسرة تمر مع بذور حبة طويلة نخب أول,1151045,Legumes & Spices,26000661,2026,03,فاتورة مشتريات,الشركة التجارية,
LV0000062,شركة مطاحن الهاشمية المحدودة,Local Vendors,29484,75.6,سكر 50 كعم 20*50,1081001,Sugar,26000003,2026,01,فاتورة مشتريات,الشركة التجارية,
LV0000062,شركة مطاحن الهاشمية المحدودة,Local Vendors,9702,25.2,سكر 50 كعم 20*50,1081001,Sugar,26000304,2026,02,فاتورة مشتريات,الشركة التجارية,
LV0000062,شركة مطاحن الهاشمية المحدودة,Local Vendors,29484,75.6,سكر 50 كعم 20*50,1081001,Sugar,26000164,2026,01,فاتورة مشتريات,الشركة التجارية,
LV0000062,شركة مطاحن الهاشمية المحدودة,Local Vendors,19656,50.4,سكر 50 كعم 20*50,1081001,Sugar,26000186,2026,02,فاتورة مشتريات,الشركة التجارية,
LV0000062,شركة مطاحن الهاشمية المحدودة,Local Vendors,7700,20,سكر 50 كعم 20*50,1081001,Sugar,26000350,2026,02,فاتورة مشتريات,الشركة التجارية,
LV0000062,شركة مطاحن الهاشمية المحدودة,Local Vendors,4158,10.8,سكر 50 كعم 20*50,1081001,Sugar,26000590,2026,03,فاتورة مشتريات,الشركة التجارية,
LV0000062,شركة مطاحن الهاشمية المحدودة,Local Vendors,7700,20,سكر 50 كعم 20*50,1081001,Sugar,26000730,2026,03,فاتورة مشتريات,الشركة التجارية,
LV0000062,شركة مطاحن الهاشمية المحدودة,Local Vendors,9702,25.2,سكر 50 كعم 20*50,1081001,Sugar,26000586,2026,03,فاتورة مشتريات,الشركة التجارية,
LV0000062,شركة مطاحن الهاشمية المحدودة,Local Vendors,5775,15,سكر 50 كعم 20*50,1081001,Sugar,26000587,2026,03,فاتورة مشتريات,الشركة التجارية,
LV0000062,شركة مطاحن الهاشمية المحدودة,Local Vendors,7700,20,سكر 50 كعم 20*50,1081001,Sugar,26000588,2026,03,فاتورة مشتريات,الشركة التجارية,
LV0000062,شركة مطاحن الهاشمية المحدودة,Local Vendors,5775,15,سكر 50 كعم 20*50,1081001,Sugar,26000597,2026,03,فاتورة مشتريات,الشركة التجارية,
LV0000062,شركة مطاحن الهاشمية المحدودة,Local Vendors,7700,20,سكر 50 كعم 20*50,1081001,Sugar,26000598,2026,03,فاتورة مشتريات,الشركة التجارية,
LV0000062,شركة مطاحن الهاشمية المحدودة,Local Vendors,21168,50.4,سكر 50 كعم 20*50,1081001,Sugar,26000832,2026,04,فاتورة مشتريات,الشركة التجارية,
LV0000062,شركة مطاحن الهاشمية المحدودة,Local Vendors,21168,50.4,سكر 50 كعم 20*50,1081001,Sugar,26000833,2026,04,فاتورة مشتريات,الشركة التجارية,
LV0000062,شركة مطاحن الهاشمية المحدودة,Local Vendors,7878,20.2,سكر 50 كعم 20*50,1081001,Sugar,26000651,2026,03,فاتورة مشتريات,الشركة التجارية,
LV0000062,شركة مطاحن الهاشمية المحدودة,Local Vendors,19656,50.4,سكر 50 كعم 20*50,1081001,Sugar,26000667,2026,03,فاتورة مشتريات,الشركة التجارية,
LV0000062,شركة مطاحن الهاشمية المحدودة,Local Vendors,7800,20,سكر 50 كعم 20*50,1081001,Sugar,26000668,2026,03,فاتورة مشتريات,الشركة التجارية,
LV0000062,شركة مطاحن الهاشمية المحدودة,Local Vendors,19656,50.4,سكر 50 كعم 20*50,1081001,Sugar,26000731,2026,04,فاتورة مشتريات,الشركة التجارية,
LV0000062,شركة مطاحن الهاشمية المحدودة,Local Vendors,3744,9.6,سكر 50 كعم 20*50,1081001,Sugar,26000707,2026,04,فاتورة مشتريات,الشركة التجارية,
LV0000062,شركة مطاحن الهاشمية المحدودة,Local Vendors,8112,20.8,سكر 50 كعم 20*50,1081001,Sugar,26000708,2026,04,فاتورة مشتريات,الشركة التجارية,
LV0000062,شركة مطاحن الهاشمية المحدودة,Local Vendors,94122,226.8,سكر 50 كعم 20*50,1081001,Sugar,26000924,2026,05,فاتورة مشتريات,الشركة التجارية,
LV0000062,شركة مطاحن الهاشمية المحدودة,Local Vendors,41328,100.8,سكر 50 كعم 20*50,1081001,Sugar,26001031,2026,06,فاتورة مشتريات,الشركة التجارية,
LV0000062,شركة مطاحن الهاشمية المحدودة,Local Vendors,30996,75.6,سكر 50 كعم 20*50,1081001,Sugar,26001040,2026,06,فاتورة مشتريات,الشركة التجارية,
LV0000321,شركة بيانات الحساب,Local Vendors,2800,0,طابعات كاش فان,,,26000149,2026,01,فاتورة مشتريات,الشركة التجارية,
LV0000320,مصنع النور للسكاكر والحلويات -مورد,Local Vendors,1691,178000,دربس (ملبس),1161002,Others,26000148,2026,01,فاتورة مشتريات,الشركة التجارية,
LV0000320,مصنع النور للسكاكر والحلويات -مورد,Local Vendors,1540,154000,دربس (ملبس),1161002,Others,26000635,2026,03,فاتورة مشتريات,الشركة التجارية,
LV0000320,مصنع النور للسكاكر والحلويات -مورد,Local Vendors,1520,152000,دربس (ملبس),1161002,Others,26000879,2026,05,فاتورة مشتريات,الشركة التجارية,
LV0000320,مصنع النور للسكاكر والحلويات -مورد,Local Vendors,448.276,52000,دربس (ملبس),1161002,Others,26000935,2026,05,فاتورة مشتريات,الشركة التجارية,
LV0000334,مخابز جوهرة الرشيد - مورد,Local Vendors,120,600,الخير معجنات جاهزة مشكلة 1*1,1151010,Legumes & Spices,26000822,2026,04,فاتورة مشتريات,الشركة التجارية,
LV0000334,مخابز جوهرة الرشيد - مورد,Local Vendors,1.14,3,قشطة خبز كماج صغير 1 كغم,1151071,Legumes & Spices,26000822,2026,04,فاتورة مشتريات,الشركة التجارية,
LV0000334,مخابز جوهرة الرشيد - مورد,Local Vendors,30,300,قشطة خبز مسخن طحين زيرو,1151090,Legumes & Spices,26000207,2026,01,فاتورة مشتريات,الشركة التجارية,
LV0000334,مخابز جوهرة الرشيد - مورد,Local Vendors,256.5,513,قشطة خبز حمام 1 كغم,1151070,Legumes & Spices,26000207,2026,01,فاتورة مشتريات,الشركة التجارية,
LV0000334,مخابز جوهرة الرشيد - مورد,Local Vendors,72.2,190,قشطة خبز قمح أسمر(لمرضى السكري صغير),1151065,Legumes & Spices,26000207,2026,01,فاتورة مشتريات,الشركة التجارية,
LV0000334,مخابز جوهرة الرشيد - مورد,Local Vendors,931.76,2452,قشطة خبز كماج كبير 1 كغم,1151069,Legumes & Spices,26000207,2026,01,فاتورة مشتريات,الشركة التجارية,
LV0000334,مخابز جوهرة الرشيد - مورد,Local Vendors,145.6,104,قشطة قرشلة وكعك بأنواعه محلى او سادة 1 كغم,1151100,Legumes & Spices,26000207,2026,01,فاتورة مشتريات,الشركة التجارية,
LV0000334,مخابز جوهرة الرشيد - مورد,Local Vendors,6,60,قشطة خبز شراك,1151066,Legumes & Spices,26000207,2026,01,فاتورة مشتريات,الشركة التجارية,
LV0000334,مخابز جوهرة الرشيد - مورد,Local Vendors,682.1,1795,قشطة خبز كماج كبير 1 كغم,1151069,Legumes & Spices,26000209,2026,01,فاتورة مشتريات,الشركة التجارية,
LV0000334,مخابز جوهرة الرشيد - مورد,Local Vendors,85.5,225,قشطة خبز قمح أسمر(لمرضى السكري صغير),1151065,Legumes & Spices,26000209,2026,01,فاتورة مشتريات,الشركة التجارية,
LV0000334,مخابز جوهرة الرشيد - مورد,Local Vendors,252.5,505,قشطة خبز حمام 1 كغم,1151070,Legumes & Spices,26000209,2026,01,فاتورة مشتريات,الشركة التجارية,
LV0000334,مخابز جوهرة الرشيد - مورد,Local Vendors,557,5570,قشطة خبز برغر طحين زيرو 1 كغم,1151053,Legumes & Spices,26000209,2026,01,فاتورة مشتريات,الشركة التجارية,
LV0000334,مخابز جوهرة الرشيد - مورد,Local Vendors,245,2450,قشطة خبز طابون,1151048,Legumes & Spices,26000209,2026,01,فاتورة مشتريات,الشركة التجارية,
LV0000334,مخابز جوهرة الرشيد - مورد,Local Vendors,33,330,قشطة خبز شراك,1151066,Legumes & Spices,26000209,2026,01,فاتورة مشتريات,الشركة التجارية,
LV0000334,مخابز جوهرة الرشيد - مورد,Local Vendors,8.4,6,قشطة قرشلة وكعك بأنواعه محلى او سادة 1 كغم,1151100,Legumes & Spices,26000209,2026,01,فاتورة مشتريات,الشركة التجارية,
LV0000334,مخابز جوهرة الرشيد - مورد,Local Vendors,753.16,1982,قشطة خبز كماج صغير 1 كغم,1151071,Legumes & Spices,26000823,2026,04,فاتورة مشتريات,الشركة التجارية,
LV0000334,مخابز جوهرة الرشيد - مورد,Local Vendors,140.98,371,قشطة خبز قمح أسمر(لمرضى السكري صغير),1151065,Legumes & Spices,26000823,2026,04,فاتورة مشتريات,الشركة التجارية,
LV0000334,مخابز جوهرة الرشيد - مورد,Local Vendors,221.5,443,قشطة خبز حمام 1 كغم,1151070,Legumes & Spices,26000823,2026,04,فاتورة مشتريات,الشركة التجارية,
LV0000334,مخابز جوهرة الرشيد - مورد,Local Vendors,567,405,قشطة قرشلة وكعك بأنواعه محلى او سادة 1 كغم,1151100,Legumes & Spices,26000823,2026,04,فاتورة مشتريات,الشركة التجارية,
LV0000334,مخابز جوهرة الرشيد - مورد,Local Vendors,80,800,قشطة خبز شراك,1151066,Legumes & Spices,26000823,2026,04,فاتورة مشتريات,الشركة التجارية,
LV0000334,مخابز جوهرة الرشيد - مورد,Local Vendors,120,120,قشطة قطايف 1 كغم,1151104,Legumes & Spices,26000823,2026,04,فاتورة مشتريات,الشركة التجارية,
LV0000334,مخابز جوهرة الرشيد - مورد,Local Vendors,13.5,9,قشطة قرشلة مطحونة ناعم أو خشن او حار 1 كغم,1151092,Legumes & Spices,26000210,2026,01,فاتورة مشتريات,الشركة التجارية,
LV0000334,مخابز جوهرة الرشيد - مورد,Local Vendors,347.7,915,قشطة خبز كماج كبير 1 كغم,1151069,Legumes & Spices,26000210,2026,01,فاتورة مشتريات,الشركة التجارية,
LV0000334,مخابز جوهرة الرشيد - مورد,Local Vendors,47.6,34,قشطة قرشلة وكعك بأنواعه محلى او سادة 1 كغم,1151100,Legumes & Spices,26000210,2026,01,فاتورة مشتريات,الشركة التجارية,
LV0000334,مخابز جوهرة الرشيد - مورد,Local Vendors,8.5,85,قشطة خبز شراك,1151066,Legumes & Spices,26000210,2026,01,فاتورة مشتريات,الشركة التجارية,
LV0000334,مخابز جوهرة الرشيد - مورد,Local Vendors,10,100,قشطة خبز طابون,1151048,Legumes & Spices,26000210,2026,01,فاتورة مشتريات,الشركة التجارية,
LV0000334,مخابز جوهرة الرشيد - مورد,Local Vendors,824.6,2170,قشطة خبز كماج كبير 1 كغم,1151069,Legumes & Spices,26000211,2026,01,فاتورة مشتريات,الشركة التجارية,
LV0000334,مخابز جوهرة الرشيد - مورد,Local Vendors,135.28,356,قشطة خبز قمح أسمر(لمرضى السكري صغير),1151065,Legumes & Spices,26000211,2026,01,فاتورة مشتريات,الشركة التجارية,
LV0000334,مخابز جوهرة الرشيد - مورد,Local Vendors,293,586,قشطة خبز حمام 1 كغم,1151070,Legumes & Spices,26000211,2026,01,فاتورة مشتريات,الشركة التجارية,
LV0000334,مخابز جوهرة الرشيد - مورد,Local Vendors,630,450,قشطة قرشلة وكعك بأنواعه محلى او سادة 1 كغم,1151100,Legumes & Spices,26000211,2026,01,فاتورة مشتريات,الشركة التجارية,
LV0000334,مخابز جوهرة الرشيد - مورد,Local Vendors,75,750,قشطة خبز شراك,1151066,Legumes & Spices,26000211,2026,01,فاتورة مشتريات,الشركة التجارية,
LV0000334,مخابز جوهرة الرشيد - مورد,Local Vendors,934,4670,الخير معجنات جاهزة مشكلة 1*1,1151010,Legumes & Spices,26000212,2026,01,فاتورة مشتريات,الشركة التجارية,
LV0000334,مخابز جوهرة الرشيد - مورد,Local Vendors,25,25,قشطة قطايف 1 كغم,1151104,Legumes & Spices,26000824,2026,04,فاتورة مشتريات,الشركة التجارية,
LV0000334,مخابز جوهرة الرشيد - مورد,Local Vendors,8.5,85,قشطة خبز شراك,1151066,Legumes & Spices,26000824,2026,04,فاتورة مشتريات,الشركة التجارية,
LV0000334,مخابز جوهرة الرشيد - مورد,Local Vendors,10.5,7,قشطة قرشلة مطحونة ناعم أو خشن او حار 1 كغم,1151092,Legumes & Spices,26000824,2026,04,فاتورة مشتريات,الشركة التجارية,
LV0000334,مخابز جوهرة الرشيد - مورد,Local Vendors,8,80,قشطة خبز طابون,1151048,Legumes & Spices,26000824,2026,04,فاتورة مشتريات,الشركة التجارية,
LV0000334,مخابز جوهرة الرشيد - مورد,Local Vendors,40.6,29,قشطة قرشلة وكعك بأنواعه محلى او سادة 1 كغم,1151100,Legumes & Spices,26000824,2026,04,فاتورة مشتريات,الشركة التجارية,
LV0000334,مخابز جوهرة الرشيد - مورد,Local Vendors,264.86,697,قشطة خبز كماج صغير 1 كغم,1151071,Legumes & Spices,26000824,2026,04,فاتورة مشتريات,الشركة التجارية,
LV0000334,مخابز جوهرة الرشيد - مورد,Local Vendors,512,2560,الخير معجنات جاهزة مشكلة 1*1,1151010,Legumes & Spices,26000825,2026,04,فاتورة مشتريات,الشركة التجارية,
LV0000334,مخابز جوهرة الرشيد - مورد,Local Vendors,840.18,2211,قشطة خبز كماج صغير 1 كغم,1151071,Legumes & Spices,26000826,2026,04,فاتورة مشتريات,الشركة التجارية,
LV0000334,مخابز جوهرة الرشيد - مورد,Local Vendors,59.66,157,قشطة خبز قمح أسمر(لمرضى السكري صغير),1151065,Legumes & Spices,26000826,2026,04,فاتورة مشتريات,الشركة التجارية,
LV0000334,مخابز جوهرة الرشيد - مورد,Local Vendors,156,312,قشطة خبز حمام 1 كغم,1151070,Legumes & Spices,26000826,2026,04,فاتورة مشتريات,الشركة التجارية,
LV0000334,مخابز جوهرة الرشيد - مورد,Local Vendors,145.6,104,قشطة قرشلة وكعك بأنواعه محلى او سادة 1 كغم,1151100,Legumes & Spices,26000826,2026,04,فاتورة مشتريات,الشركة التجارية,
LV0000334,مخابز جوهرة الرشيد - مورد,Local Vendors,75,75,قشطة قطايف 1 كغم,1151104,Legumes & Spices,26000826,2026,04,فاتورة مشتريات,الشركة التجارية,
LV0000334,مخابز جوهرة الرشيد - مورد,Local Vendors,150,150,قشطة قطايف 1 كغم,1151104,Legumes & Spices,26000827,2026,04,فاتورة مشتريات,الشركة التجارية,
LV0000334,مخابز جوهرة الرشيد - مورد,Local Vendors,39.2,28,قشطة قرشلة وكعك بأنواعه محلى او سادة 1 كغم,1151100,Legumes & Spices,26000827,2026,04,فاتورة مشتريات,الشركة التجارية,
LV0000334,مخابز جوهرة الرشيد - مورد,Local Vendors,15,150,قشطة خبز مسخن طحين زيرو,1151090,Legumes & Spices,26000827,2026,04,فاتورة مشتريات,الشركة التجارية,
LV0000334,مخابز جوهرة الرشيد - مورد,Local Vendors,19,190,قشطة خبز شراك,1151066,Legumes & Spices,26000827,2026,04,فاتورة مشتريات,الشركة التجارية,
LV0000334,مخابز جوهرة الرشيد - مورد,Local Vendors,191,1910,قشطة خبز برغر طحين زيرو 1 كغم,1151053,Legumes & Spices,26000827,2026,04,فاتورة مشتريات,الشركة التجارية,
LV0000334,مخابز جوهرة الرشيد - مورد,Local Vendors,228.5,457,قشطة خبز حمام 1 كغم,1151070,Legumes & Spices,26000827,2026,04,فاتورة مشتريات,الشركة التجارية,
LV0000334,مخابز جوهرة الرشيد - مورد,Local Vendors,93.48,246,قشطة خبز قمح أسمر(لمرضى السكري صغير),1151065,Legumes & Spices,26000827,2026,04,فاتورة مشتريات,الشركة التجارية,
LV0000334,مخابز جوهرة الرشيد - مورد,Local Vendors,530.1,1395,قشطة خبز كماج صغير 1 كغم,1151071,Legumes & Spices,26000827,2026,04,فاتورة مشتريات,الشركة التجارية,
LV0000334,مخابز جوهرة الرشيد - مورد,Local Vendors,1047,5235,الخير معجنات جاهزة مشكلة 1*1,1151010,Legumes & Spices,26000484,2026,02,فاتورة مشتريات,الشركة التجارية,
LV0000334,مخابز جوهرة الرشيد - مورد,Local Vendors,817,2150,قشطة خبز كماج صغير 1 كغم,1151071,Legumes & Spices,26000485,2026,02,فاتورة مشتريات,الشركة التجارية,
LV0000334,مخابز جوهرة الرشيد - مورد,Local Vendors,163.4,430,قشطة خبز قمح أسمر(لمرضى السكري صغير),1151065,Legumes & Spices,26000485,2026,02,فاتورة مشتريات,الشركة التجارية,
LV0000334,مخابز جوهرة الرشيد - مورد,Local Vendors,273,546,قشطة خبز حمام 1 كغم,1151070,Legumes & Spices,26000485,2026,02,فاتورة مشتريات,الشركة التجارية,
LV0000334,مخابز جوهرة الرشيد - مورد,Local Vendors,57,570,قشطة خبز شراك,1151066,Legumes & Spices,26000485,2026,02,فاتورة مشتريات,الشركة التجارية,
LV0000334,مخابز جوهرة الرشيد - مورد,Local Vendors,595,425,قشطة قرشلة وكعك بأنواعه محلى او سادة 1 كغم,1151100,Legumes & Spices,26000485,2026,02,فاتورة مشتريات,الشركة التجارية,
LV0000334,مخابز جوهرة الرشيد - مورد,Local Vendors,337.82,889,قشطة خبز كماج صغير 1 كغم,1151071,Legumes & Spices,26000578,2026,02,فاتورة مشتريات,الشركة التجارية,
LV0000334,مخابز جوهرة الرشيد - مورد,Local Vendors,10,100,قشطة خبز شراك,1151066,Legumes & Spices,26000578,2026,02,فاتورة مشتريات,الشركة التجارية,
LV0000334,مخابز جوهرة الرشيد - مورد,Local Vendors,17.2,172,قشطة خبز مسخن طحين زيرو,1151090,Legumes & Spices,26000578,2026,02,فاتورة مشتريات,الشركة التجارية,
LV0000334,مخابز جوهرة الرشيد - مورد,Local Vendors,47.6,34,قشطة قرشلة وكعك بأنواعه محلى او سادة 1 كغم,1151100,Legumes & Spices,26000578,2026,02,فاتورة مشتريات,الشركة التجارية,
LV0000334,مخابز جوهرة الرشيد - مورد,Local Vendors,956.08,2516,قشطة خبز كماج صغير 1 كغم,1151071,Legumes & Spices,26000579,2026,02,فاتورة مشتريات,الشركة التجارية,
LV0000334,مخابز جوهرة الرشيد - مورد,Local Vendors,70.3,185,قشطة خبز قمح أسمر(لمرضى السكري صغير),1151065,Legumes & Spices,26000579,2026,02,فاتورة مشتريات,الشركة التجارية,
LV0000334,مخابز جوهرة الرشيد - مورد,Local Vendors,192.5,385,قشطة خبز حمام 1 كغم,1151070,Legumes & Spices,26000579,2026,02,فاتورة مشتريات,الشركة التجارية,
LV0000334,مخابز جوهرة الرشيد - مورد,Local Vendors,15,150,قشطة خبز شراك,1151066,Legumes & Spices,26000579,2026,02,فاتورة مشتريات,الشركة التجارية,
LV0000334,مخابز جوهرة الرشيد - مورد,Local Vendors,50,500,قشطة خبز طابون,1151048,Legumes & Spices,26000579,2026,02,فاتورة مشتريات,الشركة التجارية,
LV0000334,مخابز جوهرة الرشيد - مورد,Local Vendors,137.2,98,قشطة قرشلة وكعك بأنواعه محلى او سادة 1 كغم,1151100,Legumes & Spices,26000579,2026,02,فاتورة مشتريات,الشركة التجارية,
LV0000334,مخابز جوهرة الرشيد - مورد,Local Vendors,186,930,الخير معجنات جاهزة مشكلة 1*1,1151010,Legumes & Spices,26000608,2026,02,فاتورة مشتريات,الشركة التجارية,
LV0000334,مخابز جوهرة الرشيد - مورد,Local Vendors,15,50,الخير معجنات جاهزة مشكلة 1*1,1151010,Legumes & Spices,26000608,2026,02,فاتورة مشتريات,الشركة التجارية,
LV0000334,مخابز جوهرة الرشيد - مورد,Local Vendors,115.52,304,قشطة خبز قمح أسمر(لمرضى السكري صغير),1151065,Legumes & Spices,26000486,2026,03,فاتورة مشتريات,الشركة التجارية,
LV0000334,مخابز جوهرة الرشيد - مورد,Local Vendors,266,532,قشطة خبز حمام 1 كغم,1151070,Legumes & Spices,26000486,2026,03,فاتورة مشتريات,الشركة التجارية,
LV0000334,مخابز جوهرة الرشيد - مورد,Local Vendors,11,110,قشطة خبز شراك,1151066,Legumes & Spices,26000486,2026,03,فاتورة مشتريات,الشركة التجارية,
LV0000334,مخابز جوهرة الرشيد - مورد,Local Vendors,348.5,3485,قشطة خبز برغر طحين زيرو 1 كغم,1151053,Legumes & Spices,26000486,2026,03,فاتورة مشتريات,الشركة التجارية,
LV0000334,مخابز جوهرة الرشيد - مورد,Local Vendors,100,1000,قشطة خبز طابون,1151048,Legumes & Spices,26000486,2026,03,فاتورة مشتريات,الشركة التجارية,
LV0000334,مخابز جوهرة الرشيد - مورد,Local Vendors,658.92,1734,قشطة خبز كماج صغير 1 كغم,1151071,Legumes & Spices,26000486,2026,03,فاتورة مشتريات,الشركة التجارية,
LV0000334,مخابز جوهرة الرشيد - مورد,Local Vendors,16.8,12,قشطة قرشلة وكعك بأنواعه محلى او سادة 1 كغم,1151100,Legumes & Spices,26000486,2026,03,فاتورة مشتريات,الشركة التجارية,
LV0000334,مخابز جوهرة الرشيد - مورد,Local Vendors,200,1000,الخير معجنات جاهزة مشكلة 1*1,1151010,Legumes & Spices,26000208,2026,01,فاتورة مشتريات,الشركة التجارية,
LV0000334,مخابز جوهرة الرشيد - مورد,Local Vendors,2.28,6,قشطة خبز كماج كبير 1 كغم,1151069,Legumes & Spices,26000208,2026,01,فاتورة مشتريات,الشركة التجارية,
LV0000334,مخابز جوهرة الرشيد - مورد,Local Vendors,71.5,71.5,قشطة قطايف 1 كغم,1151104,Legumes & Spices,26000838,2026,04,فاتورة مشتريات,الشركة التجارية,
LV0000334,مخابز جوهرة الرشيد - مورد,Local Vendors,25.2,18,قشطة قرشلة وكعك بأنواعه محلى او سادة 1 كغم,1151100,Legumes & Spices,26000838,2026,04,فاتورة مشتريات,الشركة التجارية,
LV0000334,مخابز جوهرة الرشيد - مورد,Local Vendors,55,550,قشطة خبز طابون,1151048,Legumes & Spices,26000838,2026,04,فاتورة مشتريات,الشركة التجارية,
LV0000334,مخابز جوهرة الرشيد - مورد,Local Vendors,26.5,265,قشطة خبز شراك,1151066,Legumes & Spices,26000838,2026,04,فاتورة مشتريات,الشركة التجارية,
LV0000334,مخابز جوهرة الرشيد - مورد,Local Vendors,150,1500,قشطة خبز فرنسي زنجر بسمسم او سادة,1151049,Legumes & Spices,26000838,2026,04,فاتورة مشتريات,الشركة التجارية,
LV0000334,مخابز جوهرة الرشيد - مورد,Local Vendors,219.5,439,قشطة خبز حمام 1 كغم,1151070,Legumes & Spices,26000838,2026,04,فاتورة مشتريات,الشركة التجارية,
LV0000334,مخابز جوهرة الرشيد - مورد,Local Vendors,76.38,201,قشطة خبز قمح أسمر(لمرضى السكري صغير),1151065,Legumes & Spices,26000838,2026,04,فاتورة مشتريات,الشركة التجارية,
LV0000334,مخابز جوهرة الرشيد - مورد,Local Vendors,438.14,1153,قشطة خبز كماج صغير 1 كغم,1151071,Legumes & Spices,26000838,2026,04,فاتورة مشتريات,الشركة التجارية,
LV0000334,مخابز جوهرة الرشيد - مورد,Local Vendors,223,1115,الخير معجنات جاهزة مشكلة 1*1,1151010,Legumes & Spices,26000839,2026,04,فاتورة مشتريات,الشركة التجارية,
LV0000334,مخابز جوهرة الرشيد - مورد,Local Vendors,418,1100,قشطة خبز كماج صغير 1 كغم,1151071,Legumes & Spices,26000840,2026,04,فاتورة مشتريات,الشركة التجارية,
LV0000334,مخابز جوهرة الرشيد - مورد,Local Vendors,5.7,15,قشطة خبز قمح أسمر(لمرضى السكري صغير),1151065,Legumes & Spices,26000840,2026,04,فاتورة مشتريات,الشركة التجارية,
LV0000334,مخابز جوهرة الرشيد - مورد,Local Vendors,29,58,قشطة خبز حمام 1 كغم,1151070,Legumes & Spices,26000840,2026,04,فاتورة مشتريات,الشركة التجارية,
LV0000334,مخابز جوهرة الرشيد - مورد,Local Vendors,205.8,147,قشطة قرشلة وكعك بأنواعه محلى او سادة 1 كغم,1151100,Legumes & Spices,26000840,2026,04,فاتورة مشتريات,الشركة التجارية,
LV0000334,مخابز جوهرة الرشيد - مورد,Local Vendors,40,40,قشطة قطايف 1 كغم,1151104,Legumes & Spices,26000840,2026,04,فاتورة مشتريات,الشركة التجارية,
LV0000334,مخابز جوهرة الرشيد - مورد,Local Vendors,26.6,19,قشطة قرشلة وكعك بأنواعه محلى او سادة 1 كغم,1151100,Legumes & Spices,26000841,2026,04,فاتورة مشتريات,الشركة التجارية,
LV0000334,مخابز جوهرة الرشيد - مورد,Local Vendors,39,39,قشطة قطايف 1 كغم,1151104,Legumes & Spices,26000841,2026,04,فاتورة مشتريات,الشركة التجارية,
LV0000334,مخابز جوهرة الرشيد - مورد,Local Vendors,16,160,قشطة خبز طابون,1151048,Legumes & Spices,26000841,2026,04,فاتورة مشتريات,الشركة التجارية,
LV0000334,مخابز جوهرة الرشيد - مورد,Local Vendors,7.5,75,قشطة خبز شراك,1151066,Legumes & Spices,26000841,2026,04,فاتورة مشتريات,الشركة التجارية,
LV0000334,مخابز جوهرة الرشيد - مورد,Local Vendors,264.86,697,قشطة خبز كماج صغير 1 كغم,1151071,Legumes & Spices,26000841,2026,04,فاتورة مشتريات,الشركة التجارية,
LV0000334,مخابز جوهرة الرشيد - مورد,Local Vendors,772.92,2034,قشطة خبز كماج صغير 1 كغم,1151071,Legumes & Spices,26000842,2026,04,فاتورة مشتريات,الشركة التجارية,
LV0000334,مخابز جوهرة الرشيد - مورد,Local Vendors,138.7,365,قشطة خبز قمح أسمر(لمرضى السكري صغير),1151065,Legumes & Spices,26000842,2026,04,فاتورة مشتريات,الشركة التجارية,
LV0000334,مخابز جوهرة الرشيد - مورد,Local Vendors,168.5,337,قشطة خبز حمام 1 كغم,1151070,Legumes & Spices,26000842,2026,04,فاتورة مشتريات,الشركة التجارية,
LV0000334,مخابز جوهرة الرشيد - مورد,Local Vendors,50,500,قشطة خبز شراك,1151066,Legumes & Spices,26000842,2026,04,فاتورة مشتريات,الشركة التجارية,
LV0000334,مخابز جوهرة الرشيد - مورد,Local Vendors,665,475,قشطة قرشلة وكعك بأنواعه محلى او سادة 1 كغم,1151100,Legumes & Spices,26000842,2026,04,فاتورة مشتريات,الشركة التجارية,
LV0000334,مخابز جوهرة الرشيد - مورد,Local Vendors,240,240,قشطة قطايف 1 كغم,1151104,Legumes & Spices,26000842,2026,04,فاتورة مشتريات,الشركة التجارية,
LV0000334,مخابز جوهرة الرشيد - مورد,Local Vendors,3,0.5,قشطة خبز ذرة لمرضى حساسية الجلوتين,1151102,Legumes & Spices,26000842,2026,04,فاتورة مشتريات,الشركة التجارية,
LV0000334,مخابز جوهرة الرشيد - مورد,Local Vendors,105,105,قشطة قطايف 1 كغم,1151104,Legumes & Spices,26000843,2026,04,فاتورة مشتريات,الشركة التجارية,
LV0000334,مخابز جوهرة الرشيد - مورد,Local Vendors,131.6,94,قشطة قرشلة وكعك بأنواعه محلى او سادة 1 كغم,1151100,Legumes & Spices,26000843,2026,04,فاتورة مشتريات,الشركة التجارية,
LV0000334,مخابز جوهرة الرشيد - مورد,Local Vendors,20,200,قشطة خبز طابون,1151048,Legumes & Spices,26000843,2026,04,فاتورة مشتريات,الشركة التجارية,
LV0000334,مخابز جوهرة الرشيد - مورد,Local Vendors,7.5,75,قشطة خبز شراك,1151066,Legumes & Spices,26000843,2026,04,فاتورة مشتريات,الشركة التجارية,
LV0000334,مخابز جوهرة الرشيد - مورد,Local Vendors,94,188,قشطة خبز حمام 1 كغم,1151070,Legumes & Spices,26000843,2026,04,فاتورة مشتريات,الشركة التجارية,
LV0000334,مخابز جوهرة الرشيد - مورد,Local Vendors,58.52,154,قشطة خبز قمح أسمر(لمرضى السكري صغير),1151065,Legumes & Spices,26000843,2026,04,فاتورة مشتريات,الشركة التجارية,
LV0000334,مخابز جوهرة الرشيد - مورد,Local Vendors,760.38,2001,قشطة خبز كماج صغير 1 كغم,1151071,Legumes & Spices,26000843,2026,04,فاتورة مشتريات,الشركة التجارية,
LV0000334,مخابز جوهرة الرشيد - مورد,Local Vendors,1040.44,2738,قشطة خبز كماج صغير 1 كغم,1151071,Legumes & Spices,26001023,2026,06,فاتورة مشتريات,الشركة التجارية,
LV0000334,مخابز جوهرة الرشيد - مورد,Local Vendors,57.38,151,قشطة خبز قمح أسمر(لمرضى السكري صغير),1151065,Legumes & Spices,26001023,2026,06,فاتورة مشتريات,الشركة التجارية,
LV0000334,مخابز جوهرة الرشيد - مورد,Local Vendors,229,458,قشطة خبز حمام 1 كغم,1151070,Legumes & Spices,26001023,2026,06,فاتورة مشتريات,الشركة التجارية,
LV0000334,مخابز جوهرة الرشيد - مورد,Local Vendors,145.6,104,قشطة قرشلة وكعك بأنواعه محلى او سادة 1 كغم,1151100,Legumes & Spices,26001023,2026,06,فاتورة مشتريات,الشركة التجارية,
LV0000334,مخابز جوهرة الرشيد - مورد,Local Vendors,35,350,قشطة خبز طابون,1151048,Legumes & Spices,26001023,2026,06,فاتورة مشتريات,الشركة التجارية,
LV0000334,مخابز جوهرة الرشيد - مورد,Local Vendors,40,200,الخير معجنات جاهزة مشكلة 1*1,1151010,Legumes & Spices,26001024,2026,06,فاتورة مشتريات,الشركة التجارية,
LV0000334,مخابز جوهرة الرشيد - مورد,Local Vendors,1058,5290,الخير معجنات جاهزة مشكلة 1*1,1151010,Legumes & Spices,26001025,2026,06,فاتورة مشتريات,الشركة التجارية,
LV0000334,مخابز جوهرة الرشيد - مورد,Local Vendors,358.72,944,قشطة خبز كماج صغير 1 كغم,1151071,Legumes & Spices,26001026,2026,06,فاتورة مشتريات,الشركة التجارية,
LV0000334,مخابز جوهرة الرشيد - مورد,Local Vendors,8,80,قشطة خبز طابون,1151048,Legumes & Spices,26001026,2026,06,فاتورة مشتريات,الشركة التجارية,
LV0000334,مخابز جوهرة الرشيد - مورد,Local Vendors,4,40,قشطة خبز شراك,1151066,Legumes & Spices,26001026,2026,06,فاتورة مشتريات,الشركة التجارية,
LV0000334,مخابز جوهرة الرشيد - مورد,Local Vendors,51.8,37,قشطة قرشلة وكعك بأنواعه محلى او سادة 1 كغم,1151100,Legumes & Spices,26001026,2026,06,فاتورة مشتريات,الشركة التجارية,
LV0000334,مخابز جوهرة الرشيد - مورد,Local Vendors,4.5,3,قشطة قرشلة مطحونة ناعم أو خشن او حار 1 كغم,1151092,Legumes & Spices,26001026,2026,06,فاتورة مشتريات,الشركة التجارية,
LV0000334,مخابز جوهرة الرشيد - مورد,Local Vendors,327.94,863,قشطة خبز كماج صغير 1 كغم,1151071,Legumes & Spices,26001027,2026,06,فاتورة مشتريات,الشركة التجارية,
LV0000334,مخابز جوهرة الرشيد - مورد,Local Vendors,8.5,85,قشطة خبز شراك,1151066,Legumes & Spices,26001027,2026,06,فاتورة مشتريات,الشركة التجارية,
LV0000334,مخابز جوهرة الرشيد - مورد,Local Vendors,8.4,84,قشطة خبز مسخن طحين زيرو,1151090,Legumes & Spices,26001027,2026,06,فاتورة مشتريات,الشركة التجارية,
LV0000334,مخابز جوهرة الرشيد - مورد,Local Vendors,39.2,28,قشطة قرشلة وكعك بأنواعه محلى او سادة 1 كغم,1151100,Legumes & Spices,26001027,2026,06,فاتورة مشتريات,الشركة التجارية,
LV0000334,مخابز جوهرة الرشيد - مورد,Local Vendors,134.4,96,قشطة قرشلة وكعك بأنواعه محلى او سادة 1 كغم,1151100,Legumes & Spices,26001028,2026,06,فاتورة مشتريات,الشركة التجارية,
LV0000334,مخابز جوهرة الرشيد - مورد,Local Vendors,187,374,قشطة خبز حمام 1 كغم,1151070,Legumes & Spices,26001028,2026,06,فاتورة مشتريات,الشركة التجارية,
LV0000334,مخابز جوهرة الرشيد - مورد,Local Vendors,58.52,154,قشطة خبز قمح أسمر(لمرضى السكري صغير),1151065,Legumes & Spices,26001028,2026,06,فاتورة مشتريات,الشركة التجارية,
LV0000334,مخابز جوهرة الرشيد - مورد,Local Vendors,989.9,2605,قشطة خبز كماج صغير 1 كغم,1151071,Legumes & Spices,26001028,2026,06,فاتورة مشتريات,الشركة التجارية,
LV0000334,مخابز جوهرة الرشيد - مورد,Local Vendors,794.2,2090,قشطة خبز كماج صغير 1 كغم,1151071,Legumes & Spices,26001029,2026,06,فاتورة مشتريات,الشركة التجارية,
LV0000334,مخابز جوهرة الرشيد - مورد,Local Vendors,129.96,342,قشطة خبز قمح أسمر(لمرضى السكري صغير),1151065,Legumes & Spices,26001029,2026,06,فاتورة مشتريات,الشركة التجارية,
LV0000334,مخابز جوهرة الرشيد - مورد,Local Vendors,280,560,قشطة خبز حمام 1 كغم,1151070,Legumes & Spices,26001029,2026,06,فاتورة مشتريات,الشركة التجارية,
LV0000334,مخابز جوهرة الرشيد - مورد,Local Vendors,546,390,قشطة قرشلة وكعك بأنواعه محلى او سادة 1 كغم,1151100,Legumes & Spices,26001029,2026,06,فاتورة مشتريات,الشركة التجارية,
LV0000334,مخابز جوهرة الرشيد - مورد,Local Vendors,55,550,قشطة خبز شراك,1151066,Legumes & Spices,26001029,2026,06,فاتورة مشتريات,الشركة التجارية,
LV0000334,مخابز جوهرة الرشيد - مورد,Local Vendors,799.9,2105,قشطة خبز كماج صغير 1 كغم,1151071,Legumes & Spices,26001030,2026,06,فاتورة مشتريات,الشركة التجارية,
LV0000334,مخابز جوهرة الرشيد - مورد,Local Vendors,130.72,344,قشطة خبز قمح أسمر(لمرضى السكري صغير),1151065,Legumes & Spices,26001030,2026,06,فاتورة مشتريات,الشركة التجارية,
LV0000334,مخابز جوهرة الرشيد - مورد,Local Vendors,257,514,قشطة خبز حمام 1 كغم,1151070,Legumes & Spices,26001030,2026,06,فاتورة مشتريات,الشركة التجارية,
LV0000334,مخابز جوهرة الرشيد - مورد,Local Vendors,67.5,675,قشطة خبز شراك,1151066,Legumes & Spices,26001030,2026,06,فاتورة مشتريات,الشركة التجارية,
LV0000334,مخابز جوهرة الرشيد - مورد,Local Vendors,3.5,1,قشطة خبز ذرة لمرضى حساسية الجلوتين,1151102,Legumes & Spices,26001030,2026,06,فاتورة مشتريات,الشركة التجارية,
LV0000334,مخابز جوهرة الرشيد - مورد,Local Vendors,539,385,قشطة قرشلة وكعك بأنواعه محلى او سادة 1 كغم,1151100,Legumes & Spices,26001030,2026,06,فاتورة مشتريات,الشركة التجارية,
LV0000334,مخابز جوهرة الرشيد - مورد,Local Vendors,568.1,1495,قشطة خبز كماج صغير 1 كغم,1151071,Legumes & Spices,26001032,2026,06,فاتورة مشتريات,الشركة التجارية,
LV0000334,مخابز جوهرة الرشيد - مورد,Local Vendors,47.5,125,قشطة خبز قمح أسمر(لمرضى السكري صغير),1151065,Legumes & Spices,26001032,2026,06,فاتورة مشتريات,الشركة التجارية,
LV0000334,مخابز جوهرة الرشيد - مورد,Local Vendors,24.15,48.3,قشطة خبز حمام 1 كغم,1151070,Legumes & Spices,26001032,2026,06,فاتورة مشتريات,الشركة التجارية,
LV0000334,مخابز جوهرة الرشيد - مورد,Local Vendors,10,100,قشطة خبز شراك,1151066,Legumes & Spices,26001032,2026,06,فاتورة مشتريات,الشركة التجارية,
LV0000334,مخابز جوهرة الرشيد - مورد,Local Vendors,294,210,قشطة قرشلة وكعك بأنواعه محلى او سادة 1 كغم,1151100,Legumes & Spices,26001032,2026,06,فاتورة مشتريات,الشركة التجارية,
LV0000334,مخابز جوهرة الرشيد - مورد,Local Vendors,573.8,1510,قشطة خبز كماج صغير 1 كغم,1151071,Legumes & Spices,26001033,2026,06,فاتورة مشتريات,الشركة التجارية,
LV0000334,مخابز جوهرة الرشيد - مورد,Local Vendors,63.08,166,قشطة خبز قمح أسمر(لمرضى السكري صغير),1151065,Legumes & Spices,26001033,2026,06,فاتورة مشتريات,الشركة التجارية,
LV0000334,مخابز جوهرة الرشيد - مورد,Local Vendors,23.33,46.66,قشطة خبز حمام 1 كغم,1151070,Legumes & Spices,26001033,2026,06,فاتورة مشتريات,الشركة التجارية,
LV0000334,مخابز جوهرة الرشيد - مورد,Local Vendors,303.8,217,قشطة قرشلة وكعك بأنواعه محلى او سادة 1 كغم,1151100,Legumes & Spices,26001033,2026,06,فاتورة مشتريات,الشركة التجارية,
LV0000334,مخابز جوهرة الرشيد - مورد,Local Vendors,1247,6235,الخير معجنات جاهزة مشكلة 1*1,1151010,Legumes & Spices,26001034,2026,06,فاتورة مشتريات,الشركة التجارية,
LV0000334,مخابز جوهرة الرشيد - مورد,Local Vendors,8.4,6,قشطة قرشلة وكعك بأنواعه محلى او سادة 1 كغم,1151100,Legumes & Spices,26001035,2026,06,فاتورة مشتريات,الشركة التجارية,
LV0000334,مخابز جوهرة الرشيد - مورد,Local Vendors,4,40,قشطة خبز شراك,1151066,Legumes & Spices,26001035,2026,06,فاتورة مشتريات,الشركة التجارية,
LV0000334,مخابز جوهرة الرشيد - مورد,Local Vendors,195,1950,قشطة خبز طابون,1151048,Legumes & Spices,26001035,2026,06,فاتورة مشتريات,الشركة التجارية,
LV0000334,مخابز جوهرة الرشيد - مورد,Local Vendors,430,430,قشطة خبز فرنسي زنجر بسمسم او سادة,1151049,Legumes & Spices,26001035,2026,06,فاتورة مشتريات,الشركة التجارية,
LV0000334,مخابز جوهرة الرشيد - مورد,Local Vendors,262,524,قشطة خبز حمام 1 كغم,1151070,Legumes & Spices,26001035,2026,06,فاتورة مشتريات,الشركة التجارية,
LV0000334,مخابز جوهرة الرشيد - مورد,Local Vendors,98.04,258,قشطة خبز قمح أسمر(لمرضى السكري صغير),1151065,Legumes & Spices,26001035,2026,06,فاتورة مشتريات,الشركة التجارية,
LV0000334,مخابز جوهرة الرشيد - مورد,Local Vendors,685.52,1804,قشطة خبز كماج صغير 1 كغم,1151071,Legumes & Spices,26001035,2026,06,فاتورة مشتريات,الشركة التجارية,
LV0000334,مخابز جوهرة الرشيد - مورد,Local Vendors,597.36,1572,قشطة خبز كماج صغير 1 كغم,1151071,Legumes & Spices,26001036,2026,06,فاتورة مشتريات,الشركة التجارية,
LV0000334,مخابز جوهرة الرشيد - مورد,Local Vendors,82.46,217,قشطة خبز قمح أسمر(لمرضى السكري صغير),1151065,Legumes & Spices,26001036,2026,06,فاتورة مشتريات,الشركة التجارية,
LV0000334,مخابز جوهرة الرشيد - مورد,Local Vendors,252.5,505,قشطة خبز حمام 1 كغم,1151070,Legumes & Spices,26001036,2026,06,فاتورة مشتريات,الشركة التجارية,
LV0000334,مخابز جوهرة الرشيد - مورد,Local Vendors,349,349,قشطة خبز فرنسي زنجر بسمسم او سادة,1151049,Legumes & Spices,26001036,2026,06,فاتورة مشتريات,الشركة التجارية,
LV0000334,مخابز جوهرة الرشيد - مورد,Local Vendors,180,1800,قشطة خبز طابون,1151048,Legumes & Spices,26001036,2026,06,فاتورة مشتريات,الشركة التجارية,
LV0000334,مخابز جوهرة الرشيد - مورد,Local Vendors,3,30,قشطة خبز شراك,1151066,Legumes & Spices,26001036,2026,06,فاتورة مشتريات,الشركة التجارية,
LV0000334,مخابز جوهرة الرشيد - مورد,Local Vendors,9.8,7,قشطة قرشلة وكعك بأنواعه محلى او سادة 1 كغم,1151100,Legumes & Spices,26001036,2026,06,فاتورة مشتريات,الشركة التجارية,
LV0000334,مخابز جوهرة الرشيد - مورد,Local Vendors,-11.2,-8,قشطة قرشلة وكعك بأنواعه محلى او سادة 1 كغم,1151100,Legumes & Spices,26000006,2026,03,مرتجع مشتريات,الشركة التجارية,
LV0000334,مخابز جوهرة الرشيد - مورد,Local Vendors,-15,-50,الخير معجنات جاهزة مشكلة 1*1,1151010,Legumes & Spices,26000008,2026,03,مرتجع مشتريات,الشركة التجارية,
LV0000126,مخبز جوهرة الجنوب,Local Vendors,160,400,قشطة خبز كماج صغير 1 كغم,1151071,Legumes & Spices,26001071,2026,07,فاتورة مشتريات,الشركة التجارية,
LV0000323,بعيا للتخليص على البضائع,Local Vendors,900,0,Shipping,,,26000184,2026,01,فاتورة مشتريات,الشركة التجارية,
LV0000323,بعيا للتخليص على البضائع,Local Vendors,900,0,Shipping,,,26000184,2026,01,فاتورة مشتريات,الشركة التجارية,
LV0000323,بعيا للتخليص على البضائع,Local Vendors,4220.13,0,Customs,,,26000184,2026,01,فاتورة مشتريات,الشركة التجارية,
LV0000323,بعيا للتخليص على البضائع,Local Vendors,4220.13,0,Customs,,,26000184,2026,01,فاتورة مشتريات,الشركة التجارية,
LV0000323,بعيا للتخليص على البضائع,Local Vendors,1806.77,0,Clearance,,,26000184,2026,01,فاتورة مشتريات,الشركة التجارية,
LV0000323,بعيا للتخليص على البضائع,Local Vendors,1806.77,0,Clearance,,,26000184,2026,01,فاتورة مشتريات,الشركة التجارية,
LV0000323,بعيا للتخليص على البضائع,Local Vendors,3376.1,0,,,,26000184,2026,01,فاتورة مشتريات,الشركة التجارية,
LV0000323,بعيا للتخليص على البضائع,Local Vendors,3376.1,0,,,,26000184,2026,01,فاتورة مشتريات,الشركة التجارية,
LV0000109,النظرة الذكية للتجهيزات المكتبية,Local Vendors,25.862,0,حبر طابعة عدد 3,,,26000180,2026,01,فاتورة مشتريات,الشركة التجارية,
LV0000109,النظرة الذكية للتجهيزات المكتبية,Local Vendors,18.103,0,,,,26000468,2026,03,فاتورة مشتريات,الشركة التجارية,
LV0000109,النظرة الذكية للتجهيزات المكتبية,Local Vendors,33.621,0,,,,26000849,2026,04,فاتورة مشتريات,الشركة التجارية,
LV0000347,شركة الضوء الأخضر للتموين,Local Vendors,140,0,,,,26000762,2026,04,فاتورة مشتريات,الشركة التجارية,
LV0000347,شركة الضوء الأخضر للتموين,Local Vendors,49,0,,,,26000763,2026,04,فاتورة مشتريات,الشركة التجارية,
LV0000347,شركة الضوء الأخضر للتموين,Local Vendors,70,0,,,,26000463,2026,03,فاتورة مشتريات,الشركة التجارية,
LV0000347,شركة الضوء الأخضر للتموين,Local Vendors,35,0,,,,26000950,2026,05,فاتورة مشتريات,الشركة التجارية,
LV0000347,شركة الضوء الأخضر للتموين,Local Vendors,700,1000,شيخ الكار عدس مجروش 1 كغم,1151072,Legumes & Spices,26000951,2026,05,فاتورة مشتريات,الشركة التجارية,
LV0000347,شركة الضوء الأخضر للتموين,Local Vendors,241.5,0,,,,26000952,2026,05,فاتورة مشتريات,الشركة التجارية,
LV0000145,صبحي اسماعيل محمد,Local Vendors,266.139,96,شيخ الكار بيض طازج 1920 غم فأكثر 1*1,1151111,Legumes & Spices,26000190,2026,02,فاتورة مشتريات,الشركة التجارية,
LV0000082,مخابز العفيف الدولية,Local Vendors,605,1210,قشطة خبز حمام 1 كغم,1151070,Legumes & Spices,26000195,2026,01,فاتورة مشتريات,الشركة التجارية,
LV0000082,مخابز العفيف الدولية,Local Vendors,189,540,قشطة خبز كماج صغير 1 كغم,1151071,Legumes & Spices,26000195,2026,01,فاتورة مشتريات,الشركة التجارية,
LV0000082,مخابز العفيف الدولية,Local Vendors,51,102,قشطة خبز حمام 1 كغم,1151070,Legumes & Spices,26000196,2026,01,فاتورة مشتريات,الشركة التجارية,
LV0000082,مخابز العفيف الدولية,Local Vendors,420,1200,قشطة خبز كماج صغير 1 كغم,1151071,Legumes & Spices,26000197,2026,01,فاتورة مشتريات,الشركة التجارية,
LV0000082,مخابز العفيف الدولية,Local Vendors,94.5,70,قشطة قرشلة وكعك بأنواعه محلى او سادة 1 كغم,1151100,Legumes & Spices,26000197,2026,01,فاتورة مشتريات,الشركة التجارية,
LV0000082,مخابز العفيف الدولية,Local Vendors,37.2,93,قشطة خبز قمح أسمر(لمرضى السكري صغير),1151065,Legumes & Spices,26000197,2026,01,فاتورة مشتريات,الشركة التجارية,
LV0000082,مخابز العفيف الدولية,Local Vendors,42,84,قشطة خبز حمام 1 كغم,1151070,Legumes & Spices,26000197,2026,01,فاتورة مشتريات,الشركة التجارية,
LV0000082,مخابز العفيف الدولية,Local Vendors,194.25,555,قشطة خبز كماج صغير 1 كغم,1151071,Legumes & Spices,26000198,2026,01,فاتورة مشتريات,الشركة التجارية,
LV0000082,مخابز العفيف الدولية,Local Vendors,625,1250,قشطة خبز حمام 1 كغم,1151070,Legumes & Spices,26000198,2026,01,فاتورة مشتريات,الشركة التجارية,
LV0000082,مخابز العفيف الدولية,Local Vendors,421.75,1205,قشطة خبز كماج صغير 1 كغم,1151071,Legumes & Spices,26000226,2026,01,فاتورة مشتريات,الشركة التجارية,
LV0000082,مخابز العفيف الدولية,Local Vendors,108,80,قشطة قرشلة وكعك بأنواعه محلى او سادة 1 كغم,1151100,Legumes & Spices,26000226,2026,01,فاتورة مشتريات,الشركة التجارية,
LV0000082,مخابز العفيف الدولية,Local Vendors,36,72,قشطة خبز حمام 1 كغم,1151070,Legumes & Spices,26000226,2026,01,فاتورة مشتريات,الشركة التجارية,
LV0000082,مخابز العفيف الدولية,Local Vendors,36,90,قشطة خبز قمح أسمر(لمرضى السكري صغير),1151065,Legumes & Spices,26000226,2026,01,فاتورة مشتريات,الشركة التجارية,
LV0000082,مخابز العفيف الدولية,Local Vendors,91,70,قشطة قرشلة وكعك بأنواعه محلى او سادة 1 كغم,1151100,Legumes & Spices,26000732,2026,04,فاتورة مشتريات,الشركة التجارية,
LV0000082,مخابز العفيف الدولية,Local Vendors,413,1180,قشطة خبز كماج صغير 1 كغم,1151071,Legumes & Spices,26000732,2026,04,فاتورة مشتريات,الشركة التجارية,
LV0000082,مخابز العفيف الدولية,Local Vendors,81,90,قشطة قطايف 1 كغم,1151104,Legumes & Spices,26000732,2026,04,فاتورة مشتريات,الشركة التجارية,
LV0000082,مخابز العفيف الدولية,Local Vendors,33.6,84,قشطة خبز قمح أسمر(لمرضى السكري صغير),1151065,Legumes & Spices,26000732,2026,04,فاتورة مشتريات,الشركة التجارية,
LV0000082,مخابز العفيف الدولية,Local Vendors,28.5,57,قشطة خبز حمام 1 كغم,1151070,Legumes & Spices,26000732,2026,04,فاتورة مشتريات,الشركة التجارية,
LV0000082,مخابز العفيف الدولية,Local Vendors,439.25,1255,قشطة خبز كماج صغير 1 كغم,1151071,Legumes & Spices,26000712,2026,04,فاتورة مشتريات,الشركة التجارية,
LV0000082,مخابز العفيف الدولية,Local Vendors,91,70,قشطة قرشلة وكعك بأنواعه محلى او سادة 1 كغم,1151100,Legumes & Spices,26000712,2026,04,فاتورة مشتريات,الشركة التجارية,
LV0000082,مخابز العفيف الدولية,Local Vendors,30,60,قشطة خبز حمام 1 كغم,1151070,Legumes & Spices,26000712,2026,04,فاتورة مشتريات,الشركة التجارية,
LV0000082,مخابز العفيف الدولية,Local Vendors,37.2,93,قشطة خبز قمح أسمر(لمرضى السكري صغير),1151065,Legumes & Spices,26000712,2026,04,فاتورة مشتريات,الشركة التجارية,
LV0000082,مخابز العفيف الدولية,Local Vendors,21.5,43,قشطة خبز حمام 1 كغم,1151070,Legumes & Spices,26000713,2026,04,فاتورة مشتريات,الشركة التجارية,
LV0000082,مخابز العفيف الدولية,Local Vendors,195.65,559,قشطة خبز كماج صغير 1 كغم,1151071,Legumes & Spices,26000714,2026,04,فاتورة مشتريات,الشركة التجارية,
LV0000082,مخابز العفيف الدولية,Local Vendors,623.5,1247,قشطة خبز حمام 1 كغم,1151070,Legumes & Spices,26000714,2026,04,فاتورة مشتريات,الشركة التجارية,
LV0000082,مخابز العفيف الدولية,Local Vendors,51.32,40,قشطة قرشلة وكعك بأنواعه محلى او سادة 1 كغم,1151100,Legumes & Spices,26000716,2026,04,فاتورة مشتريات,الشركة التجارية,
LV0000082,مخابز العفيف الدولية,Local Vendors,12,24,قشطة خبز حمام 1 كغم,1151070,Legumes & Spices,26000716,2026,04,فاتورة مشتريات,الشركة التجارية,
LV0000082,مخابز العفيف الدولية,Local Vendors,37.2,93,قشطة خبز قمح أسمر(لمرضى السكري صغير),1151065,Legumes & Spices,26000716,2026,04,فاتورة مشتريات,الشركة التجارية,
LV0000082,مخابز العفيف الدولية,Local Vendors,430.5,1230,قشطة خبز كماج صغير 1 كغم,1151071,Legumes & Spices,26000716,2026,04,فاتورة مشتريات,الشركة التجارية,
LV0000082,مخابز العفيف الدولية,Local Vendors,171,190,قشطة قطايف 1 كغم,1151104,Legumes & Spices,26000716,2026,04,فاتورة مشتريات,الشركة التجارية,
LV0000082,مخابز العفيف الدولية,Local Vendors,18.5,37,قشطة خبز حمام 1 كغم,1151070,Legumes & Spices,26000717,2026,04,فاتورة مشتريات,الشركة التجارية,
LV0000082,مخابز العفيف الدولية,Local Vendors,123.55,353,قشطة خبز كماج صغير 1 كغم,1151071,Legumes & Spices,26000718,2026,04,فاتورة مشتريات,الشركة التجارية,
LV0000082,مخابز العفيف الدولية,Local Vendors,462,924,قشطة خبز حمام 1 كغم,1151070,Legumes & Spices,26000718,2026,04,فاتورة مشتريات,الشركة التجارية,
LV0000082,مخابز العفيف الدولية,Local Vendors,166.5,185,قشطة قطايف 1 كغم,1151104,Legumes & Spices,26000718,2026,04,فاتورة مشتريات,الشركة التجارية,
LV0000082,مخابز العفيف الدولية,Local Vendors,25,50,قشطة خبز حمام 1 كغم,1151070,Legumes & Spices,26000733,2026,04,فاتورة مشتريات,الشركة التجارية,
LV0000082,مخابز العفيف الدولية,Local Vendors,87.3,97,قشطة قطايف 1 كغم,1151104,Legumes & Spices,26000734,2026,04,فاتورة مشتريات,الشركة التجارية,
LV0000082,مخابز العفيف الدولية,Local Vendors,148.75,425,قشطة خبز كماج صغير 1 كغم,1151071,Legumes & Spices,26000734,2026,04,فاتورة مشتريات,الشركة التجارية,
LV0000082,مخابز العفيف الدولية,Local Vendors,538.5,1077,قشطة خبز حمام 1 كغم,1151070,Legumes & Spices,26000734,2026,04,فاتورة مشتريات,الشركة التجارية,
LV0000082,مخابز العفيف الدولية,Local Vendors,854,2440,قشطة خبز كماج صغير 1 كغم,1151071,Legumes & Spices,26000894,2026,05,فاتورة مشتريات,الشركة التجارية,
LV0000008,بوندد البنك الاسلامي الاردني - سحاب,Local Vendors,41.897,0,,,,26000903,2026,05,فاتورة مشتريات,الشركة التجارية,
LV0000008,بوندد البنك الاسلامي الاردني - سحاب,Local Vendors,1127.25,0,,,,26000904,2026,05,فاتورة مشتريات,الشركة التجارية,
LV0000008,بوندد البنك الاسلامي الاردني - سحاب,Local Vendors,107.65,0,,,,26000905,2026,05,فاتورة مشتريات,الشركة التجارية,
LV0000008,بوندد البنك الاسلامي الاردني - سحاب,Local Vendors,712.233,0,,,,26000898,2026,05,فاتورة مشتريات,الشركة التجارية,
LV0000008,بوندد البنك الاسلامي الاردني - سحاب,Local Vendors,386.929,0,,,,26000899,2026,05,فاتورة مشتريات,الشركة التجارية,
LV0000008,بوندد البنك الاسلامي الاردني - سحاب,Local Vendors,40.947,0,,,,26000900,2026,05,فاتورة مشتريات,الشركة التجارية,
LV0000008,بوندد البنك الاسلامي الاردني - سحاب,Local Vendors,488.35,0,,,,26000901,2026,05,فاتورة مشتريات,الشركة التجارية,
LV0000008,بوندد البنك الاسلامي الاردني - سحاب,Local Vendors,726.283,0,,,,26000902,2026,05,فاتورة مشتريات,الشركة التجارية,
LV0000021,شركة دلتا الصناعية لتعبئة وتغليف الحليب المجفف,Local Vendors,4248,12000,ميار محضر غذائي بالدسم النباتي 250 غم *24,1091004,Milk,26000493,2026,03,فاتورة مشتريات,الشركة التجارية,
LV0000021,شركة دلتا الصناعية لتعبئة وتغليف الحليب المجفف,Local Vendors,4002,6000,الموسم حليب كامل الدسم (نباتي) 250 غم *24,1091009,Milk,26000493,2026,03,فاتورة مشتريات,الشركة التجارية,
LV0000021,شركة دلتا الصناعية لتعبئة وتغليف الحليب المجفف,Local Vendors,5502,6000,ميار محضر غذائي بالدسم النباتي 700 غم 1*12,1091003,Milk,26000493,2026,03,فاتورة مشتريات,الشركة التجارية,
LV0000021,شركة دلتا الصناعية لتعبئة وتغليف الحليب المجفف,Local Vendors,9750,4500,ميار محضر غذائي بالدسم النباتي 1700 غم *6,1091008,Milk,26000354,2026,02,فاتورة مشتريات,الشركة التجارية,
LV0000021,شركة دلتا الصناعية لتعبئة وتغليف الحليب المجفف,Local Vendors,8487.504,24000,ميار محضر غذائي بالدسم النباتي 250 غم *24,1091004,Milk,26000961,2026,05,فاتورة مشتريات,الشركة التجارية,
LV0000021,شركة دلتا الصناعية لتعبئة وتغليف الحليب المجفف,Local Vendors,16506,18000,ميار محضر غذائي بالدسم النباتي 700 غم 1*12,1091003,Milk,26000961,2026,05,فاتورة مشتريات,الشركة التجارية,
LV0000021,شركة دلتا الصناعية لتعبئة وتغليف الحليب المجفف,Local Vendors,45507,21000,ميار محضر غذائي بالدسم النباتي 1700 غم *6,1091008,Milk,26000961,2026,05,فاتورة مشتريات,الشركة التجارية,
LV0000021,شركة دلتا الصناعية لتعبئة وتغليف الحليب المجفف,Local Vendors,2200.8,2400,شيخ الكار حليب كامل الدسم (حيواني) 250 غم *24,1091005,Milk,26001013,2026,06,فاتورة مشتريات,الشركة التجارية,
LV0000021,شركة دلتا الصناعية لتعبئة وتغليف الحليب المجفف,Local Vendors,2900.4,1200,شيخ الكار حليب كامل الدسم (حيواني) 700 غم *12,1091002,Milk,26001013,2026,06,فاتورة مشتريات,الشركة التجارية,
LV0000021,شركة دلتا الصناعية لتعبئة وتغليف الحليب المجفف,Local Vendors,10499.4,1800,شيخ الكار حليب كامل الدسم (حيواني) 1700 غم 1*6,1091001,Milk,26001013,2026,06,فاتورة مشتريات,الشركة التجارية,
LV0000021,شركة دلتا الصناعية لتعبئة وتغليف الحليب المجفف,Local Vendors,5775,165,شيخ الكار حليب كامل الدسم (حيواني) 1700 غم 1*6,1091001,Milk,26001092,2026,07,فاتورة مشتريات,الشركة التجارية,
LV0000021,شركة دلتا الصناعية لتعبئة وتغليف الحليب المجفف,Local Vendors,7250,3000,شيخ الكار حليب كامل الدسم (حيواني) 700 غم *12,1091002,Milk,26001092,2026,07,فاتورة مشتريات,الشركة التجارية,
LV0000021,شركة دلتا الصناعية لتعبئة وتغليف الحليب المجفف,Local Vendors,3300,3600,شيخ الكار حليب كامل الدسم (حيواني) 250 غم *24,1091005,Milk,26001092,2026,07,فاتورة مشتريات,الشركة التجارية,
LV0000329,Lakshita holdings co LTD,Local Vendors,35604.9,64800,شيخ الكار شرائح الاناناس,1131009,Sheikh Alkar - Canned food,26000201,2026,02,فاتورة مشتريات,الشركة التجارية,
LV0000329,Lakshita holdings co LTD,Local Vendors,35604.9,64800,شيخ الكار شرائح الاناناس,1131009,Sheikh Alkar - Canned food,26000201,2026,02,فاتورة مشتريات,الشركة التجارية,
LV0000099,شركة القوس للشحن المتكامل,Local Vendors,4950,0,Shipping,,,26000776,2026,02,فاتورة مشتريات,الشركة التجارية,
LV0000099,شركة القوس للشحن المتكامل,Local Vendors,312.5,0,Customs,,,26000355,2026,02,فاتورة مشتريات,الشركة التجارية,
LV0000099,شركة القوس للشحن المتكامل,Local Vendors,68,0,Clearance,,,26000355,2026,02,فاتورة مشتريات,الشركة التجارية,
LV0000099,شركة القوس للشحن المتكامل,Local Vendors,1560,0,,,,26000355,2026,02,فاتورة مشتريات,الشركة التجارية,
LV0000099,شركة القوس للشحن المتكامل,Local Vendors,195,0,,,,26000355,2026,02,فاتورة مشتريات,الشركة التجارية,
LV0000099,شركة القوس للشحن المتكامل,Local Vendors,3697,0,Shipping,,,26000630,2026,02,فاتورة مشتريات,الشركة التجارية,
LV0000143,شركة الفردوس للتخليص,Local Vendors,338.5,0,Customs,,,26000494,2026,02,فاتورة مشتريات,الشركة التجارية,
LV0000143,شركة الفردوس للتخليص,Local Vendors,69.5,0,Clearance,,,26000494,2026,02,فاتورة مشتريات,الشركة التجارية,
LV0000143,شركة الفردوس للتخليص,Local Vendors,2200,0,,,,26000494,2026,02,فاتورة مشتريات,الشركة التجارية,
LV0000143,شركة الفردوس للتخليص,Local Vendors,195,0,,,,26000494,2026,02,فاتورة مشتريات,الشركة التجارية,
LV0000143,شركة الفردوس للتخليص,Local Vendors,2656,0,Customs,,,26000962,2026,05,فاتورة مشتريات,الشركة التجارية,
LV0000143,شركة الفردوس للتخليص,Local Vendors,70500,0,,,,26000962,2026,05,فاتورة مشتريات,الشركة التجارية,
LV0000143,شركة الفردوس للتخليص,Local Vendors,149,0,Shipping,,,26000962,2026,05,فاتورة مشتريات,الشركة التجارية,
LV0000143,شركة الفردوس للتخليص,Local Vendors,456,0,Shipping,,,26001014,2026,06,فاتورة مشتريات,الشركة التجارية,
LV0000143,شركة الفردوس للتخليص,Local Vendors,471.5,0,Shipping,,,26001093,2026,07,فاتورة مشتريات,الشركة التجارية,
LV0000351,مخبز سنابل معان - مورد,Bank Murabaha,916.4,2291,قشطة خبز كماج صغير 1 كغم,1151071,Legumes & Spices,26000595,2026,02,فاتورة مشتريات,الشركة التجارية,
LV0000351,مخبز سنابل معان - مورد,Bank Murabaha,738.8,1847,قشطة خبز كماج صغير 1 كغم,1151071,Legumes & Spices,26000596,2026,01,فاتورة مشتريات,الشركة التجارية,
LV0000351,مخبز سنابل معان - مورد,Bank Murabaha,328,328,قشطة قطايف 1 كغم,1151104,Legumes & Spices,26000937,2026,05,فاتورة مشتريات,الشركة التجارية,
LV0000351,مخبز سنابل معان - مورد,Bank Murabaha,828.8,2072,قشطة خبز كماج صغير 1 كغم,1151071,Legumes & Spices,26000937,2026,05,فاتورة مشتريات,الشركة التجارية,
LV0000351,مخبز سنابل معان - مورد,Bank Murabaha,694.8,1737,قشطة خبز كماج صغير 1 كغم,1151071,Legumes & Spices,26000938,2026,05,فاتورة مشتريات,الشركة التجارية,
LV0000098,شركة المزارع الاردنية الحديثة,Local Vendors,1485.149,600,شيخ الكار بيض طازج 1920 غم فأكثر 1*1,1151111,Legumes & Spices,26000949,2026,05,فاتورة مشتريات,الشركة التجارية,
LV0000098,شركة المزارع الاردنية الحديثة,Local Vendors,478.96,215,شيخ الكار بيض طازج 1920 غم فأكثر 1*1,1151111,Legumes & Spices,26000602,2026,03,فاتورة مشتريات,الشركة التجارية,
LV0000098,شركة المزارع الاردنية الحديثة,Local Vendors,534.653,240,شيخ الكار بيض طازج 1920 غم فأكثر 1*1,1151111,Legumes & Spices,26000599,2026,03,فاتورة مشتريات,الشركة التجارية,
LV0000098,شركة المزارع الاردنية الحديثة,Local Vendors,1069.307,480,شيخ الكار بيض طازج 1920 غم فأكثر 1*1,1151111,Legumes & Spices,26000601,2026,03,فاتورة مشتريات,الشركة التجارية,
LV0000098,شركة المزارع الاردنية الحديثة,Local Vendors,182.696,984,XL بيض مائدة اوفاليو,1151137,Legumes & Spices,26000645,2026,03,فاتورة مشتريات,الشركة التجارية,
LV0000098,شركة المزارع الاردنية الحديثة,Local Vendors,668.317,300,شيخ الكار بيض طازج 1920 غم فأكثر 1*1,1151111,Legumes & Spices,26000343,2026,02,فاتورة مشتريات,الشركة التجارية,
LV0000098,شركة المزارع الاردنية الحديثة,Local Vendors,935.644,420,شيخ الكار بيض طازج 1920 غم فأكثر 1*1,1151111,Legumes & Spices,26000349,2026,02,فاتورة مشتريات,الشركة التجارية,
LV0000098,شركة المزارع الاردنية الحديثة,Local Vendors,1069.307,5760,XL بيض مائدة اوفاليو,1151137,Legumes & Spices,26000458,2026,02,فاتورة مشتريات,الشركة التجارية,
LV0000098,شركة المزارع الاردنية الحديثة,Local Vendors,735.149,3960,XL بيض مائدة اوفاليو,1151137,Legumes & Spices,26000483,2026,03,فاتورة مشتريات,الشركة التجارية,
LV0000098,شركة المزارع الاردنية الحديثة,Local Vendors,935.644,420,شيخ الكار بيض طازج 1920 غم فأكثر 1*1,1151111,Legumes & Spices,26000481,2026,03,فاتورة مشتريات,الشركة التجارية,
LV0000098,شركة المزارع الاردنية الحديثة,Local Vendors,122.54,660,XL بيض مائدة اوفاليو,1151137,Legumes & Spices,26000577,2026,03,فاتورة مشتريات,الشركة التجارية,
LV0000098,شركة المزارع الاردنية الحديثة,Local Vendors,256.188,1380,XL بيض مائدة اوفاليو,1151137,Legumes & Spices,26000583,2026,03,فاتورة مشتريات,الشركة التجارية,
LV0000098,شركة المزارع الاردنية الحديثة,Local Vendors,423.267,2280,XL بيض مائدة اوفاليو,1151137,Legumes & Spices,26000584,2026,03,فاتورة مشتريات,الشركة التجارية,
LV0000098,شركة المزارع الاردنية الحديثة,Local Vendors,1069.307,5760,XL بيض مائدة اوفاليو,1151137,Legumes & Spices,26000585,2026,03,فاتورة مشتريات,الشركة التجارية,
LV0000098,شركة المزارع الاردنية الحديثة,Local Vendors,245.08,1320,XL بيض مائدة اوفاليو,1151137,Legumes & Spices,26000646,2026,03,فاتورة مشتريات,الشركة التجارية,
LV0000098,شركة المزارع الاردنية الحديثة,Local Vendors,1336.8,7200,XL بيض مائدة اوفاليو,1151137,Legumes & Spices,26000647,2026,03,فاتورة مشتريات,الشركة التجارية,
LV0000098,شركة المزارع الاردنية الحديثة,Local Vendors,300.743,1620,XL بيض مائدة اوفاليو,1151137,Legumes & Spices,26000650,2026,03,فاتورة مشتريات,الشركة التجارية,
LV0000098,شركة المزارع الاردنية الحديثة,Local Vendors,534.653,2880,XL بيض مائدة اوفاليو,1151137,Legumes & Spices,26000648,2026,03,فاتورة مشتريات,الشركة التجارية,
LV0000098,شركة المزارع الاردنية الحديثة,Local Vendors,1336.634,7200,XL بيض مائدة اوفاليو,1151137,Legumes & Spices,26000649,2026,03,فاتورة مشتريات,الشركة التجارية,
LV0000098,شركة المزارع الاردنية الحديثة,Local Vendors,1336.634,7200,XL بيض مائدة اوفاليو,1151137,Legumes & Spices,26000664,2026,03,فاتورة مشتريات,الشركة التجارية,
LV0000098,شركة المزارع الاردنية الحديثة,Local Vendors,742.574,300,XL بيض مائدة اوفاليو,1151137,Legumes & Spices,26000695,2026,03,فاتورة مشتريات,الشركة التجارية,
LV0000098,شركة المزارع الاردنية الحديثة,Local Vendors,742.574,3600,XL بيض مائدة اوفاليو,1151137,Legumes & Spices,26000697,2026,03,فاتورة مشتريات,الشركة التجارية,
LV0000098,شركة المزارع الاردنية الحديثة,Local Vendors,2920.396,14400,XL بيض مائدة اوفاليو,1151137,Legumes & Spices,26000698,2026,04,فاتورة مشتريات,الشركة التجارية,
LV0000098,شركة المزارع الاردنية الحديثة,Local Vendors,1168.158,480,شيخ الكار بيض طازج 1920 غم فأكثر 1*1,1151111,Legumes & Spices,26000736,2026,04,فاتورة مشتريات,الشركة التجارية,
LV0000098,شركة المزارع الاردنية الحديثة,Local Vendors,1460.198,600,شيخ الكار بيض طازج 1920 غم فأكثر 1*1,1151111,Legumes & Spices,26000785,2026,04,فاتورة مشتريات,الشركة التجارية,
LV0000098,شركة المزارع الاردنية الحديثة,Local Vendors,730.099,300,شيخ الكار بيض طازج 1920 غم فأكثر 1*1,1151111,Legumes & Spices,26000761,2026,04,فاتورة مشتريات,الشركة التجارية,
LV0000098,شركة المزارع الاردنية الحديثة,Local Vendors,1386.184,600,شيخ الكار بيض طازج 1920 غم فأكثر 1*1,1151111,Legumes & Spices,26000797,2026,04,فاتورة مشتريات,الشركة التجارية,
LV0000098,شركة المزارع الاردنية الحديثة,Local Vendors,1108.753,480,شيخ الكار بيض طازج 1920 غم فأكثر 1*1,1151111,Legumes & Spices,26000804,2026,04,فاتورة مشتريات,الشركة التجارية,
LV0000098,شركة المزارع الاردنية الحديثة,Local Vendors,801.98,4320,XL بيض مائدة اوفاليو,1151137,Legumes & Spices,26000498,2026,03,فاتورة مشتريات,الشركة التجارية,
LV0000098,شركة المزارع الاردنية الحديثة,Local Vendors,256.188,115,شيخ الكار بيض طازج 1920 غم فأكثر 1*1,1151111,Legumes & Spices,26000600,2026,03,فاتورة مشتريات,الشركة التجارية,
LV0000098,شركة المزارع الاردنية الحديثة,Local Vendors,680.495,300,شيخ الكار بيض طازج 1920 غم فأكثر 1*1,1151111,Legumes & Spices,26000807,2026,04,فاتورة مشتريات,الشركة التجارية,
LV0000098,شركة المزارع الاردنية الحديثة,Local Vendors,594.059,300,شيخ الكار بيض طازج 1920 غم فأكثر 1*1,1151111,Legumes & Spices,26001012,2026,06,فاتورة مشتريات,الشركة التجارية,
LV0000098,شركة المزارع الاردنية الحديثة,Local Vendors,204.149,90,شيخ الكار بيض طازج 1920 غم فأكثر 1*1,1151111,Legumes & Spices,26000820,2026,04,فاتورة مشتريات,الشركة التجارية,
LV0000098,شركة المزارع الاردنية الحديثة,Local Vendors,1360.99,600,شيخ الكار بيض طازج 1920 غم فأكثر 1*1,1151111,Legumes & Spices,26000834,2026,04,فاتورة مشتريات,الشركة التجارية,
LV0000098,شركة المزارع الاردنية الحديثة,Local Vendors,1360.99,600,شيخ الكار بيض طازج 1920 غم فأكثر 1*1,1151111,Legumes & Spices,26000852,2026,04,فاتورة مشتريات,الشركة التجارية,
LV0000098,شركة المزارع الاردنية الحديثة,Local Vendors,2871.683,1200,شيخ الكار بيض طازج 1920 غم فأكثر 1*1,1151111,Legumes & Spices,26000941,2026,05,فاتورة مشتريات,الشركة التجارية,
LV0000098,شركة المزارع الاردنية الحديثة,Local Vendors,1485.149,600,شيخ الكار بيض طازج 1920 غم فأكثر 1*1,1151111,Legumes & Spices,26000923,2026,05,فاتورة مشتريات,الشركة التجارية,
LV0000098,شركة المزارع الاردنية الحديثة,Local Vendors,1188.119,480,شيخ الكار بيض طازج 1920 غم فأكثر 1*1,1151111,Legumes & Spices,26000929,2026,05,فاتورة مشتريات,الشركة التجارية,
LV0000098,شركة المزارع الاردنية الحديثة,Local Vendors,2721.98,1200,شيخ الكار بيض طازج 1920 غم فأكثر 1*1,1151111,Legumes & Spices,26000857,2026,05,فاتورة مشتريات,الشركة التجارية,
LV0000098,شركة المزارع الاردنية الحديثة,Local Vendors,1360.99,600,شيخ الكار بيض طازج 1920 غم فأكثر 1*1,1151111,Legumes & Spices,26000877,2026,05,فاتورة مشتريات,الشركة التجارية,
LV0000098,شركة المزارع الاردنية الحديثة,Local Vendors,1782.178,720,شيخ الكار بيض طازج 1920 غم فأكثر 1*1,1151111,Legumes & Spices,26000884,2026,05,فاتورة مشتريات,الشركة التجارية,
LV0000098,شركة المزارع الاردنية الحديثة,Local Vendors,1435.248,600,شيخ الكار بيض طازج 1920 غم فأكثر 1*1,1151111,Legumes & Spices,26000954,2026,05,فاتورة مشتريات,الشركة التجارية,
LV0000098,شركة المزارع الاردنية الحديثة,Local Vendors,717.624,300,شيخ الكار بيض طازج 1920 غم فأكثر 1*1,1151111,Legumes & Spices,26000980,2026,06,فاتورة مشتريات,الشركة التجارية,
LV0000098,شركة المزارع الاردنية الحديثة,Local Vendors,801.98,360,شيخ الكار بيض طازج 1920 غم فأكثر 1*1,1151111,Legumes & Spices,26000984,2026,06,فاتورة مشتريات,الشركة التجارية,
LV0000098,شركة المزارع الاردنية الحديثة,Local Vendors,712.871,360,شيخ الكار بيض طازج 1920 غم فأكثر 1*1,1151111,Legumes & Spices,26001039,2026,06,فاتورة مشتريات,الشركة التجارية,
LV0000098,شركة المزارع الاردنية الحديثة,Local Vendors,267.327,120,شيخ الكار بيض طازج 1920 غم فأكثر 1*1,1151111,Legumes & Spices,26000991,2026,06,فاتورة مشتريات,الشركة التجارية,
LV0000098,شركة المزارع الاردنية الحديثة,Local Vendors,455.288,240,شيخ الكار بيض طازج 1920 غم فأكثر 1*1,1151111,Legumes & Spices,26001004,2026,06,فاتورة مشتريات,الشركة التجارية,
LV0000098,شركة المزارع الاردنية الحديثة,Local Vendors,594.059,300,شيخ الكار بيض طازج 1920 غم فأكثر 1*1,1151111,Legumes & Spices,26001009,2026,06,فاتورة مشتريات,الشركة التجارية,
LV0000098,شركة المزارع الاردنية الحديثة,Local Vendors,285.149,144,شيخ الكار بيض طازج 1920 غم فأكثر 1*1,1151111,Legumes & Spices,26001062,2026,07,فاتورة مشتريات,الشركة التجارية,
LV0000098,شركة المزارع الاردنية الحديثة,Local Vendors,201.98,102,شيخ الكار بيض طازج 1920 غم فأكثر 1*1,1151111,Legumes & Spices,26001063,2026,07,فاتورة مشتريات,الشركة التجارية,
LV0000098,شركة المزارع الاردنية الحديثة,Local Vendors,475.248,240,شيخ الكار بيض طازج 1920 غم فأكثر 1*1,1151111,Legumes & Spices,26001068,2026,07,فاتورة مشتريات,الشركة التجارية,
LV0000098,شركة المزارع الاردنية الحديثة,Local Vendors,237.624,120,شيخ الكار بيض طازج 1920 غم فأكثر 1*1,1151111,Legumes & Spices,26001077,2026,07,فاتورة مشتريات,الشركة التجارية,
LV0000098,شركة المزارع الاردنية الحديثة,Local Vendors,356.436,144,شيخ الكار بيض طازج 1920 غم فأكثر 1*1,1151111,Legumes & Spices,26001078,2026,07,فاتورة مشتريات,الشركة التجارية,
LV0000098,شركة المزارع الاردنية الحديثة,Local Vendors,237.624,120,شيخ الكار بيض طازج 1920 غم فأكثر 1*1,1151111,Legumes & Spices,26001090,2026,07,فاتورة مشتريات,الشركة التجارية,
LV0000098,شركة المزارع الاردنية الحديثة,Local Vendors,475.248,240,شيخ الكار بيض طازج 1920 غم فأكثر 1*1,1151111,Legumes & Spices,26001098,2026,07,فاتورة مشتريات,الشركة التجارية,
LV0000098,شركة المزارع الاردنية الحديثة,Local Vendors,218.846,102,شيخ الكار بيض طازج 1920 غم فأكثر 1*1,1151111,Legumes & Spices,26001129,2026,07,فاتورة مشتريات,الشركة التجارية,
LV0000098,شركة المزارع الاردنية الحديثة,Local Vendors,475.248,240,شيخ الكار بيض طازج 1920 غم فأكثر 1*1,1151111,Legumes & Spices,26001130,2026,07,فاتورة مشتريات,الشركة التجارية,
LV0000098,شركة المزارع الاردنية الحديثة,Local Vendors,201.98,102,شيخ الكار بيض طازج 1920 غم فأكثر 1*1,1151111,Legumes & Spices,26001131,2026,07,فاتورة مشتريات,الشركة التجارية,
LV0000098,شركة المزارع الاردنية الحديثة,Local Vendors,-24.505,-11,شيخ الكار بيض طازج 1920 غم فأكثر 1*1,1151111,Legumes & Spices,26000012,2026,03,مرتجع مشتريات,الشركة التجارية,
LV0000098,شركة المزارع الاردنية الحديثة,Local Vendors,-23.1,-10,شيخ الكار بيض طازج 1920 غم فأكثر 1*1,1151111,Legumes & Spices,26000015,2026,04,مرتجع مشتريات,الشركة التجارية,
LV0000098,شركة المزارع الاردنية الحديثة,Local Vendors,-18.479,-8,شيخ الكار بيض طازج 1920 غم فأكثر 1*1,1151111,Legumes & Spices,26000019,2026,04,مرتجع مشتريات,الشركة التجارية,
LV0000098,شركة المزارع الاردنية الحديثة,Local Vendors,-22.683,-10,شيخ الكار بيض طازج 1920 غم فأكثر 1*1,1151111,Legumes & Spices,26000020,2026,04,مرتجع مشتريات,الشركة التجارية,
LV0000098,شركة المزارع الاردنية الحديثة,Local Vendors,-27.22,-12,شيخ الكار بيض طازج 1920 غم فأكثر 1*1,1151111,Legumes & Spices,26000022,2026,04,مرتجع مشتريات,الشركة التجارية,
LV0000098,شركة المزارع الاردنية الحديثة,Local Vendors,-65.772,-29,شيخ الكار بيض طازج 1920 غم فأكثر 1*1,1151111,Legumes & Spices,26000023,2026,04,مرتجع مشتريات,الشركة التجارية,
LV0000098,شركة المزارع الاردنية الحديثة,Local Vendors,-58.976,-26,شيخ الكار بيض طازج 1920 غم فأكثر 1*1,1151111,Legumes & Spices,26000024,2026,05,مرتجع مشتريات,الشركة التجارية,
LV0000098,شركة المزارع الاردنية الحديثة,Local Vendors,-24.951,-11,شيخ الكار بيض طازج 1920 غم فأكثر 1*1,1151111,Legumes & Spices,26000025,2026,05,مرتجع مشتريات,الشركة التجارية,
LV0000098,شركة المزارع الاردنية الحديثة,Local Vendors,-29.703,-12,شيخ الكار بيض طازج 1920 غم فأكثر 1*1,1151111,Legumes & Spices,26000026,2026,05,مرتجع مشتريات,الشركة التجارية,
LV0000098,شركة المزارع الاردنية الحديثة,Local Vendors,-56.931,-23,شيخ الكار بيض طازج 1920 غم فأكثر 1*1,1151111,Legumes & Spices,26000028,2026,05,مرتجع مشتريات,الشركة التجارية,
LV0000098,شركة المزارع الاردنية الحديثة,Local Vendors,-108.911,-44,شيخ الكار بيض طازج 1920 غم فأكثر 1*1,1151111,Legumes & Spices,26000030,2026,05,مرتجع مشتريات,الشركة التجارية,
LV0000098,شركة المزارع الاردنية الحديثة,Local Vendors,-28.717,-12,شيخ الكار بيض طازج 1920 غم فأكثر 1*1,1151111,Legumes & Spices,26000031,2026,05,مرتجع مشتريات,الشركة التجارية,
LV0000098,شركة المزارع الاردنية الحديثة,Local Vendors,-2.392,-1,شيخ الكار بيض طازج 1920 غم فأكثر 1*1,1151111,Legumes & Spices,26000032,2026,05,مرتجع مشتريات,الشركة التجارية,
LV0000098,شركة المزارع الاردنية الحديثة,Local Vendors,-82.426,-37,شيخ الكار بيض طازج 1920 غم فأكثر 1*1,1151111,Legumes & Spices,26000033,2026,06,مرتجع مشتريات,الشركة التجارية,
LV0000098,شركة المزارع الاردنية الحديثة,Local Vendors,-42.327,-19,شيخ الكار بيض طازج 1920 غم فأكثر 1*1,1151111,Legumes & Spices,26000034,2026,06,مرتجع مشتريات,الشركة التجارية,
LV0000098,شركة المزارع الاردنية الحديثة,Local Vendors,-11.881,-6,شيخ الكار بيض طازج 1920 غم فأكثر 1*1,1151111,Legumes & Spices,26000035,2026,06,مرتجع مشتريات,الشركة التجارية,
LV0000098,شركة المزارع الاردنية الحديثة,Local Vendors,-69.307,-35,شيخ الكار بيض طازج 1920 غم فأكثر 1*1,1151111,Legumes & Spices,26000036,2026,06,مرتجع مشتريات,الشركة التجارية,
LV0000098,شركة المزارع الاردنية الحديثة,Local Vendors,-53.465,-27,شيخ الكار بيض طازج 1920 غم فأكثر 1*1,1151111,Legumes & Spices,26000039,2026,06,مرتجع مشتريات,الشركة التجارية,
LV0000098,شركة المزارع الاردنية الحديثة,Local Vendors,-31.683,-16,شيخ الكار بيض طازج 1920 غم فأكثر 1*1,1151111,Legumes & Spices,26000042,2026,07,مرتجع مشتريات,الشركة التجارية,
LV0000098,شركة المزارع الاردنية الحديثة,Local Vendors,-116.337,-47,شيخ الكار بيض طازج 1920 غم فأكثر 1*1,1151111,Legumes & Spices,26000045,2026,07,مرتجع مشتريات,الشركة التجارية,
LV0000098,شركة المزارع الاردنية الحديثة,Local Vendors,-47.525,-24,شيخ الكار بيض طازج 1920 غم فأكثر 1*1,1151111,Legumes & Spices,26000046,2026,07,مرتجع مشتريات,الشركة التجارية,
LV0000098,شركة المزارع الاردنية الحديثة,Local Vendors,-17.822,-9,شيخ الكار بيض طازج 1920 غم فأكثر 1*1,1151111,Legumes & Spices,26000047,2026,07,مرتجع مشتريات,الشركة التجارية,
LV0000098,شركة المزارع الاردنية الحديثة,Local Vendors,-33.663,-17,شيخ الكار بيض طازج 1920 غم فأكثر 1*1,1151111,Legumes & Spices,26000048,2026,07,مرتجع مشتريات,الشركة التجارية,
LV0000098,شركة المزارع الاردنية الحديثة,Local Vendors,-7.921,-4,شيخ الكار بيض طازج 1920 غم فأكثر 1*1,1151111,Legumes & Spices,26000049,2026,07,مرتجع مشتريات,الشركة التجارية,
LV0000324,مجمرك البنك الاسلامي الاردني - سحاب,Local Vendors,51.519,0,,,,26000751,2026,04,فاتورة مشتريات,الشركة التجارية,
LV0000324,مجمرك البنك الاسلامي الاردني - سحاب,Local Vendors,133.402,0,,,,26000752,2026,04,فاتورة مشتريات,الشركة التجارية,
LV0000324,مجمرك البنك الاسلامي الاردني - سحاب,Local Vendors,1416.667,0,,,,26000753,2026,04,فاتورة مشتريات,الشركة التجارية,
LV0000324,مجمرك البنك الاسلامي الاردني - سحاب,Local Vendors,41.85,0,,,,26000754,2026,04,فاتورة مشتريات,الشركة التجارية,
LV0000324,مجمرك البنك الاسلامي الاردني - سحاب,Local Vendors,57.45,0,,,,26000755,2026,04,فاتورة مشتريات,الشركة التجارية,
LV0000324,مجمرك البنك الاسلامي الاردني - سحاب,Local Vendors,39.85,0,,,,26000756,2026,04,فاتورة مشتريات,الشركة التجارية,
LV0000324,مجمرك البنك الاسلامي الاردني - سحاب,Local Vendors,207.922,0,,,,26000757,2026,04,فاتورة مشتريات,الشركة التجارية,
LV0000324,مجمرك البنك الاسلامي الاردني - سحاب,Local Vendors,1416.667,0,,,,26000758,2026,04,فاتورة مشتريات,الشركة التجارية,
LV0000324,مجمرك البنك الاسلامي الاردني - سحاب,Local Vendors,1416.667,0,,,,26000759,2026,04,فاتورة مشتريات,الشركة التجارية,
LV0000324,مجمرك البنك الاسلامي الاردني - سحاب,Local Vendors,211.162,0,,,,26000760,2026,04,فاتورة مشتريات,الشركة التجارية,
LV0000324,مجمرك البنك الاسلامي الاردني - سحاب,Local Vendors,1416.667,0,,,,26000906,2026,05,فاتورة مشتريات,الشركة التجارية,
LV0000324,مجمرك البنك الاسلامي الاردني - سحاب,Local Vendors,1416.667,0,,,,26000907,2026,05,فاتورة مشتريات,الشركة التجارية,
LV0000324,مجمرك البنك الاسلامي الاردني - سحاب,Local Vendors,41.85,0,,,,26000908,2026,05,فاتورة مشتريات,الشركة التجارية,
LV0000324,مجمرك البنك الاسلامي الاردني - سحاب,Local Vendors,57.45,0,,,,26000909,2026,05,فاتورة مشتريات,الشركة التجارية,
LV0000324,مجمرك البنك الاسلامي الاردني - سحاب,Local Vendors,39.85,0,,,,26000910,2026,05,فاتورة مشتريات,الشركة التجارية,
LV0000324,مجمرك البنك الاسلامي الاردني - سحاب,Local Vendors,207.922,0,,,,26000911,2026,05,فاتورة مشتريات,الشركة التجارية,
LV0000324,مجمرك البنك الاسلامي الاردني - سحاب,Local Vendors,211.162,0,,,,26000912,2026,05,فاتورة مشتريات,الشركة التجارية,
LV0000324,مجمرك البنك الاسلامي الاردني - سحاب,Local Vendors,168.2,0,,,,26000913,2026,05,فاتورة مشتريات,الشركة التجارية,
LV0000324,مجمرك البنك الاسلامي الاردني - سحاب,Local Vendors,108.25,0,,,,26000914,2026,05,فاتورة مشتريات,الشركة التجارية,
LV0000324,مجمرك البنك الاسلامي الاردني - سحاب,Local Vendors,104.393,0,,,,26000915,2026,05,فاتورة مشتريات,الشركة التجارية,
LV0000324,مجمرك البنك الاسلامي الاردني - سحاب,Local Vendors,1416.667,0,,,,26000916,2026,05,فاتورة مشتريات,الشركة التجارية,
LV0000315,صالح عبدالكريم قشطة وشريكه - مخبز قشطة مورد,Bank Murabaha,675.22,5194,قشطة خبز شراك,1151066,Legumes & Spices,26000106,2026,01,فاتورة مشتريات,الشركة التجارية,
LV0000315,صالح عبدالكريم قشطة وشريكه - مخبز قشطة مورد,Bank Murabaha,1479.66,2845.5,قشطة خبز حمام 1 كغم,1151070,Legumes & Spices,26000106,2026,01,فاتورة مشتريات,الشركة التجارية,
LV0000315,صالح عبدالكريم قشطة وشريكه - مخبز قشطة مورد,Bank Murabaha,598,1495,قشطة خبز قمح أسمر(لمرضى السكري صغير),1151065,Legumes & Spices,26000106,2026,01,فاتورة مشتريات,الشركة التجارية,
LV0000315,صالح عبدالكريم قشطة وشريكه - مخبز قشطة مورد,Bank Murabaha,8838.72,24552,قشطة خبز كماج صغير 1 كغم,1151071,Legumes & Spices,26000106,2026,01,فاتورة مشتريات,الشركة التجارية,
LV0000315,صالح عبدالكريم قشطة وشريكه - مخبز قشطة مورد,Bank Murabaha,93.92,1174,قشطة خبز مسخن طحين زيرو,1151090,Legumes & Spices,26000106,2026,01,فاتورة مشتريات,الشركة التجارية,
LV0000315,صالح عبدالكريم قشطة وشريكه - مخبز قشطة مورد,Bank Murabaha,2091.15,1549,قشطة قرشلة وكعك بأنواعه محلى او سادة 1 كغم,1151100,Legumes & Spices,26000106,2026,01,فاتورة مشتريات,الشركة التجارية,
LV0000315,صالح عبدالكريم قشطة وشريكه - مخبز قشطة مورد,Bank Murabaha,8.1,6,قشطة قرشلة مطحونة ناعم أو خشن او حار 1 كغم,1151092,Legumes & Spices,26000106,2026,01,فاتورة مشتريات,الشركة التجارية,
LV0000315,صالح عبدالكريم قشطة وشريكه - مخبز قشطة مورد,Bank Murabaha,126,1575,قشطة خبز مسخن طحين زيرو,1151090,Legumes & Spices,26000305,2026,02,فاتورة مشتريات,الشركة التجارية,
LV0000315,صالح عبدالكريم قشطة وشريكه - مخبز قشطة مورد,Bank Murabaha,2142.45,1587,قشطة قرشلة وكعك بأنواعه محلى او سادة 1 كغم,1151100,Legumes & Spices,26000305,2026,02,فاتورة مشتريات,الشركة التجارية,
LV0000315,صالح عبدالكريم قشطة وشريكه - مخبز قشطة مورد,Bank Murabaha,20.25,15,قشطة قرشلة مطحونة ناعم أو خشن او حار 1 كغم,1151092,Legumes & Spices,26000305,2026,02,فاتورة مشتريات,الشركة التجارية,
LV0000315,صالح عبدالكريم قشطة وشريكه - مخبز قشطة مورد,Bank Murabaha,8890.56,24696,قشطة خبز كماج صغير 1 كغم,1151071,Legumes & Spices,26000305,2026,02,فاتورة مشتريات,الشركة التجارية,
LV0000315,صالح عبدالكريم قشطة وشريكه - مخبز قشطة مورد,Bank Murabaha,787.2,1968,قشطة خبز قمح أسمر(لمرضى السكري صغير),1151065,Legumes & Spices,26000305,2026,02,فاتورة مشتريات,الشركة التجارية,
LV0000315,صالح عبدالكريم قشطة وشريكه - مخبز قشطة مورد,Bank Murabaha,1341.6,2580,قشطة خبز حمام 1 كغم,1151070,Legumes & Spices,26000305,2026,02,فاتورة مشتريات,الشركة التجارية,
LV0000315,صالح عبدالكريم قشطة وشريكه - مخبز قشطة مورد,Bank Murabaha,582.92,4484,قشطة خبز شراك,1151066,Legumes & Spices,26000305,2026,02,فاتورة مشتريات,الشركة التجارية,
LV0000315,صالح عبدالكريم قشطة وشريكه - مخبز قشطة مورد,Bank Murabaha,532.4,1331,قشطة خبز قمح أسمر(لمرضى السكري صغير),1151065,Legumes & Spices,26000652,2026,02,فاتورة مشتريات,الشركة التجارية,
LV0000315,صالح عبدالكريم قشطة وشريكه - مخبز قشطة مورد,Bank Murabaha,1021.8,1965,قشطة خبز حمام 1 كغم,1151070,Legumes & Spices,26000652,2026,02,فاتورة مشتريات,الشركة التجارية,
LV0000315,صالح عبدالكريم قشطة وشريكه - مخبز قشطة مورد,Bank Murabaha,669.5,5150,قشطة خبز شراك,1151066,Legumes & Spices,26000652,2026,02,فاتورة مشتريات,الشركة التجارية,
LV0000315,صالح عبدالكريم قشطة وشريكه - مخبز قشطة مورد,Bank Murabaha,119.6,1495,قشطة خبز مسخن طحين زيرو,1151090,Legumes & Spices,26000652,2026,02,فاتورة مشتريات,الشركة التجارية,
LV0000315,صالح عبدالكريم قشطة وشريكه - مخبز قشطة مورد,Bank Murabaha,1819.125,1347.5,قشطة قرشلة وكعك بأنواعه محلى او سادة 1 كغم,1151100,Legumes & Spices,26000652,2026,02,فاتورة مشتريات,الشركة التجارية,
LV0000315,صالح عبدالكريم قشطة وشريكه - مخبز قشطة مورد,Bank Murabaha,52.65,39,قشطة قرشلة مطحونة ناعم أو خشن او حار 1 كغم,1151092,Legumes & Spices,26000652,2026,02,فاتورة مشتريات,الشركة التجارية,
LV0000315,صالح عبدالكريم قشطة وشريكه - مخبز قشطة مورد,Bank Murabaha,961,961,قشطة قطايف 1 كغم,1151104,Legumes & Spices,26000652,2026,02,فاتورة مشتريات,الشركة التجارية,
LV0000315,صالح عبدالكريم قشطة وشريكه - مخبز قشطة مورد,Bank Murabaha,7602.48,21118,قشطة خبز كماج صغير 1 كغم,1151071,Legumes & Spices,26000652,2026,02,فاتورة مشتريات,الشركة التجارية,
LV0000315,صالح عبدالكريم قشطة وشريكه - مخبز قشطة مورد,Bank Murabaha,1335.15,989,قشطة قرشلة وكعك بأنواعه محلى او سادة 1 كغم,1151100,Legumes & Spices,26000868,2026,05,فاتورة مشتريات,الشركة التجارية,
LV0000315,صالح عبدالكريم قشطة وشريكه - مخبز قشطة مورد,Bank Murabaha,77.2,965,قشطة خبز طابون,1151048,Legumes & Spices,26000868,2026,05,فاتورة مشتريات,الشركة التجارية,
LV0000315,صالح عبدالكريم قشطة وشريكه - مخبز قشطة مورد,Bank Murabaha,647.79,4983,قشطة خبز شراك,1151066,Legumes & Spices,26000868,2026,05,فاتورة مشتريات,الشركة التجارية,
LV0000315,صالح عبدالكريم قشطة وشريكه - مخبز قشطة مورد,Bank Murabaha,6.75,5,قشطة قرشلة مطحونة ناعم أو خشن او حار 1 كغم,1151092,Legumes & Spices,26000868,2026,05,فاتورة مشتريات,الشركة التجارية,
LV0000315,صالح عبدالكريم قشطة وشريكه - مخبز قشطة مورد,Bank Murabaha,24.3,270,قشطة خبز فرنسي زنجر بسمسم او سادة,1151049,Legumes & Spices,26000868,2026,05,فاتورة مشتريات,الشركة التجارية,
LV0000315,صالح عبدالكريم قشطة وشريكه - مخبز قشطة مورد,Bank Murabaha,971.36,1868,قشطة خبز حمام 1 كغم,1151070,Legumes & Spices,26000868,2026,05,فاتورة مشتريات,الشركة التجارية,
LV0000315,صالح عبدالكريم قشطة وشريكه - مخبز قشطة مورد,Bank Murabaha,547.2,1368,قشطة خبز قمح أسمر(لمرضى السكري صغير),1151065,Legumes & Spices,26000868,2026,05,فاتورة مشتريات,الشركة التجارية,
LV0000315,صالح عبدالكريم قشطة وشريكه - مخبز قشطة مورد,Bank Murabaha,6869.52,19082,قشطة خبز كماج صغير 1 كغم,1151071,Legumes & Spices,26000868,2026,05,فاتورة مشتريات,الشركة التجارية,
LV0000315,صالح عبدالكريم قشطة وشريكه - مخبز قشطة مورد,Bank Murabaha,1304.5,1304.5,قشطة قطايف 1 كغم,1151104,Legumes & Spices,26000868,2026,05,فاتورة مشتريات,الشركة التجارية,
LV0000315,صالح عبدالكريم قشطة وشريكه - مخبز قشطة مورد,Bank Murabaha,7782.48,21618,قشطة خبز كماج صغير 1 كغم,1151071,Legumes & Spices,26000933,2026,05,فاتورة مشتريات,الشركة التجارية,
LV0000315,صالح عبدالكريم قشطة وشريكه - مخبز قشطة مورد,Bank Murabaha,570,1425,قشطة خبز قمح أسمر(لمرضى السكري صغير),1151065,Legumes & Spices,26000933,2026,05,فاتورة مشتريات,الشركة التجارية,
LV0000315,صالح عبدالكريم قشطة وشريكه - مخبز قشطة مورد,Bank Murabaha,1267.24,2437,قشطة خبز حمام 1 كغم,1151070,Legumes & Spices,26000933,2026,05,فاتورة مشتريات,الشركة التجارية,
LV0000315,صالح عبدالكريم قشطة وشريكه - مخبز قشطة مورد,Bank Murabaha,740.87,5699,قشطة خبز شراك,1151066,Legumes & Spices,26000933,2026,05,فاتورة مشتريات,الشركة التجارية,
LV0000315,صالح عبدالكريم قشطة وشريكه - مخبز قشطة مورد,Bank Murabaha,1799.55,1333,قشطة قرشلة وكعك بأنواعه محلى او سادة 1 كغم,1151100,Legumes & Spices,26000933,2026,05,فاتورة مشتريات,الشركة التجارية,
LV0000315,صالح عبدالكريم قشطة وشريكه - مخبز قشطة مورد,Bank Murabaha,106.24,1328,قشطة خبز مسخن طحين زيرو,1151090,Legumes & Spices,26000933,2026,05,فاتورة مشتريات,الشركة التجارية,
LV0000315,صالح عبدالكريم قشطة وشريكه - مخبز قشطة مورد,Bank Murabaha,7845.48,21793,قشطة خبز كماج صغير 1 كغم,1151071,Legumes & Spices,26000997,2026,05,فاتورة مشتريات,الشركة التجارية,
LV0000315,صالح عبدالكريم قشطة وشريكه - مخبز قشطة مورد,Bank Murabaha,577.6,1444,قشطة خبز قمح أسمر(لمرضى السكري صغير),1151065,Legumes & Spices,26000997,2026,05,فاتورة مشتريات,الشركة التجارية,
LV0000315,صالح عبدالكريم قشطة وشريكه - مخبز قشطة مورد,Bank Murabaha,1203.54,2314.5,قشطة خبز حمام 1 كغم,1151070,Legumes & Spices,26000997,2026,05,فاتورة مشتريات,الشركة التجارية,
LV0000315,صالح عبدالكريم قشطة وشريكه - مخبز قشطة مورد,Bank Murabaha,1755,1300,قشطة قرشلة وكعك بأنواعه محلى او سادة 1 كغم,1151100,Legumes & Spices,26000997,2026,05,فاتورة مشتريات,الشركة التجارية,
LV0000315,صالح عبدالكريم قشطة وشريكه - مخبز قشطة مورد,Bank Murabaha,659.23,5071,قشطة خبز شراك,1151066,Legumes & Spices,26000997,2026,05,فاتورة مشتريات,الشركة التجارية,
LV0000315,صالح عبدالكريم قشطة وشريكه - مخبز قشطة مورد,Bank Murabaha,72.56,907,قشطة خبز طابون,1151048,Legumes & Spices,26000997,2026,05,فاتورة مشتريات,الشركة التجارية,
LV0000315,صالح عبدالكريم قشطة وشريكه - مخبز قشطة مورد,Bank Murabaha,4.05,3,قشطة قرشلة مطحونة ناعم أو خشن او حار 1 كغم,1151092,Legumes & Spices,26000997,2026,05,فاتورة مشتريات,الشركة التجارية,
LV0000315,صالح عبدالكريم قشطة وشريكه - مخبز قشطة مورد,Bank Murabaha,7939.8,22055,قشطة خبز كماج صغير 1 كغم,1151071,Legumes & Spices,26001094,2026,07,فاتورة مشتريات,الشركة التجارية,
LV0000315,صالح عبدالكريم قشطة وشريكه - مخبز قشطة مورد,Bank Murabaha,559.6,1399,قشطة خبز قمح أسمر(لمرضى السكري صغير),1151065,Legumes & Spices,26001094,2026,07,فاتورة مشتريات,الشركة التجارية,
LV0000315,صالح عبدالكريم قشطة وشريكه - مخبز قشطة مورد,Bank Murabaha,1216.54,2339.5,قشطة خبز حمام 1 كغم,1151070,Legumes & Spices,26001094,2026,07,فاتورة مشتريات,الشركة التجارية,
LV0000315,صالح عبدالكريم قشطة وشريكه - مخبز قشطة مورد,Bank Murabaha,543.4,4180,قشطة خبز شراك,1151066,Legumes & Spices,26001094,2026,07,فاتورة مشتريات,الشركة التجارية,
LV0000315,صالح عبدالكريم قشطة وشريكه - مخبز قشطة مورد,Bank Murabaha,80.8,1010,قشطة خبز طابون,1151048,Legumes & Spices,26001094,2026,07,فاتورة مشتريات,الشركة التجارية,
LV0000315,صالح عبدالكريم قشطة وشريكه - مخبز قشطة مورد,Bank Murabaha,3,2,قشطة خبز قمح أسمر(لمرضى السكري صغير),1151065,Legumes & Spices,26001094,2026,07,فاتورة مشتريات,الشركة التجارية,
LV0000315,صالح عبدالكريم قشطة وشريكه - مخبز قشطة مورد,Bank Murabaha,1638.9,1214,قشطة قرشلة وكعك بأنواعه محلى او سادة 1 كغم,1151100,Legumes & Spices,26001094,2026,07,فاتورة مشتريات,الشركة التجارية,
LV0000315,صالح عبدالكريم قشطة وشريكه - مخبز قشطة مورد,Bank Murabaha,9.45,7,قشطة قرشلة مطحونة ناعم أو خشن او حار 1 كغم,1151092,Legumes & Spices,26001094,2026,07,فاتورة مشتريات,الشركة التجارية,
LV0000215,مؤسسة فراس الشيخ للاطارات,Local Vendors,68.966,0,,,,26000764,2026,04,فاتورة مشتريات,الشركة التجارية,
LV0000215,مؤسسة فراس الشيخ للاطارات,Local Vendors,189.655,0,,,,26001076,2026,07,فاتورة مشتريات,الشركة التجارية,
LV0000345,مؤسسة حامد ابو يحيى للمواد التموينية,Local Vendors,474.138,100,شيخ الكار جوز عين الجمل مقشر 1 كغم,1151098,Legumes & Spices,26000347,2026,02,فاتورة مشتريات,الشركة التجارية,
LV0000345,مؤسسة حامد ابو يحيى للمواد التموينية,Local Vendors,806.034,170,شيخ الكار جوز عين الجمل مقشر 1 كغم,1151098,Legumes & Spices,26000480,2026,02,فاتورة مشتريات,الشركة التجارية,
LV0000345,مؤسسة حامد ابو يحيى للمواد التموينية,Local Vendors,690,1000,شيخ الكار عدس مجروش 1 كغم,1151072,Legumes & Spices,26000653,2026,03,فاتورة مشتريات,الشركة التجارية,
LV0000345,مؤسسة حامد ابو يحيى للمواد التموينية,Local Vendors,120,40,"شيخ الكار جوز هند (ناعم,خشن) 1 كغم",1151089,Legumes & Spices,26001088,2026,07,فاتورة مشتريات,الشركة التجارية,
LV0000345,مؤسسة حامد ابو يحيى للمواد التموينية,Local Vendors,482.759,200,"شيخ الكار جوز هند (ناعم,خشن) 1 كغم",1151089,Legumes & Spices,26001089,2026,07,فاتورة مشتريات,الشركة التجارية,
LV0000336,شركة بهاء الدين البستنجي و شركاه مشتريات,Local Vendors,733.425,385,ميار حلاوة 800 غم سادة 1*1,1151054,Legumes & Spices,26000238,2026,02,فاتورة مشتريات,الشركة التجارية,
LV0000336,شركة بهاء الدين البستنجي و شركاه مشتريات,Local Vendors,7690.88,3152,ميار طحينية 900 غم 1*1,1151034,Legumes & Spices,26000238,2026,02,فاتورة مشتريات,الشركة التجارية,
LV0000336,شركة بهاء الدين البستنجي و شركاه مشتريات,Local Vendors,7431.101,3121,شيخ الكار حلاوة 800 غم سادة 1*1,1151032,Legumes & Spices,26000238,2026,02,فاتورة مشتريات,الشركة التجارية,
LV0000336,شركة بهاء الدين البستنجي و شركاه مشتريات,Local Vendors,997.759,600,لويال شامبو شعر للكبار 800 ملم *1,1151130,Legumes & Spices,26000291,2026,01,فاتورة مشتريات,الشركة التجارية,
LV0000336,شركة بهاء الدين البستنجي و شركاه مشتريات,Local Vendors,1326.896,400,لويال مسحوق غسيل 3 كغم,1151121,Legumes & Spices,26000291,2026,01,فاتورة مشتريات,الشركة التجارية,
LV0000336,شركة بهاء الدين البستنجي و شركاه مشتريات,Local Vendors,546.293,100,لويال سائل غسيل ملابس 5 لتر *1,1151118,Legumes & Spices,26000291,2026,01,فاتورة مشتريات,الشركة التجارية,
LV0000336,شركة بهاء الدين البستنجي و شركاه مشتريات,Local Vendors,1368,900,لويال منظف أرضيات 2.4 لتر *1,1151120,Legumes & Spices,26000292,2026,01,فاتورة مشتريات,الشركة التجارية,
LV0000336,شركة بهاء الدين البستنجي و شركاه مشتريات,Local Vendors,408,600,بيبي ماجيك شامبو شعر للأطفال 250ملم *1,1151128,Legumes & Spices,26000293,2026,01,فاتورة مشتريات,الشركة التجارية,
LV0000173,شركة ريتاج لتوزيع,Local Vendors,5250,4000,شيخ الكار زيت شمس 1.3 لتر 1*8,1041003,Oil,26000298,2026,02,فاتورة مشتريات,الشركة التجارية,
LV0000173,شركة ريتاج لتوزيع,Local Vendors,5250,4000,شيخ الكار زيت شمس 1.3 لتر 1*8,1041003,Oil,26000270,2026,02,فاتورة مشتريات,الشركة التجارية,
LV0000173,شركة ريتاج لتوزيع,Local Vendors,1004.8,50,زيت شمس 14 لتر,1151138,Legumes & Spices,26000495,2026,03,فاتورة مشتريات,الشركة التجارية,
LV0000173,شركة ريتاج لتوزيع,Local Vendors,1088.942,0,,,,26000737,2026,04,فاتورة مشتريات,الشركة التجارية,
LV0000083,مخبز الرمثا  - مورد,Local Vendors,21.7,62,قشطة خبز قمح أسمر(لمرضى السكري صغير),1151065,Legumes & Spices,26000252,2026,02,فاتورة مشتريات,الشركة التجارية,
LV0000083,مخبز الرمثا  - مورد,Local Vendors,338.8,968,قشطة خبز كماج صغير 1 كغم,1151071,Legumes & Spices,26000252,2026,02,فاتورة مشتريات,الشركة التجارية,
LV0000083,مخبز الرمثا  - مورد,Local Vendors,158.5,317,قشطة خبز حمام 1 كغم,1151070,Legumes & Spices,26000252,2026,02,فاتورة مشتريات,الشركة التجارية,
LV0000083,مخبز الرمثا  - مورد,Local Vendors,38.5,22,قشطة قرشلة وكعك بأنواعه محلى او سادة 1 كغم,1151100,Legumes & Spices,26000252,2026,02,فاتورة مشتريات,الشركة التجارية,
LV0000083,مخبز الرمثا  - مورد,Local Vendors,21.7,62,قشطة خبز قمح أسمر(لمرضى السكري صغير),1151065,Legumes & Spices,26000784,2026,03,فاتورة مشتريات,الشركة التجارية,
LV0000083,مخبز الرمثا  - مورد,Local Vendors,135,270,قشطة خبز حمام 1 كغم,1151070,Legumes & Spices,26000784,2026,03,فاتورة مشتريات,الشركة التجارية,
LV0000083,مخبز الرمثا  - مورد,Local Vendors,73.5,42,قشطة قرشلة وكعك بأنواعه محلى او سادة 1 كغم,1151100,Legumes & Spices,26000784,2026,03,فاتورة مشتريات,الشركة التجارية,
LV0000083,مخبز الرمثا  - مورد,Local Vendors,57,57,قشطة قطايف 1 كغم,1151104,Legumes & Spices,26000784,2026,03,فاتورة مشتريات,الشركة التجارية,
LV0000083,مخبز الرمثا  - مورد,Local Vendors,333.55,953,قشطة خبز كماج صغير 1 كغم,1151071,Legumes & Spices,26000784,2026,03,فاتورة مشتريات,الشركة التجارية,
LV0000083,مخبز الرمثا  - مورد,Local Vendors,4,4,قشطة خبز فرنسي زنجر بسمسم او سادة,1151049,Legumes & Spices,26000784,2026,03,فاتورة مشتريات,الشركة التجارية,
LV0000083,مخبز الرمثا  - مورد,Local Vendors,124,248,قشطة خبز حمام 1 كغم,1151070,Legumes & Spices,26000865,2026,05,فاتورة مشتريات,الشركة التجارية,
LV0000083,مخبز الرمثا  - مورد,Local Vendors,316.75,905,قشطة خبز كماج صغير 1 كغم,1151071,Legumes & Spices,26000865,2026,05,فاتورة مشتريات,الشركة التجارية,
LV0000083,مخبز الرمثا  - مورد,Local Vendors,21,12,قشطة قرشلة وكعك بأنواعه محلى او سادة 1 كغم,1151100,Legumes & Spices,26000865,2026,05,فاتورة مشتريات,الشركة التجارية,
LV0000083,مخبز الرمثا  - مورد,Local Vendors,4,4,قشطة خبز فرنسي زنجر بسمسم او سادة,1151049,Legumes & Spices,26000865,2026,05,فاتورة مشتريات,الشركة التجارية,
LV0000083,مخبز الرمثا  - مورد,Local Vendors,14,14,قشطة قطايف 1 كغم,1151104,Legumes & Spices,26000865,2026,05,فاتورة مشتريات,الشركة التجارية,
LV0000083,مخبز الرمثا  - مورد,Local Vendors,19.6,56,قشطة خبز قمح أسمر(لمرضى السكري صغير),1151065,Legumes & Spices,26000865,2026,05,فاتورة مشتريات,الشركة التجارية,
LV0000083,مخبز الرمثا  - مورد,Local Vendors,21,60,قشطة خبز قمح أسمر(لمرضى السكري صغير),1151065,Legumes & Spices,26000887,2026,05,فاتورة مشتريات,الشركة التجارية,
LV0000083,مخبز الرمثا  - مورد,Local Vendors,154.5,309,قشطة خبز حمام 1 كغم,1151070,Legumes & Spices,26000887,2026,05,فاتورة مشتريات,الشركة التجارية,
LV0000083,مخبز الرمثا  - مورد,Local Vendors,325.85,931,قشطة خبز كماج صغير 1 كغم,1151071,Legumes & Spices,26000887,2026,05,فاتورة مشتريات,الشركة التجارية,
LV0000083,مخبز الرمثا  - مورد,Local Vendors,35,20,قشطة قرشلة وكعك بأنواعه محلى او سادة 1 كغم,1151100,Legumes & Spices,26000887,2026,05,فاتورة مشتريات,الشركة التجارية,
LV0000343,بضاعة بوندد,Foreign Vendors,726.283,0,,,,26000740,2026,04,فاتورة مشتريات,الشركة التجارية,
LV0000343,بضاعة بوندد,Foreign Vendors,394.479,0,,,,26000741,2026,04,فاتورة مشتريات,الشركة التجارية,
LV0000343,بضاعة بوندد,Foreign Vendors,83.798,0,,,,26000742,2026,04,فاتورة مشتريات,الشركة التجارية,
LV0000343,بضاعة بوندد,Foreign Vendors,97.25,0,,,,26000743,2026,04,فاتورة مشتريات,الشركة التجارية,
LV0000343,بضاعة بوندد,Foreign Vendors,712.233,0,,,,26000744,2026,04,فاتورة مشتريات,الشركة التجارية,
LV0000343,بضاعة بوندد,Foreign Vendors,386.929,0,,,,26000745,2026,04,فاتورة مشتريات,الشركة التجارية,
LV0000343,بضاعة بوندد,Foreign Vendors,40.947,0,,,,26000746,2026,04,فاتورة مشتريات,الشركة التجارية,
LV0000343,بضاعة بوندد,Foreign Vendors,488.35,0,,,,26000747,2026,04,فاتورة مشتريات,الشركة التجارية,
LV0000343,بضاعة بوندد,Foreign Vendors,726.283,0,,,,26000748,2026,04,فاتورة مشتريات,الشركة التجارية,
LV0000343,بضاعة بوندد,Foreign Vendors,41.897,0,,,,26000749,2026,04,فاتورة مشتريات,الشركة التجارية,
LV0000343,بضاعة بوندد,Foreign Vendors,1127.25,0,,,,26000750,2026,04,فاتورة مشتريات,الشركة التجارية,
LV0000343,بضاعة بوندد,Foreign Vendors,13500,90000,شيخ الكار ذرة حلوة 130 غم 1*24,1131004,Sheikh Alkar - Canned food,26000296,2026,02,فاتورة مشتريات,الشركة التجارية,
LV0000343,بضاعة بوندد,Foreign Vendors,13500,90000,شيخ الكار ذرة حلوة 130 غم 1*24,1131004,Sheikh Alkar - Canned food,26000958,2026,06,فاتورة مشتريات,الشركة التجارية,
LV0000344,الشركة الوطنية لتعبئة الايرسول,Local Vendors,62.1,120,لايت ويف سبراي معطر جو بعطر اللافندر 300 مل,1151142,Legumes & Spices,26000662,2026,03,فاتورة مشتريات,الشركة التجارية,
LV0000344,الشركة الوطنية لتعبئة الايرسول,Local Vendors,62.1,120,لايت ويف سبراي معطر جو بعطر البابايا 300 مل,1151143,Legumes & Spices,26000662,2026,03,فاتورة مشتريات,الشركة التجارية,
LV0000344,الشركة الوطنية لتعبئة الايرسول,Local Vendors,62.1,120,لايت ويف سبراي معطر جو بعطر نسيم البحر 300 مل,1151144,Legumes & Spices,26000662,2026,03,فاتورة مشتريات,الشركة التجارية,
LV0000344,الشركة الوطنية لتعبئة الايرسول,Local Vendors,62.1,120,لايت ويف سبراي معطر جو بعطر الياسمين 300 مل,1151141,Legumes & Spices,26000662,2026,03,فاتورة مشتريات,الشركة التجارية,
LV0000344,الشركة الوطنية لتعبئة الايرسول,Local Vendors,62.1,120,لايت ويف سبراي معطر جو بعطر الأوركيدا 300 مل,1151140,Legumes & Spices,26000662,2026,03,فاتورة مشتريات,الشركة التجارية,
LV0000344,الشركة الوطنية لتعبئة الايرسول,Local Vendors,1020,1200,لايف وايف مزيل للدهون بخاخ 600 ملم *1,1151114,Legumes & Spices,26000722,2026,04,فاتورة مشتريات,الشركة التجارية,
LV0000090,الصبيح للصناعات الغذائية - مورد,Local Vendors,1862.441,1296,فريشي مسحوق شراب نكهات مختلفة 750 غم 1*1,1151099,Legumes & Spices,26000284,2026,02,فاتورة مشتريات,الشركة التجارية,
LV0000090,الصبيح للصناعات الغذائية - مورد,Local Vendors,3517.241,2448,فريشي مسحوق شراب نكهات مختلفة 750 غم 1*1,1151099,Legumes & Spices,26000351,2026,02,فاتورة مشتريات,الشركة التجارية,
LV0000090,الصبيح للصناعات الغذائية - مورد,Local Vendors,3586.924,2496,فريشي مسحوق شراب نكهات مختلفة 750 غم 1*1,1151099,Legumes & Spices,26000576,2026,03,فاتورة مشتريات,الشركة التجارية,
LV0000090,الصبيح للصناعات الغذائية - مورد,Local Vendors,1810.305,105,فريشي مسحوق شراب نكهات مختلفة 750 غم 1*1,1151099,Legumes & Spices,26001037,2026,06,فاتورة مشتريات,الشركة التجارية,
LV0000090,الصبيح للصناعات الغذائية - مورد,Local Vendors,1792.386,1248,فريشي مسحوق شراب نكهات مختلفة 750 غم 1*1,1151099,Legumes & Spices,26000874,2026,05,فاتورة مشتريات,الشركة التجارية,
LV0000330,الشركة الخليجية للاختبارات,Local Vendors,2500,0,,,,26000289,2026,02,فاتورة مشتريات,الشركة التجارية,
LV0000335,شركة السنبلة الماسية - مورد,Local Vendors,100.962,70,قشطة قرشلة وكعك بأنواعه محلى او سادة 1 كغم,1151100,Legumes & Spices,26000227,2026,01,فاتورة مشتريات,الشركة التجارية,
LV0000335,شركة السنبلة الماسية - مورد,Local Vendors,616.7,1762,قشطة خبز كماج صغير 1 كغم,1151071,Legumes & Spices,26000227,2026,01,فاتورة مشتريات,الشركة التجارية,
LV0000335,شركة السنبلة الماسية - مورد,Local Vendors,75.95,217,قشطة خبز قمح أسمر(لمرضى السكري صغير),1151065,Legumes & Spices,26000227,2026,01,فاتورة مشتريات,الشركة التجارية,
LV0000335,شركة السنبلة الماسية - مورد,Local Vendors,312.981,217,قشطة قرشلة وكعك بأنواعه محلى او سادة 1 كغم,1151100,Legumes & Spices,26000228,2026,02,فاتورة مشتريات,الشركة التجارية,
LV0000335,شركة السنبلة الماسية - مورد,Local Vendors,406,1160,قشطة خبز كماج صغير 1 كغم,1151071,Legumes & Spices,26000228,2026,02,فاتورة مشتريات,الشركة التجارية,
LV0000335,شركة السنبلة الماسية - مورد,Local Vendors,65.517,76,قشطة قطايف 1 كغم,1151104,Legumes & Spices,26000452,2026,03,فاتورة مشتريات,الشركة التجارية,
LV0000335,شركة السنبلة الماسية - مورد,Local Vendors,122.596,85,قشطة قرشلة وكعك بأنواعه محلى او سادة 1 كغم,1151100,Legumes & Spices,26000452,2026,03,فاتورة مشتريات,الشركة التجارية,
LV0000335,شركة السنبلة الماسية - مورد,Local Vendors,612.5,1750,قشطة خبز كماج صغير 1 كغم,1151071,Legumes & Spices,26000452,2026,03,فاتورة مشتريات,الشركة التجارية,
LV0000335,شركة السنبلة الماسية - مورد,Local Vendors,68.6,196,قشطة خبز قمح أسمر(لمرضى السكري صغير),1151065,Legumes & Spices,26000452,2026,03,فاتورة مشتريات,الشركة التجارية,
LV0000335,شركة السنبلة الماسية - مورد,Local Vendors,120.69,140,قشطة قطايف 1 كغم,1151104,Legumes & Spices,26000453,2026,03,فاتورة مشتريات,الشركة التجارية,
LV0000335,شركة السنبلة الماسية - مورد,Local Vendors,181.731,126,قشطة قرشلة وكعك بأنواعه محلى او سادة 1 كغم,1151100,Legumes & Spices,26000453,2026,03,فاتورة مشتريات,الشركة التجارية,
LV0000335,شركة السنبلة الماسية - مورد,Local Vendors,399,1140,قشطة خبز كماج صغير 1 كغم,1151071,Legumes & Spices,26000453,2026,03,فاتورة مشتريات,الشركة التجارية,
LV0000335,شركة السنبلة الماسية - مورد,Local Vendors,96.544,224,قشطة قطايف 1 كغم,1151104,Legumes & Spices,26000771,2026,04,فاتورة مشتريات,الشركة التجارية,
LV0000335,شركة السنبلة الماسية - مورد,Local Vendors,50.47,35,قشطة قرشلة وكعك بأنواعه محلى او سادة 1 كغم,1151100,Legumes & Spices,26000771,2026,04,فاتورة مشتريات,الشركة التجارية,
LV0000335,شركة السنبلة الماسية - مورد,Local Vendors,607.25,1735,قشطة خبز كماج صغير 1 كغم,1151071,Legumes & Spices,26000771,2026,04,فاتورة مشتريات,الشركة التجارية,
LV0000335,شركة السنبلة الماسية - مورد,Local Vendors,75.95,217,قشطة خبز قمح أسمر(لمرضى السكري صغير),1151065,Legumes & Spices,26000771,2026,04,فاتورة مشتريات,الشركة التجارية,
LV0000335,شركة السنبلة الماسية - مورد,Local Vendors,255.152,592,قشطة قطايف 1 كغم,1151104,Legumes & Spices,26000772,2026,04,فاتورة مشتريات,الشركة التجارية,
LV0000335,شركة السنبلة الماسية - مورد,Local Vendors,80.752,56,قشطة قرشلة وكعك بأنواعه محلى او سادة 1 كغم,1151100,Legumes & Spices,26000772,2026,04,فاتورة مشتريات,الشركة التجارية,
LV0000335,شركة السنبلة الماسية - مورد,Local Vendors,456.75,1305,قشطة خبز كماج صغير 1 كغم,1151071,Legumes & Spices,26000772,2026,04,فاتورة مشتريات,الشركة التجارية,
LV0000335,شركة السنبلة الماسية - مورد,Local Vendors,304.262,211,قشطة قرشلة وكعك بأنواعه محلى او سادة 1 كغم,1151100,Legumes & Spices,26000870,2026,05,فاتورة مشتريات,الشركة التجارية,
LV0000335,شركة السنبلة الماسية - مورد,Local Vendors,385,1100,قشطة خبز كماج صغير 1 كغم,1151071,Legumes & Spices,26000870,2026,05,فاتورة مشتريات,الشركة التجارية,
LV0000335,شركة السنبلة الماسية - مورد,Local Vendors,93.75,65,قشطة قرشلة وكعك بأنواعه محلى او سادة 1 كغم,1151100,Legumes & Spices,26000871,2026,05,فاتورة مشتريات,الشركة التجارية,
LV0000335,شركة السنبلة الماسية - مورد,Local Vendors,655.2,1872,قشطة خبز كماج صغير 1 كغم,1151071,Legumes & Spices,26000871,2026,05,فاتورة مشتريات,الشركة التجارية,
LV0000335,شركة السنبلة الماسية - مورد,Local Vendors,73.5,210,قشطة خبز قمح أسمر(لمرضى السكري صغير),1151065,Legumes & Spices,26000871,2026,05,فاتورة مشتريات,الشركة التجارية,
LV0000335,شركة السنبلة الماسية - مورد,Local Vendors,50.47,35,قشطة قرشلة وكعك بأنواعه محلى او سادة 1 كغم,1151100,Legumes & Spices,26001046,2026,06,فاتورة مشتريات,الشركة التجارية,
LV0000335,شركة السنبلة الماسية - مورد,Local Vendors,661.5,1890,قشطة خبز كماج صغير 1 كغم,1151071,Legumes & Spices,26001046,2026,06,فاتورة مشتريات,الشركة التجارية,
LV0000335,شركة السنبلة الماسية - مورد,Local Vendors,75.25,215,قشطة خبز قمح أسمر(لمرضى السكري صغير),1151065,Legumes & Spices,26001046,2026,06,فاتورة مشتريات,الشركة التجارية,
LV0000335,شركة السنبلة الماسية - مورد,Local Vendors,262.444,182,قشطة قرشلة وكعك بأنواعه محلى او سادة 1 كغم,1151100,Legumes & Spices,26001047,2026,06,فاتورة مشتريات,الشركة التجارية,
LV0000335,شركة السنبلة الماسية - مورد,Local Vendors,364,1040,قشطة خبز كماج صغير 1 كغم,1151071,Legumes & Spices,26001047,2026,06,فاتورة مشتريات,الشركة التجارية,
LV0000335,شركة السنبلة الماسية - مورد,Local Vendors,86.52,60,قشطة قرشلة وكعك بأنواعه محلى او سادة 1 كغم,1151100,Legumes & Spices,26001055,2026,07,فاتورة مشتريات,الشركة التجارية,
LV0000335,شركة السنبلة الماسية - مورد,Local Vendors,695.8,1988,قشطة خبز كماج صغير 1 كغم,1151071,Legumes & Spices,26001055,2026,07,فاتورة مشتريات,الشركة التجارية,
LV0000335,شركة السنبلة الماسية - مورد,Local Vendors,72.8,208,قشطة خبز قمح أسمر(لمرضى السكري صغير),1151065,Legumes & Spices,26001055,2026,07,فاتورة مشتريات,الشركة التجارية,
LV0000335,شركة السنبلة الماسية - مورد,Local Vendors,364,1040,قشطة خبز كماج صغير 1 كغم,1151071,Legumes & Spices,26001056,2026,07,فاتورة مشتريات,الشركة التجارية,
LV0000335,شركة السنبلة الماسية - مورد,Local Vendors,302.82,210,قشطة قرشلة وكعك بأنواعه محلى او سادة 1 كغم,1151100,Legumes & Spices,26001056,2026,07,فاتورة مشتريات,الشركة التجارية,
LV0000333,شركة جدارا للتخليص,Local Vendors,2580.2,0,Customs,,,26000297,2026,02,فاتورة مشتريات,الشركة التجارية,
LV0000333,شركة جدارا للتخليص,Local Vendors,100.82,0,Clearance,,,26000297,2026,02,فاتورة مشتريات,الشركة التجارية,
LV0000333,شركة جدارا للتخليص,Local Vendors,2290.98,0,,,,26000297,2026,02,فاتورة مشتريات,الشركة التجارية,
LV0000333,شركة جدارا للتخليص,Local Vendors,1425,0,Shipping,,,26000357,2026,02,فاتورة مشتريات,الشركة التجارية,
LV0000333,شركة جدارا للتخليص,Local Vendors,1648.92,0,Customs,,,26000357,2026,02,فاتورة مشتريات,الشركة التجارية,
LV0000333,شركة جدارا للتخليص,Local Vendors,1790.08,0,Clearance,,,26000357,2026,02,فاتورة مشتريات,الشركة التجارية,
LV0000333,شركة جدارا للتخليص,Local Vendors,485,0,Shipping,,,26000436,2026,02,فاتورة مشتريات,الشركة التجارية,
LV0000333,شركة جدارا للتخليص,Local Vendors,915.9,0,Customs,,,26000436,2026,02,فاتورة مشتريات,الشركة التجارية,
LV0000333,شركة جدارا للتخليص,Local Vendors,52.1,0,Clearance,,,26000436,2026,02,فاتورة مشتريات,الشركة التجارية,
LV0000333,شركة جدارا للتخليص,Local Vendors,1425,0,Shipping,,,26000443,2026,02,فاتورة مشتريات,الشركة التجارية,
LV0000333,شركة جدارا للتخليص,Local Vendors,3175.41,0,Customs,,,26000443,2026,02,فاتورة مشتريات,الشركة التجارية,
LV0000333,شركة جدارا للتخليص,Local Vendors,141.59,0,Clearance,,,26000443,2026,02,فاتورة مشتريات,الشركة التجارية,
LV0000333,شركة جدارا للتخليص,Local Vendors,1425,0,Shipping,,,26000780,2026,04,فاتورة مشتريات,الشركة التجارية,
LV0000333,شركة جدارا للتخليص,Local Vendors,8252.43,0,Customs,,,26000780,2026,04,فاتورة مشتريات,الشركة التجارية,
LV0000333,شركة جدارا للتخليص,Local Vendors,143.62,0,Clearance,,,26000780,2026,04,فاتورة مشتريات,الشركة التجارية,
LV0000333,شركة جدارا للتخليص,Local Vendors,4957.95,0,,,,26000780,2026,04,فاتورة مشتريات,الشركة التجارية,
LV0000333,شركة جدارا للتخليص,Local Vendors,536.25,0,Testing,,,26000787,2026,03,فاتورة مشتريات,الشركة التجارية,
LV0000333,شركة جدارا للتخليص,Local Vendors,49200,0,,,,26000853,2026,02,فاتورة مشتريات,الشركة التجارية,
LV0000333,شركة جدارا للتخليص,Local Vendors,166.03,0,Clearance,,,26000853,2026,02,فاتورة مشتريات,الشركة التجارية,
LV0000333,شركة جدارا للتخليص,Local Vendors,12340.97,0,Customs,,,26000853,2026,02,فاتورة مشتريات,الشركة التجارية,
LV0000333,شركة جدارا للتخليص,Local Vendors,950,0,Shipping,,,26000853,2026,02,فاتورة مشتريات,الشركة التجارية,
LV0000333,شركة جدارا للتخليص,Local Vendors,2586.2,0,Shipping,,,26000959,2026,04,فاتورة مشتريات,الشركة التجارية,
LV0000333,شركة جدارا للتخليص,Local Vendors,96.82,0,Customs,,,26000959,2026,04,فاتورة مشتريات,الشركة التجارية,
LV0000333,شركة جدارا للتخليص,Local Vendors,14318.625,0,,,,26000959,2026,04,فاتورة مشتريات,الشركة التجارية,
LV0000333,شركة جدارا للتخليص,Local Vendors,200.68,0,Shipping,,,26000960,2026,04,فاتورة مشتريات,الشركة التجارية,
LV0000333,شركة جدارا للتخليص,Local Vendors,180.5,0,Customs,,,26000960,2026,04,فاتورة مشتريات,الشركة التجارية,
LV0000333,شركة جدارا للتخليص,Local Vendors,50,0,,,,26000960,2026,04,فاتورة مشتريات,الشركة التجارية,
LV0000023,شركة الصناعات الدولية ذ.م.م / مورد,Local Vendors,4619.608,14136,شيخ الكار حمص مطحون 400 غم (73) 1*24,1131007,Sheikh Alkar - Canned food,26000118,2026,01,فاتورة مشتريات,الشركة التجارية,
LV0000023,شركة الصناعات الدولية ذ.م.م / مورد,Local Vendors,4907.059,24768,شيخ الكار فول حب 400 غم (73) 1*24,1131006,Sheikh Alkar - Canned food,26000118,2026,01,فاتورة مشتريات,الشركة التجارية,
LV0000023,شركة الصناعات الدولية ذ.م.م / مورد,Local Vendors,4133.235,14664,شيخ الكار حمص حب 400 غم (73) 1*24,1131008,Sheikh Alkar - Canned food,26000118,2026,01,فاتورة مشتريات,الشركة التجارية,
LV0000023,شركة الصناعات الدولية ذ.م.م / مورد,Local Vendors,5696.373,28752,شيخ الكار فول حب 400 غم (73) 1*24,1131006,Sheikh Alkar - Canned food,26000306,2026,02,فاتورة مشتريات,الشركة التجارية,
LV0000023,شركة الصناعات الدولية ذ.م.م / مورد,Local Vendors,3474.51,10632,شيخ الكار حمص مطحون 400 غم (73) 1*24,1131007,Sheikh Alkar - Canned food,26000307,2026,02,فاتورة مشتريات,الشركة التجارية,
LV0000023,شركة الصناعات الدولية ذ.م.م / مورد,Local Vendors,8454.902,25872,شيخ الكار حمص مطحون 400 غم (73) 1*24,1131007,Sheikh Alkar - Canned food,26000308,2026,02,فاتورة مشتريات,الشركة التجارية,
LV0000023,شركة الصناعات الدولية ذ.م.م / مورد,Local Vendors,5068.83,25584,شيخ الكار فول حب 400 غم (73) 1*24,1131006,Sheikh Alkar - Canned food,26000342,2026,02,فاتورة مشتريات,الشركة التجارية,
LV0000023,شركة الصناعات الدولية ذ.م.م / مورد,Local Vendors,619.597,1896,شيخ الكار حمص مطحون 400 غم (73) 1*24,1131007,Sheikh Alkar - Canned food,26000342,2026,02,فاتورة مشتريات,الشركة التجارية,
LV0000314,عدنان خلف الشملان,Bank Murabaha,3166.8,9048,قشطة خبز كماج صغير 1 كغم,1151071,Legumes & Spices,26000715,2026,04,فاتورة مشتريات,الشركة التجارية,
LV0000314,عدنان خلف الشملان,Bank Murabaha,2490.6,7116,قشطة خبز كماج صغير 1 كغم,1151071,Legumes & Spices,26000767,2026,04,فاتورة مشتريات,الشركة التجارية,
LV0000314,عدنان خلف الشملان,Bank Murabaha,853.929,1898,قشطة خبز كماج صغير 1 كغم,1151071,Legumes & Spices,26000942,2026,05,فاتورة مشتريات,الشركة التجارية,
LV0000314,عدنان خلف الشملان,Bank Murabaha,834.085,2383.1,قشطة خبز كماج كبير 1 كغم,1151069,Legumes & Spices,26000975,2026,06,فاتورة مشتريات,الشركة التجارية,
LV0000314,عدنان خلف الشملان,Bank Murabaha,833.35,2381,قشطة خبز كماج صغير 1 كغم,1151071,Legumes & Spices,26001079,2026,07,فاتورة مشتريات,الشركة التجارية,
LV0000350,شركة القارة الخضراء لتجارة الأغذية,Local Vendors,690,1000,شيخ الكار عدس حب 1 كغم,1151018,Legumes & Spices,26000572,2026,03,فاتورة مشتريات,الشركة التجارية,
LV0000124,مخبز انوار مكه - الطفيلة,Local Vendors,241.2,536,قشطة خبز كماج صغير 1 كغم,1151071,Legumes & Spices,26000456,2026,03,فاتورة مشتريات,الشركة التجارية,
LV0000124,مخبز انوار مكه - الطفيلة,Local Vendors,12.15,27,قشطة خبز قمح أسمر(لمرضى السكري صغير),1151065,Legumes & Spices,26000456,2026,03,فاتورة مشتريات,الشركة التجارية,
LV0000124,مخبز انوار مكه - الطفيلة,Local Vendors,144,960,قشطة خبز شراك,1151066,Legumes & Spices,26000456,2026,03,فاتورة مشتريات,الشركة التجارية,
LV0000124,مخبز انوار مكه - الطفيلة,Local Vendors,40,40,قشطة قطايف 1 كغم,1151104,Legumes & Spices,26000456,2026,03,فاتورة مشتريات,الشركة التجارية,
LV0000124,مخبز انوار مكه - الطفيلة,Local Vendors,213.75,475,قشطة خبز كماج كبير 1 كغم,1151069,Legumes & Spices,26000457,2026,03,فاتورة مشتريات,الشركة التجارية,
LV0000124,مخبز انوار مكه - الطفيلة,Local Vendors,12.6,28,قشطة خبز قمح أسمر(لمرضى السكري صغير),1151065,Legumes & Spices,26000457,2026,03,فاتورة مشتريات,الشركة التجارية,
LV0000124,مخبز انوار مكه - الطفيلة,Local Vendors,19.6,28,قشطة خبز حمام 1 كغم,1151070,Legumes & Spices,26000457,2026,03,فاتورة مشتريات,الشركة التجارية,
LV0000124,مخبز انوار مكه - الطفيلة,Local Vendors,207.2,112,قشطة قرشلة وكعك بأنواعه محلى او سادة 1 كغم,1151100,Legumes & Spices,26000457,2026,03,فاتورة مشتريات,الشركة التجارية,
LV0000124,مخبز انوار مكه - الطفيلة,Local Vendors,3.3,22,قشطة خبز شراك,1151066,Legumes & Spices,26000457,2026,03,فاتورة مشتريات,الشركة التجارية,
LV0000124,مخبز انوار مكه - الطفيلة,Local Vendors,13,13,قشطة قطايف 1 كغم,1151104,Legumes & Spices,26000457,2026,03,فاتورة مشتريات,الشركة التجارية,
LV0000124,مخبز انوار مكه - الطفيلة,Local Vendors,13.95,31,قشطة خبز قمح أسمر(لمرضى السكري صغير),1151065,Legumes & Spices,26000659,2026,03,فاتورة مشتريات,الشركة التجارية,
LV0000124,مخبز انوار مكه - الطفيلة,Local Vendors,169.5,1130,قشطة خبز شراك,1151066,Legumes & Spices,26000659,2026,03,فاتورة مشتريات,الشركة التجارية,
LV0000124,مخبز انوار مكه - الطفيلة,Local Vendors,238.95,531,قشطة خبز كماج صغير 1 كغم,1151071,Legumes & Spices,26000659,2026,03,فاتورة مشتريات,الشركة التجارية,
LV0000124,مخبز انوار مكه - الطفيلة,Local Vendors,21.7,31,قشطة خبز حمام 1 كغم,1151070,Legumes & Spices,26000660,2026,03,فاتورة مشتريات,الشركة التجارية,
LV0000124,مخبز انوار مكه - الطفيلة,Local Vendors,229.4,124,قشطة قرشلة وكعك بأنواعه محلى او سادة 1 كغم,1151100,Legumes & Spices,26000660,2026,03,فاتورة مشتريات,الشركة التجارية,
LV0000124,مخبز انوار مكه - الطفيلة,Local Vendors,13.95,31,قشطة خبز قمح أسمر(لمرضى السكري صغير),1151065,Legumes & Spices,26000660,2026,03,فاتورة مشتريات,الشركة التجارية,
LV0000124,مخبز انوار مكه - الطفيلة,Local Vendors,263.7,586,قشطة خبز كماج صغير 1 كغم,1151071,Legumes & Spices,26000660,2026,03,فاتورة مشتريات,الشركة التجارية,
LV0000124,مخبز انوار مكه - الطفيلة,Local Vendors,176.625,392.5,قشطة خبز كماج صغير 1 كغم,1151071,Legumes & Spices,26000687,2026,03,فاتورة مشتريات,الشركة التجارية,
LV0000124,مخبز انوار مكه - الطفيلة,Local Vendors,13.5,30,قشطة خبز قمح أسمر(لمرضى السكري صغير),1151065,Legumes & Spices,26000687,2026,03,فاتورة مشتريات,الشركة التجارية,
LV0000124,مخبز انوار مكه - الطفيلة,Local Vendors,21.7,31,قشطة خبز حمام 1 كغم,1151070,Legumes & Spices,26000687,2026,03,فاتورة مشتريات,الشركة التجارية,
LV0000124,مخبز انوار مكه - الطفيلة,Local Vendors,144.3,78,قشطة قرشلة وكعك بأنواعه محلى او سادة 1 كغم,1151100,Legumes & Spices,26000687,2026,03,فاتورة مشتريات,الشركة التجارية,
LV0000124,مخبز انوار مكه - الطفيلة,Local Vendors,6,40,قشطة خبز شراك,1151066,Legumes & Spices,26000687,2026,03,فاتورة مشتريات,الشركة التجارية,
LV0000124,مخبز انوار مكه - الطفيلة,Local Vendors,24.5,24.5,قشطة قطايف 1 كغم,1151104,Legumes & Spices,26000687,2026,03,فاتورة مشتريات,الشركة التجارية,
LV0000124,مخبز انوار مكه - الطفيلة,Local Vendors,66,66,قشطة قطايف 1 كغم,1151104,Legumes & Spices,26000688,2026,04,فاتورة مشتريات,الشركة التجارية,
LV0000124,مخبز انوار مكه - الطفيلة,Local Vendors,81,540,قشطة خبز شراك,1151066,Legumes & Spices,26000688,2026,04,فاتورة مشتريات,الشركة التجارية,
LV0000124,مخبز انوار مكه - الطفيلة,Local Vendors,13.5,30,قشطة خبز قمح أسمر(لمرضى السكري صغير),1151065,Legumes & Spices,26000688,2026,04,فاتورة مشتريات,الشركة التجارية,
LV0000124,مخبز انوار مكه - الطفيلة,Local Vendors,243.45,541,قشطة خبز كماج صغير 1 كغم,1151071,Legumes & Spices,26000688,2026,04,فاتورة مشتريات,الشركة التجارية,
LV0000124,مخبز انوار مكه - الطفيلة,Local Vendors,123,820,قشطة خبز شراك,1151066,Legumes & Spices,26000927,2026,05,فاتورة مشتريات,الشركة التجارية,
LV0000124,مخبز انوار مكه - الطفيلة,Local Vendors,204.75,455,قشطة خبز كماج صغير 1 كغم,1151071,Legumes & Spices,26000927,2026,05,فاتورة مشتريات,الشركة التجارية,
LV0000124,مخبز انوار مكه - الطفيلة,Local Vendors,24.75,55,قشطة خبز قمح أسمر(لمرضى السكري صغير),1151065,Legumes & Spices,26000927,2026,05,فاتورة مشتريات,الشركة التجارية,
LV0000124,مخبز انوار مكه - الطفيلة,Local Vendors,12.6,28,قشطة خبز قمح أسمر(لمرضى السكري صغير),1151065,Legumes & Spices,26000928,2026,05,فاتورة مشتريات,الشركة التجارية,
LV0000124,مخبز انوار مكه - الطفيلة,Local Vendors,21,30,قشطة خبز حمام 1 كغم,1151070,Legumes & Spices,26000928,2026,05,فاتورة مشتريات,الشركة التجارية,
LV0000124,مخبز انوار مكه - الطفيلة,Local Vendors,225.563,501.25,قشطة خبز كماج صغير 1 كغم,1151071,Legumes & Spices,26000928,2026,05,فاتورة مشتريات,الشركة التجارية,
LV0000124,مخبز انوار مكه - الطفيلة,Local Vendors,166.5,90,قشطة قرشلة وكعك بأنواعه محلى او سادة 1 كغم,1151100,Legumes & Spices,26000928,2026,05,فاتورة مشتريات,الشركة التجارية,
LV0000124,مخبز انوار مكه - الطفيلة,Local Vendors,208.125,462.5,قشطة خبز كماج كبير 1 كغم,1151069,Legumes & Spices,26000969,2026,06,فاتورة مشتريات,الشركة التجارية,
LV0000124,مخبز انوار مكه - الطفيلة,Local Vendors,13.05,29,قشطة خبز قمح أسمر(لمرضى السكري صغير),1151065,Legumes & Spices,26000969,2026,06,فاتورة مشتريات,الشركة التجارية,
LV0000124,مخبز انوار مكه - الطفيلة,Local Vendors,19.25,27.5,قشطة خبز حمام 1 كغم,1151070,Legumes & Spices,26000969,2026,06,فاتورة مشتريات,الشركة التجارية,
LV0000124,مخبز انوار مكه - الطفيلة,Local Vendors,142.45,77,قشطة قرشلة وكعك بأنواعه محلى او سادة 1 كغم,1151100,Legumes & Spices,26000969,2026,06,فاتورة مشتريات,الشركة التجارية,
LV0000124,مخبز انوار مكه - الطفيلة,Local Vendors,219.15,487,قشطة خبز كماج صغير 1 كغم,1151071,Legumes & Spices,26000970,2026,06,فاتورة مشتريات,الشركة التجارية,
LV0000124,مخبز انوار مكه - الطفيلة,Local Vendors,27.9,62,قشطة خبز قمح أسمر(لمرضى السكري صغير),1151065,Legumes & Spices,26000970,2026,06,فاتورة مشتريات,الشركة التجارية,
LV0000124,مخبز انوار مكه - الطفيلة,Local Vendors,213,1420,قشطة خبز شراك,1151066,Legumes & Spices,26000970,2026,06,فاتورة مشتريات,الشركة التجارية,
LV0000124,مخبز انوار مكه - الطفيلة,Local Vendors,3,6,قشطة خبز حمام 1 كغم,1151070,Legumes & Spices,26001058,2026,07,فاتورة مشتريات,الشركة التجارية,
LV0000124,مخبز انوار مكه - الطفيلة,Local Vendors,5.5,11,قشطة خبز حمام 1 كغم,1151070,Legumes & Spices,26001058,2026,07,فاتورة مشتريات,الشركة التجارية,
LV0000124,مخبز انوار مكه - الطفيلة,Local Vendors,8.5,17,قشطة خبز حمام 1 كغم,1151070,Legumes & Spices,26001058,2026,07,فاتورة مشتريات,الشركة التجارية,
LV0000124,مخبز انوار مكه - الطفيلة,Local Vendors,3,6,قشطة خبز حمام 1 كغم,1151070,Legumes & Spices,26001058,2026,07,فاتورة مشتريات,الشركة التجارية,
LV0000124,مخبز انوار مكه - الطفيلة,Local Vendors,8,16,قشطة خبز حمام 1 كغم,1151070,Legumes & Spices,26001058,2026,07,فاتورة مشتريات,الشركة التجارية,
LV0000124,مخبز انوار مكه - الطفيلة,Local Vendors,206.438,458.75,قشطة خبز كماج كبير 1 كغم,1151069,Legumes & Spices,26001059,2026,07,فاتورة مشتريات,الشركة التجارية,
LV0000124,مخبز انوار مكه - الطفيلة,Local Vendors,13.05,29,قشطة خبز قمح أسمر(لمرضى السكري صغير),1151065,Legumes & Spices,26001059,2026,07,فاتورة مشتريات,الشركة التجارية,
LV0000124,مخبز انوار مكه - الطفيلة,Local Vendors,10.15,14.5,قشطة خبز حمام 1 كغم,1151070,Legumes & Spices,26001059,2026,07,فاتورة مشتريات,الشركة التجارية,
LV0000124,مخبز انوار مكه - الطفيلة,Local Vendors,126.725,68.5,قشطة قرشلة وكعك بأنواعه محلى او سادة 1 كغم,1151100,Legumes & Spices,26001059,2026,07,فاتورة مشتريات,الشركة التجارية,
LV0000124,مخبز انوار مكه - الطفيلة,Local Vendors,225,1500,قشطة خبز شراك,1151066,Legumes & Spices,26001060,2026,07,فاتورة مشتريات,الشركة التجارية,
LV0000124,مخبز انوار مكه - الطفيلة,Local Vendors,27,60,قشطة خبز قمح أسمر(لمرضى السكري صغير),1151065,Legumes & Spices,26001060,2026,07,فاتورة مشتريات,الشركة التجارية,
LV0000124,مخبز انوار مكه - الطفيلة,Local Vendors,233.55,519,قشطة خبز كماج صغير 1 كغم,1151071,Legumes & Spices,26001060,2026,07,فاتورة مشتريات,الشركة التجارية,
LV0000186,شركة نماذج الكمبيوتر,Local Vendors,376.333,0,,,,26000329,2026,02,فاتورة مشتريات,الشركة التجارية,
LV0000144,الشركة الاردنية المتطورة لصناعة الاغذية,Local Vendors,1153.846,1200,غدير لانشون 800 غم 1*1,1151082,Legumes & Spices,26000204,2026,01,فاتورة مشتريات,الشركة التجارية,
LV0000144,الشركة الاردنية المتطورة لصناعة الاغذية,Local Vendors,1153.846,1200,غدير لانشون 800 غم 1*1,1151082,Legumes & Spices,26000428,2026,02,فاتورة مشتريات,الشركة التجارية,
LV0000144,الشركة الاردنية المتطورة لصناعة الاغذية,Local Vendors,1153.846,1200,غدير لانشون 800 غم 1*1,1151082,Legumes & Spices,26000575,2026,03,فاتورة مشتريات,الشركة التجارية,
LV0000144,الشركة الاردنية المتطورة لصناعة الاغذية,Local Vendors,1153.846,1200,غدير لانشون 800 غم 1*1,1151082,Legumes & Spices,26000665,2026,03,فاتورة مشتريات,الشركة التجارية,
LV0000144,الشركة الاردنية المتطورة لصناعة الاغذية,Local Vendors,1153.846,1200,غدير لانشون 800 غم 1*1,1151082,Legumes & Spices,26000705,2026,04,فاتورة مشتريات,الشركة التجارية,
LV0000144,الشركة الاردنية المتطورة لصناعة الاغذية,Local Vendors,1153.846,1200,غدير لانشون 800 غم 1*1,1151082,Legumes & Spices,26000851,2026,04,فاتورة مشتريات,الشركة التجارية,
LV0000144,الشركة الاردنية المتطورة لصناعة الاغذية,Local Vendors,1153.846,1200,غدير لانشون 800 غم 1*1,1151082,Legumes & Spices,26000977,2026,06,فاتورة مشتريات,الشركة التجارية,
LV0000144,الشركة الاردنية المتطورة لصناعة الاغذية,Local Vendors,1153.846,1200,غدير لانشون 800 غم 1*1,1151082,Legumes & Spices,26001097,2026,07,فاتورة مشتريات,الشركة التجارية,
LV0000097,شركة الموسم للتجارة والصناعة,Local Vendors,78,300,بردى بينكغ باودر 200 غم *1,1151028,Legumes & Spices,26000348,2026,02,فاتورة مشتريات,الشركة التجارية,
LV0000097,شركة الموسم للتجارة والصناعة,Local Vendors,120,300,بردى فانيلا باودر 200 غم*1,1151025,Legumes & Spices,26000642,2026,03,فاتورة مشتريات,الشركة التجارية,
LV0000097,شركة الموسم للتجارة والصناعة,Local Vendors,240,600,بردى بينكغ باودر 200 غم *1,1151028,Legumes & Spices,26000642,2026,03,فاتورة مشتريات,الشركة التجارية,
LV0000097,شركة الموسم للتجارة والصناعة,Local Vendors,90,240,بردى كسترد 300 غم *1,1151022,Legumes & Spices,26000642,2026,03,فاتورة مشتريات,الشركة التجارية,
LV0000097,شركة الموسم للتجارة والصناعة,Local Vendors,75,120,بردى خليط جاتو  جاهز  517غم,1151133,Legumes & Spices,26000642,2026,03,فاتورة مشتريات,الشركة التجارية,
LV0000097,شركة الموسم للتجارة والصناعة,Local Vendors,45,120,بردى كسترد 300 غم *1,1151022,Legumes & Spices,26000860,2026,05,فاتورة مشتريات,الشركة التجارية,
LV0000097,شركة الموسم للتجارة والصناعة,Local Vendors,96,240,بردى كسترد 300 غم *1,1151022,Legumes & Spices,26000995,2026,06,فاتورة مشتريات,الشركة التجارية,
LV0000097,شركة الموسم للتجارة والصناعة,Local Vendors,120,300,بردى بينكغ باودر 200 غم *1,1151028,Legumes & Spices,26000995,2026,06,فاتورة مشتريات,الشركة التجارية,
LV0000346,XIAMEN CHOICE HARVEST IMPORT &EXPORT CO .LTD,Local Vendors,42211.008,162400,شيخ الكار سردين بالزيت النباتي 125 غم 1*50,1071006,Tuna,26000356,2026,02,فاتورة مشتريات,الشركة التجارية,
LV0000346,XIAMEN CHOICE HARVEST IMPORT &EXPORT CO .LTD,Local Vendors,84409.02,324750,شيخ الكار سردين بالفلفل الحار 125 غم 1*50,1071001,Tuna,26000356,2026,02,فاتورة مشتريات,الشركة التجارية,
LV0000299,الاولى للتامين,Local Vendors,2715.086,0,,,,26000793,2026,04,فاتورة مشتريات,الشركة التجارية,
LV0000299,الاولى للتامين,Local Vendors,25.5,0,,,,26000793,2026,04,فاتورة مشتريات,الشركة التجارية,
LV0000299,الاولى للتامين,Local Vendors,507.759,0,,,,26000867,2026,05,فاتورة مشتريات,الشركة التجارية,
LV0000299,الاولى للتامين,Local Vendors,41.584,0,,,,26001064,2026,07,فاتورة مشتريات,الشركة التجارية,
FV0000004,SAYA TEA AND FOOD EXPORTS,Foreign Vendors,26967.6,39600,ميار شاي 100 ميدالية 1*24,1051002,Tea,26000432,2026,02,فاتورة مشتريات,الشركة التجارية,
FV0000016,TRUONG THInh CANNING IMPORT EXPORT,Foreign Vendors,67344.768,211776,شيخ الكار تونا بالزيت النباتي 120 غم 1*48,1071004,Tuna,26000441,2026,02,فاتورة مشتريات,الشركة التجارية,
FV0000016,TRUONG THInh CANNING IMPORT EXPORT,Foreign Vendors,34832.448,109536,شيخ الكار تونا بالفلفل الحار 120 غم 1*48,1071005,Tuna,26000441,2026,02,فاتورة مشتريات,الشركة التجارية,
LV0000169,شركة الشروق لصناعة  الكرتون,Local Vendors,280,0,,,,26001043,2026,06,فاتورة مشتريات,الشركة التجارية,
LV0000354,شركة بهاء الدين البستنجي وشريكه مشتريات,Bank Murabaha,1308.469,900,لويال سائل للجلي 2 لتر *1,1151115,Legumes & Spices,26000724,2026,04,فاتورة مشتريات,الشركة التجارية,
LV0000354,شركة بهاء الدين البستنجي وشريكه مشتريات,Bank Murabaha,1995.4,1200,لويال شامبو شعر للكبار 800 ملم *1,1151130,Legumes & Spices,26000724,2026,04,فاتورة مشتريات,الشركة التجارية,
LV0000354,شركة بهاء الدين البستنجي وشريكه مشتريات,Bank Murabaha,1990.001,600,لويال مسحوق غسيل 3 كغم,1151121,Legumes & Spices,26000724,2026,04,فاتورة مشتريات,الشركة التجارية,
LV0000354,شركة بهاء الدين البستنجي وشريكه مشتريات,Bank Murabaha,1111.089,600,لويال ملين ملابس 1.5 لتر *1,1151122,Legumes & Spices,26000724,2026,04,فاتورة مشتريات,الشركة التجارية,
LV0000354,شركة بهاء الدين البستنجي وشريكه مشتريات,Bank Murabaha,1368,900,لويال منظف أرضيات 2.4 لتر *1,1151120,Legumes & Spices,26000724,2026,04,فاتورة مشتريات,الشركة التجارية,
LV0000354,شركة بهاء الدين البستنجي وشريكه مشتريات,Bank Murabaha,431.034,5000,استريكو خميرة افرنجية جافة 100 غم *1,1151055,Legumes & Spices,26000835,2026,04,فاتورة مشتريات,الشركة التجارية,
LV0000354,شركة بهاء الدين البستنجي وشريكه مشتريات,Bank Murabaha,2563.967,1099,شيخ الكار بيض طازج 1920 غم فأكثر 1*1,1151111,Legumes & Spices,26000885,2026,05,فاتورة مشتريات,الشركة التجارية,
LV0000354,شركة بهاء الدين البستنجي وشريكه مشتريات,Bank Murabaha,963.529,413,شيخ الكار بيض طازج 1920 غم فأكثر 1*1,1151111,Legumes & Spices,26000886,2026,05,فاتورة مشتريات,الشركة التجارية,
LV0000349,شركة برافو لصناعة المكسرات والشوكولاته,Local Vendors,136.851,22.68,لوز حبة كاملة,1141006,Sesame,26000497,2026,03,فاتورة مشتريات,الشركة التجارية,
LV0000349,شركة برافو لصناعة المكسرات والشوكولاته,Local Vendors,107.526,22.68,كاجو أنصاف,1141007,Sesame,26000497,2026,03,فاتورة مشتريات,الشركة التجارية,
LV0000123,مخبز ميسر راضي الخطبا - توريد بضاعة,Local Vendors,21.6,54,قشطة خبز كماج صغير 1 كغم,1151071,Legumes & Spices,26000188,2026,01,فاتورة مشتريات,الشركة التجارية,
LV0000123,مخبز ميسر راضي الخطبا - توريد بضاعة,Local Vendors,474,1185,قشطة خبز كماج كبير 1 كغم,1151069,Legumes & Spices,26000189,2026,02,فاتورة مشتريات,الشركة التجارية,
LV0000123,مخبز ميسر راضي الخطبا - توريد بضاعة,Local Vendors,355.2,120,شيخ الكار بيض طازج 1920 غم فأكثر 1*1,1151111,Legumes & Spices,26000189,2026,02,فاتورة مشتريات,الشركة التجارية,
LV0000123,مخبز ميسر راضي الخطبا - توريد بضاعة,Local Vendors,66,440,قشطة خبز شراك,1151066,Legumes & Spices,26000189,2026,02,فاتورة مشتريات,الشركة التجارية,
LV0000123,مخبز ميسر راضي الخطبا - توريد بضاعة,Local Vendors,54,30,قشطة قرشلة وكعك بأنواعه محلى او سادة 1 كغم,1151100,Legumes & Spices,26000189,2026,02,فاتورة مشتريات,الشركة التجارية,
LV0000123,مخبز ميسر راضي الخطبا - توريد بضاعة,Local Vendors,398,995,قشطة خبز كماج صغير 1 كغم,1151071,Legumes & Spices,26000454,2026,03,فاتورة مشتريات,الشركة التجارية,
LV0000123,مخبز ميسر راضي الخطبا - توريد بضاعة,Local Vendors,284.16,96,شيخ الكار بيض طازج 1920 غم فأكثر 1*1,1151111,Legumes & Spices,26000454,2026,03,فاتورة مشتريات,الشركة التجارية,
LV0000123,مخبز ميسر راضي الخطبا - توريد بضاعة,Local Vendors,36,30,قشطة قطايف 1 كغم,1151104,Legumes & Spices,26000454,2026,03,فاتورة مشتريات,الشركة التجارية,
LV0000123,مخبز ميسر راضي الخطبا - توريد بضاعة,Local Vendors,24,150,قشطة خبز شراك,1151066,Legumes & Spices,26000454,2026,03,فاتورة مشتريات,الشركة التجارية,
LV0000123,مخبز ميسر راضي الخطبا - توريد بضاعة,Local Vendors,54,30,قشطة قرشلة وكعك بأنواعه محلى او سادة 1 كغم,1151100,Legumes & Spices,26000454,2026,03,فاتورة مشتريات,الشركة التجارية,
LV0000123,مخبز ميسر راضي الخطبا - توريد بضاعة,Local Vendors,24,60,قشطة خبز كماج صغير 1 كغم,1151071,Legumes & Spices,26000455,2026,03,فاتورة مشتريات,الشركة التجارية,
LV0000123,مخبز ميسر راضي الخطبا - توريد بضاعة,Local Vendors,50.4,42,قشطة قطايف 1 كغم,1151104,Legumes & Spices,26000683,2026,03,فاتورة مشتريات,الشركة التجارية,
LV0000123,مخبز ميسر راضي الخطبا - توريد بضاعة,Local Vendors,54,30,قشطة قرشلة وكعك بأنواعه محلى او سادة 1 كغم,1151100,Legumes & Spices,26000683,2026,03,فاتورة مشتريات,الشركة التجارية,
LV0000123,مخبز ميسر راضي الخطبا - توريد بضاعة,Local Vendors,278.4,96,شيخ الكار بيض طازج 1920 غم فأكثر 1*1,1151111,Legumes & Spices,26000683,2026,03,فاتورة مشتريات,الشركة التجارية,
LV0000123,مخبز ميسر راضي الخطبا - توريد بضاعة,Local Vendors,19.5,130,قشطة خبز شراك,1151066,Legumes & Spices,26000683,2026,03,فاتورة مشتريات,الشركة التجارية,
LV0000123,مخبز ميسر راضي الخطبا - توريد بضاعة,Local Vendors,434,1085,قشطة خبز كماج صغير 1 كغم,1151071,Legumes & Spices,26000683,2026,03,فاتورة مشتريات,الشركة التجارية,
LV0000123,مخبز ميسر راضي الخطبا - توريد بضاعة,Local Vendors,24,60,قشطة خبز كماج صغير 1 كغم,1151071,Legumes & Spices,26000684,2026,03,فاتورة مشتريات,الشركة التجارية,
LV0000123,مخبز ميسر راضي الخطبا - توريد بضاعة,Local Vendors,25.2,63,قشطة خبز كماج صغير 1 كغم,1151071,Legumes & Spices,26000855,2026,05,فاتورة مشتريات,الشركة التجارية,
LV0000123,مخبز ميسر راضي الخطبا - توريد بضاعة,Local Vendors,420,1050,قشطة خبز كماج صغير 1 كغم,1151071,Legumes & Spices,26000856,2026,05,فاتورة مشتريات,الشركة التجارية,
LV0000123,مخبز ميسر راضي الخطبا - توريد بضاعة,Local Vendors,348,120,شيخ الكار بيض طازج 1920 غم فأكثر 1*1,1151111,Legumes & Spices,26000856,2026,05,فاتورة مشتريات,الشركة التجارية,
LV0000123,مخبز ميسر راضي الخطبا - توريد بضاعة,Local Vendors,54,30,قشطة قرشلة وكعك بأنواعه محلى او سادة 1 كغم,1151100,Legumes & Spices,26000856,2026,05,فاتورة مشتريات,الشركة التجارية,
LV0000123,مخبز ميسر راضي الخطبا - توريد بضاعة,Local Vendors,64.5,430,قشطة خبز شراك,1151066,Legumes & Spices,26000856,2026,05,فاتورة مشتريات,الشركة التجارية,
LV0000123,مخبز ميسر راضي الخطبا - توريد بضاعة,Local Vendors,22.5,150,قشطة خبز شراك,1151066,Legumes & Spices,26000955,2026,05,فاتورة مشتريات,الشركة التجارية,
LV0000123,مخبز ميسر راضي الخطبا - توريد بضاعة,Local Vendors,434,1085,قشطة خبز كماج صغير 1 كغم,1151071,Legumes & Spices,26000955,2026,05,فاتورة مشتريات,الشركة التجارية,
LV0000123,مخبز ميسر راضي الخطبا - توريد بضاعة,Local Vendors,54,30,قشطة قرشلة وكعك بأنواعه محلى او سادة 1 كغم,1151100,Legumes & Spices,26000955,2026,05,فاتورة مشتريات,الشركة التجارية,
LV0000123,مخبز ميسر راضي الخطبا - توريد بضاعة,Local Vendors,287.328,96,شيخ الكار بيض طازج 1920 غم فأكثر 1*1,1151111,Legumes & Spices,26000955,2026,05,فاتورة مشتريات,الشركة التجارية,
LV0000123,مخبز ميسر راضي الخطبا - توريد بضاعة,Local Vendors,20.4,51,قشطة خبز شراك,1151066,Legumes & Spices,26000956,2026,05,فاتورة مشتريات,الشركة التجارية,
LV0000123,مخبز ميسر راضي الخطبا - توريد بضاعة,Local Vendors,26.4,66,قشطة خبز كماج صغير 1 كغم,1151071,Legumes & Spices,26001049,2026,06,فاتورة مشتريات,الشركة التجارية,
LV0000123,مخبز ميسر راضي الخطبا - توريد بضاعة,Local Vendors,420,1050,قشطة خبز كماج صغير 1 كغم,1151071,Legumes & Spices,26001050,2026,06,فاتورة مشتريات,الشركة التجارية,
LV0000123,مخبز ميسر راضي الخطبا - توريد بضاعة,Local Vendors,54,30,قشطة قرشلة وكعك بأنواعه محلى او سادة 1 كغم,1151100,Legumes & Spices,26001050,2026,06,فاتورة مشتريات,الشركة التجارية,
LV0000123,مخبز ميسر راضي الخطبا - توريد بضاعة,Local Vendors,284.16,96,شيخ الكار بيض طازج 1920 غم فأكثر 1*1,1151111,Legumes & Spices,26001050,2026,06,فاتورة مشتريات,الشركة التجارية,
LV0000218,شركة مطاحن النجمة للبن والبهارات,Local Vendors,65.909,0.05,سمسم خام,1141002,Sesame,26000104,2026,01,فاتورة مشتريات,الشركة التجارية,
LV0000218,شركة مطاحن النجمة للبن والبهارات,Local Vendors,32.955,0.025,سمسم خام,1141002,Sesame,26000162,2026,01,فاتورة مشتريات,الشركة التجارية,
LV0000218,شركة مطاحن النجمة للبن والبهارات,Local Vendors,164.773,0.125,سمسم خام,1141002,Sesame,26000163,2026,01,فاتورة مشتريات,الشركة التجارية,
LV0000218,شركة مطاحن النجمة للبن والبهارات,Local Vendors,368.182,0.3,سمسم خام,1141002,Sesame,26000099,2026,01,فاتورة مشتريات,الشركة التجارية,
LV0000218,شركة مطاحن النجمة للبن والبهارات,Local Vendors,1318.182,1,سمسم خام,1141002,Sesame,26000271,2026,02,فاتورة مشتريات,الشركة التجارية,
LV0000218,شركة مطاحن النجمة للبن والبهارات,Local Vendors,1318.182,1,سمسم خام,1141002,Sesame,26000309,2026,02,فاتورة مشتريات,الشركة التجارية,
LV0000218,شركة مطاحن النجمة للبن والبهارات,Local Vendors,1545.455,1,سمسم خام,1141002,Sesame,26000607,2026,03,فاتورة مشتريات,الشركة التجارية,
LV0000218,شركة مطاحن النجمة للبن والبهارات,Local Vendors,1545.455,1,سمسم خام,1141002,Sesame,26000702,2026,04,فاتورة مشتريات,الشركة التجارية,
LV0000218,شركة مطاحن النجمة للبن والبهارات,Local Vendors,-306.818,-0.25,سمسم خام,1141002,Sesame,26000004,2026,01,مرتجع مشتريات,الشركة التجارية,
LV0000068,الشركة الجديدة لصناعة البلاستيك,Local Vendors,455,0,,,,26001018,2026,06,فاتورة مشتريات,الشركة التجارية,
LV0000130,شركة مخازن أرض الغذاء للتوزيع ذ.م.م,Local Vendors,1875,1200,أكسترا لحمة بقرية 340 غم 1*1,1151081,Legumes & Spices,26000181,2026,01,فاتورة مشتريات,الشركة التجارية,
LV0000130,شركة مخازن أرض الغذاء للتوزيع ذ.م.م,Local Vendors,1875,1200,أكسترا لحمة بقرية 340 غم 1*1,1151081,Legumes & Spices,26000341,2026,02,فاتورة مشتريات,الشركة التجارية,
LV0000130,شركة مخازن أرض الغذاء للتوزيع ذ.م.م,Local Vendors,3750,2400,أكسترا لحمة بقرية 340 غم 1*1,1151081,Legumes & Spices,26000663,2026,03,فاتورة مشتريات,الشركة التجارية,
LV0000130,شركة مخازن أرض الغذاء للتوزيع ذ.م.م,Local Vendors,1875,1200,أكسترا لحمة بقرية 340 غم 1*1,1151081,Legumes & Spices,26001127,2026,07,فاتورة مشتريات,الشركة التجارية,
LV0000104,شركة يبرود لتجارة الحديد,Local Vendors,208.621,0,,,,26000798,2026,04,فاتورة مشتريات,الشركة التجارية,
LV0000095,شركة عطية الدرابسة / مستشفى الرمثا,Local Vendors,329,940,قشطة خبز كماج صغير 1 كغم,1151071,Legumes & Spices,26000964,2026,06,فاتورة مشتريات,الشركة التجارية,
LV0000095,شركة عطية الدرابسة / مستشفى الرمثا,Local Vendors,21.7,62,قشطة خبز قمح أسمر(لمرضى السكري صغير),1151065,Legumes & Spices,26000964,2026,06,فاتورة مشتريات,الشركة التجارية,
LV0000095,شركة عطية الدرابسة / مستشفى الرمثا,Local Vendors,135.5,271,قشطة خبز حمام 1 كغم,1151070,Legumes & Spices,26000964,2026,06,فاتورة مشتريات,الشركة التجارية,
LV0000095,شركة عطية الدرابسة / مستشفى الرمثا,Local Vendors,43.75,25,قشطة قرشلة وكعك بأنواعه محلى او سادة 1 كغم,1151100,Legumes & Spices,26000964,2026,06,فاتورة مشتريات,الشركة التجارية,
LV0000095,شركة عطية الدرابسة / مستشفى الرمثا,Local Vendors,316.75,905,قشطة خبز كماج صغير 1 كغم,1151071,Legumes & Spices,26001072,2026,07,فاتورة مشتريات,الشركة التجارية,
LV0000095,شركة عطية الدرابسة / مستشفى الرمثا,Local Vendors,21,60,قشطة خبز قمح أسمر(لمرضى السكري صغير),1151065,Legumes & Spices,26001072,2026,07,فاتورة مشتريات,الشركة التجارية,
LV0000095,شركة عطية الدرابسة / مستشفى الرمثا,Local Vendors,134.5,269,قشطة خبز حمام 1 كغم,1151070,Legumes & Spices,26001072,2026,07,فاتورة مشتريات,الشركة التجارية,
LV0000095,شركة عطية الدرابسة / مستشفى الرمثا,Local Vendors,71.75,41,قشطة قرشلة وكعك بأنواعه محلى او سادة 1 كغم,1151100,Legumes & Spices,26001072,2026,07,فاتورة مشتريات,الشركة التجارية,
LV0000127,مخبز يوسف هلالات,Local Vendors,255.3,555,قشطة خبز كماج كبير 1 كغم,1151069,Legumes & Spices,26000828,2026,04,فاتورة مشتريات,الشركة التجارية,
LV0000127,مخبز يوسف هلالات,Local Vendors,10.44,58,قشطة خبز شراك,1151066,Legumes & Spices,26000828,2026,04,فاتورة مشتريات,الشركة التجارية,
LV0000127,مخبز يوسف هلالات,Local Vendors,14,20,قشطة خبز قمح أسمر(لمرضى السكري صغير),1151065,Legumes & Spices,26000828,2026,04,فاتورة مشتريات,الشركة التجارية,
LV0000127,مخبز يوسف هلالات,Local Vendors,48,30,قشطة قرشلة وكعك بأنواعه محلى او سادة 1 كغم,1151100,Legumes & Spices,26000828,2026,04,فاتورة مشتريات,الشركة التجارية,
LV0000127,مخبز يوسف هلالات,Local Vendors,36,24,قشطة قطايف 1 كغم,1151104,Legumes & Spices,26000828,2026,04,فاتورة مشتريات,الشركة التجارية,
LV0000127,مخبز يوسف هلالات,Local Vendors,17.02,37,قشطة خبز كماج كبير 1 كغم,1151069,Legumes & Spices,26000829,2026,04,فاتورة مشتريات,الشركة التجارية,
LV0000127,مخبز يوسف هلالات,Local Vendors,18.4,40,قشطة خبز كماج كبير 1 كغم,1151069,Legumes & Spices,26000830,2026,04,فاتورة مشتريات,الشركة التجارية,
LV0000127,مخبز يوسف هلالات,Local Vendors,17.5,10,قشطة قرشلة مطحونة ناعم أو خشن او حار 1 كغم,1151092,Legumes & Spices,26000831,2026,04,فاتورة مشتريات,الشركة التجارية,
LV0000127,مخبز يوسف هلالات,Local Vendors,82.5,55,قشطة قطايف 1 كغم,1151104,Legumes & Spices,26000831,2026,04,فاتورة مشتريات,الشركة التجارية,
LV0000127,مخبز يوسف هلالات,Local Vendors,96,60,قشطة قرشلة وكعك بأنواعه محلى او سادة 1 كغم,1151100,Legumes & Spices,26000831,2026,04,فاتورة مشتريات,الشركة التجارية,
LV0000127,مخبز يوسف هلالات,Local Vendors,11.2,16,قشطة خبز قمح أسمر(لمرضى السكري صغير),1151065,Legumes & Spices,26000831,2026,04,فاتورة مشتريات,الشركة التجارية,
LV0000127,مخبز يوسف هلالات,Local Vendors,17.28,96,قشطة خبز شراك,1151066,Legumes & Spices,26000831,2026,04,فاتورة مشتريات,الشركة التجارية,
LV0000127,مخبز يوسف هلالات,Local Vendors,245.64,534,قشطة خبز كماج كبير 1 كغم,1151069,Legumes & Spices,26000831,2026,04,فاتورة مشتريات,الشركة التجارية,
LV0000007,شركة المعاصرون للصناعات الغذائية ذ.م.م مورد,Local Vendors,1363.636,1,سمسم خام,1141002,Sesame,26000123,2026,01,فاتورة مشتريات,الشركة التجارية,
LV0000007,شركة المعاصرون للصناعات الغذائية ذ.م.م مورد,Local Vendors,560.345,200,شيخ الكار زبيب بدون بذور 1 كغم,1151097,Legumes & Spices,26000178,2026,01,فاتورة مشتريات,الشركة التجارية,
LV0000007,شركة المعاصرون للصناعات الغذائية ذ.م.م مورد,Local Vendors,2703.664,965,شيخ الكار زبيب بدون بذور 1 كغم,1151097,Legumes & Spices,26000246,2026,02,فاتورة مشتريات,الشركة التجارية,
LV0000007,شركة المعاصرون للصناعات الغذائية ذ.م.م مورد,Local Vendors,1986.422,709,شيخ الكار زبيب بدون بذور 1 كغم,1151097,Legumes & Spices,26000709,2026,04,فاتورة مشتريات,الشركة التجارية,
LV0000007,شركة المعاصرون للصناعات الغذائية ذ.م.م مورد,Local Vendors,18.966,1,شيخ الكار هال حب 1 كغم,1151109,Legumes & Spices,26000710,2026,04,فاتورة مشتريات,الشركة التجارية,
LV0000007,شركة المعاصرون للصناعات الغذائية ذ.م.م مورد,Local Vendors,98.06,35,شيخ الكار زبيب بدون بذور 1 كغم,1151097,Legumes & Spices,26000711,2026,04,فاتورة مشتريات,الشركة التجارية,
LV0000007,شركة المعاصرون للصناعات الغذائية ذ.م.م مورد,Local Vendors,222.703,1242,شيخ الكار ماء زهر 500 ملم 1*1,1151112,Legumes & Spices,26000719,2026,04,فاتورة مشتريات,الشركة التجارية,
LV0000185,شركة يوسف نادر و أولاده,Local Vendors,390,1200,سيترس مبيض الغسيل للملابس (كلور) 1 لتر *1,1151119,Legumes & Spices,26000680,2026,03,فاتورة مشتريات,الشركة التجارية,
LV0000185,شركة يوسف نادر و أولاده,Local Vendors,117,360,سيترس مبيض الغسيل للملابس (كلور) 1 لتر *1,1151119,Legumes & Spices,26000680,2026,03,فاتورة مشتريات,الشركة التجارية,
LV0000185,شركة يوسف نادر و أولاده,Local Vendors,85.956,228,سيترس مبيض الغسيل للملابس (كلور) 1 لتر *1,1151119,Legumes & Spices,26000821,2026,04,فاتورة مشتريات,الشركة التجارية,
LV0000185,شركة يوسف نادر و أولاده,Local Vendors,294.06,780,سيترس مبيض الغسيل للملابس (كلور) 1 لتر *1,1151119,Legumes & Spices,26000821,2026,04,فاتورة مشتريات,الشركة التجارية,
LV0000185,شركة يوسف نادر و أولاده,Local Vendors,-187.035,-555,سيترس مبيض الغسيل للملابس (كلور) 1 لتر *1,1151119,Legumes & Spices,26000021,2026,04,مرتجع مشتريات,الشركة التجارية,
LV0000120,ابو خليل معتصم الهلسه / خبز,Local Vendors,571.2,1428,قشطة خبز كماج كبير 1 كغم,1151069,Legumes & Spices,26000685,2026,04,فاتورة مشتريات,الشركة التجارية,
LV0000120,ابو خليل معتصم الهلسه / خبز,Local Vendors,108,270,قشطة خبز كماج صغير 1 كغم,1151071,Legumes & Spices,26000685,2026,04,فاتورة مشتريات,الشركة التجارية,
LV0000120,ابو خليل معتصم الهلسه / خبز,Local Vendors,72,180,قشطة خبز قمح أسمر(لمرضى السكري صغير),1151065,Legumes & Spices,26000685,2026,04,فاتورة مشتريات,الشركة التجارية,
LV0000120,ابو خليل معتصم الهلسه / خبز,Local Vendors,239.2,208,قشطة قطايف 1 كغم,1151104,Legumes & Spices,26000685,2026,04,فاتورة مشتريات,الشركة التجارية,
LV0000120,ابو خليل معتصم الهلسه / خبز,Local Vendors,115.2,72,قشطة قرشلة وكعك بأنواعه محلى او سادة 1 كغم,1151100,Legumes & Spices,26000685,2026,04,فاتورة مشتريات,الشركة التجارية,
LV0000120,ابو خليل معتصم الهلسه / خبز,Local Vendors,90,600,قشطة خبز شراك,1151066,Legumes & Spices,26000685,2026,04,فاتورة مشتريات,الشركة التجارية,
LV0000120,ابو خليل معتصم الهلسه / خبز,Local Vendors,19.5,130,قشطة خبز شراك,1151066,Legumes & Spices,26000686,2026,04,فاتورة مشتريات,الشركة التجارية,
LV0000120,ابو خليل معتصم الهلسه / خبز,Local Vendors,428.95,373,قشطة قطايف 1 كغم,1151104,Legumes & Spices,26000686,2026,04,فاتورة مشتريات,الشركة التجارية,
LV0000120,ابو خليل معتصم الهلسه / خبز,Local Vendors,87.6,219,قشطة خبز قمح أسمر(لمرضى السكري صغير),1151065,Legumes & Spices,26000686,2026,04,فاتورة مشتريات,الشركة التجارية,
LV0000120,ابو خليل معتصم الهلسه / خبز,Local Vendors,58,100,قشطة خبز حمام 1 كغم,1151070,Legumes & Spices,26000686,2026,04,فاتورة مشتريات,الشركة التجارية,
LV0000120,ابو خليل معتصم الهلسه / خبز,Local Vendors,292,730,قشطة خبز كماج كبير 1 كغم,1151069,Legumes & Spices,26000686,2026,04,فاتورة مشتريات,الشركة التجارية,
LV0000120,ابو خليل معتصم الهلسه / خبز,Local Vendors,522.8,1307,قشطة خبز كماج كبير 1 كغم,1151069,Legumes & Spices,26001080,2026,07,فاتورة مشتريات,الشركة التجارية,
LV0000120,ابو خليل معتصم الهلسه / خبز,Local Vendors,108,270,قشطة خبز كماج صغير 1 كغم,1151071,Legumes & Spices,26001080,2026,07,فاتورة مشتريات,الشركة التجارية,
LV0000120,ابو خليل معتصم الهلسه / خبز,Local Vendors,84,210,قشطة خبز قمح أسمر(لمرضى السكري صغير),1151065,Legumes & Spices,26001080,2026,07,فاتورة مشتريات,الشركة التجارية,
LV0000120,ابو خليل معتصم الهلسه / خبز,Local Vendors,82.5,550,قشطة خبز شراك,1151066,Legumes & Spices,26001080,2026,07,فاتورة مشتريات,الشركة التجارية,
LV0000120,ابو خليل معتصم الهلسه / خبز,Local Vendors,128,80,قشطة قرشلة وكعك بأنواعه محلى او سادة 1 كغم,1151100,Legumes & Spices,26001080,2026,07,فاتورة مشتريات,الشركة التجارية,
LV0000120,ابو خليل معتصم الهلسه / خبز,Local Vendors,372,930,قشطة خبز كماج كبير 1 كغم,1151069,Legumes & Spices,26001081,2026,07,فاتورة مشتريات,الشركة التجارية,
LV0000120,ابو خليل معتصم الهلسه / خبز,Local Vendors,71.2,178,قشطة خبز قمح أسمر(لمرضى السكري صغير),1151065,Legumes & Spices,26001081,2026,07,فاتورة مشتريات,الشركة التجارية,
LV0000120,ابو خليل معتصم الهلسه / خبز,Local Vendors,51.04,88,قشطة خبز حمام 1 كغم,1151070,Legumes & Spices,26001081,2026,07,فاتورة مشتريات,الشركة التجارية,
LV0000120,ابو خليل معتصم الهلسه / خبز,Local Vendors,33.6,21,قشطة قرشلة وكعك بأنواعه محلى او سادة 1 كغم,1151100,Legumes & Spices,26001081,2026,07,فاتورة مشتريات,الشركة التجارية,
LV0000352,شركة مذيب حداد وأولاده,Local Vendors,408,600,بيبي ماجيك شامبو شعر للأطفال 250ملم *1,1151128,Legumes & Spices,26000691,2026,04,فاتورة مشتريات,الشركة التجارية,
LV0000352,شركة مذيب حداد وأولاده,Local Vendors,396,720,كولجيت معجون أسنان 100 ملم,1151132,Legumes & Spices,26000691,2026,04,فاتورة مشتريات,الشركة التجارية,
LV0000352,شركة مذيب حداد وأولاده,Local Vendors,816.207,1200,بيبي ماجيك شامبو شعر للأطفال 250ملم *1,1151128,Legumes & Spices,26000858,2026,05,فاتورة مشتريات,الشركة التجارية,
LV0000356,مؤسسة أبراج عمان,Bank Murabaha,11764.706,3000,عراقي تمر مطحون 10 كغم 1*1,1151086,Dates,26000766,2026,04,فاتورة مشتريات,الشركة التجارية,
LV0000356,مؤسسة أبراج عمان,Bank Murabaha,14706,3000,عراقي تمر مطحون 10 كغم 1*1,1151086,Dates,26000996,2026,06,فاتورة مشتريات,الشركة التجارية,
FV0000029,LONG XIAN FOOD CO LIMITED-CHINA,Foreign Vendors,13115,120000,شيخ الكار فطر مقطع 300 غم 1*24,1131001,Sheikh Alkar - Canned food,26000202,2026,02,فاتورة مشتريات,الشركة التجارية,
LV0000355,شركة امجد البستنجي مشتريات,Bank Murabaha,408.103,600,بيبي ماجيك شامبو شعر للأطفال 250ملم *1,1151128,Legumes & Spices,26000721,2026,04,فاتورة مشتريات,الشركة التجارية,
LV0000357,شركة الطبق للصناعات الغذائية,Bank Murabaha,85.75,245,قشطة خبز كماج صغير 1 كغم,1151071,Legumes & Spices,26000769,2026,04,فاتورة مشتريات,الشركة التجارية,
LV0000357,شركة الطبق للصناعات الغذائية,Bank Murabaha,8.4,21,قشطة خبز قمح أسمر(لمرضى السكري صغير),1151065,Legumes & Spices,26000769,2026,04,فاتورة مشتريات,الشركة التجارية,
LV0000357,شركة الطبق للصناعات الغذائية,Bank Murabaha,36.05,50,قشطة قرشلة وكعك بأنواعه محلى او سادة 1 كغم,1151100,Legumes & Spices,26000769,2026,04,فاتورة مشتريات,الشركة التجارية,
LV0000338,YIWU HANGBIN TRADING COMPANT,Local Vendors,19731.36,179376,شيخ الكار فطر مقطع 300 غم 1*24,1131001,Sheikh Alkar - Canned food,26000779,2026,04,فاتورة مشتريات,الشركة التجارية,
LV0000290,المصنع الوطني لانتاج الاكياس الورقيه,Local Vendors,550,0,ف/رقم 2704 اكياس,,,26000161,2026,01,فاتورة مشتريات,الشركة التجارية,
LV0000096,مؤسسة إبراهيم سرور للاحلاوة والطحينية,Local Vendors,672,1200,سرور مربى نكهات مختلفة 400 غم 1*1,1151113,Legumes & Spices,26000217,2026,02,فاتورة مشتريات,الشركة التجارية,
LV0000359,شركة كابيتال للشحن,Bank Murabaha,5364,0,Shipping,,,26000786,2026,04,فاتورة مشتريات,الشركة التجارية,
LV0000360,شركة الميان للمواد التموينية - مورد,Bank Murabaha,25.92,576,استريكو خميرة افرنجية جافة 100 غم *1,1151055,Legumes & Spices,26000800,2026,04,فاتورة مشتريات,الشركة التجارية,
LV0000353,مؤسسة ليان للكيماويات,Bank Murabaha,1744.2,1200,لويال سائل للجلي 2 لتر *1,1151115,Legumes & Spices,26000720,2026,04,فاتورة مشتريات,الشركة التجارية,
LV0000353,مؤسسة ليان للكيماويات,Bank Murabaha,3990,2400,لويال شامبو شعر للكبار 800 ملم *1,1151130,Legumes & Spices,26000720,2026,04,فاتورة مشتريات,الشركة التجارية,
LV0000353,مؤسسة ليان للكيماويات,Bank Murabaha,1824,1200,لويال منظف أرضيات 2.4 لتر *1,1151120,Legumes & Spices,26000720,2026,04,فاتورة مشتريات,الشركة التجارية,
LV0000353,مؤسسة ليان للكيماويات,Bank Murabaha,1093.45,200,لويال سائل غسيل ملابس 5 لتر *1,1151118,Legumes & Spices,26000720,2026,04,فاتورة مشتريات,الشركة التجارية,
LV0000353,مؤسسة ليان للكيماويات,Bank Murabaha,1596,2400,لويال سائل لغسيل الايدي 500 ملم *1,1151116,Legumes & Spices,26000720,2026,04,فاتورة مشتريات,الشركة التجارية,
LV0000353,مؤسسة ليان للكيماويات,Bank Murabaha,1093.45,200,لويال سائل غسيل ملابس 5 لتر *1,1151118,Legumes & Spices,26000720,2026,04,فاتورة مشتريات,الشركة التجارية,
LV0000353,مؤسسة ليان للكيماويات,Bank Murabaha,1836.207,1200,لويال سائل للجلي 2 لتر *1,1151115,Legumes & Spices,26000799,2026,04,فاتورة مشتريات,الشركة التجارية,
LV0000353,مؤسسة ليان للكيماويات,Bank Murabaha,1920,1200,لويال منظف أرضيات 2.4 لتر *1,1151120,Legumes & Spices,26001038,2026,06,فاتورة مشتريات,الشركة التجارية,
LV0000353,مؤسسة ليان للكيماويات,Bank Murabaha,1680,2400,لويال سائل لغسيل الايدي 500 ملم *1,1151116,Legumes & Spices,26001038,2026,06,فاتورة مشتريات,الشركة التجارية,
LV0000353,مؤسسة ليان للكيماويات,Bank Murabaha,1836,1200,لويال سائل للجلي 2 لتر *1,1151115,Legumes & Spices,26001038,2026,06,فاتورة مشتريات,الشركة التجارية,
LV0000353,مؤسسة ليان للكيماويات,Bank Murabaha,573.6,600,لويال مادة تلميع الاثاث 500 ملم *1,1151129,Legumes & Spices,26001038,2026,06,فاتورة مشتريات,الشركة التجارية,
LV0000353,مؤسسة ليان للكيماويات,Bank Murabaha,1836,1200,لويال سائل للجلي 2 لتر *1,1151115,Legumes & Spices,26000845,2026,04,فاتورة مشتريات,الشركة التجارية,
LV0000353,مؤسسة ليان للكيماويات,Bank Murabaha,1680,2400,لويال سائل لغسيل الايدي 500 ملم *1,1151116,Legumes & Spices,26000845,2026,04,فاتورة مشتريات,الشركة التجارية,
LV0000353,مؤسسة ليان للكيماويات,Bank Murabaha,2793.6,800,لويال مسحوق غسيل 3 كغم,1151121,Legumes & Spices,26000845,2026,04,فاتورة مشتريات,الشركة التجارية,
LV0000353,مؤسسة ليان للكيماويات,Bank Murabaha,3510,1800,لويال ملين ملابس 1.5 لتر *1,1151122,Legumes & Spices,26000978,2026,06,فاتورة مشتريات,الشركة التجارية,
LV0000353,مؤسسة ليان للكيماويات,Bank Murabaha,2880,1800,لويال منظف أرضيات 2.4 لتر *1,1151120,Legumes & Spices,26000978,2026,06,فاتورة مشتريات,الشركة التجارية,
LV0000353,مؤسسة ليان للكيماويات,Bank Murabaha,1260,1800,لويال سائل لغسيل الايدي 500 ملم *1,1151116,Legumes & Spices,26000978,2026,06,فاتورة مشتريات,الشركة التجارية,
LV0000353,مؤسسة ليان للكيماويات,Bank Murabaha,2754,1800,لويال سائل للجلي 2 لتر *1,1151115,Legumes & Spices,26000978,2026,06,فاتورة مشتريات,الشركة التجارية,
LV0000353,مؤسسة ليان للكيماويات,Bank Murabaha,1396.8,400,لويال مسحوق غسيل 3 كغم,1151121,Legumes & Spices,26000978,2026,06,فاتورة مشتريات,الشركة التجارية,
LV0000353,مؤسسة ليان للكيماويات,Bank Murabaha,3453,600,لويال سائل غسيل ملابس 5 لتر *1,1151118,Legumes & Spices,26000978,2026,06,فاتورة مشتريات,الشركة التجارية,
LV0000353,مؤسسة ليان للكيماويات,Bank Murabaha,-532.241,-882,لويال سائل لغسيل الايدي 500 ملم *1,1151116,Legumes & Spices,26000013,2026,04,مرتجع مشتريات,الشركة التجارية,
LV0000361,شركة الشجرة المباركة للتجارة والتسويق,Local Vendors,690,1000,شيخ الكار عدس مجروش 1 كغم,1151072,Legumes & Spices,26000810,2026,03,فاتورة مشتريات,الشركة التجارية,
LV0000361,شركة الشجرة المباركة للتجارة والتسويق,Local Vendors,775,1000,شيخ الكار عدس حب 1 كغم,1151018,Legumes & Spices,26000811,2026,03,فاتورة مشتريات,الشركة التجارية,
LV0000361,شركة الشجرة المباركة للتجارة والتسويق,Local Vendors,1380,2000,شيخ الكار فريكة ناعمة او خشنة 1 كغم,1151063,Legumes & Spices,26000811,2026,03,فاتورة مشتريات,الشركة التجارية,
LV0000361,شركة الشجرة المباركة للتجارة والتسويق,Local Vendors,750,1000,شيخ الكار عدس مجروش 1 كغم,1151072,Legumes & Spices,26000811,2026,03,فاتورة مشتريات,الشركة التجارية,
LV0000361,شركة الشجرة المباركة للتجارة والتسويق,Local Vendors,560,1000,"شيخ الكار برغل 1 كغم (ناعم,خشن)",1151015,Legumes & Spices,26000811,2026,03,فاتورة مشتريات,الشركة التجارية,
LV0000361,شركة الشجرة المباركة للتجارة والتسويق,Local Vendors,1340,2000,شيخ الكار فريكة ناعمة او خشنة 1 كغم,1151063,Legumes & Spices,26000812,2026,04,فاتورة مشتريات,الشركة التجارية,
LV0000361,شركة الشجرة المباركة للتجارة والتسويق,Local Vendors,2700,2000,شيخ الكار حمص حب (نمرة 11) 1 كغم,1151021,Legumes & Spices,26000812,2026,04,فاتورة مشتريات,الشركة التجارية,
LV0000361,شركة الشجرة المباركة للتجارة والتسويق,Local Vendors,1250,2000,شيخ الكار فريكة ناعمة او خشنة 1 كغم,1151063,Legumes & Spices,26000814,2026,04,فاتورة مشتريات,الشركة التجارية,
LV0000361,شركة الشجرة المباركة للتجارة والتسويق,Local Vendors,700,1000,شيخ الكار عدس مجروش 1 كغم,1151072,Legumes & Spices,26000816,2026,04,فاتورة مشتريات,الشركة التجارية,
LV0000361,شركة الشجرة المباركة للتجارة والتسويق,Local Vendors,224,400,"شيخ الكار برغل 1 كغم (ناعم,خشن)",1151015,Legumes & Spices,26000816,2026,04,فاتورة مشتريات,الشركة التجارية,
LV0000101,شركة الجبالي اخوان وشركاهم,Local Vendors,26.293,0,,,,26000331,2026,02,فاتورة مشتريات,الشركة التجارية,
LV0000101,شركة الجبالي اخوان وشركاهم,Local Vendors,-26.293,0,,,,26000029,2026,05,مرتجع مشتريات,الشركة التجارية,
LV0000320,مصنع النور للسكاكر والحلويات -مورد,Local Vendors,1691,178000,دربس (ملبس),1161002,Others,26000148,2026,01,فاتورة مشتريات,الشركة التجارية,
LV0000320,مصنع النور للسكاكر والحلويات -مورد,Local Vendors,1540,154000,دربس (ملبس),1161002,Others,26000635,2026,03,فاتورة مشتريات,الشركة التجارية,
LV0000320,مصنع النور للسكاكر والحلويات -مورد,Local Vendors,1520,152000,دربس (ملبس),1161002,Others,26000879,2026,05,فاتورة مشتريات,الشركة التجارية,
LV0000320,مصنع النور للسكاكر والحلويات -مورد,Local Vendors,448.276,52000,دربس (ملبس),1161002,Others,26000935,2026,05,فاتورة مشتريات,الشركة التجارية,
LV0000342,شركة ماهر السكافي- مورد,Local Vendors,79.31,20,شيخ الكار جوز عين الجمل مقشر 1 كغم,1151098,Legumes & Spices,26000286,2026,02,فاتورة مشتريات,الشركة التجارية,
LV0000342,شركة ماهر السكافي- مورد,Local Vendors,594.828,150,شيخ الكار جوز عين الجمل مقشر 1 كغم,1151098,Legumes & Spices,26000287,2026,02,فاتورة مشتريات,الشركة التجارية,
LV0000342,شركة ماهر السكافي- مورد,Local Vendors,310.345,100,شيخ الكار زبيب بدون بذور 1 كغم,1151097,Legumes & Spices,26000285,2026,02,فاتورة مشتريات,الشركة التجارية,
LV0000342,شركة ماهر السكافي- مورد,Local Vendors,1594.827,100,شيخ الكار هال حب 1 كغم,1151109,Legumes & Spices,26000345,2026,02,فاتورة مشتريات,الشركة التجارية,
LV0000342,شركة ماهر السكافي- مورد,Local Vendors,310.345,100,شيخ الكار زبيب بدون بذور 1 كغم,1151097,Legumes & Spices,26000345,2026,02,فاتورة مشتريات,الشركة التجارية,
LV0000342,شركة ماهر السكافي- مورد,Local Vendors,797.414,50,شيخ الكار هال حب 1 كغم,1151109,Legumes & Spices,26000808,2026,04,فاتورة مشتريات,الشركة التجارية,
LV0000342,شركة ماهر السكافي- مورد,Local Vendors,150.862,50,شيخ الكار بهارات سمك 1 كغم,1151088,Legumes & Spices,26000957,2026,05,فاتورة مشتريات,الشركة التجارية,
LV0000342,شركة ماهر السكافي- مورد,Local Vendors,150.862,50,"شيخ الكار بهارات كبسة (حب , مطحون) 1 كغم",1151093,Legumes & Spices,26000957,2026,05,فاتورة مشتريات,الشركة التجارية,
LV0000342,شركة ماهر السكافي- مورد,Local Vendors,258.621,100,شيخ الكار بهارات مشكلة (مطحونة) 1 كغم,1151094,Legumes & Spices,26000957,2026,05,فاتورة مشتريات,الشركة التجارية,
LV0000342,شركة ماهر السكافي- مورد,Local Vendors,603.448,200,"شيخ الكار جوز هند (ناعم,خشن) 1 كغم",1151089,Legumes & Spices,26000985,2026,06,فاتورة مشتريات,الشركة التجارية,
LV0000343,بضاعة بوندد,Foreign Vendors,726.283,0,,,,26000740,2026,04,فاتورة مشتريات,الشركة التجارية,
LV0000343,بضاعة بوندد,Foreign Vendors,394.479,0,,,,26000741,2026,04,فاتورة مشتريات,الشركة التجارية,
LV0000343,بضاعة بوندد,Foreign Vendors,83.798,0,,,,26000742,2026,04,فاتورة مشتريات,الشركة التجارية,
LV0000343,بضاعة بوندد,Foreign Vendors,97.25,0,,,,26000743,2026,04,فاتورة مشتريات,الشركة التجارية,
LV0000343,بضاعة بوندد,Foreign Vendors,712.233,0,,,,26000744,2026,04,فاتورة مشتريات,الشركة التجارية,
LV0000343,بضاعة بوندد,Foreign Vendors,386.929,0,,,,26000745,2026,04,فاتورة مشتريات,الشركة التجارية,
LV0000343,بضاعة بوندد,Foreign Vendors,40.947,0,,,,26000746,2026,04,فاتورة مشتريات,الشركة التجارية,
LV0000343,بضاعة بوندد,Foreign Vendors,488.35,0,,,,26000747,2026,04,فاتورة مشتريات,الشركة التجارية,
LV0000343,بضاعة بوندد,Foreign Vendors,726.283,0,,,,26000748,2026,04,فاتورة مشتريات,الشركة التجارية,
LV0000343,بضاعة بوندد,Foreign Vendors,41.897,0,,,,26000749,2026,04,فاتورة مشتريات,الشركة التجارية,
LV0000343,بضاعة بوندد,Foreign Vendors,1127.25,0,,,,26000750,2026,04,فاتورة مشتريات,الشركة التجارية,
LV0000343,بضاعة بوندد,Foreign Vendors,13500,90000,شيخ الكار ذرة حلوة 130 غم 1*24,1131004,Sheikh Alkar - Canned food,26000296,2026,02,فاتورة مشتريات,الشركة التجارية,
LV0000343,بضاعة بوندد,Foreign Vendors,13500,90000,شيخ الكار ذرة حلوة 130 غم 1*24,1131004,Sheikh Alkar - Canned food,26000958,2026,06,فاتورة مشتريات,الشركة التجارية,
LV0000344,الشركة الوطنية لتعبئة الايرسول,Local Vendors,62.1,120,لايت ويف سبراي معطر جو بعطر اللافندر 300 مل,1151142,Legumes & Spices,26000662,2026,03,فاتورة مشتريات,الشركة التجارية,
LV0000344,الشركة الوطنية لتعبئة الايرسول,Local Vendors,62.1,120,لايت ويف سبراي معطر جو بعطر البابايا 300 مل,1151143,Legumes & Spices,26000662,2026,03,فاتورة مشتريات,الشركة التجارية,
LV0000344,الشركة الوطنية لتعبئة الايرسول,Local Vendors,62.1,120,لايت ويف سبراي معطر جو بعطر نسيم البحر 300 مل,1151144,Legumes & Spices,26000662,2026,03,فاتورة مشتريات,الشركة التجارية,
LV0000344,الشركة الوطنية لتعبئة الايرسول,Local Vendors,62.1,120,لايت ويف سبراي معطر جو بعطر الياسمين 300 مل,1151141,Legumes & Spices,26000662,2026,03,فاتورة مشتريات,الشركة التجارية,
LV0000344,الشركة الوطنية لتعبئة الايرسول,Local Vendors,62.1,120,لايت ويف سبراي معطر جو بعطر الأوركيدا 300 مل,1151140,Legumes & Spices,26000662,2026,03,فاتورة مشتريات,الشركة التجارية,
LV0000344,الشركة الوطنية لتعبئة الايرسول,Local Vendors,1020,1200,لايف وايف مزيل للدهون بخاخ 600 ملم *1,1151114,Legumes & Spices,26000722,2026,04,فاتورة مشتريات,الشركة التجارية,
LV0000354,شركة بهاء الدين البستنجي وشريكه مشتريات,Bank Murabaha,1308.469,900,لويال سائل للجلي 2 لتر *1,1151115,Legumes & Spices,26000724,2026,04,فاتورة مشتريات,الشركة التجارية,
LV0000354,شركة بهاء الدين البستنجي وشريكه مشتريات,Bank Murabaha,1995.4,1200,لويال شامبو شعر للكبار 800 ملم *1,1151130,Legumes & Spices,26000724,2026,04,فاتورة مشتريات,الشركة التجارية,
LV0000354,شركة بهاء الدين البستنجي وشريكه مشتريات,Bank Murabaha,1990.001,600,لويال مسحوق غسيل 3 كغم,1151121,Legumes & Spices,26000724,2026,04,فاتورة مشتريات,الشركة التجارية,
LV0000354,شركة بهاء الدين البستنجي وشريكه مشتريات,Bank Murabaha,1111.089,600,لويال ملين ملابس 1.5 لتر *1,1151122,Legumes & Spices,26000724,2026,04,فاتورة مشتريات,الشركة التجارية,
LV0000354,شركة بهاء الدين البستنجي وشريكه مشتريات,Bank Murabaha,1368,900,لويال منظف أرضيات 2.4 لتر *1,1151120,Legumes & Spices,26000724,2026,04,فاتورة مشتريات,الشركة التجارية,
LV0000354,شركة بهاء الدين البستنجي وشريكه مشتريات,Bank Murabaha,431.034,5000,استريكو خميرة افرنجية جافة 100 غم *1,1151055,Legumes & Spices,26000835,2026,04,فاتورة مشتريات,الشركة التجارية,
LV0000354,شركة بهاء الدين البستنجي وشريكه مشتريات,Bank Murabaha,2563.967,1099,شيخ الكار بيض طازج 1920 غم فأكثر 1*1,1151111,Legumes & Spices,26000885,2026,05,فاتورة مشتريات,الشركة التجارية,
LV0000354,شركة بهاء الدين البستنجي وشريكه مشتريات,Bank Murabaha,963.529,413,شيخ الكار بيض طازج 1920 غم فأكثر 1*1,1151111,Legumes & Spices,26000886,2026,05,فاتورة مشتريات,الشركة التجارية,
LV0000351,مخبز سنابل معان - مورد,Bank Murabaha,916.4,2291,قشطة خبز كماج صغير 1 كغم,1151071,Legumes & Spices,26000595,2026,02,فاتورة مشتريات,الشركة التجارية,
LV0000351,مخبز سنابل معان - مورد,Bank Murabaha,738.8,1847,قشطة خبز كماج صغير 1 كغم,1151071,Legumes & Spices,26000596,2026,01,فاتورة مشتريات,الشركة التجارية,
LV0000351,مخبز سنابل معان - مورد,Bank Murabaha,328,328,قشطة قطايف 1 كغم,1151104,Legumes & Spices,26000937,2026,05,فاتورة مشتريات,الشركة التجارية,
LV0000351,مخبز سنابل معان - مورد,Bank Murabaha,828.8,2072,قشطة خبز كماج صغير 1 كغم,1151071,Legumes & Spices,26000937,2026,05,فاتورة مشتريات,الشركة التجارية,
LV0000351,مخبز سنابل معان - مورد,Bank Murabaha,694.8,1737,قشطة خبز كماج صغير 1 كغم,1151071,Legumes & Spices,26000938,2026,05,فاتورة مشتريات,الشركة التجارية,
LV0000309,مورد نقدي,Local Vendors,12.497,24,كولجيت معجون أسنان 100 ملم,1151132,Legumes & Spices,26000097,2026,01,فاتورة مشتريات,الشركة التجارية,
LV0000309,مورد نقدي,Local Vendors,85.75,245,قشطة خبز كماج صغير 1 كغم,1151071,Legumes & Spices,26000010,2026,01,فاتورة مشتريات,الشركة التجارية,
LV0000309,مورد نقدي,Local Vendors,8.4,21,قشطة خبز قمح أسمر(لمرضى السكري صغير),1151065,Legumes & Spices,26000010,2026,01,فاتورة مشتريات,الشركة التجارية,
LV0000309,مورد نقدي,Local Vendors,7.8,6,لويال مادة تلميع الاثاث 500 ملم *1,1151129,Legumes & Spices,26000011,2026,01,فاتورة مشتريات,الشركة التجارية,
LV0000309,مورد نقدي,Local Vendors,7.8,6,لويال مادة تلميع الاثاث 500 ملم *1,1151129,Legumes & Spices,26000011,2026,01,فاتورة مشتريات,الشركة التجارية,
LV0000309,مورد نقدي,Local Vendors,15,6,لويال ملين ملابس 1.5 لتر *1,1151122,Legumes & Spices,26000258,2026,02,فاتورة مشتريات,الشركة التجارية,
LV0000309,مورد نقدي,Local Vendors,31.188,10,شيخ الكار بيض طازج 1920 غم فأكثر 1*1,1151111,Legumes & Spices,26000063,2026,01,فاتورة مشتريات,الشركة التجارية,
LV0000309,مورد نقدي,Local Vendors,269.15,96,شيخ الكار بيض طازج 1920 غم فأكثر 1*1,1151111,Legumes & Spices,26000072,2026,01,فاتورة مشتريات,الشركة التجارية,
LV0000309,مورد نقدي,Local Vendors,217.35,84,شيخ الكار بيض طازج 1920 غم فأكثر 1*1,1151111,Legumes & Spices,26000077,2026,01,فاتورة مشتريات,الشركة التجارية,
LV0000309,مورد نقدي,Local Vendors,17.5,10,قشطة قرشلة مطحونة ناعم أو خشن او حار 1 كغم,1151092,Legumes & Spices,26000079,2026,01,فاتورة مشتريات,الشركة التجارية,
LV0000309,مورد نقدي,Local Vendors,72,45,قشطة قرشلة وكعك بأنواعه محلى او سادة 1 كغم,1151100,Legumes & Spices,26000079,2026,01,فاتورة مشتريات,الشركة التجارية,
LV0000309,مورد نقدي,Local Vendors,27,150,قشطة خبز شراك,1151066,Legumes & Spices,26000079,2026,01,فاتورة مشتريات,الشركة التجارية,
LV0000309,مورد نقدي,Local Vendors,268.53,583,قشطة خبز كماج كبير 1 كغم,1151069,Legumes & Spices,26000079,2026,01,فاتورة مشتريات,الشركة التجارية,
LV0000309,مورد نقدي,Local Vendors,86.1,245,قشطة خبز كماج كبير 1 كغم,1151069,Legumes & Spices,26000080,2026,01,فاتورة مشتريات,الشركة التجارية,
LV0000309,مورد نقدي,Local Vendors,18.029,25,قشطة قرشلة وكعك بأنواعه محلى او سادة 1 كغم,1151100,Legumes & Spices,26000080,2026,01,فاتورة مشتريات,الشركة التجارية,
LV0000309,مورد نقدي,Local Vendors,8.4,21,قشطة خبز قمح أسمر(لمرضى السكري صغير),1151065,Legumes & Spices,26000080,2026,01,فاتورة مشتريات,الشركة التجارية,
LV0000309,مورد نقدي,Local Vendors,22,2,شيخ الكار سمن بلدي 1 كغم,1151091,Legumes & Spices,26000084,2026,01,فاتورة مشتريات,الشركة التجارية,
LV0000309,مورد نقدي,Local Vendors,4.004,1.001,شيخ الكار جوز عين الجمل مقشر 1 كغم,1151098,Legumes & Spices,26000084,2026,01,فاتورة مشتريات,الشركة التجارية,
LV0000309,مورد نقدي,Local Vendors,18.029,25,قشطة قرشلة وكعك بأنواعه محلى او سادة 1 كغم,1151100,Legumes & Spices,26000094,2026,01,فاتورة مشتريات,الشركة التجارية,
LV0000309,مورد نقدي,Local Vendors,8.4,21,قشطة خبز قمح أسمر(لمرضى السكري صغير),1151065,Legumes & Spices,26000094,2026,01,فاتورة مشتريات,الشركة التجارية,
LV0000309,مورد نقدي,Local Vendors,85.995,245,قشطة خبز كماج صغير 1 كغم,1151071,Legumes & Spices,26000094,2026,01,فاتورة مشتريات,الشركة التجارية,
LV0000309,مورد نقدي,Local Vendors,89.694,19.932,"شيخ الكار جوز هند (ناعم,خشن) 1 كغم",1151089,Legumes & Spices,26000098,2026,01,فاتورة مشتريات,الشركة التجارية,
LV0000309,مورد نقدي,Local Vendors,66.667,20,شيخ الكار جميد بلدي 1 كغم,1151052,Legumes & Spices,26000100,2026,01,فاتورة مشتريات,الشركة التجارية,
LV0000309,مورد نقدي,Local Vendors,217.308,84,شيخ الكار بيض طازج 1920 غم فأكثر 1*1,1151111,Legumes & Spices,26000108,2026,01,فاتورة مشتريات,الشركة التجارية,
LV0000309,مورد نقدي,Local Vendors,53.609,17,شيخ الكار بيض طازج 1920 غم فأكثر 1*1,1151111,Legumes & Spices,26000119,2026,01,فاتورة مشتريات,الشركة التجارية,
LV0000309,مورد نقدي,Local Vendors,1000.35,200,"شيخ الكار جوز هند (ناعم,خشن) 1 كغم",1151089,Legumes & Spices,26000120,2026,01,فاتورة مشتريات,الشركة التجارية,
LV0000309,مورد نقدي,Local Vendors,18.952,48,كولجيت معجون أسنان 100 ملم,1151132,Legumes & Spices,26000488,2026,03,فاتورة مشتريات,الشركة التجارية,
LV0000309,مورد نقدي,Local Vendors,309.38,620,قشطة خبز كماج صغير 1 كغم,1151071,Legumes & Spices,26000143,2026,01,فاتورة مشتريات,الشركة التجارية,
LV0000309,مورد نقدي,Local Vendors,255.657,93,شيخ الكار بيض طازج 1920 غم فأكثر 1*1,1151111,Legumes & Spices,26000143,2026,01,فاتورة مشتريات,الشركة التجارية,
LV0000309,مورد نقدي,Local Vendors,8.4,21,قشطة خبز قمح أسمر(لمرضى السكري صغير),1151065,Legumes & Spices,26000150,2026,01,فاتورة مشتريات,الشركة التجارية,
LV0000309,مورد نقدي,Local Vendors,18.365,25,قشطة قرشلة وكعك بأنواعه محلى او سادة 1 كغم,1151100,Legumes & Spices,26000150,2026,01,فاتورة مشتريات,الشركة التجارية,
LV0000309,مورد نقدي,Local Vendors,85.75,245,قشطة خبز كماج كبير 1 كغم,1151069,Legumes & Spices,26000150,2026,01,فاتورة مشتريات,الشركة التجارية,
LV0000309,مورد نقدي,Local Vendors,10.738,26,قشطة خبز حمام 1 كغم,1151070,Legumes & Spices,26000175,2026,01,فاتورة مشتريات,الشركة التجارية,
LV0000309,مورد نقدي,Local Vendors,296,740,قشطة خبز كماج كبير 1 كغم,1151069,Legumes & Spices,26000175,2026,01,فاتورة مشتريات,الشركة التجارية,
LV0000309,مورد نقدي,Local Vendors,18,90,قشطة خبز شراك,1151066,Legumes & Spices,26000175,2026,01,فاتورة مشتريات,الشركة التجارية,
LV0000309,مورد نقدي,Local Vendors,12.803,31,قشطة خبز قمح أسمر(لمرضى السكري صغير),1151065,Legumes & Spices,26000175,2026,01,فاتورة مشتريات,الشركة التجارية,
LV0000309,مورد نقدي,Local Vendors,140,40,شيخ الكار جميد بلدي 1 كغم,1151052,Legumes & Spices,26000176,2026,01,فاتورة مشتريات,الشركة التجارية,
LV0000309,مورد نقدي,Local Vendors,31.5,10,شيخ الكار بيض طازج 1920 غم فأكثر 1*1,1151111,Legumes & Spices,26000183,2026,02,فاتورة مشتريات,الشركة التجارية,
LV0000309,مورد نقدي,Local Vendors,13,24,كولجيت معجون أسنان 100 ملم,1151132,Legumes & Spices,26000185,2026,02,فاتورة مشتريات,الشركة التجارية,
LV0000309,مورد نقدي,Local Vendors,86.207,25,"شيخ الكار جوز هند (ناعم,خشن) 1 كغم",1151089,Legumes & Spices,26000193,2026,02,فاتورة مشتريات,الشركة التجارية,
LV0000309,مورد نقدي,Local Vendors,85.75,245,قشطة خبز كماج صغير 1 كغم,1151071,Legumes & Spices,26000194,2026,02,فاتورة مشتريات,الشركة التجارية,
LV0000309,مورد نقدي,Local Vendors,8.4,21,قشطة خبز قمح أسمر(لمرضى السكري صغير),1151065,Legumes & Spices,26000194,2026,02,فاتورة مشتريات,الشركة التجارية,
LV0000309,مورد نقدي,Local Vendors,2.4,1,لويال ملين ملابس 1.5 لتر *1,1151122,Legumes & Spices,26000230,2026,02,فاتورة مشتريات,الشركة التجارية,
LV0000309,مورد نقدي,Local Vendors,86.1,245,قشطة خبز كماج صغير 1 كغم,1151071,Legumes & Spices,26000231,2026,02,فاتورة مشتريات,الشركة التجارية,
LV0000309,مورد نقدي,Local Vendors,8.4,21,قشطة خبز قمح أسمر(لمرضى السكري صغير),1151065,Legumes & Spices,26000231,2026,02,فاتورة مشتريات,الشركة التجارية,
LV0000309,مورد نقدي,Local Vendors,18.025,25,قشطة قرشلة وكعك بأنواعه محلى او سادة 1 كغم,1151100,Legumes & Spices,26000231,2026,02,فاتورة مشتريات,الشركة التجارية,
LV0000309,مورد نقدي,Local Vendors,17.16,36,كولجيت معجون أسنان 100 ملم,1151132,Legumes & Spices,26000232,2026,02,فاتورة مشتريات,الشركة التجارية,
LV0000309,مورد نقدي,Local Vendors,37.4,12,شيخ الكار بيض طازج 1920 غم فأكثر 1*1,1151111,Legumes & Spices,26000237,2026,02,فاتورة مشتريات,الشركة التجارية,
LV0000309,مورد نقدي,Local Vendors,31.5,10,شيخ الكار بيض طازج 1920 غم فأكثر 1*1,1151111,Legumes & Spices,26000256,2026,02,فاتورة مشتريات,الشركة التجارية,
LV0000309,مورد نقدي,Local Vendors,10,5,لويال منظف أرضيات 2.4 لتر *1,1151120,Legumes & Spices,26000257,2026,02,فاتورة مشتريات,الشركة التجارية,
LV0000309,مورد نقدي,Local Vendors,94.828,20,شيخ الكار جوز عين الجمل مقشر 1 كغم,1151098,Legumes & Spices,26000275,2026,01,فاتورة مشتريات,الشركة التجارية,
LV0000309,مورد نقدي,Local Vendors,232.85,90,شيخ الكار بيض طازج 1920 غم فأكثر 1*1,1151111,Legumes & Spices,26000316,2026,02,فاتورة مشتريات,الشركة التجارية,
LV0000309,مورد نقدي,Local Vendors,136.364,0.1,سمسم خام,1141002,Sesame,26000141,2026,01,فاتورة مشتريات,الشركة التجارية,
LV0000309,مورد نقدي,Local Vendors,86.1,245,قشطة خبز كماج صغير 1 كغم,1151071,Legumes & Spices,26000302,2026,02,فاتورة مشتريات,الشركة التجارية,
LV0000309,مورد نقدي,Local Vendors,8.4,21,قشطة خبز قمح أسمر(لمرضى السكري صغير),1151065,Legumes & Spices,26000302,2026,02,فاتورة مشتريات,الشركة التجارية,
LV0000309,مورد نقدي,Local Vendors,18.029,25,قشطة قرشلة وكعك بأنواعه محلى او سادة 1 كغم,1151100,Legumes & Spices,26000302,2026,02,فاتورة مشتريات,الشركة التجارية,
LV0000309,مورد نقدي,Local Vendors,310,620,قشطة خبز كماج صغير 1 كغم,1151071,Legumes & Spices,26000303,2026,02,فاتورة مشتريات,الشركة التجارية,
LV0000309,مورد نقدي,Local Vendors,256.029,93,شيخ الكار بيض طازج 1920 غم فأكثر 1*1,1151111,Legumes & Spices,26000303,2026,02,فاتورة مشتريات,الشركة التجارية,
LV0000309,مورد نقدي,Local Vendors,17.5,5,"شيخ الكار جوز هند (ناعم,خشن) 1 كغم",1151089,Legumes & Spices,26000303,2026,02,فاتورة مشتريات,الشركة التجارية,
LV0000309,مورد نقدي,Local Vendors,24,1,شيخ الكار هال حب 1 كغم,1151109,Legumes & Spices,26000303,2026,02,فاتورة مشتريات,الشركة التجارية,
LV0000309,مورد نقدي,Local Vendors,2000,1200,شعبان سكر 3.5 كغم,1151040,Legumes & Spices,26000299,2026,02,فاتورة مشتريات,الشركة التجارية,
LV0000309,مورد نقدي,Local Vendors,1896.552,400,شيخ الكار جوز عين الجمل مقشر 1 كغم,1151098,Legumes & Spices,26000253,2026,02,فاتورة مشتريات,الشركة التجارية,
LV0000309,مورد نقدي,Local Vendors,291.6,729,قشطة خبز كماج صغير 1 كغم,1151071,Legumes & Spices,26000325,2026,02,فاتورة مشتريات,الشركة التجارية,
LV0000309,مورد نقدي,Local Vendors,10.4,26,قشطة خبز حمام 1 كغم,1151070,Legumes & Spices,26000325,2026,02,فاتورة مشتريات,الشركة التجارية,
LV0000309,مورد نقدي,Local Vendors,13,65,قشطة خبز شراك,1151066,Legumes & Spices,26000325,2026,02,فاتورة مشتريات,الشركة التجارية,
LV0000309,مورد نقدي,Local Vendors,12.4,31,قشطة خبز قمح أسمر(لمرضى السكري صغير),1151065,Legumes & Spices,26000325,2026,02,فاتورة مشتريات,الشركة التجارية,
LV0000309,مورد نقدي,Local Vendors,20,1,شيخ الكار هال مطحون 1 كغم,1151096,Legumes & Spices,26000323,2026,02,فاتورة مشتريات,الشركة التجارية,
LV0000309,مورد نقدي,Local Vendors,14,20,شيخ الكار سكر مطحون ناعم بودرة 1كغم,1151134,Legumes & Spices,26000323,2026,02,فاتورة مشتريات,الشركة التجارية,
LV0000309,مورد نقدي,Local Vendors,86.1,245,قشطة خبز كماج صغير 1 كغم,1151071,Legumes & Spices,26000326,2026,02,فاتورة مشتريات,الشركة التجارية,
LV0000309,مورد نقدي,Local Vendors,8.4,21,قشطة خبز قمح أسمر(لمرضى السكري صغير),1151065,Legumes & Spices,26000326,2026,02,فاتورة مشتريات,الشركة التجارية,
LV0000309,مورد نقدي,Local Vendors,18.025,25,قشطة قرشلة وكعك بأنواعه محلى او سادة 1 كغم,1151100,Legumes & Spices,26000326,2026,02,فاتورة مشتريات,الشركة التجارية,
LV0000309,مورد نقدي,Local Vendors,3.017,5,قشطة قطايف 1 كغم,1151104,Legumes & Spices,26000326,2026,02,فاتورة مشتريات,الشركة التجارية,
LV0000309,مورد نقدي,Local Vendors,623.55,1558,قشطة خبز كماج صغير 1 كغم,1151071,Legumes & Spices,26000327,2026,02,فاتورة مشتريات,الشركة التجارية,
LV0000309,مورد نقدي,Local Vendors,232.83,90,شيخ الكار بيض طازج 1920 غم فأكثر 1*1,1151111,Legumes & Spices,26000611,2026,03,فاتورة مشتريات,الشركة التجارية,
LV0000309,مورد نقدي,Local Vendors,263.6,659,قشطة خبز كماج صغير 1 كغم,1151071,Legumes & Spices,26000473,2026,03,فاتورة مشتريات,الشركة التجارية,
LV0000309,مورد نقدي,Local Vendors,9.6,24,قشطة خبز حمام 1 كغم,1151070,Legumes & Spices,26000473,2026,03,فاتورة مشتريات,الشركة التجارية,
LV0000309,مورد نقدي,Local Vendors,13,65,قشطة خبز شراك,1151066,Legumes & Spices,26000473,2026,03,فاتورة مشتريات,الشركة التجارية,
LV0000309,مورد نقدي,Local Vendors,11.2,28,قشطة خبز قمح أسمر(لمرضى السكري صغير),1151065,Legumes & Spices,26000473,2026,03,فاتورة مشتريات,الشركة التجارية,
LV0000309,مورد نقدي,Local Vendors,28.272,31,قشطة قطايف 1 كغم,1151104,Legumes & Spices,26000473,2026,03,فاتورة مشتريات,الشركة التجارية,
LV0000309,مورد نقدي,Local Vendors,175,50,شيخ الكار جميد بلدي 1 كغم,1151052,Legumes & Spices,26000489,2026,03,فاتورة مشتريات,الشركة التجارية,
LV0000309,مورد نقدي,Local Vendors,16.574,6,شيخ الكار بيض طازج 1920 غم فأكثر 1*1,1151111,Legumes & Spices,26000346,2026,02,فاتورة مشتريات,الشركة التجارية,
LV0000309,مورد نقدي,Local Vendors,75.465,215,قشطة خبز كماج صغير 1 كغم,1151071,Legumes & Spices,26000445,2026,03,فاتورة مشتريات,الشركة التجارية,
LV0000309,مورد نقدي,Local Vendors,8.4,21,قشطة خبز قمح أسمر(لمرضى السكري صغير),1151065,Legumes & Spices,26000445,2026,03,فاتورة مشتريات,الشركة التجارية,
LV0000309,مورد نقدي,Local Vendors,18.104,30,قشطة قطايف 1 كغم,1151104,Legumes & Spices,26000445,2026,03,فاتورة مشتريات,الشركة التجارية,
LV0000309,مورد نقدي,Local Vendors,25.668,55.8,قشطة خبز كماج كبير 1 كغم,1151069,Legumes & Spices,26000448,2026,03,فاتورة مشتريات,الشركة التجارية,
LV0000309,مورد نقدي,Local Vendors,16.33,35.5,قشطة خبز كماج كبير 1 كغم,1151069,Legumes & Spices,26000448,2026,03,فاتورة مشتريات,الشركة التجارية,
LV0000309,مورد نقدي,Local Vendors,289.34,629,قشطة خبز كماج كبير 1 كغم,1151069,Legumes & Spices,26000448,2026,03,فاتورة مشتريات,الشركة التجارية,
LV0000309,مورد نقدي,Local Vendors,15.75,22.5,قشطة خبز قمح أسمر(لمرضى السكري صغير),1151065,Legumes & Spices,26000448,2026,03,فاتورة مشتريات,الشركة التجارية,
LV0000309,مورد نقدي,Local Vendors,96,60,قشطة قرشلة وكعك بأنواعه محلى او سادة 1 كغم,1151100,Legumes & Spices,26000448,2026,03,فاتورة مشتريات,الشركة التجارية,
LV0000309,مورد نقدي,Local Vendors,14,8,قشطة قرشلة مطحونة ناعم أو خشن او حار 1 كغم,1151092,Legumes & Spices,26000448,2026,03,فاتورة مشتريات,الشركة التجارية,
LV0000309,مورد نقدي,Local Vendors,6.029,2,الاسرة تمر مع بذور حبة طويلة نخب أول,1151045,Legumes & Spices,26000449,2026,03,فاتورة مشتريات,الشركة التجارية,
LV0000309,مورد نقدي,Local Vendors,61.386,10,قشطة بسكوت سادة مغلف 500 غم,1151087,Legumes & Spices,26000451,2026,03,فاتورة مشتريات,الشركة التجارية,
LV0000309,مورد نقدي,Local Vendors,7.759,10,شيخ الكار ملح ليمون 1 كغم,1151135,Legumes & Spices,26000471,2026,03,فاتورة مشتريات,الشركة التجارية,
LV0000309,مورد نقدي,Local Vendors,130,13,شيخ الكار سمن بلدي 1 كغم,1151091,Legumes & Spices,26000472,2026,03,فاتورة مشتريات,الشركة التجارية,
LV0000309,مورد نقدي,Local Vendors,110,10,شيخ الكار سمن بلدي 1 كغم,1151091,Legumes & Spices,26000472,2026,03,فاتورة مشتريات,الشركة التجارية,
LV0000309,مورد نقدي,Local Vendors,285.906,102,شيخ الكار بيض طازج 1920 غم فأكثر 1*1,1151111,Legumes & Spices,26000474,2026,03,فاتورة مشتريات,الشركة التجارية,
LV0000309,مورد نقدي,Local Vendors,151.4,378.5,قشطة خبز كماج صغير 1 كغم,1151071,Legumes & Spices,26000475,2026,03,فاتورة مشتريات,الشركة التجارية,
LV0000309,مورد نقدي,Local Vendors,5.625,45,قشطة خبز شراك,1151066,Legumes & Spices,26000475,2026,03,فاتورة مشتريات,الشركة التجارية,
LV0000309,مورد نقدي,Local Vendors,1.35,1,قشطة قطايف 1 كغم,1151104,Legumes & Spices,26000475,2026,03,فاتورة مشتريات,الشركة التجارية,
LV0000309,مورد نقدي,Local Vendors,68.64,195,قشطة خبز كماج صغير 1 كغم,1151071,Legumes & Spices,26000476,2026,03,فاتورة مشتريات,الشركة التجارية,
LV0000309,مورد نقدي,Local Vendors,8.8,22,قشطة خبز قمح أسمر(لمرضى السكري صغير),1151065,Legumes & Spices,26000476,2026,03,فاتورة مشتريات,الشركة التجارية,
LV0000309,مورد نقدي,Local Vendors,21.105,35,قشطة قطايف 1 كغم,1151104,Legumes & Spices,26000476,2026,03,فاتورة مشتريات,الشركة التجارية,
LV0000309,مورد نقدي,Local Vendors,280,560,قشطة خبز كماج صغير 1 كغم,1151071,Legumes & Spices,26000479,2026,03,فاتورة مشتريات,الشركة التجارية,
LV0000309,مورد نقدي,Local Vendors,18.75,15,قشطة قطايف 1 كغم,1151104,Legumes & Spices,26000479,2026,03,فاتورة مشتريات,الشركة التجارية,
LV0000309,مورد نقدي,Local Vendors,231.336,84,شيخ الكار بيض طازج 1920 غم فأكثر 1*1,1151111,Legumes & Spices,26000479,2026,03,فاتورة مشتريات,الشركة التجارية,
LV0000309,مورد نقدي,Local Vendors,70.058,23,شيخ الكار بيض طازج 1920 غم فأكثر 1*1,1151111,Legumes & Spices,26000352,2026,02,فاتورة مشتريات,الشركة التجارية,
LV0000309,مورد نقدي,Local Vendors,163636.4,200,سمسم خام,1141002,Sesame,26000482,2026,03,فاتورة مشتريات,الشركة التجارية,
LV0000309,مورد نقدي,Local Vendors,100,25,"شيخ الكار جوز هند (ناعم,خشن) 1 كغم",1151089,Legumes & Spices,26000837,2026,04,فاتورة مشتريات,الشركة التجارية,
LV0000309,مورد نقدي,Local Vendors,3.33,3,قشطة قطايف 1 كغم,1151104,Legumes & Spices,26000447,2026,02,فاتورة مشتريات,الشركة التجارية,
LV0000309,مورد نقدي,Local Vendors,24.4,8,شيخ الكار بيض طازج 1920 غم فأكثر 1*1,1151111,Legumes & Spices,26000729,2026,04,فاتورة مشتريات,الشركة التجارية,
LV0000309,مورد نقدي,Local Vendors,82.25,235,قشطة خبز كماج صغير 1 كغم,1151071,Legumes & Spices,26000582,2026,03,فاتورة مشتريات,الشركة التجارية,
LV0000309,مورد نقدي,Local Vendors,8.4,21,قشطة خبز قمح أسمر(لمرضى السكري صغير),1151065,Legumes & Spices,26000582,2026,03,فاتورة مشتريات,الشركة التجارية,
LV0000309,مورد نقدي,Local Vendors,21.121,35,قشطة قطايف 1 كغم,1151104,Legumes & Spices,26000582,2026,03,فاتورة مشتريات,الشركة التجارية,
LV0000309,مورد نقدي,Local Vendors,5.35,1,شيخ الكار جوز عين الجمل مقشر 1 كغم,1151098,Legumes & Spices,26000591,2026,03,فاتورة مشتريات,الشركة التجارية,
LV0000309,مورد نقدي,Local Vendors,149.263,51,شيخ الكار بيض طازج 1920 غم فأكثر 1*1,1151111,Legumes & Spices,26000487,2026,03,فاتورة مشتريات,الشركة التجارية,
LV0000309,مورد نقدي,Local Vendors,19.6,56,قشطة خبز قمح أسمر(لمرضى السكري صغير),1151065,Legumes & Spices,26000631,2026,03,فاتورة مشتريات,الشركة التجارية,
LV0000309,مورد نقدي,Local Vendors,316.75,905,قشطة خبز كماج صغير 1 كغم,1151071,Legumes & Spices,26000631,2026,03,فاتورة مشتريات,الشركة التجارية,
LV0000309,مورد نقدي,Local Vendors,124,248,قشطة خبز حمام 1 كغم,1151070,Legumes & Spices,26000631,2026,03,فاتورة مشتريات,الشركة التجارية,
LV0000309,مورد نقدي,Local Vendors,21,12,قشطة قرشلة وكعك بأنواعه محلى او سادة 1 كغم,1151100,Legumes & Spices,26000631,2026,03,فاتورة مشتريات,الشركة التجارية,
LV0000309,مورد نقدي,Local Vendors,4,4,قشطة خبز برغر طحين زيرو 1 كغم,1151053,Legumes & Spices,26000631,2026,03,فاتورة مشتريات,الشركة التجارية,
LV0000309,مورد نقدي,Local Vendors,14,14,قشطة قطايف 1 كغم,1151104,Legumes & Spices,26000631,2026,03,فاتورة مشتريات,الشركة التجارية,
LV0000309,مورد نقدي,Local Vendors,115.83,330,قشطة خبز كماج صغير 1 كغم,1151071,Legumes & Spices,26000632,2026,03,فاتورة مشتريات,الشركة التجارية,
LV0000309,مورد نقدي,Local Vendors,12,30,قشطة خبز قمح أسمر(لمرضى السكري صغير),1151065,Legumes & Spices,26000632,2026,03,فاتورة مشتريات,الشركة التجارية,
LV0000309,مورد نقدي,Local Vendors,21.12,35,قشطة قطايف 1 كغم,1151104,Legumes & Spices,26000632,2026,03,فاتورة مشتريات,الشركة التجارية,
LV0000309,مورد نقدي,Local Vendors,58.08,165,قشطة خبز كماج صغير 1 كغم,1151071,Legumes & Spices,26000636,2026,03,فاتورة مشتريات,الشركة التجارية,
LV0000309,مورد نقدي,Local Vendors,6,15,قشطة خبز قمح أسمر(لمرضى السكري صغير),1151065,Legumes & Spices,26000636,2026,03,فاتورة مشتريات,الشركة التجارية,
LV0000309,مورد نقدي,Local Vendors,18.005,25,قشطة قرشلة وكعك بأنواعه محلى او سادة 1 كغم,1151100,Legumes & Spices,26000636,2026,03,فاتورة مشتريات,الشركة التجارية,
LV0000309,مورد نقدي,Local Vendors,85.75,245,قشطة خبز كماج صغير 1 كغم,1151071,Legumes & Spices,26000703,2026,04,فاتورة مشتريات,الشركة التجارية,
LV0000309,مورد نقدي,Local Vendors,8.4,21,قشطة خبز قمح أسمر(لمرضى السكري صغير),1151065,Legumes & Spices,26000703,2026,04,فاتورة مشتريات,الشركة التجارية,
LV0000309,مورد نقدي,Local Vendors,18.029,25,قشطة قرشلة وكعك بأنواعه محلى او سادة 1 كغم,1151100,Legumes & Spices,26000703,2026,04,فاتورة مشتريات,الشركة التجارية,
LV0000309,مورد نقدي,Local Vendors,105,30,شيخ الكار جميد مستورد,1111001,Jameed,26000765,2026,04,فاتورة مشتريات,الشركة التجارية,
LV0000309,مورد نقدي,Local Vendors,268.8,96,شيخ الكار بيض طازج 1920 غم فأكثر 1*1,1151111,Legumes & Spices,26000768,2026,04,فاتورة مشتريات,الشركة التجارية,
LV0000309,مورد نقدي,Local Vendors,232.47,90,شيخ الكار بيض طازج 1920 غم فأكثر 1*1,1151111,Legumes & Spices,26000790,2026,04,فاتورة مشتريات,الشركة التجارية,
LV0000309,مورد نقدي,Local Vendors,310.62,620,قشطة خبز كماج صغير 1 كغم,1151071,Legumes & Spices,26000796,2026,04,فاتورة مشتريات,الشركة التجارية,
LV0000309,مورد نقدي,Local Vendors,255.75,93,شيخ الكار بيض طازج 1920 غم فأكثر 1*1,1151111,Legumes & Spices,26000796,2026,04,فاتورة مشتريات,الشركة التجارية,
LV0000309,مورد نقدي,Local Vendors,43.75,35,قشطة قطايف 1 كغم,1151104,Legumes & Spices,26000796,2026,04,فاتورة مشتريات,الشركة التجارية,
LV0000309,مورد نقدي,Local Vendors,30.198,10,شيخ الكار بيض طازج 1920 غم فأكثر 1*1,1151111,Legumes & Spices,26000802,2026,04,فاتورة مشتريات,الشركة التجارية,
LV0000309,مورد نقدي,Local Vendors,85.75,245,قشطة خبز كماج صغير 1 كغم,1151071,Legumes & Spices,26000809,2026,04,فاتورة مشتريات,الشركة التجارية,
LV0000309,مورد نقدي,Local Vendors,8.4,21,قشطة خبز قمح أسمر(لمرضى السكري صغير),1151065,Legumes & Spices,26000809,2026,04,فاتورة مشتريات,الشركة التجارية,
LV0000309,مورد نقدي,Local Vendors,21.63,30,قشطة قرشلة وكعك بأنواعه محلى او سادة 1 كغم,1151100,Legumes & Spices,26000809,2026,04,فاتورة مشتريات,الشركة التجارية,
LV0000309,مورد نقدي,Local Vendors,23.6,8,شيخ الكار بيض طازج 1920 غم فأكثر 1*1,1151111,Legumes & Spices,26000836,2026,04,فاتورة مشتريات,الشركة التجارية,
LV0000309,مورد نقدي,Local Vendors,268.35,0,,,,26000773,2026,04,فاتورة مشتريات,الشركة التجارية,
LV0000309,مورد نقدي,Local Vendors,38.022,13,شيخ الكار بيض طازج 1920 غم فأكثر 1*1,1151111,Legumes & Spices,26000689,2026,04,فاتورة مشتريات,الشركة التجارية,
LV0000309,مورد نقدي,Local Vendors,125,125,قشطة قطايف 1 كغم,1151104,Legumes & Spices,26000728,2026,04,فاتورة مشتريات,الشركة التجارية,
LV0000309,مورد نقدي,Local Vendors,143,357.5,قشطة خبز كماج صغير 1 كغم,1151071,Legumes & Spices,26000770,2026,04,فاتورة مشتريات,الشركة التجارية,
LV0000309,مورد نقدي,Local Vendors,2.86,20,قشطة خبز شراك,1151066,Legumes & Spices,26000770,2026,04,فاتورة مشتريات,الشركة التجارية,
LV0000309,مورد نقدي,Local Vendors,1258.6,0,,,,26000794,2026,04,فاتورة مشتريات,الشركة التجارية,
LV0000309,مورد نقدي,Local Vendors,10,8,سرور مربى نكهات مختلفة 400 غم 1*1,1151113,Legumes & Spices,26000844,2026,04,فاتورة مشتريات,الشركة التجارية,
LV0000309,مورد نقدي,Local Vendors,85.75,245,قشطة خبز كماج صغير 1 كغم,1151071,Legumes & Spices,26000846,2026,04,فاتورة مشتريات,الشركة التجارية,
LV0000309,مورد نقدي,Local Vendors,8.4,21,قشطة خبز قمح أسمر(لمرضى السكري صغير),1151065,Legumes & Spices,26000846,2026,04,فاتورة مشتريات,الشركة التجارية,
LV0000309,مورد نقدي,Local Vendors,39.655,55,قشطة قرشلة وكعك بأنواعه محلى او سادة 1 كغم,1151100,Legumes & Spices,26000846,2026,04,فاتورة مشتريات,الشركة التجارية,
LV0000309,مورد نقدي,Local Vendors,12.8,32,قشطة خبز قمح أسمر(لمرضى السكري صغير),1151065,Legumes & Spices,26000847,2026,04,فاتورة مشتريات,الشركة التجارية,
LV0000309,مورد نقدي,Local Vendors,51.3,57,قشطة قطايف 1 كغم,1151104,Legumes & Spices,26000847,2026,04,فاتورة مشتريات,الشركة التجارية,
LV0000309,مورد نقدي,Local Vendors,32,160,قشطة خبز شراك,1151066,Legumes & Spices,26000847,2026,04,فاتورة مشتريات,الشركة التجارية,
LV0000309,مورد نقدي,Local Vendors,11.2,28,قشطة خبز حمام 1 كغم,1151070,Legumes & Spices,26000847,2026,04,فاتورة مشتريات,الشركة التجارية,
LV0000309,مورد نقدي,Local Vendors,266,665,قشطة خبز كماج صغير 1 كغم,1151071,Legumes & Spices,26000847,2026,04,فاتورة مشتريات,الشركة التجارية,
LV0000309,مورد نقدي,Local Vendors,85.75,245,قشطة خبز كماج صغير 1 كغم,1151071,Legumes & Spices,26000854,2026,05,فاتورة مشتريات,الشركة التجارية,
LV0000309,مورد نقدي,Local Vendors,8.4,21,قشطة خبز قمح أسمر(لمرضى السكري صغير),1151065,Legumes & Spices,26000854,2026,05,فاتورة مشتريات,الشركة التجارية,
LV0000309,مورد نقدي,Local Vendors,39.663,55,قشطة قرشلة وكعك بأنواعه محلى او سادة 1 كغم,1151100,Legumes & Spices,26000854,2026,05,فاتورة مشتريات,الشركة التجارية,
LV0000309,مورد نقدي,Local Vendors,41,10,شيخ الكار سمن بلدي 1 كغم,1151091,Legumes & Spices,26000861,2026,05,فاتورة مشتريات,الشركة التجارية,
LV0000309,مورد نقدي,Local Vendors,49,5,شيخ الكار سمن بلدي 1 كغم,1151091,Legumes & Spices,26000862,2026,05,فاتورة مشتريات,الشركة التجارية,
LV0000309,مورد نقدي,Local Vendors,22,2,شيخ الكار سمن بلدي 1 كغم,1151091,Legumes & Spices,26000863,2026,05,فاتورة مشتريات,الشركة التجارية,
LV0000309,مورد نقدي,Local Vendors,96.983,25,"شيخ الكار جوز هند (ناعم,خشن) 1 كغم",1151089,Legumes & Spices,26000869,2026,05,فاتورة مشتريات,الشركة التجارية,
LV0000309,مورد نقدي,Local Vendors,25.776,144,استريكو خميرة افرنجية جافة 100 غم *1,1151055,Legumes & Spices,26000873,2026,05,فاتورة مشتريات,الشركة التجارية,
LV0000309,مورد نقدي,Local Vendors,269.088,96,شيخ الكار بيض طازج 1920 غم فأكثر 1*1,1151111,Legumes & Spices,26000880,2026,05,فاتورة مشتريات,الشركة التجارية,
LV0000309,مورد نقدي,Local Vendors,43.8,109.5,قشطة خبز حمام 1 كغم,1151070,Legumes & Spices,26000881,2026,05,فاتورة مشتريات,الشركة التجارية,
LV0000309,مورد نقدي,Local Vendors,22,2,شيخ الكار سمن بلدي 1 كغم,1151091,Legumes & Spices,26000882,2026,05,فاتورة مشتريات,الشركة التجارية,
LV0000309,مورد نقدي,Local Vendors,57.25,75,استريكو خميرة افرنجية جافة 100 غم *1,1151055,Legumes & Spices,26000896,2026,05,فاتورة مشتريات,الشركة التجارية,
LV0000309,مورد نقدي,Local Vendors,8.4,21,قشطة خبز قمح أسمر(لمرضى السكري صغير),1151065,Legumes & Spices,26000890,2026,05,فاتورة مشتريات,الشركة التجارية,
LV0000309,مورد نقدي,Local Vendors,89.25,255,قشطة خبز كماج صغير 1 كغم,1151071,Legumes & Spices,26000890,2026,05,فاتورة مشتريات,الشركة التجارية,
LV0000309,مورد نقدي,Local Vendors,18.029,25,قشطة قرشلة وكعك بأنواعه محلى او سادة 1 كغم,1151100,Legumes & Spices,26000890,2026,05,فاتورة مشتريات,الشركة التجارية,
LV0000309,مورد نقدي,Local Vendors,300,600,قشطة خبز كماج صغير 1 كغم,1151071,Legumes & Spices,26000895,2026,05,فاتورة مشتريات,الشركة التجارية,
LV0000309,مورد نقدي,Local Vendors,247.35,90,شيخ الكار بيض طازج 1920 غم فأكثر 1*1,1151111,Legumes & Spices,26000895,2026,05,فاتورة مشتريات,الشركة التجارية,
LV0000309,مورد نقدي,Local Vendors,168.269,80,شيخ الكار زيت شمس 1.3 لتر 1*8,1041003,Oil,26000917,2026,05,فاتورة مشتريات,الشركة التجارية,
LV0000309,مورد نقدي,Local Vendors,45,15,شيخ الكار بيض طازج 1920 غم فأكثر 1*1,1151111,Legumes & Spices,26000925,2026,05,فاتورة مشتريات,الشركة التجارية,
LV0000309,مورد نقدي,Local Vendors,85.995,245,قشطة خبز كماج صغير 1 كغم,1151071,Legumes & Spices,26000931,2026,05,فاتورة مشتريات,الشركة التجارية,
LV0000309,مورد نقدي,Local Vendors,8.4,21,قشطة خبز قمح أسمر(لمرضى السكري صغير),1151065,Legumes & Spices,26000931,2026,05,فاتورة مشتريات,الشركة التجارية,
LV0000309,مورد نقدي,Local Vendors,18.029,25,قشطة قرشلة وكعك بأنواعه محلى او سادة 1 كغم,1151100,Legumes & Spices,26000931,2026,05,فاتورة مشتريات,الشركة التجارية,
LV0000309,مورد نقدي,Local Vendors,30.604,10,شيخ الكار زبيب بدون بذور 1 كغم,1151097,Legumes & Spices,26000932,2026,05,فاتورة مشتريات,الشركة التجارية,
LV0000309,مورد نقدي,Local Vendors,30.603,10,شيخ الكار زبيب بدون بذور 1 كغم,1151097,Legumes & Spices,26000932,2026,05,فاتورة مشتريات,الشركة التجارية,
LV0000309,مورد نقدي,Local Vendors,44,4,شيخ الكار سمن بلدي 1 كغم,1151091,Legumes & Spices,26000932,2026,05,فاتورة مشتريات,الشركة التجارية,
LV0000309,مورد نقدي,Local Vendors,52.941,100,شيخ الكار فريكة ناعمة او خشنة 1 كغم,1151063,Legumes & Spices,26000932,2026,05,فاتورة مشتريات,الشركة التجارية,
LV0000309,مورد نقدي,Local Vendors,43.027,576,استريكو خميرة افرنجية جافة 100 غم *1,1151055,Legumes & Spices,26000934,2026,05,فاتورة مشتريات,الشركة التجارية,
LV0000309,مورد نقدي,Local Vendors,1105.769,400,يارا سمن نباتي 1.7 غم,1151046,Legumes & Spices,26000936,2026,05,فاتورة مشتريات,الشركة التجارية,
LV0000309,مورد نقدي,Local Vendors,25.668,55.8,قشطة خبز كماج كبير 1 كغم,1151069,Legumes & Spices,26000939,2026,05,فاتورة مشتريات,الشركة التجارية,
LV0000309,مورد نقدي,Local Vendors,270.48,588,قشطة خبز كماج صغير 1 كغم,1151071,Legumes & Spices,26000940,2026,05,فاتورة مشتريات,الشركة التجارية,
LV0000309,مورد نقدي,Local Vendors,27,150,قشطة خبز شراك,1151066,Legumes & Spices,26000940,2026,05,فاتورة مشتريات,الشركة التجارية,
LV0000309,مورد نقدي,Local Vendors,10.5,15,قشطة خبز قمح أسمر(لمرضى السكري صغير),1151065,Legumes & Spices,26000940,2026,05,فاتورة مشتريات,الشركة التجارية,
LV0000309,مورد نقدي,Local Vendors,72,45,قشطة قرشلة وكعك بأنواعه محلى او سادة 1 كغم,1151100,Legumes & Spices,26000940,2026,05,فاتورة مشتريات,الشركة التجارية,
LV0000309,مورد نقدي,Local Vendors,18.025,25,قشطة قرشلة وكعك بأنواعه محلى او سادة 1 كغم,1151100,Legumes & Spices,26001020,2026,06,فاتورة مشتريات,الشركة التجارية,
LV0000309,مورد نقدي,Local Vendors,8.4,21,قشطة خبز قمح أسمر(لمرضى السكري صغير),1151065,Legumes & Spices,26001020,2026,06,فاتورة مشتريات,الشركة التجارية,
LV0000309,مورد نقدي,Local Vendors,85.995,245,قشطة خبز كماج صغير 1 كغم,1151071,Legumes & Spices,26001020,2026,06,فاتورة مشتريات,الشركة التجارية,
LV0000309,مورد نقدي,Local Vendors,217.308,84,شيخ الكار بيض طازج 1920 غم فأكثر 1*1,1151111,Legumes & Spices,26000946,2026,05,فاتورة مشتريات,الشركة التجارية,
LV0000309,مورد نقدي,Local Vendors,8.4,21,قشطة خبز قمح أسمر(لمرضى السكري صغير),1151065,Legumes & Spices,26000947,2026,05,فاتورة مشتريات,الشركة التجارية,
LV0000309,مورد نقدي,Local Vendors,17.332,25,قشطة قرشلة وكعك بأنواعه محلى او سادة 1 كغم,1151100,Legumes & Spices,26000947,2026,05,فاتورة مشتريات,الشركة التجارية,
LV0000309,مورد نقدي,Local Vendors,85.995,245,قشطة خبز كماج صغير 1 كغم,1151071,Legumes & Spices,26000947,2026,05,فاتورة مشتريات,الشركة التجارية,
LV0000309,مورد نقدي,Local Vendors,60.396,20,شيخ الكار بيض طازج 1920 غم فأكثر 1*1,1151111,Legumes & Spices,26000948,2026,05,فاتورة مشتريات,الشركة التجارية,
LV0000309,مورد نقدي,Local Vendors,6.348,3,شيخ الكار بيض طازج 1920 غم فأكثر 1*1,1151111,Legumes & Spices,26000953,2026,05,فاتورة مشتريات,الشركة التجارية,
LV0000309,مورد نقدي,Local Vendors,440,0,,,,26000963,2026,05,فاتورة مشتريات,الشركة التجارية,
LV0000309,مورد نقدي,Local Vendors,45,0,,,,26000963,2026,05,فاتورة مشتريات,الشركة التجارية,
LV0000309,مورد نقدي,Local Vendors,54.075,75,قشطة قرشلة وكعك بأنواعه محلى او سادة 1 كغم,1151100,Legumes & Spices,26000966,2026,06,فاتورة مشتريات,الشركة التجارية,
LV0000309,مورد نقدي,Local Vendors,8.4,21,قشطة خبز قمح أسمر(لمرضى السكري صغير),1151065,Legumes & Spices,26000966,2026,06,فاتورة مشتريات,الشركة التجارية,
LV0000309,مورد نقدي,Local Vendors,85.995,245,قشطة خبز كماج صغير 1 كغم,1151071,Legumes & Spices,26000966,2026,06,فاتورة مشتريات,الشركة التجارية,
LV0000309,مورد نقدي,Local Vendors,100,10,شيخ الكار سمن بلدي 1 كغم,1151091,Legumes & Spices,26000967,2026,06,فاتورة مشتريات,الشركة التجارية,
LV0000309,مورد نقدي,Local Vendors,555,30,شيخ الكار هال حب 1 كغم,1151109,Legumes & Spices,26000968,2026,06,فاتورة مشتريات,الشركة التجارية,
LV0000309,مورد نقدي,Local Vendors,68,2,شيخ الكار زبيب بدون بذور 1 كغم,1151097,Legumes & Spices,26000968,2026,06,فاتورة مشتريات,الشركة التجارية,
LV0000309,مورد نقدي,Local Vendors,259.584,96,شيخ الكار بيض طازج 1920 غم فأكثر 1*1,1151111,Legumes & Spices,26000974,2026,06,فاتورة مشتريات,الشركة التجارية,
LV0000309,مورد نقدي,Local Vendors,85.995,245,قشطة خبز كماج صغير 1 كغم,1151071,Legumes & Spices,26000976,2026,06,فاتورة مشتريات,الشركة التجارية,
LV0000309,مورد نقدي,Local Vendors,8.505,21,قشطة خبز قمح أسمر(لمرضى السكري صغير),1151065,Legumes & Spices,26000976,2026,06,فاتورة مشتريات,الشركة التجارية,
LV0000309,مورد نقدي,Local Vendors,18.025,25,قشطة قرشلة وكعك بأنواعه محلى او سادة 1 كغم,1151100,Legumes & Spices,26000976,2026,06,فاتورة مشتريات,الشركة التجارية,
LV0000309,مورد نقدي,Local Vendors,38.4,96,قشطة خبز حمام 1 كغم,1151070,Legumes & Spices,26001096,2026,07,فاتورة مشتريات,الشركة التجارية,
LV0000309,مورد نقدي,Local Vendors,10.4,26,قشطة خبز حمام 1 كغم,1151070,Legumes & Spices,26000982,2026,06,فاتورة مشتريات,الشركة التجارية,
LV0000309,مورد نقدي,Local Vendors,22,55,قشطة خبز قمح أسمر(لمرضى السكري صغير),1151065,Legumes & Spices,26000982,2026,06,فاتورة مشتريات,الشركة التجارية,
LV0000309,مورد نقدي,Local Vendors,10,50,قشطة خبز شراك,1151066,Legumes & Spices,26000982,2026,06,فاتورة مشتريات,الشركة التجارية,
LV0000309,مورد نقدي,Local Vendors,285.6,714,قشطة خبز كماج صغير 1 كغم,1151071,Legumes & Spices,26000982,2026,06,فاتورة مشتريات,الشركة التجارية,
LV0000309,مورد نقدي,Local Vendors,8.4,21,قشطة خبز قمح أسمر(لمرضى السكري صغير),1151065,Legumes & Spices,26000998,2026,06,فاتورة مشتريات,الشركة التجارية,
LV0000309,مورد نقدي,Local Vendors,18.028,25,قشطة قرشلة وكعك بأنواعه محلى او سادة 1 كغم,1151100,Legumes & Spices,26000998,2026,06,فاتورة مشتريات,الشركة التجارية,
LV0000309,مورد نقدي,Local Vendors,100.035,285,قشطة خبز كماج صغير 1 كغم,1151071,Legumes & Spices,26000998,2026,06,فاتورة مشتريات,الشركة التجارية,
LV0000309,مورد نقدي,Local Vendors,310,620,قشطة خبز كماج صغير 1 كغم,1151071,Legumes & Spices,26000999,2026,06,فاتورة مشتريات,الشركة التجارية,
LV0000309,مورد نقدي,Local Vendors,256.029,93,شيخ الكار بيض طازج 1920 غم فأكثر 1*1,1151111,Legumes & Spices,26000999,2026,06,فاتورة مشتريات,الشركة التجارية,
LV0000309,مورد نقدي,Local Vendors,108.8,272,قشطة خبز كماج صغير 1 كغم,1151071,Legumes & Spices,26001000,2026,06,فاتورة مشتريات,الشركة التجارية,
LV0000309,مورد نقدي,Local Vendors,19.375,155,قشطة خبز شراك,1151066,Legumes & Spices,26001000,2026,06,فاتورة مشتريات,الشركة التجارية,
LV0000309,مورد نقدي,Local Vendors,110.676,276,قشطة خبز كماج صغير 1 كغم,1151071,Legumes & Spices,26001000,2026,06,فاتورة مشتريات,الشركة التجارية,
LV0000309,مورد نقدي,Local Vendors,8.125,65,قشطة خبز شراك,1151066,Legumes & Spices,26001000,2026,06,فاتورة مشتريات,الشركة التجارية,
LV0000309,مورد نقدي,Local Vendors,217.308,84,شيخ الكار بيض طازج 1920 غم فأكثر 1*1,1151111,Legumes & Spices,26001001,2026,06,فاتورة مشتريات,الشركة التجارية,
LV0000309,مورد نقدي,Local Vendors,370,40,شيخ الكار هال مطحون 1 كغم,1151096,Legumes & Spices,26001002,2026,06,فاتورة مشتريات,الشركة التجارية,
LV0000309,مورد نقدي,Local Vendors,750,50,شيخ الكار هال حب 1 كغم,1151109,Legumes & Spices,26001017,2026,06,فاتورة مشتريات,الشركة التجارية,
LV0000309,مورد نقدي,Local Vendors,147,0,,,,26000944,2026,05,فاتورة مشتريات,الشركة التجارية,
LV0000309,مورد نقدي,Local Vendors,271.86,591,قشطة خبز كماج كبير 1 كغم,1151069,Legumes & Spices,26001021,2026,06,فاتورة مشتريات,الشركة التجارية,
LV0000309,مورد نقدي,Local Vendors,30.6,170,قشطة خبز شراك,1151066,Legumes & Spices,26001021,2026,06,فاتورة مشتريات,الشركة التجارية,
LV0000309,مورد نقدي,Local Vendors,14,20,قشطة خبز قمح أسمر(لمرضى السكري صغير),1151065,Legumes & Spices,26001021,2026,06,فاتورة مشتريات,الشركة التجارية,
LV0000309,مورد نقدي,Local Vendors,96,60,قشطة قرشلة وكعك بأنواعه محلى او سادة 1 كغم,1151100,Legumes & Spices,26001021,2026,06,فاتورة مشتريات,الشركة التجارية,
LV0000309,مورد نقدي,Local Vendors,14,8,قشطة قرشلة مطحونة ناعم أو خشن او حار 1 كغم,1151092,Legumes & Spices,26001021,2026,06,فاتورة مشتريات,الشركة التجارية,
LV0000309,مورد نقدي,Local Vendors,18.4,40,قشطة خبز كماج كبير 1 كغم,1151069,Legumes & Spices,26001022,2026,06,فاتورة مشتريات,الشركة التجارية,
LV0000309,مورد نقدي,Local Vendors,9.48,12,استريكو خميرة افرنجية جافة 100 غم *1,1151055,Legumes & Spices,26001041,2026,06,فاتورة مشتريات,الشركة التجارية,
LV0000309,مورد نقدي,Local Vendors,17.38,22,استريكو خميرة افرنجية جافة 100 غم *1,1151055,Legumes & Spices,26001042,2026,06,فاتورة مشتريات,الشركة التجارية,
LV0000309,مورد نقدي,Local Vendors,36.05,50,قشطة قرشلة وكعك بأنواعه محلى او سادة 1 كغم,1151100,Legumes & Spices,26001044,2026,06,فاتورة مشتريات,الشركة التجارية,
LV0000309,مورد نقدي,Local Vendors,8.4,21,قشطة خبز قمح أسمر(لمرضى السكري صغير),1151065,Legumes & Spices,26001044,2026,06,فاتورة مشتريات,الشركة التجارية,
LV0000309,مورد نقدي,Local Vendors,85.75,245,قشطة خبز كماج صغير 1 كغم,1151071,Legumes & Spices,26001044,2026,06,فاتورة مشتريات,الشركة التجارية,
LV0000309,مورد نقدي,Local Vendors,282,705,قشطة خبز كماج صغير 1 كغم,1151071,Legumes & Spices,26001048,2026,06,فاتورة مشتريات,الشركة التجارية,
LV0000309,مورد نقدي,Local Vendors,10.4,26,قشطة خبز حمام 1 كغم,1151070,Legumes & Spices,26001048,2026,06,فاتورة مشتريات,الشركة التجارية,
LV0000309,مورد نقدي,Local Vendors,24.8,62,قشطة خبز قمح أسمر(لمرضى السكري صغير),1151065,Legumes & Spices,26001048,2026,06,فاتورة مشتريات,الشركة التجارية,
LV0000309,مورد نقدي,Local Vendors,12.4,62,قشطة خبز شراك,1151066,Legumes & Spices,26001048,2026,06,فاتورة مشتريات,الشركة التجارية,
LV0000309,مورد نقدي,Local Vendors,49.6,16,شيخ الكار بيض طازج 1920 غم فأكثر 1*1,1151111,Legumes & Spices,26001052,2026,07,فاتورة مشتريات,الشركة التجارية,
LV0000309,مورد نقدي,Local Vendors,370,80,شيخ الكار هال حب 1 كغم,1151109,Legumes & Spices,26001053,2026,07,فاتورة مشتريات,الشركة التجارية,
LV0000309,مورد نقدي,Local Vendors,44,55,استريكو خميرة افرنجية جافة 100 غم *1,1151055,Legumes & Spices,26001054,2026,07,فاتورة مشتريات,الشركة التجارية,
LV0000309,مورد نقدي,Local Vendors,8,8,استريكو خميرة افرنجية جافة 100 غم *1,1151055,Legumes & Spices,26001054,2026,07,فاتورة مشتريات,الشركة التجارية,
LV0000309,مورد نقدي,Local Vendors,211.488,96,شيخ الكار بيض طازج 1920 غم فأكثر 1*1,1151111,Legumes & Spices,26001069,2026,07,فاتورة مشتريات,الشركة التجارية,
LV0000309,مورد نقدي,Local Vendors,18.025,25,قشطة قرشلة وكعك بأنواعه محلى او سادة 1 كغم,1151100,Legumes & Spices,26001070,2026,07,فاتورة مشتريات,الشركة التجارية,
LV0000309,مورد نقدي,Local Vendors,8.4,21,قشطة خبز قمح أسمر(لمرضى السكري صغير),1151065,Legumes & Spices,26001070,2026,07,فاتورة مشتريات,الشركة التجارية,
LV0000309,مورد نقدي,Local Vendors,85.75,245,قشطة خبز كماج صغير 1 كغم,1151071,Legumes & Spices,26001070,2026,07,فاتورة مشتريات,الشركة التجارية,
LV0000309,مورد نقدي,Local Vendors,27.648,9,شيخ الكار بيض طازج 1920 غم فأكثر 1*1,1151111,Legumes & Spices,26001073,2026,07,فاتورة مشتريات,الشركة التجارية,
LV0000309,مورد نقدي,Local Vendors,27.648,9,شيخ الكار بيض طازج 1920 غم فأكثر 1*1,1151111,Legumes & Spices,26001074,2026,07,فاتورة مشتريات,الشركة التجارية,
LV0000309,مورد نقدي,Local Vendors,85,25,شيخ الكار زبيب بدون بذور 1 كغم,1151097,Legumes & Spices,26001082,2026,07,فاتورة مشتريات,الشركة التجارية,
LV0000309,مورد نقدي,Local Vendors,370,80,شيخ الكار هال حب 1 كغم,1151109,Legumes & Spices,26001082,2026,07,فاتورة مشتريات,الشركة التجارية,
LV0000309,مورد نقدي,Local Vendors,17.25,23,استريكو خميرة افرنجية جافة 100 غم *1,1151055,Legumes & Spices,26001083,2026,07,فاتورة مشتريات,الشركة التجارية,
LV0000309,مورد نقدي,Local Vendors,216.972,84,شيخ الكار بيض طازج 1920 غم فأكثر 1*1,1151111,Legumes & Spices,26001095,2026,07,فاتورة مشتريات,الشركة التجارية,
LV0000309,مورد نقدي,Local Vendors,85.75,245,قشطة خبز كماج صغير 1 كغم,1151071,Legumes & Spices,26001124,2026,07,فاتورة مشتريات,الشركة التجارية,
LV0000309,مورد نقدي,Local Vendors,8.4,21,قشطة خبز قمح أسمر(لمرضى السكري صغير),1151065,Legumes & Spices,26001124,2026,07,فاتورة مشتريات,الشركة التجارية,
LV0000309,مورد نقدي,Local Vendors,28.84,40,قشطة قرشلة وكعك بأنواعه محلى او سادة 1 كغم,1151100,Legumes & Spices,26001124,2026,07,فاتورة مشتريات,الشركة التجارية,
LV0000309,مورد نقدي,Local Vendors,300,600,قشطة خبز كماج صغير 1 كغم,1151071,Legumes & Spices,26001125,2026,07,فاتورة مشتريات,الشركة التجارية,
LV0000309,مورد نقدي,Local Vendors,225,90,شيخ الكار بيض طازج 1920 غم فأكثر 1*1,1151111,Legumes & Spices,26001125,2026,07,فاتورة مشتريات,الشركة التجارية,
LV0000309,مورد نقدي,Local Vendors,64.64,80,سيترس مبيض الغسيل للملابس (كلور) 1 لتر *1,1151119,Legumes & Spices,26001126,2026,07,فاتورة مشتريات,الشركة التجارية,
LV0000309,مورد نقدي,Local Vendors,98.256,48,لويال سائل لغسيل الايدي 500 ملم *1,1151116,Legumes & Spices,26001126,2026,07,فاتورة مشتريات,الشركة التجارية,
FV0000029,LONG XIAN FOOD CO LIMITED-CHINA,Foreign Vendors,13115,120000,شيخ الكار فطر مقطع 300 غم 1*24,1131001,Sheikh Alkar - Canned food,26000202,2026,02,فاتورة مشتريات,الشركة التجارية,
LV0000312,مزارع الطازج,Bank Murabaha,121.8,42,شيخ الكار بيض طازج 1920 غم فأكثر 1*1,1151111,Legumes & Spices,26000113,2026,01,فاتورة مشتريات,الشركة التجارية,
LV0000312,مزارع الطازج,Bank Murabaha,326.733,120,شيخ الكار بيض طازج 1920 غم فأكثر 1*1,1151111,Legumes & Spices,26000199,2026,02,فاتورة مشتريات,الشركة التجارية,
LV0000312,مزارع الطازج,Bank Murabaha,627,228,شيخ الكار بيض طازج 1920 غم فأكثر 1*1,1151111,Legumes & Spices,26000259,2026,02,فاتورة مشتريات,الشركة التجارية,
LV0000312,مزارع الطازج,Bank Murabaha,577.2,222,شيخ الكار بيض طازج 1920 غم فأكثر 1*1,1151111,Legumes & Spices,26000318,2026,02,فاتورة مشتريات,الشركة التجارية,
LV0000312,مزارع الطازج,Bank Murabaha,467.5,170,شيخ الكار بيض طازج 1920 غم فأكثر 1*1,1151111,Legumes & Spices,26000322,2026,02,فاتورة مشتريات,الشركة التجارية,
LV0000312,مزارع الطازج,Bank Murabaha,180.446,81,شيخ الكار بيض طازج 1920 غم فأكثر 1*1,1151111,Legumes & Spices,26000338,2026,02,فاتورة مشتريات,الشركة التجارية,
LV0000312,مزارع الطازج,Bank Murabaha,909.72,420,شيخ الكار بيض طازج 1920 غم فأكثر 1*1,1151111,Legumes & Spices,26000971,2026,06,فاتورة مشتريات,الشركة التجارية,
LV0000312,مزارع الطازج,Bank Murabaha,351.054,162,شيخ الكار بيض طازج 1920 غم فأكثر 1*1,1151111,Legumes & Spices,26000979,2026,06,فاتورة مشتريات,الشركة التجارية,
LV0000312,مزارع الطازج,Bank Murabaha,259.92,120,شيخ الكار بيض طازج 1920 غم فأكثر 1*1,1151111,Legumes & Spices,26000988,2026,06,فاتورة مشتريات,الشركة التجارية,
LV0000312,مزارع الطازج,Bank Murabaha,650.1,300,شيخ الكار بيض طازج 1920 غم فأكثر 1*1,1151111,Legumes & Spices,26000989,2026,06,فاتورة مشتريات,الشركة التجارية,
LV0000312,مزارع الطازج,Bank Murabaha,459.84,240,شيخ الكار بيض طازج 1920 غم فأكثر 1*1,1151111,Legumes & Spices,26000990,2026,06,فاتورة مشتريات,الشركة التجارية,
LV0000312,مزارع الطازج,Bank Murabaha,240,120,شيخ الكار بيض طازج 1920 غم فأكثر 1*1,1151111,Legumes & Spices,26001115,2026,07,فاتورة مشتريات,الشركة التجارية,
LV0000312,مزارع الطازج,Bank Murabaha,366.6,200,شيخ الكار بيض طازج 1920 غم فأكثر 1*1,1151111,Legumes & Spices,26001107,2026,07,فاتورة مشتريات,الشركة التجارية,
LV0000312,مزارع الطازج,Bank Murabaha,431.028,234,شيخ الكار بيض طازج 1920 غم فأكثر 1*1,1151111,Legumes & Spices,26001108,2026,07,فاتورة مشتريات,الشركة التجارية,
LV0000312,مزارع الطازج,Bank Murabaha,432,216,شيخ الكار بيض طازج 1920 غم فأكثر 1*1,1151111,Legumes & Spices,26001109,2026,07,فاتورة مشتريات,الشركة التجارية,
LV0000312,مزارع الطازج,Bank Murabaha,180,90,شيخ الكار بيض طازج 1920 غم فأكثر 1*1,1151111,Legumes & Spices,26001111,2026,07,فاتورة مشتريات,الشركة التجارية,
LV0000312,مزارع الطازج,Bank Murabaha,480,240,شيخ الكار بيض طازج 1920 غم فأكثر 1*1,1151111,Legumes & Spices,26001113,2026,07,فاتورة مشتريات,الشركة التجارية,
LV0000312,مزارع الطازج,Bank Murabaha,480,240,شيخ الكار بيض طازج 1920 غم فأكثر 1*1,1151111,Legumes & Spices,26001117,2026,07,فاتورة مشتريات,الشركة التجارية,
LV0000312,مزارع الطازج,Bank Murabaha,600,300,شيخ الكار بيض طازج 1920 غم فأكثر 1*1,1151111,Legumes & Spices,26001119,2026,07,فاتورة مشتريات,الشركة التجارية,
LV0000312,مزارع الطازج,Bank Murabaha,456,228,شيخ الكار بيض طازج 1920 غم فأكثر 1*1,1151111,Legumes & Spices,26001121,2026,07,فاتورة مشتريات,الشركة التجارية,
LV0000312,مزارع الطازج,Bank Murabaha,480,240,شيخ الكار بيض طازج 1920 غم فأكثر 1*1,1151111,Legumes & Spices,26001123,2026,07,فاتورة مشتريات,الشركة التجارية,
LV0000312,مزارع الطازج,Bank Murabaha,-343.17,-186,شيخ الكار بيض طازج 1920 غم فأكثر 1*1,1151111,Legumes & Spices,26000037,2026,06,مرتجع مشتريات,الشركة التجارية,
LV0000312,مزارع الطازج,Bank Murabaha,-60.282,-33,شيخ الكار بيض طازج 1920 غم فأكثر 1*1,1151111,Legumes & Spices,26000038,2026,06,مرتجع مشتريات,الشركة التجارية,
LV0000313,بيت الزيتون للمواد الغذائية - مورد,Bank Murabaha,480,300,شيخ الكار زيتون أخضر 1 كغم,1151064,Legumes & Spices,26000093,2026,01,فاتورة مشتريات,الشركة التجارية,
LV0000313,بيت الزيتون للمواد الغذائية - مورد,Bank Murabaha,510,300,شيخ الكار زيتون أخضر 1 كغم,1151064,Legumes & Spices,26000138,2026,01,فاتورة مشتريات,الشركة التجارية,
LV0000313,بيت الزيتون للمواد الغذائية - مورد,Bank Murabaha,680,400,شيخ الكار زيتون أخضر 1 كغم,1151064,Legumes & Spices,26000301,2026,02,فاتورة مشتريات,الشركة التجارية,
LV0000313,بيت الزيتون للمواد الغذائية - مورد,Bank Murabaha,1020,600,شيخ الكار زيتون أخضر 1 كغم,1151064,Legumes & Spices,26000462,2026,03,فاتورة مشتريات,الشركة التجارية,
LV0000313,بيت الزيتون للمواد الغذائية - مورد,Bank Murabaha,170,100,شيخ الكار زيتون أسود 1 كغم,1151059,Legumes & Spices,26000462,2026,03,فاتورة مشتريات,الشركة التجارية,
LV0000313,بيت الزيتون للمواد الغذائية - مورد,Bank Murabaha,1020,600,شيخ الكار زيتون أخضر 1 كغم,1151064,Legumes & Spices,26000644,2026,03,فاتورة مشتريات,الشركة التجارية,
LV0000313,بيت الزيتون للمواد الغذائية - مورد,Bank Murabaha,510,300,شيخ الكار زيتون أسود 1 كغم,1151059,Legumes & Spices,26000644,2026,03,فاتورة مشتريات,الشركة التجارية,
LV0000313,بيت الزيتون للمواد الغذائية - مورد,Bank Murabaha,170,100,شيخ الكار زيتون أسود 1 كغم,1151059,Legumes & Spices,26000704,2026,04,فاتورة مشتريات,الشركة التجارية,
LV0000313,بيت الزيتون للمواد الغذائية - مورد,Bank Murabaha,340,200,شيخ الكار زيتون أخضر 1 كغم,1151064,Legumes & Spices,26000704,2026,04,فاتورة مشتريات,الشركة التجارية,
LV0000313,بيت الزيتون للمواد الغذائية - مورد,Bank Murabaha,850,500,شيخ الكار زيتون أخضر 1 كغم,1151064,Legumes & Spices,26000706,2026,04,فاتورة مشتريات,الشركة التجارية,
LV0000313,بيت الزيتون للمواد الغذائية - مورد,Bank Murabaha,510,300,شيخ الكار زيتون أخضر 1 كغم,1151064,Legumes & Spices,26000848,2026,04,فاتورة مشتريات,الشركة التجارية,
LV0000313,بيت الزيتون للمواد الغذائية - مورد,Bank Murabaha,600,400,شيخ الكار زيتون أخضر 1 كغم,1151064,Legumes & Spices,26000859,2026,05,فاتورة مشتريات,الشركة التجارية,
LV0000313,بيت الزيتون للمواد الغذائية - مورد,Bank Murabaha,425,250,شيخ الكار زيتون أخضر 1 كغم,1151064,Legumes & Spices,26000876,2026,05,فاتورة مشتريات,الشركة التجارية,
LV0000313,بيت الزيتون للمواد الغذائية - مورد,Bank Murabaha,340,200,شيخ الكار زيتون أخضر 1 كغم,1151064,Legumes & Spices,26000972,2026,06,فاتورة مشتريات,الشركة التجارية,
LV0000313,بيت الزيتون للمواد الغذائية - مورد,Bank Murabaha,85,50,شيخ الكار زيتون أسود 1 كغم,1151059,Legumes & Spices,26000972,2026,06,فاتورة مشتريات,الشركة التجارية,
LV0000313,بيت الزيتون للمواد الغذائية - مورد,Bank Murabaha,510,300,شيخ الكار زيتون أخضر 1 كغم,1151064,Legumes & Spices,26000986,2026,06,فاتورة مشتريات,الشركة التجارية,
LV0000313,بيت الزيتون للمواد الغذائية - مورد,Bank Murabaha,425,250,شيخ الكار زيتون أخضر 1 كغم,1151064,Legumes & Spices,26001061,2026,07,فاتورة مشتريات,الشركة التجارية,
LV0000313,بيت الزيتون للمواد الغذائية - مورد,Bank Murabaha,425,250,شيخ الكار زيتون أسود 1 كغم,1151059,Legumes & Spices,26001061,2026,07,فاتورة مشتريات,الشركة التجارية,
LV0000313,بيت الزيتون للمواد الغذائية - مورد,Bank Murabaha,-85,-50,شيخ الكار زيتون أخضر 1 كغم,1151064,Legumes & Spices,26000010,2026,04,مرتجع مشتريات,الشركة التجارية,
LV0000313,بيت الزيتون للمواد الغذائية - مورد,Bank Murabaha,-51,-30,شيخ الكار زيتون أخضر 1 كغم,1151064,Legumes & Spices,26000011,2026,04,مرتجع مشتريات,الشركة التجارية,
LV0000314,عدنان خلف الشملان,Bank Murabaha,3166.8,9048,قشطة خبز كماج صغير 1 كغم,1151071,Legumes & Spices,26000715,2026,04,فاتورة مشتريات,الشركة التجارية,
LV0000314,عدنان خلف الشملان,Bank Murabaha,2490.6,7116,قشطة خبز كماج صغير 1 كغم,1151071,Legumes & Spices,26000767,2026,04,فاتورة مشتريات,الشركة التجارية,
LV0000314,عدنان خلف الشملان,Bank Murabaha,853.929,1898,قشطة خبز كماج صغير 1 كغم,1151071,Legumes & Spices,26000942,2026,05,فاتورة مشتريات,الشركة التجارية,
LV0000314,عدنان خلف الشملان,Bank Murabaha,834.085,2383.1,قشطة خبز كماج كبير 1 كغم,1151069,Legumes & Spices,26000975,2026,06,فاتورة مشتريات,الشركة التجارية,
LV0000314,عدنان خلف الشملان,Bank Murabaha,833.35,2381,قشطة خبز كماج صغير 1 كغم,1151071,Legumes & Spices,26001079,2026,07,فاتورة مشتريات,الشركة التجارية,
LV0000315,صالح عبدالكريم قشطة وشريكه - مخبز قشطة مورد,Bank Murabaha,675.22,5194,قشطة خبز شراك,1151066,Legumes & Spices,26000106,2026,01,فاتورة مشتريات,الشركة التجارية,
LV0000315,صالح عبدالكريم قشطة وشريكه - مخبز قشطة مورد,Bank Murabaha,1479.66,2845.5,قشطة خبز حمام 1 كغم,1151070,Legumes & Spices,26000106,2026,01,فاتورة مشتريات,الشركة التجارية,
LV0000315,صالح عبدالكريم قشطة وشريكه - مخبز قشطة مورد,Bank Murabaha,598,1495,قشطة خبز قمح أسمر(لمرضى السكري صغير),1151065,Legumes & Spices,26000106,2026,01,فاتورة مشتريات,الشركة التجارية,
LV0000315,صالح عبدالكريم قشطة وشريكه - مخبز قشطة مورد,Bank Murabaha,8838.72,24552,قشطة خبز كماج صغير 1 كغم,1151071,Legumes & Spices,26000106,2026,01,فاتورة مشتريات,الشركة التجارية,
LV0000315,صالح عبدالكريم قشطة وشريكه - مخبز قشطة مورد,Bank Murabaha,93.92,1174,قشطة خبز مسخن طحين زيرو,1151090,Legumes & Spices,26000106,2026,01,فاتورة مشتريات,الشركة التجارية,
LV0000315,صالح عبدالكريم قشطة وشريكه - مخبز قشطة مورد,Bank Murabaha,2091.15,1549,قشطة قرشلة وكعك بأنواعه محلى او سادة 1 كغم,1151100,Legumes & Spices,26000106,2026,01,فاتورة مشتريات,الشركة التجارية,
LV0000315,صالح عبدالكريم قشطة وشريكه - مخبز قشطة مورد,Bank Murabaha,8.1,6,قشطة قرشلة مطحونة ناعم أو خشن او حار 1 كغم,1151092,Legumes & Spices,26000106,2026,01,فاتورة مشتريات,الشركة التجارية,
LV0000315,صالح عبدالكريم قشطة وشريكه - مخبز قشطة مورد,Bank Murabaha,126,1575,قشطة خبز مسخن طحين زيرو,1151090,Legumes & Spices,26000305,2026,02,فاتورة مشتريات,الشركة التجارية,
LV0000315,صالح عبدالكريم قشطة وشريكه - مخبز قشطة مورد,Bank Murabaha,2142.45,1587,قشطة قرشلة وكعك بأنواعه محلى او سادة 1 كغم,1151100,Legumes & Spices,26000305,2026,02,فاتورة مشتريات,الشركة التجارية,
LV0000315,صالح عبدالكريم قشطة وشريكه - مخبز قشطة مورد,Bank Murabaha,20.25,15,قشطة قرشلة مطحونة ناعم أو خشن او حار 1 كغم,1151092,Legumes & Spices,26000305,2026,02,فاتورة مشتريات,الشركة التجارية,
LV0000315,صالح عبدالكريم قشطة وشريكه - مخبز قشطة مورد,Bank Murabaha,8890.56,24696,قشطة خبز كماج صغير 1 كغم,1151071,Legumes & Spices,26000305,2026,02,فاتورة مشتريات,الشركة التجارية,
LV0000315,صالح عبدالكريم قشطة وشريكه - مخبز قشطة مورد,Bank Murabaha,787.2,1968,قشطة خبز قمح أسمر(لمرضى السكري صغير),1151065,Legumes & Spices,26000305,2026,02,فاتورة مشتريات,الشركة التجارية,
LV0000315,صالح عبدالكريم قشطة وشريكه - مخبز قشطة مورد,Bank Murabaha,1341.6,2580,قشطة خبز حمام 1 كغم,1151070,Legumes & Spices,26000305,2026,02,فاتورة مشتريات,الشركة التجارية,
LV0000315,صالح عبدالكريم قشطة وشريكه - مخبز قشطة مورد,Bank Murabaha,582.92,4484,قشطة خبز شراك,1151066,Legumes & Spices,26000305,2026,02,فاتورة مشتريات,الشركة التجارية,
LV0000315,صالح عبدالكريم قشطة وشريكه - مخبز قشطة مورد,Bank Murabaha,532.4,1331,قشطة خبز قمح أسمر(لمرضى السكري صغير),1151065,Legumes & Spices,26000652,2026,02,فاتورة مشتريات,الشركة التجارية,
LV0000315,صالح عبدالكريم قشطة وشريكه - مخبز قشطة مورد,Bank Murabaha,1021.8,1965,قشطة خبز حمام 1 كغم,1151070,Legumes & Spices,26000652,2026,02,فاتورة مشتريات,الشركة التجارية,
LV0000315,صالح عبدالكريم قشطة وشريكه - مخبز قشطة مورد,Bank Murabaha,669.5,5150,قشطة خبز شراك,1151066,Legumes & Spices,26000652,2026,02,فاتورة مشتريات,الشركة التجارية,
LV0000315,صالح عبدالكريم قشطة وشريكه - مخبز قشطة مورد,Bank Murabaha,119.6,1495,قشطة خبز مسخن طحين زيرو,1151090,Legumes & Spices,26000652,2026,02,فاتورة مشتريات,الشركة التجارية,
LV0000315,صالح عبدالكريم قشطة وشريكه - مخبز قشطة مورد,Bank Murabaha,1819.125,1347.5,قشطة قرشلة وكعك بأنواعه محلى او سادة 1 كغم,1151100,Legumes & Spices,26000652,2026,02,فاتورة مشتريات,الشركة التجارية,
LV0000315,صالح عبدالكريم قشطة وشريكه - مخبز قشطة مورد,Bank Murabaha,52.65,39,قشطة قرشلة مطحونة ناعم أو خشن او حار 1 كغم,1151092,Legumes & Spices,26000652,2026,02,فاتورة مشتريات,الشركة التجارية,
LV0000315,صالح عبدالكريم قشطة وشريكه - مخبز قشطة مورد,Bank Murabaha,961,961,قشطة قطايف 1 كغم,1151104,Legumes & Spices,26000652,2026,02,فاتورة مشتريات,الشركة التجارية,
LV0000315,صالح عبدالكريم قشطة وشريكه - مخبز قشطة مورد,Bank Murabaha,7602.48,21118,قشطة خبز كماج صغير 1 كغم,1151071,Legumes & Spices,26000652,2026,02,فاتورة مشتريات,الشركة التجارية,
LV0000315,صالح عبدالكريم قشطة وشريكه - مخبز قشطة مورد,Bank Murabaha,1335.15,989,قشطة قرشلة وكعك بأنواعه محلى او سادة 1 كغم,1151100,Legumes & Spices,26000868,2026,05,فاتورة مشتريات,الشركة التجارية,
LV0000315,صالح عبدالكريم قشطة وشريكه - مخبز قشطة مورد,Bank Murabaha,77.2,965,قشطة خبز طابون,1151048,Legumes & Spices,26000868,2026,05,فاتورة مشتريات,الشركة التجارية,
LV0000315,صالح عبدالكريم قشطة وشريكه - مخبز قشطة مورد,Bank Murabaha,647.79,4983,قشطة خبز شراك,1151066,Legumes & Spices,26000868,2026,05,فاتورة مشتريات,الشركة التجارية,
LV0000315,صالح عبدالكريم قشطة وشريكه - مخبز قشطة مورد,Bank Murabaha,6.75,5,قشطة قرشلة مطحونة ناعم أو خشن او حار 1 كغم,1151092,Legumes & Spices,26000868,2026,05,فاتورة مشتريات,الشركة التجارية,
LV0000315,صالح عبدالكريم قشطة وشريكه - مخبز قشطة مورد,Bank Murabaha,24.3,270,قشطة خبز فرنسي زنجر بسمسم او سادة,1151049,Legumes & Spices,26000868,2026,05,فاتورة مشتريات,الشركة التجارية,
LV0000315,صالح عبدالكريم قشطة وشريكه - مخبز قشطة مورد,Bank Murabaha,971.36,1868,قشطة خبز حمام 1 كغم,1151070,Legumes & Spices,26000868,2026,05,فاتورة مشتريات,الشركة التجارية,
LV0000315,صالح عبدالكريم قشطة وشريكه - مخبز قشطة مورد,Bank Murabaha,547.2,1368,قشطة خبز قمح أسمر(لمرضى السكري صغير),1151065,Legumes & Spices,26000868,2026,05,فاتورة مشتريات,الشركة التجارية,
LV0000315,صالح عبدالكريم قشطة وشريكه - مخبز قشطة مورد,Bank Murabaha,6869.52,19082,قشطة خبز كماج صغير 1 كغم,1151071,Legumes & Spices,26000868,2026,05,فاتورة مشتريات,الشركة التجارية,
LV0000315,صالح عبدالكريم قشطة وشريكه - مخبز قشطة مورد,Bank Murabaha,1304.5,1304.5,قشطة قطايف 1 كغم,1151104,Legumes & Spices,26000868,2026,05,فاتورة مشتريات,الشركة التجارية,
LV0000315,صالح عبدالكريم قشطة وشريكه - مخبز قشطة مورد,Bank Murabaha,7782.48,21618,قشطة خبز كماج صغير 1 كغم,1151071,Legumes & Spices,26000933,2026,05,فاتورة مشتريات,الشركة التجارية,
LV0000315,صالح عبدالكريم قشطة وشريكه - مخبز قشطة مورد,Bank Murabaha,570,1425,قشطة خبز قمح أسمر(لمرضى السكري صغير),1151065,Legumes & Spices,26000933,2026,05,فاتورة مشتريات,الشركة التجارية,
LV0000315,صالح عبدالكريم قشطة وشريكه - مخبز قشطة مورد,Bank Murabaha,1267.24,2437,قشطة خبز حمام 1 كغم,1151070,Legumes & Spices,26000933,2026,05,فاتورة مشتريات,الشركة التجارية,
LV0000315,صالح عبدالكريم قشطة وشريكه - مخبز قشطة مورد,Bank Murabaha,740.87,5699,قشطة خبز شراك,1151066,Legumes & Spices,26000933,2026,05,فاتورة مشتريات,الشركة التجارية,
LV0000315,صالح عبدالكريم قشطة وشريكه - مخبز قشطة مورد,Bank Murabaha,1799.55,1333,قشطة قرشلة وكعك بأنواعه محلى او سادة 1 كغم,1151100,Legumes & Spices,26000933,2026,05,فاتورة مشتريات,الشركة التجارية,
LV0000315,صالح عبدالكريم قشطة وشريكه - مخبز قشطة مورد,Bank Murabaha,106.24,1328,قشطة خبز مسخن طحين زيرو,1151090,Legumes & Spices,26000933,2026,05,فاتورة مشتريات,الشركة التجارية,
LV0000315,صالح عبدالكريم قشطة وشريكه - مخبز قشطة مورد,Bank Murabaha,7845.48,21793,قشطة خبز كماج صغير 1 كغم,1151071,Legumes & Spices,26000997,2026,05,فاتورة مشتريات,الشركة التجارية,
LV0000315,صالح عبدالكريم قشطة وشريكه - مخبز قشطة مورد,Bank Murabaha,577.6,1444,قشطة خبز قمح أسمر(لمرضى السكري صغير),1151065,Legumes & Spices,26000997,2026,05,فاتورة مشتريات,الشركة التجارية,
LV0000315,صالح عبدالكريم قشطة وشريكه - مخبز قشطة مورد,Bank Murabaha,1203.54,2314.5,قشطة خبز حمام 1 كغم,1151070,Legumes & Spices,26000997,2026,05,فاتورة مشتريات,الشركة التجارية,
LV0000315,صالح عبدالكريم قشطة وشريكه - مخبز قشطة مورد,Bank Murabaha,1755,1300,قشطة قرشلة وكعك بأنواعه محلى او سادة 1 كغم,1151100,Legumes & Spices,26000997,2026,05,فاتورة مشتريات,الشركة التجارية,
LV0000315,صالح عبدالكريم قشطة وشريكه - مخبز قشطة مورد,Bank Murabaha,659.23,5071,قشطة خبز شراك,1151066,Legumes & Spices,26000997,2026,05,فاتورة مشتريات,الشركة التجارية,
LV0000315,صالح عبدالكريم قشطة وشريكه - مخبز قشطة مورد,Bank Murabaha,72.56,907,قشطة خبز طابون,1151048,Legumes & Spices,26000997,2026,05,فاتورة مشتريات,الشركة التجارية,
LV0000315,صالح عبدالكريم قشطة وشريكه - مخبز قشطة مورد,Bank Murabaha,4.05,3,قشطة قرشلة مطحونة ناعم أو خشن او حار 1 كغم,1151092,Legumes & Spices,26000997,2026,05,فاتورة مشتريات,الشركة التجارية,
LV0000315,صالح عبدالكريم قشطة وشريكه - مخبز قشطة مورد,Bank Murabaha,7939.8,22055,قشطة خبز كماج صغير 1 كغم,1151071,Legumes & Spices,26001094,2026,07,فاتورة مشتريات,الشركة التجارية,
LV0000315,صالح عبدالكريم قشطة وشريكه - مخبز قشطة مورد,Bank Murabaha,559.6,1399,قشطة خبز قمح أسمر(لمرضى السكري صغير),1151065,Legumes & Spices,26001094,2026,07,فاتورة مشتريات,الشركة التجارية,
LV0000315,صالح عبدالكريم قشطة وشريكه - مخبز قشطة مورد,Bank Murabaha,1216.54,2339.5,قشطة خبز حمام 1 كغم,1151070,Legumes & Spices,26001094,2026,07,فاتورة مشتريات,الشركة التجارية,
LV0000315,صالح عبدالكريم قشطة وشريكه - مخبز قشطة مورد,Bank Murabaha,543.4,4180,قشطة خبز شراك,1151066,Legumes & Spices,26001094,2026,07,فاتورة مشتريات,الشركة التجارية,
LV0000315,صالح عبدالكريم قشطة وشريكه - مخبز قشطة مورد,Bank Murabaha,80.8,1010,قشطة خبز طابون,1151048,Legumes & Spices,26001094,2026,07,فاتورة مشتريات,الشركة التجارية,
LV0000315,صالح عبدالكريم قشطة وشريكه - مخبز قشطة مورد,Bank Murabaha,3,2,قشطة خبز قمح أسمر(لمرضى السكري صغير),1151065,Legumes & Spices,26001094,2026,07,فاتورة مشتريات,الشركة التجارية,
LV0000315,صالح عبدالكريم قشطة وشريكه - مخبز قشطة مورد,Bank Murabaha,1638.9,1214,قشطة قرشلة وكعك بأنواعه محلى او سادة 1 كغم,1151100,Legumes & Spices,26001094,2026,07,فاتورة مشتريات,الشركة التجارية,
LV0000315,صالح عبدالكريم قشطة وشريكه - مخبز قشطة مورد,Bank Murabaha,9.45,7,قشطة قرشلة مطحونة ناعم أو خشن او حار 1 كغم,1151092,Legumes & Spices,26001094,2026,07,فاتورة مشتريات,الشركة التجارية,
LV0000316,شركة وادي الاردن للصناعات الغذائية,Local Vendors,387.931,1200,بيروتي خضار مشكل 400 غم,1151007,Legumes & Spices,26000126,2026,01,فاتورة مشتريات,الشركة التجارية,
LV0000316,شركة وادي الاردن للصناعات الغذائية,Local Vendors,1163.793,3600,بيروتي خضار مشكل 400 غم,1151007,Legumes & Spices,26000491,2026,03,فاتورة مشتريات,الشركة التجارية,
LV0000346,XIAMEN CHOICE HARVEST IMPORT &EXPORT CO .LTD,Local Vendors,42211.008,162400,شيخ الكار سردين بالزيت النباتي 125 غم 1*50,1071006,Tuna,26000356,2026,02,فاتورة مشتريات,الشركة التجارية,
LV0000346,XIAMEN CHOICE HARVEST IMPORT &EXPORT CO .LTD,Local Vendors,84409.02,324750,شيخ الكار سردين بالفلفل الحار 125 غم 1*50,1071001,Tuna,26000356,2026,02,فاتورة مشتريات,الشركة التجارية,
LV0000324,مجمرك البنك الاسلامي الاردني - سحاب,Local Vendors,51.519,0,,,,26000751,2026,04,فاتورة مشتريات,الشركة التجارية,
LV0000324,مجمرك البنك الاسلامي الاردني - سحاب,Local Vendors,133.402,0,,,,26000752,2026,04,فاتورة مشتريات,الشركة التجارية,
LV0000324,مجمرك البنك الاسلامي الاردني - سحاب,Local Vendors,1416.667,0,,,,26000753,2026,04,فاتورة مشتريات,الشركة التجارية,
LV0000324,مجمرك البنك الاسلامي الاردني - سحاب,Local Vendors,41.85,0,,,,26000754,2026,04,فاتورة مشتريات,الشركة التجارية,
LV0000324,مجمرك البنك الاسلامي الاردني - سحاب,Local Vendors,57.45,0,,,,26000755,2026,04,فاتورة مشتريات,الشركة التجارية,
LV0000324,مجمرك البنك الاسلامي الاردني - سحاب,Local Vendors,39.85,0,,,,26000756,2026,04,فاتورة مشتريات,الشركة التجارية,
LV0000324,مجمرك البنك الاسلامي الاردني - سحاب,Local Vendors,207.922,0,,,,26000757,2026,04,فاتورة مشتريات,الشركة التجارية,
LV0000324,مجمرك البنك الاسلامي الاردني - سحاب,Local Vendors,1416.667,0,,,,26000758,2026,04,فاتورة مشتريات,الشركة التجارية,
LV0000324,مجمرك البنك الاسلامي الاردني - سحاب,Local Vendors,1416.667,0,,,,26000759,2026,04,فاتورة مشتريات,الشركة التجارية,
LV0000324,مجمرك البنك الاسلامي الاردني - سحاب,Local Vendors,211.162,0,,,,26000760,2026,04,فاتورة مشتريات,الشركة التجارية,
LV0000324,مجمرك البنك الاسلامي الاردني - سحاب,Local Vendors,1416.667,0,,,,26000906,2026,05,فاتورة مشتريات,الشركة التجارية,
LV0000324,مجمرك البنك الاسلامي الاردني - سحاب,Local Vendors,1416.667,0,,,,26000907,2026,05,فاتورة مشتريات,الشركة التجارية,
LV0000324,مجمرك البنك الاسلامي الاردني - سحاب,Local Vendors,41.85,0,,,,26000908,2026,05,فاتورة مشتريات,الشركة التجارية,
LV0000324,مجمرك البنك الاسلامي الاردني - سحاب,Local Vendors,57.45,0,,,,26000909,2026,05,فاتورة مشتريات,الشركة التجارية,
LV0000324,مجمرك البنك الاسلامي الاردني - سحاب,Local Vendors,39.85,0,,,,26000910,2026,05,فاتورة مشتريات,الشركة التجارية,
LV0000324,مجمرك البنك الاسلامي الاردني - سحاب,Local Vendors,207.922,0,,,,26000911,2026,05,فاتورة مشتريات,الشركة التجارية,
LV0000324,مجمرك البنك الاسلامي الاردني - سحاب,Local Vendors,211.162,0,,,,26000912,2026,05,فاتورة مشتريات,الشركة التجارية,
LV0000324,مجمرك البنك الاسلامي الاردني - سحاب,Local Vendors,168.2,0,,,,26000913,2026,05,فاتورة مشتريات,الشركة التجارية,
LV0000324,مجمرك البنك الاسلامي الاردني - سحاب,Local Vendors,108.25,0,,,,26000914,2026,05,فاتورة مشتريات,الشركة التجارية,
LV0000324,مجمرك البنك الاسلامي الاردني - سحاب,Local Vendors,104.393,0,,,,26000915,2026,05,فاتورة مشتريات,الشركة التجارية,
LV0000324,مجمرك البنك الاسلامي الاردني - سحاب,Local Vendors,1416.667,0,,,,26000916,2026,05,فاتورة مشتريات,الشركة التجارية,
LV0000330,الشركة الخليجية للاختبارات,Local Vendors,2500,0,,,,26000289,2026,02,فاتورة مشتريات,الشركة التجارية,
LV0000333,شركة جدارا للتخليص,Local Vendors,2580.2,0,Customs,,,26000297,2026,02,فاتورة مشتريات,الشركة التجارية,
LV0000333,شركة جدارا للتخليص,Local Vendors,100.82,0,Clearance,,,26000297,2026,02,فاتورة مشتريات,الشركة التجارية,
LV0000333,شركة جدارا للتخليص,Local Vendors,2290.98,0,,,,26000297,2026,02,فاتورة مشتريات,الشركة التجارية,
LV0000333,شركة جدارا للتخليص,Local Vendors,1425,0,Shipping,,,26000357,2026,02,فاتورة مشتريات,الشركة التجارية,
LV0000333,شركة جدارا للتخليص,Local Vendors,1648.92,0,Customs,,,26000357,2026,02,فاتورة مشتريات,الشركة التجارية,
LV0000333,شركة جدارا للتخليص,Local Vendors,1790.08,0,Clearance,,,26000357,2026,02,فاتورة مشتريات,الشركة التجارية,
LV0000333,شركة جدارا للتخليص,Local Vendors,485,0,Shipping,,,26000436,2026,02,فاتورة مشتريات,الشركة التجارية,
LV0000333,شركة جدارا للتخليص,Local Vendors,915.9,0,Customs,,,26000436,2026,02,فاتورة مشتريات,الشركة التجارية,
LV0000333,شركة جدارا للتخليص,Local Vendors,52.1,0,Clearance,,,26000436,2026,02,فاتورة مشتريات,الشركة التجارية,
LV0000333,شركة جدارا للتخليص,Local Vendors,1425,0,Shipping,,,26000443,2026,02,فاتورة مشتريات,الشركة التجارية,
LV0000333,شركة جدارا للتخليص,Local Vendors,3175.41,0,Customs,,,26000443,2026,02,فاتورة مشتريات,الشركة التجارية,
LV0000333,شركة جدارا للتخليص,Local Vendors,141.59,0,Clearance,,,26000443,2026,02,فاتورة مشتريات,الشركة التجارية,
LV0000333,شركة جدارا للتخليص,Local Vendors,1425,0,Shipping,,,26000780,2026,04,فاتورة مشتريات,الشركة التجارية,
LV0000333,شركة جدارا للتخليص,Local Vendors,8252.43,0,Customs,,,26000780,2026,04,فاتورة مشتريات,الشركة التجارية,
LV0000333,شركة جدارا للتخليص,Local Vendors,143.62,0,Clearance,,,26000780,2026,04,فاتورة مشتريات,الشركة التجارية,
LV0000333,شركة جدارا للتخليص,Local Vendors,4957.95,0,,,,26000780,2026,04,فاتورة مشتريات,الشركة التجارية,
LV0000333,شركة جدارا للتخليص,Local Vendors,536.25,0,Testing,,,26000787,2026,03,فاتورة مشتريات,الشركة التجارية,
LV0000333,شركة جدارا للتخليص,Local Vendors,49200,0,,,,26000853,2026,02,فاتورة مشتريات,الشركة التجارية,
LV0000333,شركة جدارا للتخليص,Local Vendors,166.03,0,Clearance,,,26000853,2026,02,فاتورة مشتريات,الشركة التجارية,
LV0000333,شركة جدارا للتخليص,Local Vendors,12340.97,0,Customs,,,26000853,2026,02,فاتورة مشتريات,الشركة التجارية,
LV0000333,شركة جدارا للتخليص,Local Vendors,950,0,Shipping,,,26000853,2026,02,فاتورة مشتريات,الشركة التجارية,
LV0000333,شركة جدارا للتخليص,Local Vendors,2586.2,0,Shipping,,,26000959,2026,04,فاتورة مشتريات,الشركة التجارية,
LV0000333,شركة جدارا للتخليص,Local Vendors,96.82,0,Customs,,,26000959,2026,04,فاتورة مشتريات,الشركة التجارية,
LV0000333,شركة جدارا للتخليص,Local Vendors,14318.625,0,,,,26000959,2026,04,فاتورة مشتريات,الشركة التجارية,
LV0000333,شركة جدارا للتخليص,Local Vendors,200.68,0,Shipping,,,26000960,2026,04,فاتورة مشتريات,الشركة التجارية,
LV0000333,شركة جدارا للتخليص,Local Vendors,180.5,0,Customs,,,26000960,2026,04,فاتورة مشتريات,الشركة التجارية,
LV0000333,شركة جدارا للتخليص,Local Vendors,50,0,,,,26000960,2026,04,فاتورة مشتريات,الشركة التجارية,
LV0000334,مخابز جوهرة الرشيد - مورد,Local Vendors,120,600,الخير معجنات جاهزة مشكلة 1*1,1151010,Legumes & Spices,26000822,2026,04,فاتورة مشتريات,الشركة التجارية,
LV0000334,مخابز جوهرة الرشيد - مورد,Local Vendors,1.14,3,قشطة خبز كماج صغير 1 كغم,1151071,Legumes & Spices,26000822,2026,04,فاتورة مشتريات,الشركة التجارية,
LV0000334,مخابز جوهرة الرشيد - مورد,Local Vendors,30,300,قشطة خبز مسخن طحين زيرو,1151090,Legumes & Spices,26000207,2026,01,فاتورة مشتريات,الشركة التجارية,
LV0000334,مخابز جوهرة الرشيد - مورد,Local Vendors,256.5,513,قشطة خبز حمام 1 كغم,1151070,Legumes & Spices,26000207,2026,01,فاتورة مشتريات,الشركة التجارية,
LV0000334,مخابز جوهرة الرشيد - مورد,Local Vendors,72.2,190,قشطة خبز قمح أسمر(لمرضى السكري صغير),1151065,Legumes & Spices,26000207,2026,01,فاتورة مشتريات,الشركة التجارية,
LV0000334,مخابز جوهرة الرشيد - مورد,Local Vendors,931.76,2452,قشطة خبز كماج كبير 1 كغم,1151069,Legumes & Spices,26000207,2026,01,فاتورة مشتريات,الشركة التجارية,
LV0000334,مخابز جوهرة الرشيد - مورد,Local Vendors,145.6,104,قشطة قرشلة وكعك بأنواعه محلى او سادة 1 كغم,1151100,Legumes & Spices,26000207,2026,01,فاتورة مشتريات,الشركة التجارية,
LV0000334,مخابز جوهرة الرشيد - مورد,Local Vendors,6,60,قشطة خبز شراك,1151066,Legumes & Spices,26000207,2026,01,فاتورة مشتريات,الشركة التجارية,
LV0000334,مخابز جوهرة الرشيد - مورد,Local Vendors,682.1,1795,قشطة خبز كماج كبير 1 كغم,1151069,Legumes & Spices,26000209,2026,01,فاتورة مشتريات,الشركة التجارية,
LV0000334,مخابز جوهرة الرشيد - مورد,Local Vendors,85.5,225,قشطة خبز قمح أسمر(لمرضى السكري صغير),1151065,Legumes & Spices,26000209,2026,01,فاتورة مشتريات,الشركة التجارية,
LV0000334,مخابز جوهرة الرشيد - مورد,Local Vendors,252.5,505,قشطة خبز حمام 1 كغم,1151070,Legumes & Spices,26000209,2026,01,فاتورة مشتريات,الشركة التجارية,
LV0000334,مخابز جوهرة الرشيد - مورد,Local Vendors,557,5570,قشطة خبز برغر طحين زيرو 1 كغم,1151053,Legumes & Spices,26000209,2026,01,فاتورة مشتريات,الشركة التجارية,
LV0000334,مخابز جوهرة الرشيد - مورد,Local Vendors,245,2450,قشطة خبز طابون,1151048,Legumes & Spices,26000209,2026,01,فاتورة مشتريات,الشركة التجارية,
LV0000334,مخابز جوهرة الرشيد - مورد,Local Vendors,33,330,قشطة خبز شراك,1151066,Legumes & Spices,26000209,2026,01,فاتورة مشتريات,الشركة التجارية,
LV0000334,مخابز جوهرة الرشيد - مورد,Local Vendors,8.4,6,قشطة قرشلة وكعك بأنواعه محلى او سادة 1 كغم,1151100,Legumes & Spices,26000209,2026,01,فاتورة مشتريات,الشركة التجارية,
LV0000334,مخابز جوهرة الرشيد - مورد,Local Vendors,753.16,1982,قشطة خبز كماج صغير 1 كغم,1151071,Legumes & Spices,26000823,2026,04,فاتورة مشتريات,الشركة التجارية,
LV0000334,مخابز جوهرة الرشيد - مورد,Local Vendors,140.98,371,قشطة خبز قمح أسمر(لمرضى السكري صغير),1151065,Legumes & Spices,26000823,2026,04,فاتورة مشتريات,الشركة التجارية,
LV0000334,مخابز جوهرة الرشيد - مورد,Local Vendors,221.5,443,قشطة خبز حمام 1 كغم,1151070,Legumes & Spices,26000823,2026,04,فاتورة مشتريات,الشركة التجارية,
LV0000334,مخابز جوهرة الرشيد - مورد,Local Vendors,567,405,قشطة قرشلة وكعك بأنواعه محلى او سادة 1 كغم,1151100,Legumes & Spices,26000823,2026,04,فاتورة مشتريات,الشركة التجارية,
LV0000334,مخابز جوهرة الرشيد - مورد,Local Vendors,80,800,قشطة خبز شراك,1151066,Legumes & Spices,26000823,2026,04,فاتورة مشتريات,الشركة التجارية,
LV0000334,مخابز جوهرة الرشيد - مورد,Local Vendors,120,120,قشطة قطايف 1 كغم,1151104,Legumes & Spices,26000823,2026,04,فاتورة مشتريات,الشركة التجارية,
LV0000334,مخابز جوهرة الرشيد - مورد,Local Vendors,13.5,9,قشطة قرشلة مطحونة ناعم أو خشن او حار 1 كغم,1151092,Legumes & Spices,26000210,2026,01,فاتورة مشتريات,الشركة التجارية,
LV0000334,مخابز جوهرة الرشيد - مورد,Local Vendors,347.7,915,قشطة خبز كماج كبير 1 كغم,1151069,Legumes & Spices,26000210,2026,01,فاتورة مشتريات,الشركة التجارية,
LV0000334,مخابز جوهرة الرشيد - مورد,Local Vendors,47.6,34,قشطة قرشلة وكعك بأنواعه محلى او سادة 1 كغم,1151100,Legumes & Spices,26000210,2026,01,فاتورة مشتريات,الشركة التجارية,
LV0000334,مخابز جوهرة الرشيد - مورد,Local Vendors,8.5,85,قشطة خبز شراك,1151066,Legumes & Spices,26000210,2026,01,فاتورة مشتريات,الشركة التجارية,
LV0000334,مخابز جوهرة الرشيد - مورد,Local Vendors,10,100,قشطة خبز طابون,1151048,Legumes & Spices,26000210,2026,01,فاتورة مشتريات,الشركة التجارية,
LV0000334,مخابز جوهرة الرشيد - مورد,Local Vendors,824.6,2170,قشطة خبز كماج كبير 1 كغم,1151069,Legumes & Spices,26000211,2026,01,فاتورة مشتريات,الشركة التجارية,
LV0000334,مخابز جوهرة الرشيد - مورد,Local Vendors,135.28,356,قشطة خبز قمح أسمر(لمرضى السكري صغير),1151065,Legumes & Spices,26000211,2026,01,فاتورة مشتريات,الشركة التجارية,
LV0000334,مخابز جوهرة الرشيد - مورد,Local Vendors,293,586,قشطة خبز حمام 1 كغم,1151070,Legumes & Spices,26000211,2026,01,فاتورة مشتريات,الشركة التجارية,
LV0000334,مخابز جوهرة الرشيد - مورد,Local Vendors,630,450,قشطة قرشلة وكعك بأنواعه محلى او سادة 1 كغم,1151100,Legumes & Spices,26000211,2026,01,فاتورة مشتريات,الشركة التجارية,
LV0000334,مخابز جوهرة الرشيد - مورد,Local Vendors,75,750,قشطة خبز شراك,1151066,Legumes & Spices,26000211,2026,01,فاتورة مشتريات,الشركة التجارية,
LV0000334,مخابز جوهرة الرشيد - مورد,Local Vendors,934,4670,الخير معجنات جاهزة مشكلة 1*1,1151010,Legumes & Spices,26000212,2026,01,فاتورة مشتريات,الشركة التجارية,
LV0000334,مخابز جوهرة الرشيد - مورد,Local Vendors,25,25,قشطة قطايف 1 كغم,1151104,Legumes & Spices,26000824,2026,04,فاتورة مشتريات,الشركة التجارية,
LV0000334,مخابز جوهرة الرشيد - مورد,Local Vendors,8.5,85,قشطة خبز شراك,1151066,Legumes & Spices,26000824,2026,04,فاتورة مشتريات,الشركة التجارية,
LV0000334,مخابز جوهرة الرشيد - مورد,Local Vendors,10.5,7,قشطة قرشلة مطحونة ناعم أو خشن او حار 1 كغم,1151092,Legumes & Spices,26000824,2026,04,فاتورة مشتريات,الشركة التجارية,
LV0000334,مخابز جوهرة الرشيد - مورد,Local Vendors,8,80,قشطة خبز طابون,1151048,Legumes & Spices,26000824,2026,04,فاتورة مشتريات,الشركة التجارية,
LV0000334,مخابز جوهرة الرشيد - مورد,Local Vendors,40.6,29,قشطة قرشلة وكعك بأنواعه محلى او سادة 1 كغم,1151100,Legumes & Spices,26000824,2026,04,فاتورة مشتريات,الشركة التجارية,
LV0000334,مخابز جوهرة الرشيد - مورد,Local Vendors,264.86,697,قشطة خبز كماج صغير 1 كغم,1151071,Legumes & Spices,26000824,2026,04,فاتورة مشتريات,الشركة التجارية,
LV0000334,مخابز جوهرة الرشيد - مورد,Local Vendors,512,2560,الخير معجنات جاهزة مشكلة 1*1,1151010,Legumes & Spices,26000825,2026,04,فاتورة مشتريات,الشركة التجارية,
LV0000334,مخابز جوهرة الرشيد - مورد,Local Vendors,840.18,2211,قشطة خبز كماج صغير 1 كغم,1151071,Legumes & Spices,26000826,2026,04,فاتورة مشتريات,الشركة التجارية,
LV0000334,مخابز جوهرة الرشيد - مورد,Local Vendors,59.66,157,قشطة خبز قمح أسمر(لمرضى السكري صغير),1151065,Legumes & Spices,26000826,2026,04,فاتورة مشتريات,الشركة التجارية,
LV0000334,مخابز جوهرة الرشيد - مورد,Local Vendors,156,312,قشطة خبز حمام 1 كغم,1151070,Legumes & Spices,26000826,2026,04,فاتورة مشتريات,الشركة التجارية,
LV0000334,مخابز جوهرة الرشيد - مورد,Local Vendors,145.6,104,قشطة قرشلة وكعك بأنواعه محلى او سادة 1 كغم,1151100,Legumes & Spices,26000826,2026,04,فاتورة مشتريات,الشركة التجارية,
LV0000334,مخابز جوهرة الرشيد - مورد,Local Vendors,75,75,قشطة قطايف 1 كغم,1151104,Legumes & Spices,26000826,2026,04,فاتورة مشتريات,الشركة التجارية,
LV0000334,مخابز جوهرة الرشيد - مورد,Local Vendors,150,150,قشطة قطايف 1 كغم,1151104,Legumes & Spices,26000827,2026,04,فاتورة مشتريات,الشركة التجارية,
LV0000334,مخابز جوهرة الرشيد - مورد,Local Vendors,39.2,28,قشطة قرشلة وكعك بأنواعه محلى او سادة 1 كغم,1151100,Legumes & Spices,26000827,2026,04,فاتورة مشتريات,الشركة التجارية,
LV0000334,مخابز جوهرة الرشيد - مورد,Local Vendors,15,150,قشطة خبز مسخن طحين زيرو,1151090,Legumes & Spices,26000827,2026,04,فاتورة مشتريات,الشركة التجارية,
LV0000334,مخابز جوهرة الرشيد - مورد,Local Vendors,19,190,قشطة خبز شراك,1151066,Legumes & Spices,26000827,2026,04,فاتورة مشتريات,الشركة التجارية,
LV0000334,مخابز جوهرة الرشيد - مورد,Local Vendors,191,1910,قشطة خبز برغر طحين زيرو 1 كغم,1151053,Legumes & Spices,26000827,2026,04,فاتورة مشتريات,الشركة التجارية,
LV0000334,مخابز جوهرة الرشيد - مورد,Local Vendors,228.5,457,قشطة خبز حمام 1 كغم,1151070,Legumes & Spices,26000827,2026,04,فاتورة مشتريات,الشركة التجارية,
LV0000334,مخابز جوهرة الرشيد - مورد,Local Vendors,93.48,246,قشطة خبز قمح أسمر(لمرضى السكري صغير),1151065,Legumes & Spices,26000827,2026,04,فاتورة مشتريات,الشركة التجارية,
LV0000334,مخابز جوهرة الرشيد - مورد,Local Vendors,530.1,1395,قشطة خبز كماج صغير 1 كغم,1151071,Legumes & Spices,26000827,2026,04,فاتورة مشتريات,الشركة التجارية,
LV0000334,مخابز جوهرة الرشيد - مورد,Local Vendors,1047,5235,الخير معجنات جاهزة مشكلة 1*1,1151010,Legumes & Spices,26000484,2026,02,فاتورة مشتريات,الشركة التجارية,
LV0000334,مخابز جوهرة الرشيد - مورد,Local Vendors,817,2150,قشطة خبز كماج صغير 1 كغم,1151071,Legumes & Spices,26000485,2026,02,فاتورة مشتريات,الشركة التجارية,
LV0000334,مخابز جوهرة الرشيد - مورد,Local Vendors,163.4,430,قشطة خبز قمح أسمر(لمرضى السكري صغير),1151065,Legumes & Spices,26000485,2026,02,فاتورة مشتريات,الشركة التجارية,
LV0000334,مخابز جوهرة الرشيد - مورد,Local Vendors,273,546,قشطة خبز حمام 1 كغم,1151070,Legumes & Spices,26000485,2026,02,فاتورة مشتريات,الشركة التجارية,
LV0000334,مخابز جوهرة الرشيد - مورد,Local Vendors,57,570,قشطة خبز شراك,1151066,Legumes & Spices,26000485,2026,02,فاتورة مشتريات,الشركة التجارية,
LV0000334,مخابز جوهرة الرشيد - مورد,Local Vendors,595,425,قشطة قرشلة وكعك بأنواعه محلى او سادة 1 كغم,1151100,Legumes & Spices,26000485,2026,02,فاتورة مشتريات,الشركة التجارية,
LV0000334,مخابز جوهرة الرشيد - مورد,Local Vendors,337.82,889,قشطة خبز كماج صغير 1 كغم,1151071,Legumes & Spices,26000578,2026,02,فاتورة مشتريات,الشركة التجارية,
LV0000334,مخابز جوهرة الرشيد - مورد,Local Vendors,10,100,قشطة خبز شراك,1151066,Legumes & Spices,26000578,2026,02,فاتورة مشتريات,الشركة التجارية,
LV0000334,مخابز جوهرة الرشيد - مورد,Local Vendors,17.2,172,قشطة خبز مسخن طحين زيرو,1151090,Legumes & Spices,26000578,2026,02,فاتورة مشتريات,الشركة التجارية,
LV0000334,مخابز جوهرة الرشيد - مورد,Local Vendors,47.6,34,قشطة قرشلة وكعك بأنواعه محلى او سادة 1 كغم,1151100,Legumes & Spices,26000578,2026,02,فاتورة مشتريات,الشركة التجارية,
LV0000334,مخابز جوهرة الرشيد - مورد,Local Vendors,956.08,2516,قشطة خبز كماج صغير 1 كغم,1151071,Legumes & Spices,26000579,2026,02,فاتورة مشتريات,الشركة التجارية,
LV0000334,مخابز جوهرة الرشيد - مورد,Local Vendors,70.3,185,قشطة خبز قمح أسمر(لمرضى السكري صغير),1151065,Legumes & Spices,26000579,2026,02,فاتورة مشتريات,الشركة التجارية,
LV0000334,مخابز جوهرة الرشيد - مورد,Local Vendors,192.5,385,قشطة خبز حمام 1 كغم,1151070,Legumes & Spices,26000579,2026,02,فاتورة مشتريات,الشركة التجارية,
LV0000334,مخابز جوهرة الرشيد - مورد,Local Vendors,15,150,قشطة خبز شراك,1151066,Legumes & Spices,26000579,2026,02,فاتورة مشتريات,الشركة التجارية,
LV0000334,مخابز جوهرة الرشيد - مورد,Local Vendors,50,500,قشطة خبز طابون,1151048,Legumes & Spices,26000579,2026,02,فاتورة مشتريات,الشركة التجارية,
LV0000334,مخابز جوهرة الرشيد - مورد,Local Vendors,137.2,98,قشطة قرشلة وكعك بأنواعه محلى او سادة 1 كغم,1151100,Legumes & Spices,26000579,2026,02,فاتورة مشتريات,الشركة التجارية,
LV0000334,مخابز جوهرة الرشيد - مورد,Local Vendors,186,930,الخير معجنات جاهزة مشكلة 1*1,1151010,Legumes & Spices,26000608,2026,02,فاتورة مشتريات,الشركة التجارية,
LV0000334,مخابز جوهرة الرشيد - مورد,Local Vendors,15,50,الخير معجنات جاهزة مشكلة 1*1,1151010,Legumes & Spices,26000608,2026,02,فاتورة مشتريات,الشركة التجارية,
LV0000334,مخابز جوهرة الرشيد - مورد,Local Vendors,115.52,304,قشطة خبز قمح أسمر(لمرضى السكري صغير),1151065,Legumes & Spices,26000486,2026,03,فاتورة مشتريات,الشركة التجارية,
LV0000334,مخابز جوهرة الرشيد - مورد,Local Vendors,266,532,قشطة خبز حمام 1 كغم,1151070,Legumes & Spices,26000486,2026,03,فاتورة مشتريات,الشركة التجارية,
LV0000334,مخابز جوهرة الرشيد - مورد,Local Vendors,11,110,قشطة خبز شراك,1151066,Legumes & Spices,26000486,2026,03,فاتورة مشتريات,الشركة التجارية,
LV0000334,مخابز جوهرة الرشيد - مورد,Local Vendors,348.5,3485,قشطة خبز برغر طحين زيرو 1 كغم,1151053,Legumes & Spices,26000486,2026,03,فاتورة مشتريات,الشركة التجارية,
LV0000334,مخابز جوهرة الرشيد - مورد,Local Vendors,100,1000,قشطة خبز طابون,1151048,Legumes & Spices,26000486,2026,03,فاتورة مشتريات,الشركة التجارية,
LV0000334,مخابز جوهرة الرشيد - مورد,Local Vendors,658.92,1734,قشطة خبز كماج صغير 1 كغم,1151071,Legumes & Spices,26000486,2026,03,فاتورة مشتريات,الشركة التجارية,
LV0000334,مخابز جوهرة الرشيد - مورد,Local Vendors,16.8,12,قشطة قرشلة وكعك بأنواعه محلى او سادة 1 كغم,1151100,Legumes & Spices,26000486,2026,03,فاتورة مشتريات,الشركة التجارية,
LV0000334,مخابز جوهرة الرشيد - مورد,Local Vendors,200,1000,الخير معجنات جاهزة مشكلة 1*1,1151010,Legumes & Spices,26000208,2026,01,فاتورة مشتريات,الشركة التجارية,
LV0000334,مخابز جوهرة الرشيد - مورد,Local Vendors,2.28,6,قشطة خبز كماج كبير 1 كغم,1151069,Legumes & Spices,26000208,2026,01,فاتورة مشتريات,الشركة التجارية,
LV0000334,مخابز جوهرة الرشيد - مورد,Local Vendors,71.5,71.5,قشطة قطايف 1 كغم,1151104,Legumes & Spices,26000838,2026,04,فاتورة مشتريات,الشركة التجارية,
LV0000334,مخابز جوهرة الرشيد - مورد,Local Vendors,25.2,18,قشطة قرشلة وكعك بأنواعه محلى او سادة 1 كغم,1151100,Legumes & Spices,26000838,2026,04,فاتورة مشتريات,الشركة التجارية,
LV0000334,مخابز جوهرة الرشيد - مورد,Local Vendors,55,550,قشطة خبز طابون,1151048,Legumes & Spices,26000838,2026,04,فاتورة مشتريات,الشركة التجارية,
LV0000334,مخابز جوهرة الرشيد - مورد,Local Vendors,26.5,265,قشطة خبز شراك,1151066,Legumes & Spices,26000838,2026,04,فاتورة مشتريات,الشركة التجارية,
LV0000334,مخابز جوهرة الرشيد - مورد,Local Vendors,150,1500,قشطة خبز فرنسي زنجر بسمسم او سادة,1151049,Legumes & Spices,26000838,2026,04,فاتورة مشتريات,الشركة التجارية,
LV0000334,مخابز جوهرة الرشيد - مورد,Local Vendors,219.5,439,قشطة خبز حمام 1 كغم,1151070,Legumes & Spices,26000838,2026,04,فاتورة مشتريات,الشركة التجارية,
LV0000334,مخابز جوهرة الرشيد - مورد,Local Vendors,76.38,201,قشطة خبز قمح أسمر(لمرضى السكري صغير),1151065,Legumes & Spices,26000838,2026,04,فاتورة مشتريات,الشركة التجارية,
LV0000334,مخابز جوهرة الرشيد - مورد,Local Vendors,438.14,1153,قشطة خبز كماج صغير 1 كغم,1151071,Legumes & Spices,26000838,2026,04,فاتورة مشتريات,الشركة التجارية,
LV0000334,مخابز جوهرة الرشيد - مورد,Local Vendors,223,1115,الخير معجنات جاهزة مشكلة 1*1,1151010,Legumes & Spices,26000839,2026,04,فاتورة مشتريات,الشركة التجارية,
LV0000334,مخابز جوهرة الرشيد - مورد,Local Vendors,418,1100,قشطة خبز كماج صغير 1 كغم,1151071,Legumes & Spices,26000840,2026,04,فاتورة مشتريات,الشركة التجارية,
LV0000334,مخابز جوهرة الرشيد - مورد,Local Vendors,5.7,15,قشطة خبز قمح أسمر(لمرضى السكري صغير),1151065,Legumes & Spices,26000840,2026,04,فاتورة مشتريات,الشركة التجارية,
LV0000334,مخابز جوهرة الرشيد - مورد,Local Vendors,29,58,قشطة خبز حمام 1 كغم,1151070,Legumes & Spices,26000840,2026,04,فاتورة مشتريات,الشركة التجارية,
LV0000334,مخابز جوهرة الرشيد - مورد,Local Vendors,205.8,147,قشطة قرشلة وكعك بأنواعه محلى او سادة 1 كغم,1151100,Legumes & Spices,26000840,2026,04,فاتورة مشتريات,الشركة التجارية,
LV0000334,مخابز جوهرة الرشيد - مورد,Local Vendors,40,40,قشطة قطايف 1 كغم,1151104,Legumes & Spices,26000840,2026,04,فاتورة مشتريات,الشركة التجارية,
LV0000334,مخابز جوهرة الرشيد - مورد,Local Vendors,26.6,19,قشطة قرشلة وكعك بأنواعه محلى او سادة 1 كغم,1151100,Legumes & Spices,26000841,2026,04,فاتورة مشتريات,الشركة التجارية,
LV0000334,مخابز جوهرة الرشيد - مورد,Local Vendors,39,39,قشطة قطايف 1 كغم,1151104,Legumes & Spices,26000841,2026,04,فاتورة مشتريات,الشركة التجارية,
LV0000334,مخابز جوهرة الرشيد - مورد,Local Vendors,16,160,قشطة خبز طابون,1151048,Legumes & Spices,26000841,2026,04,فاتورة مشتريات,الشركة التجارية,
LV0000334,مخابز جوهرة الرشيد - مورد,Local Vendors,7.5,75,قشطة خبز شراك,1151066,Legumes & Spices,26000841,2026,04,فاتورة مشتريات,الشركة التجارية,
LV0000334,مخابز جوهرة الرشيد - مورد,Local Vendors,264.86,697,قشطة خبز كماج صغير 1 كغم,1151071,Legumes & Spices,26000841,2026,04,فاتورة مشتريات,الشركة التجارية,
LV0000334,مخابز جوهرة الرشيد - مورد,Local Vendors,772.92,2034,قشطة خبز كماج صغير 1 كغم,1151071,Legumes & Spices,26000842,2026,04,فاتورة مشتريات,الشركة التجارية,
LV0000334,مخابز جوهرة الرشيد - مورد,Local Vendors,138.7,365,قشطة خبز قمح أسمر(لمرضى السكري صغير),1151065,Legumes & Spices,26000842,2026,04,فاتورة مشتريات,الشركة التجارية,
LV0000334,مخابز جوهرة الرشيد - مورد,Local Vendors,168.5,337,قشطة خبز حمام 1 كغم,1151070,Legumes & Spices,26000842,2026,04,فاتورة مشتريات,الشركة التجارية,
LV0000334,مخابز جوهرة الرشيد - مورد,Local Vendors,50,500,قشطة خبز شراك,1151066,Legumes & Spices,26000842,2026,04,فاتورة مشتريات,الشركة التجارية,
LV0000334,مخابز جوهرة الرشيد - مورد,Local Vendors,665,475,قشطة قرشلة وكعك بأنواعه محلى او سادة 1 كغم,1151100,Legumes & Spices,26000842,2026,04,فاتورة مشتريات,الشركة التجارية,
LV0000334,مخابز جوهرة الرشيد - مورد,Local Vendors,240,240,قشطة قطايف 1 كغم,1151104,Legumes & Spices,26000842,2026,04,فاتورة مشتريات,الشركة التجارية,
LV0000334,مخابز جوهرة الرشيد - مورد,Local Vendors,3,0.5,قشطة خبز ذرة لمرضى حساسية الجلوتين,1151102,Legumes & Spices,26000842,2026,04,فاتورة مشتريات,الشركة التجارية,
LV0000334,مخابز جوهرة الرشيد - مورد,Local Vendors,105,105,قشطة قطايف 1 كغم,1151104,Legumes & Spices,26000843,2026,04,فاتورة مشتريات,الشركة التجارية,
LV0000334,مخابز جوهرة الرشيد - مورد,Local Vendors,131.6,94,قشطة قرشلة وكعك بأنواعه محلى او سادة 1 كغم,1151100,Legumes & Spices,26000843,2026,04,فاتورة مشتريات,الشركة التجارية,
LV0000334,مخابز جوهرة الرشيد - مورد,Local Vendors,20,200,قشطة خبز طابون,1151048,Legumes & Spices,26000843,2026,04,فاتورة مشتريات,الشركة التجارية,
LV0000334,مخابز جوهرة الرشيد - مورد,Local Vendors,7.5,75,قشطة خبز شراك,1151066,Legumes & Spices,26000843,2026,04,فاتورة مشتريات,الشركة التجارية,
LV0000334,مخابز جوهرة الرشيد - مورد,Local Vendors,94,188,قشطة خبز حمام 1 كغم,1151070,Legumes & Spices,26000843,2026,04,فاتورة مشتريات,الشركة التجارية,
LV0000334,مخابز جوهرة الرشيد - مورد,Local Vendors,58.52,154,قشطة خبز قمح أسمر(لمرضى السكري صغير),1151065,Legumes & Spices,26000843,2026,04,فاتورة مشتريات,الشركة التجارية,
LV0000334,مخابز جوهرة الرشيد - مورد,Local Vendors,760.38,2001,قشطة خبز كماج صغير 1 كغم,1151071,Legumes & Spices,26000843,2026,04,فاتورة مشتريات,الشركة التجارية,
LV0000334,مخابز جوهرة الرشيد - مورد,Local Vendors,1040.44,2738,قشطة خبز كماج صغير 1 كغم,1151071,Legumes & Spices,26001023,2026,06,فاتورة مشتريات,الشركة التجارية,
LV0000334,مخابز جوهرة الرشيد - مورد,Local Vendors,57.38,151,قشطة خبز قمح أسمر(لمرضى السكري صغير),1151065,Legumes & Spices,26001023,2026,06,فاتورة مشتريات,الشركة التجارية,
LV0000334,مخابز جوهرة الرشيد - مورد,Local Vendors,229,458,قشطة خبز حمام 1 كغم,1151070,Legumes & Spices,26001023,2026,06,فاتورة مشتريات,الشركة التجارية,
LV0000334,مخابز جوهرة الرشيد - مورد,Local Vendors,145.6,104,قشطة قرشلة وكعك بأنواعه محلى او سادة 1 كغم,1151100,Legumes & Spices,26001023,2026,06,فاتورة مشتريات,الشركة التجارية,
LV0000334,مخابز جوهرة الرشيد - مورد,Local Vendors,35,350,قشطة خبز طابون,1151048,Legumes & Spices,26001023,2026,06,فاتورة مشتريات,الشركة التجارية,
LV0000334,مخابز جوهرة الرشيد - مورد,Local Vendors,40,200,الخير معجنات جاهزة مشكلة 1*1,1151010,Legumes & Spices,26001024,2026,06,فاتورة مشتريات,الشركة التجارية,
LV0000334,مخابز جوهرة الرشيد - مورد,Local Vendors,1058,5290,الخير معجنات جاهزة مشكلة 1*1,1151010,Legumes & Spices,26001025,2026,06,فاتورة مشتريات,الشركة التجارية,
LV0000334,مخابز جوهرة الرشيد - مورد,Local Vendors,358.72,944,قشطة خبز كماج صغير 1 كغم,1151071,Legumes & Spices,26001026,2026,06,فاتورة مشتريات,الشركة التجارية,
LV0000334,مخابز جوهرة الرشيد - مورد,Local Vendors,8,80,قشطة خبز طابون,1151048,Legumes & Spices,26001026,2026,06,فاتورة مشتريات,الشركة التجارية,
LV0000334,مخابز جوهرة الرشيد - مورد,Local Vendors,4,40,قشطة خبز شراك,1151066,Legumes & Spices,26001026,2026,06,فاتورة مشتريات,الشركة التجارية,
LV0000334,مخابز جوهرة الرشيد - مورد,Local Vendors,51.8,37,قشطة قرشلة وكعك بأنواعه محلى او سادة 1 كغم,1151100,Legumes & Spices,26001026,2026,06,فاتورة مشتريات,الشركة التجارية,
LV0000334,مخابز جوهرة الرشيد - مورد,Local Vendors,4.5,3,قشطة قرشلة مطحونة ناعم أو خشن او حار 1 كغم,1151092,Legumes & Spices,26001026,2026,06,فاتورة مشتريات,الشركة التجارية,
LV0000334,مخابز جوهرة الرشيد - مورد,Local Vendors,327.94,863,قشطة خبز كماج صغير 1 كغم,1151071,Legumes & Spices,26001027,2026,06,فاتورة مشتريات,الشركة التجارية,
LV0000334,مخابز جوهرة الرشيد - مورد,Local Vendors,8.5,85,قشطة خبز شراك,1151066,Legumes & Spices,26001027,2026,06,فاتورة مشتريات,الشركة التجارية,
LV0000334,مخابز جوهرة الرشيد - مورد,Local Vendors,8.4,84,قشطة خبز مسخن طحين زيرو,1151090,Legumes & Spices,26001027,2026,06,فاتورة مشتريات,الشركة التجارية,
LV0000334,مخابز جوهرة الرشيد - مورد,Local Vendors,39.2,28,قشطة قرشلة وكعك بأنواعه محلى او سادة 1 كغم,1151100,Legumes & Spices,26001027,2026,06,فاتورة مشتريات,الشركة التجارية,
LV0000334,مخابز جوهرة الرشيد - مورد,Local Vendors,134.4,96,قشطة قرشلة وكعك بأنواعه محلى او سادة 1 كغم,1151100,Legumes & Spices,26001028,2026,06,فاتورة مشتريات,الشركة التجارية,
LV0000334,مخابز جوهرة الرشيد - مورد,Local Vendors,187,374,قشطة خبز حمام 1 كغم,1151070,Legumes & Spices,26001028,2026,06,فاتورة مشتريات,الشركة التجارية,
LV0000334,مخابز جوهرة الرشيد - مورد,Local Vendors,58.52,154,قشطة خبز قمح أسمر(لمرضى السكري صغير),1151065,Legumes & Spices,26001028,2026,06,فاتورة مشتريات,الشركة التجارية,
LV0000334,مخابز جوهرة الرشيد - مورد,Local Vendors,989.9,2605,قشطة خبز كماج صغير 1 كغم,1151071,Legumes & Spices,26001028,2026,06,فاتورة مشتريات,الشركة التجارية,
LV0000334,مخابز جوهرة الرشيد - مورد,Local Vendors,794.2,2090,قشطة خبز كماج صغير 1 كغم,1151071,Legumes & Spices,26001029,2026,06,فاتورة مشتريات,الشركة التجارية,
LV0000334,مخابز جوهرة الرشيد - مورد,Local Vendors,129.96,342,قشطة خبز قمح أسمر(لمرضى السكري صغير),1151065,Legumes & Spices,26001029,2026,06,فاتورة مشتريات,الشركة التجارية,
LV0000334,مخابز جوهرة الرشيد - مورد,Local Vendors,280,560,قشطة خبز حمام 1 كغم,1151070,Legumes & Spices,26001029,2026,06,فاتورة مشتريات,الشركة التجارية,
LV0000334,مخابز جوهرة الرشيد - مورد,Local Vendors,546,390,قشطة قرشلة وكعك بأنواعه محلى او سادة 1 كغم,1151100,Legumes & Spices,26001029,2026,06,فاتورة مشتريات,الشركة التجارية,
LV0000334,مخابز جوهرة الرشيد - مورد,Local Vendors,55,550,قشطة خبز شراك,1151066,Legumes & Spices,26001029,2026,06,فاتورة مشتريات,الشركة التجارية,
LV0000334,مخابز جوهرة الرشيد - مورد,Local Vendors,799.9,2105,قشطة خبز كماج صغير 1 كغم,1151071,Legumes & Spices,26001030,2026,06,فاتورة مشتريات,الشركة التجارية,
LV0000334,مخابز جوهرة الرشيد - مورد,Local Vendors,130.72,344,قشطة خبز قمح أسمر(لمرضى السكري صغير),1151065,Legumes & Spices,26001030,2026,06,فاتورة مشتريات,الشركة التجارية,
LV0000334,مخابز جوهرة الرشيد - مورد,Local Vendors,257,514,قشطة خبز حمام 1 كغم,1151070,Legumes & Spices,26001030,2026,06,فاتورة مشتريات,الشركة التجارية,
LV0000334,مخابز جوهرة الرشيد - مورد,Local Vendors,67.5,675,قشطة خبز شراك,1151066,Legumes & Spices,26001030,2026,06,فاتورة مشتريات,الشركة التجارية,
LV0000334,مخابز جوهرة الرشيد - مورد,Local Vendors,3.5,1,قشطة خبز ذرة لمرضى حساسية الجلوتين,1151102,Legumes & Spices,26001030,2026,06,فاتورة مشتريات,الشركة التجارية,
LV0000334,مخابز جوهرة الرشيد - مورد,Local Vendors,539,385,قشطة قرشلة وكعك بأنواعه محلى او سادة 1 كغم,1151100,Legumes & Spices,26001030,2026,06,فاتورة مشتريات,الشركة التجارية,
LV0000334,مخابز جوهرة الرشيد - مورد,Local Vendors,568.1,1495,قشطة خبز كماج صغير 1 كغم,1151071,Legumes & Spices,26001032,2026,06,فاتورة مشتريات,الشركة التجارية,
LV0000334,مخابز جوهرة الرشيد - مورد,Local Vendors,47.5,125,قشطة خبز قمح أسمر(لمرضى السكري صغير),1151065,Legumes & Spices,26001032,2026,06,فاتورة مشتريات,الشركة التجارية,
LV0000334,مخابز جوهرة الرشيد - مورد,Local Vendors,24.15,48.3,قشطة خبز حمام 1 كغم,1151070,Legumes & Spices,26001032,2026,06,فاتورة مشتريات,الشركة التجارية,
LV0000334,مخابز جوهرة الرشيد - مورد,Local Vendors,10,100,قشطة خبز شراك,1151066,Legumes & Spices,26001032,2026,06,فاتورة مشتريات,الشركة التجارية,
LV0000334,مخابز جوهرة الرشيد - مورد,Local Vendors,294,210,قشطة قرشلة وكعك بأنواعه محلى او سادة 1 كغم,1151100,Legumes & Spices,26001032,2026,06,فاتورة مشتريات,الشركة التجارية,
LV0000334,مخابز جوهرة الرشيد - مورد,Local Vendors,573.8,1510,قشطة خبز كماج صغير 1 كغم,1151071,Legumes & Spices,26001033,2026,06,فاتورة مشتريات,الشركة التجارية,
LV0000334,مخابز جوهرة الرشيد - مورد,Local Vendors,63.08,166,قشطة خبز قمح أسمر(لمرضى السكري صغير),1151065,Legumes & Spices,26001033,2026,06,فاتورة مشتريات,الشركة التجارية,
LV0000334,مخابز جوهرة الرشيد - مورد,Local Vendors,23.33,46.66,قشطة خبز حمام 1 كغم,1151070,Legumes & Spices,26001033,2026,06,فاتورة مشتريات,الشركة التجارية,
LV0000334,مخابز جوهرة الرشيد - مورد,Local Vendors,303.8,217,قشطة قرشلة وكعك بأنواعه محلى او سادة 1 كغم,1151100,Legumes & Spices,26001033,2026,06,فاتورة مشتريات,الشركة التجارية,
LV0000334,مخابز جوهرة الرشيد - مورد,Local Vendors,1247,6235,الخير معجنات جاهزة مشكلة 1*1,1151010,Legumes & Spices,26001034,2026,06,فاتورة مشتريات,الشركة التجارية,
LV0000334,مخابز جوهرة الرشيد - مورد,Local Vendors,8.4,6,قشطة قرشلة وكعك بأنواعه محلى او سادة 1 كغم,1151100,Legumes & Spices,26001035,2026,06,فاتورة مشتريات,الشركة التجارية,
LV0000334,مخابز جوهرة الرشيد - مورد,Local Vendors,4,40,قشطة خبز شراك,1151066,Legumes & Spices,26001035,2026,06,فاتورة مشتريات,الشركة التجارية,
LV0000334,مخابز جوهرة الرشيد - مورد,Local Vendors,195,1950,قشطة خبز طابون,1151048,Legumes & Spices,26001035,2026,06,فاتورة مشتريات,الشركة التجارية,
LV0000334,مخابز جوهرة الرشيد - مورد,Local Vendors,430,430,قشطة خبز فرنسي زنجر بسمسم او سادة,1151049,Legumes & Spices,26001035,2026,06,فاتورة مشتريات,الشركة التجارية,
LV0000334,مخابز جوهرة الرشيد - مورد,Local Vendors,262,524,قشطة خبز حمام 1 كغم,1151070,Legumes & Spices,26001035,2026,06,فاتورة مشتريات,الشركة التجارية,
LV0000334,مخابز جوهرة الرشيد - مورد,Local Vendors,98.04,258,قشطة خبز قمح أسمر(لمرضى السكري صغير),1151065,Legumes & Spices,26001035,2026,06,فاتورة مشتريات,الشركة التجارية,
LV0000334,مخابز جوهرة الرشيد - مورد,Local Vendors,685.52,1804,قشطة خبز كماج صغير 1 كغم,1151071,Legumes & Spices,26001035,2026,06,فاتورة مشتريات,الشركة التجارية,
LV0000334,مخابز جوهرة الرشيد - مورد,Local Vendors,597.36,1572,قشطة خبز كماج صغير 1 كغم,1151071,Legumes & Spices,26001036,2026,06,فاتورة مشتريات,الشركة التجارية,
LV0000334,مخابز جوهرة الرشيد - مورد,Local Vendors,82.46,217,قشطة خبز قمح أسمر(لمرضى السكري صغير),1151065,Legumes & Spices,26001036,2026,06,فاتورة مشتريات,الشركة التجارية,
LV0000334,مخابز جوهرة الرشيد - مورد,Local Vendors,252.5,505,قشطة خبز حمام 1 كغم,1151070,Legumes & Spices,26001036,2026,06,فاتورة مشتريات,الشركة التجارية,
LV0000334,مخابز جوهرة الرشيد - مورد,Local Vendors,349,349,قشطة خبز فرنسي زنجر بسمسم او سادة,1151049,Legumes & Spices,26001036,2026,06,فاتورة مشتريات,الشركة التجارية,
LV0000334,مخابز جوهرة الرشيد - مورد,Local Vendors,180,1800,قشطة خبز طابون,1151048,Legumes & Spices,26001036,2026,06,فاتورة مشتريات,الشركة التجارية,
LV0000334,مخابز جوهرة الرشيد - مورد,Local Vendors,3,30,قشطة خبز شراك,1151066,Legumes & Spices,26001036,2026,06,فاتورة مشتريات,الشركة التجارية,
LV0000334,مخابز جوهرة الرشيد - مورد,Local Vendors,9.8,7,قشطة قرشلة وكعك بأنواعه محلى او سادة 1 كغم,1151100,Legumes & Spices,26001036,2026,06,فاتورة مشتريات,الشركة التجارية,
LV0000334,مخابز جوهرة الرشيد - مورد,Local Vendors,-11.2,-8,قشطة قرشلة وكعك بأنواعه محلى او سادة 1 كغم,1151100,Legumes & Spices,26000006,2026,03,مرتجع مشتريات,الشركة التجارية,
LV0000334,مخابز جوهرة الرشيد - مورد,Local Vendors,-15,-50,الخير معجنات جاهزة مشكلة 1*1,1151010,Legumes & Spices,26000008,2026,03,مرتجع مشتريات,الشركة التجارية,
LV0000335,شركة السنبلة الماسية - مورد,Local Vendors,100.962,70,قشطة قرشلة وكعك بأنواعه محلى او سادة 1 كغم,1151100,Legumes & Spices,26000227,2026,01,فاتورة مشتريات,الشركة التجارية,
LV0000335,شركة السنبلة الماسية - مورد,Local Vendors,616.7,1762,قشطة خبز كماج صغير 1 كغم,1151071,Legumes & Spices,26000227,2026,01,فاتورة مشتريات,الشركة التجارية,
LV0000335,شركة السنبلة الماسية - مورد,Local Vendors,75.95,217,قشطة خبز قمح أسمر(لمرضى السكري صغير),1151065,Legumes & Spices,26000227,2026,01,فاتورة مشتريات,الشركة التجارية,
LV0000335,شركة السنبلة الماسية - مورد,Local Vendors,312.981,217,قشطة قرشلة وكعك بأنواعه محلى او سادة 1 كغم,1151100,Legumes & Spices,26000228,2026,02,فاتورة مشتريات,الشركة التجارية,
LV0000335,شركة السنبلة الماسية - مورد,Local Vendors,406,1160,قشطة خبز كماج صغير 1 كغم,1151071,Legumes & Spices,26000228,2026,02,فاتورة مشتريات,الشركة التجارية,
LV0000335,شركة السنبلة الماسية - مورد,Local Vendors,65.517,76,قشطة قطايف 1 كغم,1151104,Legumes & Spices,26000452,2026,03,فاتورة مشتريات,الشركة التجارية,
LV0000335,شركة السنبلة الماسية - مورد,Local Vendors,122.596,85,قشطة قرشلة وكعك بأنواعه محلى او سادة 1 كغم,1151100,Legumes & Spices,26000452,2026,03,فاتورة مشتريات,الشركة التجارية,
LV0000335,شركة السنبلة الماسية - مورد,Local Vendors,612.5,1750,قشطة خبز كماج صغير 1 كغم,1151071,Legumes & Spices,26000452,2026,03,فاتورة مشتريات,الشركة التجارية,
LV0000335,شركة السنبلة الماسية - مورد,Local Vendors,68.6,196,قشطة خبز قمح أسمر(لمرضى السكري صغير),1151065,Legumes & Spices,26000452,2026,03,فاتورة مشتريات,الشركة التجارية,
LV0000335,شركة السنبلة الماسية - مورد,Local Vendors,120.69,140,قشطة قطايف 1 كغم,1151104,Legumes & Spices,26000453,2026,03,فاتورة مشتريات,الشركة التجارية,
LV0000335,شركة السنبلة الماسية - مورد,Local Vendors,181.731,126,قشطة قرشلة وكعك بأنواعه محلى او سادة 1 كغم,1151100,Legumes & Spices,26000453,2026,03,فاتورة مشتريات,الشركة التجارية,
LV0000335,شركة السنبلة الماسية - مورد,Local Vendors,399,1140,قشطة خبز كماج صغير 1 كغم,1151071,Legumes & Spices,26000453,2026,03,فاتورة مشتريات,الشركة التجارية,
LV0000335,شركة السنبلة الماسية - مورد,Local Vendors,96.544,224,قشطة قطايف 1 كغم,1151104,Legumes & Spices,26000771,2026,04,فاتورة مشتريات,الشركة التجارية,
LV0000335,شركة السنبلة الماسية - مورد,Local Vendors,50.47,35,قشطة قرشلة وكعك بأنواعه محلى او سادة 1 كغم,1151100,Legumes & Spices,26000771,2026,04,فاتورة مشتريات,الشركة التجارية,
LV0000335,شركة السنبلة الماسية - مورد,Local Vendors,607.25,1735,قشطة خبز كماج صغير 1 كغم,1151071,Legumes & Spices,26000771,2026,04,فاتورة مشتريات,الشركة التجارية,
LV0000335,شركة السنبلة الماسية - مورد,Local Vendors,75.95,217,قشطة خبز قمح أسمر(لمرضى السكري صغير),1151065,Legumes & Spices,26000771,2026,04,فاتورة مشتريات,الشركة التجارية,
LV0000335,شركة السنبلة الماسية - مورد,Local Vendors,255.152,592,قشطة قطايف 1 كغم,1151104,Legumes & Spices,26000772,2026,04,فاتورة مشتريات,الشركة التجارية,
LV0000335,شركة السنبلة الماسية - مورد,Local Vendors,80.752,56,قشطة قرشلة وكعك بأنواعه محلى او سادة 1 كغم,1151100,Legumes & Spices,26000772,2026,04,فاتورة مشتريات,الشركة التجارية,
LV0000335,شركة السنبلة الماسية - مورد,Local Vendors,456.75,1305,قشطة خبز كماج صغير 1 كغم,1151071,Legumes & Spices,26000772,2026,04,فاتورة مشتريات,الشركة التجارية,
LV0000335,شركة السنبلة الماسية - مورد,Local Vendors,304.262,211,قشطة قرشلة وكعك بأنواعه محلى او سادة 1 كغم,1151100,Legumes & Spices,26000870,2026,05,فاتورة مشتريات,الشركة التجارية,
LV0000335,شركة السنبلة الماسية - مورد,Local Vendors,385,1100,قشطة خبز كماج صغير 1 كغم,1151071,Legumes & Spices,26000870,2026,05,فاتورة مشتريات,الشركة التجارية,
LV0000335,شركة السنبلة الماسية - مورد,Local Vendors,93.75,65,قشطة قرشلة وكعك بأنواعه محلى او سادة 1 كغم,1151100,Legumes & Spices,26000871,2026,05,فاتورة مشتريات,الشركة التجارية,
LV0000335,شركة السنبلة الماسية - مورد,Local Vendors,655.2,1872,قشطة خبز كماج صغير 1 كغم,1151071,Legumes & Spices,26000871,2026,05,فاتورة مشتريات,الشركة التجارية,
LV0000335,شركة السنبلة الماسية - مورد,Local Vendors,73.5,210,قشطة خبز قمح أسمر(لمرضى السكري صغير),1151065,Legumes & Spices,26000871,2026,05,فاتورة مشتريات,الشركة التجارية,
LV0000335,شركة السنبلة الماسية - مورد,Local Vendors,50.47,35,قشطة قرشلة وكعك بأنواعه محلى او سادة 1 كغم,1151100,Legumes & Spices,26001046,2026,06,فاتورة مشتريات,الشركة التجارية,
LV0000335,شركة السنبلة الماسية - مورد,Local Vendors,661.5,1890,قشطة خبز كماج صغير 1 كغم,1151071,Legumes & Spices,26001046,2026,06,فاتورة مشتريات,الشركة التجارية,
LV0000335,شركة السنبلة الماسية - مورد,Local Vendors,75.25,215,قشطة خبز قمح أسمر(لمرضى السكري صغير),1151065,Legumes & Spices,26001046,2026,06,فاتورة مشتريات,الشركة التجارية,
LV0000335,شركة السنبلة الماسية - مورد,Local Vendors,262.444,182,قشطة قرشلة وكعك بأنواعه محلى او سادة 1 كغم,1151100,Legumes & Spices,26001047,2026,06,فاتورة مشتريات,الشركة التجارية,
LV0000335,شركة السنبلة الماسية - مورد,Local Vendors,364,1040,قشطة خبز كماج صغير 1 كغم,1151071,Legumes & Spices,26001047,2026,06,فاتورة مشتريات,الشركة التجارية,
LV0000335,شركة السنبلة الماسية - مورد,Local Vendors,86.52,60,قشطة قرشلة وكعك بأنواعه محلى او سادة 1 كغم,1151100,Legumes & Spices,26001055,2026,07,فاتورة مشتريات,الشركة التجارية,
LV0000335,شركة السنبلة الماسية - مورد,Local Vendors,695.8,1988,قشطة خبز كماج صغير 1 كغم,1151071,Legumes & Spices,26001055,2026,07,فاتورة مشتريات,الشركة التجارية,
LV0000335,شركة السنبلة الماسية - مورد,Local Vendors,72.8,208,قشطة خبز قمح أسمر(لمرضى السكري صغير),1151065,Legumes & Spices,26001055,2026,07,فاتورة مشتريات,الشركة التجارية,
LV0000335,شركة السنبلة الماسية - مورد,Local Vendors,364,1040,قشطة خبز كماج صغير 1 كغم,1151071,Legumes & Spices,26001056,2026,07,فاتورة مشتريات,الشركة التجارية,
LV0000335,شركة السنبلة الماسية - مورد,Local Vendors,302.82,210,قشطة قرشلة وكعك بأنواعه محلى او سادة 1 كغم,1151100,Legumes & Spices,26001056,2026,07,فاتورة مشتريات,الشركة التجارية,
LV0000336,شركة بهاء الدين البستنجي و شركاه مشتريات,Local Vendors,733.425,385,ميار حلاوة 800 غم سادة 1*1,1151054,Legumes & Spices,26000238,2026,02,فاتورة مشتريات,الشركة التجارية,
LV0000336,شركة بهاء الدين البستنجي و شركاه مشتريات,Local Vendors,7690.88,3152,ميار طحينية 900 غم 1*1,1151034,Legumes & Spices,26000238,2026,02,فاتورة مشتريات,الشركة التجارية,
LV0000336,شركة بهاء الدين البستنجي و شركاه مشتريات,Local Vendors,7431.101,3121,شيخ الكار حلاوة 800 غم سادة 1*1,1151032,Legumes & Spices,26000238,2026,02,فاتورة مشتريات,الشركة التجارية,
LV0000336,شركة بهاء الدين البستنجي و شركاه مشتريات,Local Vendors,997.759,600,لويال شامبو شعر للكبار 800 ملم *1,1151130,Legumes & Spices,26000291,2026,01,فاتورة مشتريات,الشركة التجارية,
LV0000336,شركة بهاء الدين البستنجي و شركاه مشتريات,Local Vendors,1326.896,400,لويال مسحوق غسيل 3 كغم,1151121,Legumes & Spices,26000291,2026,01,فاتورة مشتريات,الشركة التجارية,
LV0000336,شركة بهاء الدين البستنجي و شركاه مشتريات,Local Vendors,546.293,100,لويال سائل غسيل ملابس 5 لتر *1,1151118,Legumes & Spices,26000291,2026,01,فاتورة مشتريات,الشركة التجارية,
LV0000336,شركة بهاء الدين البستنجي و شركاه مشتريات,Local Vendors,1368,900,لويال منظف أرضيات 2.4 لتر *1,1151120,Legumes & Spices,26000292,2026,01,فاتورة مشتريات,الشركة التجارية,
LV0000336,شركة بهاء الدين البستنجي و شركاه مشتريات,Local Vendors,408,600,بيبي ماجيك شامبو شعر للأطفال 250ملم *1,1151128,Legumes & Spices,26000293,2026,01,فاتورة مشتريات,الشركة التجارية,
LV0000337,شركة محامص مكاديميا,Local Vendors,474.138,100,شيخ الكار جوز عين الجمل مقشر 1 كغم,1151098,Legumes & Spices,26000240,2026,02,فاتورة مشتريات,الشركة التجارية,
LV0000337,شركة محامص مكاديميا,Local Vendors,96.983,25,"شيخ الكار جوز هند (ناعم,خشن) 1 كغم",1151089,Legumes & Spices,26000241,2026,02,فاتورة مشتريات,الشركة التجارية,
LV0000337,شركة محامص مكاديميا,Local Vendors,387.931,100,"شيخ الكار جوز هند (ناعم,خشن) 1 كغم",1151089,Legumes & Spices,26000250,2026,02,فاتورة مشتريات,الشركة التجارية,
LV0000337,شركة محامص مكاديميا,Local Vendors,193.966,50,"شيخ الكار جوز هند (ناعم,خشن) 1 كغم",1151089,Legumes & Spices,26000450,2026,03,فاتورة مشتريات,الشركة التجارية,
LV0000338,YIWU HANGBIN TRADING COMPANT,Local Vendors,19731.36,179376,شيخ الكار فطر مقطع 300 غم 1*24,1131001,Sheikh Alkar - Canned food,26000779,2026,04,فاتورة مشتريات,الشركة التجارية,
LV0000345,مؤسسة حامد ابو يحيى للمواد التموينية,Local Vendors,474.138,100,شيخ الكار جوز عين الجمل مقشر 1 كغم,1151098,Legumes & Spices,26000347,2026,02,فاتورة مشتريات,الشركة التجارية,
LV0000345,مؤسسة حامد ابو يحيى للمواد التموينية,Local Vendors,806.034,170,شيخ الكار جوز عين الجمل مقشر 1 كغم,1151098,Legumes & Spices,26000480,2026,02,فاتورة مشتريات,الشركة التجارية,
LV0000345,مؤسسة حامد ابو يحيى للمواد التموينية,Local Vendors,690,1000,شيخ الكار عدس مجروش 1 كغم,1151072,Legumes & Spices,26000653,2026,03,فاتورة مشتريات,الشركة التجارية,
LV0000345,مؤسسة حامد ابو يحيى للمواد التموينية,Local Vendors,120,40,"شيخ الكار جوز هند (ناعم,خشن) 1 كغم",1151089,Legumes & Spices,26001088,2026,07,فاتورة مشتريات,الشركة التجارية,
LV0000345,مؤسسة حامد ابو يحيى للمواد التموينية,Local Vendors,482.759,200,"شيخ الكار جوز هند (ناعم,خشن) 1 كغم",1151089,Legumes & Spices,26001089,2026,07,فاتورة مشتريات,الشركة التجارية,
LV0000349,شركة برافو لصناعة المكسرات والشوكولاته,Local Vendors,136.851,22.68,لوز حبة كاملة,1141006,Sesame,26000497,2026,03,فاتورة مشتريات,الشركة التجارية,
LV0000349,شركة برافو لصناعة المكسرات والشوكولاته,Local Vendors,107.526,22.68,كاجو أنصاف,1141007,Sesame,26000497,2026,03,فاتورة مشتريات,الشركة التجارية,
LV0000350,شركة القارة الخضراء لتجارة الأغذية,Local Vendors,690,1000,شيخ الكار عدس حب 1 كغم,1151018,Legumes & Spices,26000572,2026,03,فاتورة مشتريات,الشركة التجارية,
LV0000352,شركة مذيب حداد وأولاده,Local Vendors,408,600,بيبي ماجيك شامبو شعر للأطفال 250ملم *1,1151128,Legumes & Spices,26000691,2026,04,فاتورة مشتريات,الشركة التجارية,
LV0000352,شركة مذيب حداد وأولاده,Local Vendors,396,720,كولجيت معجون أسنان 100 ملم,1151132,Legumes & Spices,26000691,2026,04,فاتورة مشتريات,الشركة التجارية,
LV0000352,شركة مذيب حداد وأولاده,Local Vendors,816.207,1200,بيبي ماجيك شامبو شعر للأطفال 250ملم *1,1151128,Legumes & Spices,26000858,2026,05,فاتورة مشتريات,الشركة التجارية,
LV0000353,مؤسسة ليان للكيماويات,Bank Murabaha,1744.2,1200,لويال سائل للجلي 2 لتر *1,1151115,Legumes & Spices,26000720,2026,04,فاتورة مشتريات,الشركة التجارية,
LV0000353,مؤسسة ليان للكيماويات,Bank Murabaha,3990,2400,لويال شامبو شعر للكبار 800 ملم *1,1151130,Legumes & Spices,26000720,2026,04,فاتورة مشتريات,الشركة التجارية,
LV0000353,مؤسسة ليان للكيماويات,Bank Murabaha,1824,1200,لويال منظف أرضيات 2.4 لتر *1,1151120,Legumes & Spices,26000720,2026,04,فاتورة مشتريات,الشركة التجارية,
LV0000353,مؤسسة ليان للكيماويات,Bank Murabaha,1093.45,200,لويال سائل غسيل ملابس 5 لتر *1,1151118,Legumes & Spices,26000720,2026,04,فاتورة مشتريات,الشركة التجارية,
LV0000353,مؤسسة ليان للكيماويات,Bank Murabaha,1596,2400,لويال سائل لغسيل الايدي 500 ملم *1,1151116,Legumes & Spices,26000720,2026,04,فاتورة مشتريات,الشركة التجارية,
LV0000353,مؤسسة ليان للكيماويات,Bank Murabaha,1093.45,200,لويال سائل غسيل ملابس 5 لتر *1,1151118,Legumes & Spices,26000720,2026,04,فاتورة مشتريات,الشركة التجارية,
LV0000353,مؤسسة ليان للكيماويات,Bank Murabaha,1836.207,1200,لويال سائل للجلي 2 لتر *1,1151115,Legumes & Spices,26000799,2026,04,فاتورة مشتريات,الشركة التجارية,
LV0000353,مؤسسة ليان للكيماويات,Bank Murabaha,1920,1200,لويال منظف أرضيات 2.4 لتر *1,1151120,Legumes & Spices,26001038,2026,06,فاتورة مشتريات,الشركة التجارية,
LV0000353,مؤسسة ليان للكيماويات,Bank Murabaha,1680,2400,لويال سائل لغسيل الايدي 500 ملم *1,1151116,Legumes & Spices,26001038,2026,06,فاتورة مشتريات,الشركة التجارية,
LV0000353,مؤسسة ليان للكيماويات,Bank Murabaha,1836,1200,لويال سائل للجلي 2 لتر *1,1151115,Legumes & Spices,26001038,2026,06,فاتورة مشتريات,الشركة التجارية,
LV0000353,مؤسسة ليان للكيماويات,Bank Murabaha,573.6,600,لويال مادة تلميع الاثاث 500 ملم *1,1151129,Legumes & Spices,26001038,2026,06,فاتورة مشتريات,الشركة التجارية,
LV0000353,مؤسسة ليان للكيماويات,Bank Murabaha,1836,1200,لويال سائل للجلي 2 لتر *1,1151115,Legumes & Spices,26000845,2026,04,فاتورة مشتريات,الشركة التجارية,
LV0000353,مؤسسة ليان للكيماويات,Bank Murabaha,1680,2400,لويال سائل لغسيل الايدي 500 ملم *1,1151116,Legumes & Spices,26000845,2026,04,فاتورة مشتريات,الشركة التجارية,
LV0000353,مؤسسة ليان للكيماويات,Bank Murabaha,2793.6,800,لويال مسحوق غسيل 3 كغم,1151121,Legumes & Spices,26000845,2026,04,فاتورة مشتريات,الشركة التجارية,
LV0000353,مؤسسة ليان للكيماويات,Bank Murabaha,3510,1800,لويال ملين ملابس 1.5 لتر *1,1151122,Legumes & Spices,26000978,2026,06,فاتورة مشتريات,الشركة التجارية,
LV0000353,مؤسسة ليان للكيماويات,Bank Murabaha,2880,1800,لويال منظف أرضيات 2.4 لتر *1,1151120,Legumes & Spices,26000978,2026,06,فاتورة مشتريات,الشركة التجارية,
LV0000353,مؤسسة ليان للكيماويات,Bank Murabaha,1260,1800,لويال سائل لغسيل الايدي 500 ملم *1,1151116,Legumes & Spices,26000978,2026,06,فاتورة مشتريات,الشركة التجارية,
LV0000353,مؤسسة ليان للكيماويات,Bank Murabaha,2754,1800,لويال سائل للجلي 2 لتر *1,1151115,Legumes & Spices,26000978,2026,06,فاتورة مشتريات,الشركة التجارية,
LV0000353,مؤسسة ليان للكيماويات,Bank Murabaha,1396.8,400,لويال مسحوق غسيل 3 كغم,1151121,Legumes & Spices,26000978,2026,06,فاتورة مشتريات,الشركة التجارية,
LV0000353,مؤسسة ليان للكيماويات,Bank Murabaha,3453,600,لويال سائل غسيل ملابس 5 لتر *1,1151118,Legumes & Spices,26000978,2026,06,فاتورة مشتريات,الشركة التجارية,
LV0000353,مؤسسة ليان للكيماويات,Bank Murabaha,-532.241,-882,لويال سائل لغسيل الايدي 500 ملم *1,1151116,Legumes & Spices,26000013,2026,04,مرتجع مشتريات,الشركة التجارية,
LV0000357,شركة الطبق للصناعات الغذائية,Bank Murabaha,85.75,245,قشطة خبز كماج صغير 1 كغم,1151071,Legumes & Spices,26000769,2026,04,فاتورة مشتريات,الشركة التجارية,
LV0000357,شركة الطبق للصناعات الغذائية,Bank Murabaha,8.4,21,قشطة خبز قمح أسمر(لمرضى السكري صغير),1151065,Legumes & Spices,26000769,2026,04,فاتورة مشتريات,الشركة التجارية,
LV0000357,شركة الطبق للصناعات الغذائية,Bank Murabaha,36.05,50,قشطة قرشلة وكعك بأنواعه محلى او سادة 1 كغم,1151100,Legumes & Spices,26000769,2026,04,فاتورة مشتريات,الشركة التجارية,
LV0000359,شركة كابيتال للشحن,Bank Murabaha,5364,0,Shipping,,,26000786,2026,04,فاتورة مشتريات,الشركة التجارية,
LV0000360,شركة الميان للمواد التموينية - مورد,Bank Murabaha,25.92,576,استريكو خميرة افرنجية جافة 100 غم *1,1151055,Legumes & Spices,26000800,2026,04,فاتورة مشتريات,الشركة التجارية,
LV0000347,شركة الضوء الأخضر للتموين,Local Vendors,140,0,,,,26000762,2026,04,فاتورة مشتريات,الشركة التجارية,
LV0000347,شركة الضوء الأخضر للتموين,Local Vendors,49,0,,,,26000763,2026,04,فاتورة مشتريات,الشركة التجارية,
LV0000347,شركة الضوء الأخضر للتموين,Local Vendors,70,0,,,,26000463,2026,03,فاتورة مشتريات,الشركة التجارية,
LV0000347,شركة الضوء الأخضر للتموين,Local Vendors,35,0,,,,26000950,2026,05,فاتورة مشتريات,الشركة التجارية,
LV0000347,شركة الضوء الأخضر للتموين,Local Vendors,700,1000,شيخ الكار عدس مجروش 1 كغم,1151072,Legumes & Spices,26000951,2026,05,فاتورة مشتريات,الشركة التجارية,
LV0000347,شركة الضوء الأخضر للتموين,Local Vendors,241.5,0,,,,26000952,2026,05,فاتورة مشتريات,الشركة التجارية,
LV0000361,شركة الشجرة المباركة للتجارة والتسويق,Local Vendors,690,1000,شيخ الكار عدس مجروش 1 كغم,1151072,Legumes & Spices,26000810,2026,03,فاتورة مشتريات,الشركة التجارية,
LV0000361,شركة الشجرة المباركة للتجارة والتسويق,Local Vendors,775,1000,شيخ الكار عدس حب 1 كغم,1151018,Legumes & Spices,26000811,2026,03,فاتورة مشتريات,الشركة التجارية,
LV0000361,شركة الشجرة المباركة للتجارة والتسويق,Local Vendors,1380,2000,شيخ الكار فريكة ناعمة او خشنة 1 كغم,1151063,Legumes & Spices,26000811,2026,03,فاتورة مشتريات,الشركة التجارية,
LV0000361,شركة الشجرة المباركة للتجارة والتسويق,Local Vendors,750,1000,شيخ الكار عدس مجروش 1 كغم,1151072,Legumes & Spices,26000811,2026,03,فاتورة مشتريات,الشركة التجارية,
LV0000361,شركة الشجرة المباركة للتجارة والتسويق,Local Vendors,560,1000,"شيخ الكار برغل 1 كغم (ناعم,خشن)",1151015,Legumes & Spices,26000811,2026,03,فاتورة مشتريات,الشركة التجارية,
LV0000361,شركة الشجرة المباركة للتجارة والتسويق,Local Vendors,1340,2000,شيخ الكار فريكة ناعمة او خشنة 1 كغم,1151063,Legumes & Spices,26000812,2026,04,فاتورة مشتريات,الشركة التجارية,
LV0000361,شركة الشجرة المباركة للتجارة والتسويق,Local Vendors,2700,2000,شيخ الكار حمص حب (نمرة 11) 1 كغم,1151021,Legumes & Spices,26000812,2026,04,فاتورة مشتريات,الشركة التجارية,
LV0000361,شركة الشجرة المباركة للتجارة والتسويق,Local Vendors,1250,2000,شيخ الكار فريكة ناعمة او خشنة 1 كغم,1151063,Legumes & Spices,26000814,2026,04,فاتورة مشتريات,الشركة التجارية,
LV0000361,شركة الشجرة المباركة للتجارة والتسويق,Local Vendors,700,1000,شيخ الكار عدس مجروش 1 كغم,1151072,Legumes & Spices,26000816,2026,04,فاتورة مشتريات,الشركة التجارية,
LV0000361,شركة الشجرة المباركة للتجارة والتسويق,Local Vendors,224,400,"شيخ الكار برغل 1 كغم (ناعم,خشن)",1151015,Legumes & Spices,26000816,2026,04,فاتورة مشتريات,الشركة التجارية,
LV0000322,شركة صقور عمان لتجارة المواد الغذائية - مورد,Local Vendors,6085.714,5112,شيخ الكار جميد سائل 1 كغم 1*8,1111002,Jameed,26000313,2026,02,فاتورة مشتريات,الشركة التجارية,
LV0000322,شركة صقور عمان لتجارة المواد الغذائية - مورد,Local Vendors,1409.35,1985,شيخ الكار عدس مجروش 1 كغم,1151072,Legumes & Spices,26000174,2026,01,فاتورة مشتريات,الشركة التجارية,
LV0000322,شركة صقور عمان لتجارة المواد الغذائية - مورد,Local Vendors,970.2,990,شيخ الكار حمص حب (نمرة 11) 1 كغم,1151021,Legumes & Spices,26000174,2026,01,فاتورة مشتريات,الشركة التجارية,
LV0000322,شركة صقور عمان لتجارة المواد الغذائية - مورد,Local Vendors,142.241,30,شيخ الكار جوز عين الجمل مقشر 1 كغم,1151098,Legumes & Spices,26000174,2026,01,فاتورة مشتريات,الشركة التجارية,
LV0000322,شركة صقور عمان لتجارة المواد الغذائية - مورد,Local Vendors,796,995,شيخ الكار عدس حب 1 كغم,1151018,Legumes & Spices,26000174,2026,01,فاتورة مشتريات,الشركة التجارية,
LV0000322,شركة صقور عمان لتجارة المواد الغذائية - مورد,Local Vendors,327.586,200,شيخ الكار بهارات مشكلة (مطحونة) 1 كغم,1151094,Legumes & Spices,26000174,2026,01,فاتورة مشتريات,الشركة التجارية,
LV0000322,شركة صقور عمان لتجارة المواد الغذائية - مورد,Local Vendors,633.621,245,"شيخ الكار بهارات كبسة (حب , مطحون) 1 كغم",1151093,Legumes & Spices,26000174,2026,01,فاتورة مشتريات,الشركة التجارية,
LV0000322,شركة صقور عمان لتجارة المواد الغذائية - مورد,Local Vendors,65.517,100,شيخ الكار ملح ليمون 1 كغم,1151135,Legumes & Spices,26000213,2026,01,فاتورة مشتريات,الشركة التجارية,
LV0000322,شركة صقور عمان لتجارة المواد الغذائية - مورد,Local Vendors,2809.524,2360,شيخ الكار جميد سائل 1 كغم 1*8,1111002,Jameed,26000205,2026,02,فاتورة مشتريات,الشركة التجارية,
LV0000322,شركة صقور عمان لتجارة المواد الغذائية - مورد,Local Vendors,933.2,400,"شيخ الكار بهارات كبسة (حب , مطحون) 1 كغم",1151093,Legumes & Spices,26000235,2026,02,فاتورة مشتريات,الشركة التجارية,
LV0000322,شركة صقور عمان لتجارة المواد الغذائية - مورد,Local Vendors,620.8,400,شيخ الكار بهارات مشكلة (مطحونة) 1 كغم,1151094,Legumes & Spices,26000235,2026,02,فاتورة مشتريات,الشركة التجارية,
LV0000322,شركة صقور عمان لتجارة المواد الغذائية - مورد,Local Vendors,350.945,185,شيخ الكار كركم مطحون 1 كغم,1151058,Legumes & Spices,26000235,2026,02,فاتورة مشتريات,الشركة التجارية,
LV0000322,شركة صقور عمان لتجارة المواد الغذائية - مورد,Local Vendors,814.725,225,كمون مطحون 1 كغم,1151020,Legumes & Spices,26000235,2026,02,فاتورة مشتريات,الشركة التجارية,
LV0000322,شركة صقور عمان لتجارة المواد الغذائية - مورد,Local Vendors,18930.3,890,شيخ الكار هال مطحون 1 كغم,1151096,Legumes & Spices,26000235,2026,02,فاتورة مشتريات,الشركة التجارية,
LV0000322,شركة صقور عمان لتجارة المواد الغذائية - مورد,Local Vendors,159.483,10,شيخ الكار هال حب 1 كغم,1151109,Legumes & Spices,26000262,2026,02,فاتورة مشتريات,الشركة التجارية,
LV0000322,شركة صقور عمان لتجارة المواد الغذائية - مورد,Local Vendors,686.274,1000,شيخ الكار فريكة ناعمة او خشنة 1 كغم,1151063,Legumes & Spices,26000263,2026,02,فاتورة مشتريات,الشركة التجارية,
LV0000322,شركة صقور عمان لتجارة المواد الغذائية - مورد,Local Vendors,882.353,1000,شيخ الكار فريكة ناعمة او خشنة 1 كغم,1151063,Legumes & Spices,26000263,2026,02,فاتورة مشتريات,الشركة التجارية,
LV0000322,شركة صقور عمان لتجارة المواد الغذائية - مورد,Local Vendors,163.8,100,شيخ الكار كاري 1 كغم,1151110,Legumes & Spices,26000446,2026,03,فاتورة مشتريات,الشركة التجارية,
LV0000322,شركة صقور عمان لتجارة المواد الغذائية - مورد,Local Vendors,94.85,50,شيخ الكار كركم مطحون 1 كغم,1151058,Legumes & Spices,26000446,2026,03,فاتورة مشتريات,الشركة التجارية,
LV0000322,شركة صقور عمان لتجارة المواد الغذائية - مورد,Local Vendors,800,1000,شيخ الكار عدس حب 1 كغم,1151018,Legumes & Spices,26000446,2026,03,فاتورة مشتريات,الشركة التجارية,
LV0000322,شركة صقور عمان لتجارة المواد الغذائية - مورد,Local Vendors,37.95,50,شيخ الكار ملح ليمون 1 كغم,1151135,Legumes & Spices,26000446,2026,03,فاتورة مشتريات,الشركة التجارية,
LV0000322,شركة صقور عمان لتجارة المواد الغذائية - مورد,Local Vendors,1420,2000,شيخ الكار عدس حب 1 كغم,1151018,Legumes & Spices,26000464,2026,03,فاتورة مشتريات,الشركة التجارية,
LV0000322,شركة صقور عمان لتجارة المواد الغذائية - مورد,Local Vendors,6190.476,5200,شيخ الكار جميد سائل 1 كغم 1*8,1111002,Jameed,26000918,2026,05,فاتورة مشتريات,الشركة التجارية,
LV0000322,شركة صقور عمان لتجارة المواد الغذائية - مورد,Local Vendors,1714.286,1440,شيخ الكار جميد سائل 1 كغم 1*8,1111002,Jameed,26001065,2026,07,فاتورة مشتريات,الشركة التجارية,
LV0000322,شركة صقور عمان لتجارة المواد الغذائية - مورد,Local Vendors,4901.867,3920,شيخ الكار جميد سائل 1 كغم 1*8,1111002,Jameed,26001066,2026,07,فاتورة مشتريات,الشركة التجارية,
LV0000322,شركة صقور عمان لتجارة المواد الغذائية - مورد,Local Vendors,155.172,100,شيخ الكار بهارات مشكلة (مطحونة) 1 كغم,1151094,Legumes & Spices,26001067,2026,07,فاتورة مشتريات,الشركة التجارية,
LV0000322,شركة صقور عمان لتجارة المواد الغذائية - مورد,Local Vendors,4881.859,3904,شيخ الكار جميد سائل 1 كغم 1*8,1111002,Jameed,26001091,2026,07,فاتورة مشتريات,الشركة التجارية,
LV0000356,مؤسسة أبراج عمان,Bank Murabaha,11764.706,3000,عراقي تمر مطحون 10 كغم 1*1,1151086,Dates,26000766,2026,04,فاتورة مشتريات,الشركة التجارية,
LV0000356,مؤسسة أبراج عمان,Bank Murabaha,14706,3000,عراقي تمر مطحون 10 كغم 1*1,1151086,Dates,26000996,2026,06,فاتورة مشتريات,الشركة التجارية,
LV0000355,شركة امجد البستنجي مشتريات,Bank Murabaha,408.103,600,بيبي ماجيك شامبو شعر للأطفال 250ملم *1,1151128,Legumes & Spices,26000721,2026,04,فاتورة مشتريات,الشركة التجارية,
LV0000321,شركة بيانات الحساب,Local Vendors,2800,0,طابعات كاش فان,,,26000149,2026,01,فاتورة مشتريات,الشركة التجارية,10577
LV0000317,شركة فاين لصناعة الورق الصحي,Local Vendors,2500,500,فاين كير حفاظات للكبار كبير 16 فوطة *1,1151126,Legumes & Spices,26000127,2026,01,فاتورة مشتريات,الشركة التجارية,
LV0000317,شركة فاين لصناعة الورق الصحي,Local Vendors,2500,500,فاين كير حفاظات للكبار وسط 20 فوطة *1,1151127,Legumes & Spices,26000127,2026,01,فاتورة مشتريات,الشركة التجارية,
LV0000317,شركة فاين لصناعة الورق الصحي,Local Vendors,620,200,بيبي فاين حفاظات أطفال وسط 46 فوطة *1,1151123,Legumes & Spices,26000128,2026,01,فاتورة مشتريات,الشركة التجارية,
LV0000317,شركة فاين لصناعة الورق الصحي,Local Vendors,1550,500,بيبي فاين حفاظات أطفال كبير 36 فوطة *1,1151125,Legumes & Spices,26000128,2026,01,فاتورة مشتريات,الشركة التجارية,
LV0000317,شركة فاين لصناعة الورق الصحي,Local Vendors,1500,300,فاين كير حفاظات للكبار وسط 20 فوطة *1,1151127,Legumes & Spices,26000310,2026,02,فاتورة مشتريات,الشركة التجارية,
LV0000317,شركة فاين لصناعة الورق الصحي,Local Vendors,2500,500,فاين كير حفاظات للكبار كبير 16 فوطة *1,1151126,Legumes & Spices,26000310,2026,02,فاتورة مشتريات,الشركة التجارية,
LV0000317,شركة فاين لصناعة الورق الصحي,Local Vendors,465,150,بيبي فاين حفاظات أطفال صغير 52 فوطة *1,1151124,Legumes & Spices,26000310,2026,02,فاتورة مشتريات,الشركة التجارية,
LV0000317,شركة فاين لصناعة الورق الصحي,Local Vendors,465,150,بيبي فاين حفاظات أطفال كبير 40 فوطة *1,1151136,Legumes & Spices,26000310,2026,02,فاتورة مشتريات,الشركة التجارية,
LV0000317,شركة فاين لصناعة الورق الصحي,Local Vendors,620,200,بيبي فاين حفاظات أطفال كبير 36 فوطة *1,1151125,Legumes & Spices,26000311,2026,02,فاتورة مشتريات,الشركة التجارية,
LV0000317,شركة فاين لصناعة الورق الصحي,Local Vendors,0,45,بيبي فاين حفاظات أطفال كبير 36 فوطة *1,1151125,Legumes & Spices,26000324,2026,02,فاتورة مشتريات,الشركة التجارية,
LV0000317,شركة فاين لصناعة الورق الصحي,Local Vendors,1293.3,300,بيبي فاين حفاظات أطفال كبير 36 فوطة *1,1151125,Legumes & Spices,26000324,2026,02,فاتورة مشتريات,الشركة التجارية,
LV0000317,شركة فاين لصناعة الورق الصحي,Local Vendors,2500,500,فاين كير حفاظات للكبار كبير 16 فوطة *1,1151126,Legumes & Spices,26000573,2026,02,فاتورة مشتريات,الشركة التجارية,
LV0000317,شركة فاين لصناعة الورق الصحي,Local Vendors,1785.6,576,بيبي فاين حفاظات أطفال صغير 52 فوطة *1,1151124,Legumes & Spices,26000603,2026,03,فاتورة مشتريات,الشركة التجارية,
LV0000317,شركة فاين لصناعة الورق الصحي,Local Vendors,2864.883,448,فاين كير حفاظات للكبار كبير 16 فوطة *1,1151126,Legumes & Spices,26000676,2026,03,فاتورة مشتريات,الشركة التجارية,
LV0000317,شركة فاين لصناعة الورق الصحي,Local Vendors,0.055,64,فاين كير حفاظات للكبار كبير 16 فوطة *1,1151126,Legumes & Spices,26000676,2026,03,فاتورة مشتريات,الشركة التجارية,
LV0000317,شركة فاين لصناعة الورق الصحي,Local Vendors,0.055,64,فاين كير حفاظات للكبار وسط 20 فوطة *1,1151127,Legumes & Spices,26000676,2026,03,فاتورة مشتريات,الشركة التجارية,
LV0000317,شركة فاين لصناعة الورق الصحي,Local Vendors,2864.884,448,فاين كير حفاظات للكبار وسط 20 فوطة *1,1151127,Legumes & Spices,26000676,2026,03,فاتورة مشتريات,الشركة التجارية,
LV0000317,شركة فاين لصناعة الورق الصحي,Local Vendors,1293.3,300,بيبي فاين حفاظات أطفال وسط 46 فوطة *1,1151123,Legumes & Spices,26000678,2026,03,فاتورة مشتريات,الشركة التجارية,
LV0000317,شركة فاين لصناعة الورق الصحي,Local Vendors,1293.3,300,بيبي فاين حفاظات أطفال كبير 40 فوطة *1,1151136,Legumes & Spices,26000678,2026,03,فاتورة مشتريات,الشركة التجارية,
LV0000317,شركة فاين لصناعة الورق الصحي,Local Vendors,1034.64,240,بيبي فاين حفاظات أطفال كبير 36 فوطة *1,1151125,Legumes & Spices,26000678,2026,03,فاتورة مشتريات,الشركة التجارية,
LV0000317,شركة فاين لصناعة الورق الصحي,Local Vendors,0.109,126,بيبي فاين حفاظات أطفال كبير 36 فوطة *1,1151125,Legumes & Spices,26000678,2026,03,فاتورة مشتريات,الشركة التجارية,
LV0000317,شركة فاين لصناعة الورق الصحي,Local Vendors,6000,1200,فاين كير حفاظات للكبار كبير 16 فوطة *1,1151126,Legumes & Spices,26000739,2026,04,فاتورة مشتريات,الشركة التجارية,
LV0000317,شركة فاين لصناعة الورق الصحي,Local Vendors,5576.897,10800,بيبي فاين حفاظات أطفال كبير 40 فوطة *1,1151136,Legumes & Spices,26000783,2026,04,فاتورة مشتريات,الشركة التجارية,
LV0000317,شركة فاين لصناعة الورق الصحي,Local Vendors,9300,3000,بيبي فاين حفاظات أطفال صغير 52 فوطة *1,1151124,Legumes & Spices,26000919,2026,05,فاتورة مشتريات,الشركة التجارية,
LV0000317,شركة فاين لصناعة الورق الصحي,Local Vendors,1860,600,بيبي فاين حفاظات أطفال كبير 40 فوطة *1,1151136,Legumes & Spices,26001051,2026,07,فاتورة مشتريات,الشركة التجارية,
LV0000317,شركة فاين لصناعة الورق الصحي,Local Vendors,1860,600,بيبي فاين حفاظات أطفال كبير 40 فوطة *1,1151136,Legumes & Spices,26001084,2026,07,فاتورة مشتريات,الشركة التجارية,
LV0000317,شركة فاين لصناعة الورق الصحي,Local Vendors,1804.2,582,بيبي فاين حفاظات أطفال صغير 52 فوطة *1,1151124,Legumes & Spices,26001085,2026,07,فاتورة مشتريات,الشركة التجارية,
LV0000317,شركة فاين لصناعة الورق الصحي,Local Vendors,7500,1500,فاين كير حفاظات للكبار كبير 16 فوطة *1,1151126,Legumes & Spices,26001086,2026,07,فاتورة مشتريات,الشركة التجارية,
LV0000317,شركة فاين لصناعة الورق الصحي,Local Vendors,7500,1500,فاين كير حفاظات للكبار كبير 16 فوطة *1,1151126,Legumes & Spices,26001087,2026,07,فاتورة مشتريات,الشركة التجارية,
LV0000317,شركة فاين لصناعة الورق الصحي,Local Vendors,1860,600,بيبي فاين حفاظات أطفال صغير 52 فوطة *1,1151124,Legumes & Spices,26001099,2026,07,فاتورة مشتريات,الشركة التجارية,
LV0000317,شركة فاين لصناعة الورق الصحي,Local Vendors,-1293.3,-300,بيبي فاين حفاظات أطفال وسط 46 فوطة *1,1151123,Legumes & Spices,26000016,2026,04,مرتجع مشتريات,الشركة التجارية,
LV0000317,شركة فاين لصناعة الورق الصحي,Local Vendors,-1293.3,-300,بيبي فاين حفاظات أطفال كبير 40 فوطة *1,1151136,Legumes & Spices,26000016,2026,04,مرتجع مشتريات,الشركة التجارية,
LV0000317,شركة فاين لصناعة الورق الصحي,Local Vendors,-1034.64,-240,بيبي فاين حفاظات أطفال كبير 36 فوطة *1,1151125,Legumes & Spices,26000016,2026,04,مرتجع مشتريات,الشركة التجارية,
LV0000317,شركة فاين لصناعة الورق الصحي,Local Vendors,-0.109,-126,بيبي فاين حفاظات أطفال كبير 36 فوطة *1,1151125,Legumes & Spices,26000016,2026,04,مرتجع مشتريات,الشركة التجارية,
LV0000317,شركة فاين لصناعة الورق الصحي,Local Vendors,-2864.884,-448,فاين كير حفاظات للكبار وسط 20 فوطة *1,1151127,Legumes & Spices,26000017,2026,04,مرتجع مشتريات,الشركة التجارية,
LV0000317,شركة فاين لصناعة الورق الصحي,Local Vendors,-0.055,-64,فاين كير حفاظات للكبار وسط 20 فوطة *1,1151127,Legumes & Spices,26000017,2026,04,مرتجع مشتريات,الشركة التجارية,
LV0000317,شركة فاين لصناعة الورق الصحي,Local Vendors,-2864.883,-448,فاين كير حفاظات للكبار كبير 16 فوطة *1,1151126,Legumes & Spices,26000017,2026,04,مرتجع مشتريات,الشركة التجارية,
LV0000317,شركة فاين لصناعة الورق الصحي,Local Vendors,-0.055,-64,فاين كير حفاظات للكبار كبير 16 فوطة *1,1151126,Legumes & Spices,26000017,2026,04,مرتجع مشتريات,الشركة التجارية,
LV0000317,شركة فاين لصناعة الورق الصحي,Local Vendors,-1293.3,-300,بيبي فاين حفاظات أطفال كبير 36 فوطة *1,1151125,Legumes & Spices,26000018,2026,04,مرتجع مشتريات,الشركة التجارية,
LV0000317,شركة فاين لصناعة الورق الصحي,Local Vendors,0,-45,بيبي فاين حفاظات أطفال كبير 36 فوطة *1,1151125,Legumes & Spices,26000018,2026,04,مرتجع مشتريات,الشركة التجارية,
LV0000317,شركة فاين لصناعة الورق الصحي,Local Vendors,-111.6,-36,بيبي فاين حفاظات أطفال كبير 40 فوطة *1,1151136,Legumes & Spices,26000041,2026,07,مرتجع مشتريات,الشركة التجارية,
LV0000322,جوهرة المدينة للادوات الكهربائية,Local Vendors,384.775,0,,,,26000015,2026,01,فاتورة مشتريات,الموقر,
LV0000322,جوهرة المدينة للادوات الكهربائية,Local Vendors,46.25,0,,,,26000016,2026,01,فاتورة مشتريات,الموقر,
LV0000322,جوهرة المدينة للادوات الكهربائية,Local Vendors,78.712,0,,,,26000017,2026,01,فاتورة مشتريات,الموقر,
LV0000322,جوهرة المدينة للادوات الكهربائية,Local Vendors,16.335,0,,,,26000018,2026,01,فاتورة مشتريات,الموقر,
LV0000322,جوهرة المدينة للادوات الكهربائية,Local Vendors,145,0,,,,26000039,2026,01,فاتورة مشتريات,الموقر,
LV0000322,جوهرة المدينة للادوات الكهربائية,Local Vendors,56,0,,,,26000067,2026,01,فاتورة مشتريات,الموقر,
LV0000322,جوهرة المدينة للادوات الكهربائية,Local Vendors,55.539,0,,,,26000068,2026,01,فاتورة مشتريات,الموقر,
LV0000322,جوهرة المدينة للادوات الكهربائية,Local Vendors,31.983,0,,,,26000071,2026,02,فاتورة مشتريات,الموقر,
LV0000322,جوهرة المدينة للادوات الكهربائية,Local Vendors,22.798,0,,,,26000094,2026,02,فاتورة مشتريات,الموقر,
LV0000322,جوهرة المدينة للادوات الكهربائية,Local Vendors,51.37,0,,,,26000112,2026,02,فاتورة مشتريات,الموقر,
LV0000322,جوهرة المدينة للادوات الكهربائية,Local Vendors,7.475,0,,,,26000135,2026,02,فاتورة مشتريات,الموقر,
LV0000322,جوهرة المدينة للادوات الكهربائية,Local Vendors,72.5,0,,,,26000136,2026,02,فاتورة مشتريات,الموقر,
LV0000322,جوهرة المدينة للادوات الكهربائية,Local Vendors,164.043,0,,,,26000141,2026,02,فاتورة مشتريات,الموقر,
LV0000322,جوهرة المدينة للادوات الكهربائية,Local Vendors,90.813,0,,,,26000147,2026,02,فاتورة مشتريات,الموقر,
LV0000322,جوهرة المدينة للادوات الكهربائية,Local Vendors,34,0,,,,26000168,2026,02,فاتورة مشتريات,الموقر,
LV0000322,جوهرة المدينة للادوات الكهربائية,Local Vendors,33,0,,,,26000169,2026,02,فاتورة مشتريات,الموقر,
LV0000322,جوهرة المدينة للادوات الكهربائية,Local Vendors,90.12,0,,,,26000187,2026,02,فاتورة مشتريات,الموقر,
LV0000322,جوهرة المدينة للادوات الكهربائية,Local Vendors,37.676,0,,,,26000191,2026,03,فاتورة مشتريات,الموقر,
LV0000322,جوهرة المدينة للادوات الكهربائية,Local Vendors,527.65,0,,,,26000212,2026,03,فاتورة مشتريات,الموقر,
LV0000322,جوهرة المدينة للادوات الكهربائية,Local Vendors,676.894,0,,,,26000235,2026,03,فاتورة مشتريات,الموقر,
LV0000322,جوهرة المدينة للادوات الكهربائية,Local Vendors,132.135,0,,,,26000242,2026,03,فاتورة مشتريات,الموقر,
LV0000322,جوهرة المدينة للادوات الكهربائية,Local Vendors,126.92,0,,,,26000260,2026,03,فاتورة مشتريات,الموقر,
LV0000322,جوهرة المدينة للادوات الكهربائية,Local Vendors,163.088,0,,,,26000279,2026,04,فاتورة مشتريات,الموقر,
LV0000322,جوهرة المدينة للادوات الكهربائية,Local Vendors,252,0,,,,26000309,2026,04,فاتورة مشتريات,الموقر,
LV0000322,جوهرة المدينة للادوات الكهربائية,Local Vendors,1005,0,,,,26000310,2026,04,فاتورة مشتريات,الموقر,
LV0000322,جوهرة المدينة للادوات الكهربائية,Local Vendors,14.45,0,,,,26000328,2026,04,فاتورة مشتريات,الموقر,
LV0000322,جوهرة المدينة للادوات الكهربائية,Local Vendors,592.5,0,,,,26000368,2026,04,فاتورة مشتريات,الموقر,
LV0000322,جوهرة المدينة للادوات الكهربائية,Local Vendors,45,0,,,,26000369,2026,04,فاتورة مشتريات,الموقر,
LV0000322,جوهرة المدينة للادوات الكهربائية,Local Vendors,62.65,0,,,,26000389,2026,05,فاتورة مشتريات,الموقر,
LV0000322,جوهرة المدينة للادوات الكهربائية,Local Vendors,250,0,,,,26000390,2026,05,فاتورة مشتريات,الموقر,
LV0000322,جوهرة المدينة للادوات الكهربائية,Local Vendors,14.35,0,,,,26000413,2026,05,فاتورة مشتريات,الموقر,
LV0000322,جوهرة المدينة للادوات الكهربائية,Local Vendors,19.2,0,,,,26000453,2026,06,فاتورة مشتريات,الموقر,
LV0000322,جوهرة المدينة للادوات الكهربائية,Local Vendors,66,0,,,,26000463,2026,06,فاتورة مشتريات,الموقر,
LV0000322,جوهرة المدينة للادوات الكهربائية,Local Vendors,100,0,,,,26000480,2026,06,فاتورة مشتريات,الموقر,
LV0000322,جوهرة المدينة للادوات الكهربائية,Local Vendors,34.4,0,,,,26000492,2026,06,فاتورة مشتريات,الموقر,
LV0000322,جوهرة المدينة للادوات الكهربائية,Local Vendors,158.95,0,,,,26000501,2026,06,فاتورة مشتريات,الموقر,
LV0000322,جوهرة المدينة للادوات الكهربائية,Local Vendors,80,0,,,,26000502,2026,06,فاتورة مشتريات,الموقر,
LV0000322,جوهرة المدينة للادوات الكهربائية,Local Vendors,64.95,0,,,,26000536,2026,07,فاتورة مشتريات,الموقر,
LV0000322,جوهرة المدينة للادوات الكهربائية,Local Vendors,32.4,0,,,,26000548,2026,07,فاتورة مشتريات,الموقر,
LV0000343,شركة حياه الطفل لصناعة المنتجات الصحية,Local Vendors,499.395,2535,"كرتون شيخ الكار حلاوة 700/800 غم (فستق،سادة،شوكولاتة،ملوكي) دمعة",1181113,Package & Labeling,26000382,2026,05,فاتورة مشتريات,الموقر,
LV0000343,شركة حياه الطفل لصناعة المنتجات الصحية,Local Vendors,644.19,3270,"كرتون شيخ الكار حلاوة 700/800 غم (فستق،سادة،شوكولاتة،ملوكي) دمعة",1181113,Package & Labeling,26000045,2026,01,فاتورة مشتريات,الموقر,
LV0000343,شركة حياه الطفل لصناعة المنتجات الصحية,Local Vendors,999.775,5075,"كرتون شيخ الكار حلاوة 700/800 غم (فستق،سادة،شوكولاتة،ملوكي) دمعة",1181113,Package & Labeling,26000115,2026,02,فاتورة مشتريات,الموقر,
LV0000343,شركة حياه الطفل لصناعة المنتجات الصحية,Local Vendors,482.51,2135,كرتون ميار حلاوة 1300 غم رشة فستق,1181014,Package & Labeling,26000158,2026,02,فاتورة مشتريات,الموقر,
LV0000343,شركة حياه الطفل لصناعة المنتجات الصحية,Local Vendors,464.92,2360,كرتون متعدد حلاوة 800 غم دمعة,1181024,Package & Labeling,26000495,2026,06,فاتورة مشتريات,الموقر,
LV0000323,المنيري لمنتجات الذرة,Local Vendors,18183,57000,جلوكوز,1171010,Raw material,26000553,2026,07,فاتورة مشتريات,الموقر,
LV0000328,شركة زهرة الضياء لبيع القهوة والبهارات,Local Vendors,3800,200,فستق حلبي,1171011,Raw material,26000083,2026,02,فاتورة مشتريات,الموقر,
LV0000328,شركة زهرة الضياء لبيع القهوة والبهارات,Local Vendors,950,50,فستق حلبي,1171011,Raw material,26000084,2026,02,فاتورة مشتريات,الموقر,
LV0000328,شركة زهرة الضياء لبيع القهوة والبهارات,Local Vendors,4750,250,فستق حلبي,1171011,Raw material,26000157,2026,02,فاتورة مشتريات,الموقر,
LV0000328,شركة زهرة الضياء لبيع القهوة والبهارات,Local Vendors,780,40,فستق حلبي,1171011,Raw material,26000163,2026,02,فاتورة مشتريات,الموقر,
LV0000328,شركة زهرة الضياء لبيع القهوة والبهارات,Local Vendors,2925,150,فستق حلبي,1171011,Raw material,26000174,2026,02,فاتورة مشتريات,الموقر,
LV0000328,شركة زهرة الضياء لبيع القهوة والبهارات,Local Vendors,2730,140,فستق حلبي,1171011,Raw material,26000194,2026,02,فاتورة مشتريات,الموقر,
LV0000328,شركة زهرة الضياء لبيع القهوة والبهارات,Local Vendors,2340,120,فستق حلبي,1171011,Raw material,26000202,2026,03,فاتورة مشتريات,الموقر,
LV0000328,شركة زهرة الضياء لبيع القهوة والبهارات,Local Vendors,3900,200,فستق حلبي,1171011,Raw material,26000222,2026,03,فاتورة مشتريات,الموقر,
LV0000328,شركة زهرة الضياء لبيع القهوة والبهارات,Local Vendors,6000,300,فستق حلبي,1171011,Raw material,26000299,2026,04,فاتورة مشتريات,الموقر,
LV0000328,شركة زهرة الضياء لبيع القهوة والبهارات,Local Vendors,5700,300,فستق حلبي,1171011,Raw material,26000385,2026,05,فاتورة مشتريات,الموقر,
LV0000328,شركة زهرة الضياء لبيع القهوة والبهارات,Local Vendors,6000,300,فستق حلبي,1171011,Raw material,26000308,2026,04,فاتورة مشتريات,الموقر,
LV0000328,شركة زهرة الضياء لبيع القهوة والبهارات,Local Vendors,3800,200,فستق حلبي,1171011,Raw material,26000386,2026,05,فاتورة مشتريات,الموقر,
LV0000328,شركة زهرة الضياء لبيع القهوة والبهارات,Local Vendors,3800,200,فستق حلبي,1171011,Raw material,26000272,2026,03,فاتورة مشتريات,الموقر,
LV0000328,شركة زهرة الضياء لبيع القهوة والبهارات,Local Vendors,5250,250,فستق حلبي,1171011,Raw material,26000408,2026,05,فاتورة مشتريات,الموقر,
LV0000328,شركة زهرة الضياء لبيع القهوة والبهارات,Local Vendors,5700,300,فستق حلبي,1171011,Raw material,26000302,2026,01,فاتورة مشتريات,الموقر,
LV0000328,شركة زهرة الضياء لبيع القهوة والبهارات,Local Vendors,5700,300,فستق حلبي,1171011,Raw material,26000271,2026,01,فاتورة مشتريات,الموقر,
LV0000328,شركة زهرة الضياء لبيع القهوة والبهارات,Local Vendors,-5700,-300,فستق حلبي,1171011,Raw material,26000028,2026,01,مرتجع مشتريات,الموقر,
LV0000328,شركة زهرة الضياء لبيع القهوة والبهارات,Local Vendors,-3800,-200,فستق حلبي,1171011,Raw material,26000014,2026,03,مرتجع مشتريات,الموقر,
LV0000328,شركة زهرة الضياء لبيع القهوة والبهارات,Local Vendors,-5700,-300,فستق حلبي,1171011,Raw material,26000030,2026,01,مرتجع مشتريات,الموقر,
LV0000346,مؤسسة مجدي القعابرة للخدمات المطبعية,Local Vendors,180,0,,,,26000138,2026,02,فاتورة مشتريات,الموقر,
LV0000346,مؤسسة مجدي القعابرة للخدمات المطبعية,Local Vendors,100,0,,,,26000189,2026,03,فاتورة مشتريات,الموقر,
LV0000346,مؤسسة مجدي القعابرة للخدمات المطبعية,Local Vendors,168,0,,,,26000507,2026,06,فاتورة مشتريات,الموقر,
LV0000310,شركة أوج لهندسة المياه,Local Vendors,1620,0,,,,26000298,2026,04,فاتورة مشتريات,الموقر,
LV0000356,شركة خليل شامي وشريكه,Local Vendors,44.75,0,,,,26000019,2026,01,فاتورة مشتريات,الموقر,
LV0000356,شركة خليل شامي وشريكه,Local Vendors,21.6,0,,,,26000023,2026,01,فاتورة مشتريات,الموقر,
LV0000356,شركة خليل شامي وشريكه,Local Vendors,134.9,0,,,,26000024,2026,01,فاتورة مشتريات,الموقر,
LV0000356,شركة خليل شامي وشريكه,Local Vendors,11.25,0,,,,26000025,2026,01,فاتورة مشتريات,الموقر,
LV0000356,شركة خليل شامي وشريكه,Local Vendors,88.6,0,,,,26000065,2026,01,فاتورة مشتريات,الموقر,
LV0000356,شركة خليل شامي وشريكه,Local Vendors,55,0,,,,26000066,2026,01,فاتورة مشتريات,الموقر,
LV0000356,شركة خليل شامي وشريكه,Local Vendors,106,0,,,,26000072,2026,02,فاتورة مشتريات,الموقر,
LV0000356,شركة خليل شامي وشريكه,Local Vendors,70.95,0,,,,26000101,2026,02,فاتورة مشتريات,الموقر,
LV0000356,شركة خليل شامي وشريكه,Local Vendors,18,0,,,,26000183,2026,02,فاتورة مشتريات,الموقر,
LV0000356,شركة خليل شامي وشريكه,Local Vendors,9,0,,,,26000184,2026,02,فاتورة مشتريات,الموقر,
LV0000356,شركة خليل شامي وشريكه,Local Vendors,153.8,0,,,,26000263,2026,03,فاتورة مشتريات,الموقر,
LV0000356,شركة خليل شامي وشريكه,Local Vendors,57.843,0,,,,26000285,2026,04,فاتورة مشتريات,الموقر,
LV0000356,شركة خليل شامي وشريكه,Local Vendors,27,0,,,,26000297,2026,04,فاتورة مشتريات,الموقر,
LV0000356,شركة خليل شامي وشريكه,Local Vendors,4,0,,,,26000349,2026,04,فاتورة مشتريات,الموقر,
LV0000356,شركة خليل شامي وشريكه,Local Vendors,18.6,0,,,,26000359,2026,04,فاتورة مشتريات,الموقر,
LV0000356,شركة خليل شامي وشريكه,Local Vendors,27,0,,,,26000360,2026,04,فاتورة مشتريات,الموقر,
LV0000356,شركة خليل شامي وشريكه,Local Vendors,80,0,,,,26000361,2026,04,فاتورة مشتريات,الموقر,
LV0000356,شركة خليل شامي وشريكه,Local Vendors,435.4,0,,,,26000370,2026,05,فاتورة مشتريات,الموقر,
LV0000356,شركة خليل شامي وشريكه,Local Vendors,88.75,0,,,,26000398,2026,05,فاتورة مشتريات,الموقر,
LV0000356,شركة خليل شامي وشريكه,Local Vendors,72,0,,,,26000411,2026,05,فاتورة مشتريات,الموقر,
LV0000356,شركة خليل شامي وشريكه,Local Vendors,230.75,0,,,,26000442,2026,06,فاتورة مشتريات,الموقر,
LV0000356,شركة خليل شامي وشريكه,Local Vendors,21,0,,,,26000444,2026,06,فاتورة مشتريات,الموقر,
LV0000356,شركة خليل شامي وشريكه,Local Vendors,29.5,0,,,,26000457,2026,06,فاتورة مشتريات,الموقر,
LV0000356,شركة خليل شامي وشريكه,Local Vendors,13.5,0,,,,26000458,2026,06,فاتورة مشتريات,الموقر,
LV0000356,شركة خليل شامي وشريكه,Local Vendors,9,0,,,,26000459,2026,06,فاتورة مشتريات,الموقر,
LV0000356,شركة خليل شامي وشريكه,Local Vendors,549.75,0,,,,26000465,2026,06,فاتورة مشتريات,الموقر,
LV0000356,شركة خليل شامي وشريكه,Local Vendors,26.15,0,,,,26000476,2026,06,فاتورة مشتريات,الموقر,
LV0000356,شركة خليل شامي وشريكه,Local Vendors,280,0,,,,26000477,2026,06,فاتورة مشتريات,الموقر,
LV0000356,شركة خليل شامي وشريكه,Local Vendors,5.75,0,,,,26000481,2026,06,فاتورة مشتريات,الموقر,
LV0000356,شركة خليل شامي وشريكه,Local Vendors,66,0,,,,26000482,2026,06,فاتورة مشتريات,الموقر,
LV0000356,شركة خليل شامي وشريكه,Local Vendors,15,0,,,,26000483,2026,06,فاتورة مشتريات,الموقر,
LV0000356,شركة خليل شامي وشريكه,Local Vendors,35.6,0,,,,26000490,2026,06,فاتورة مشتريات,الموقر,
LV0000356,شركة خليل شامي وشريكه,Local Vendors,6.05,0,,,,26000503,2026,06,فاتورة مشتريات,الموقر,
LV0000356,شركة خليل شامي وشريكه,Local Vendors,4.5,0,,,,26000509,2026,07,فاتورة مشتريات,الموقر,
LV0000356,شركة خليل شامي وشريكه,Local Vendors,53.6,0,,,,26000525,2026,07,فاتورة مشتريات,الموقر,
LV0000356,شركة خليل شامي وشريكه,Local Vendors,178.3,0,,,,26000526,2026,07,فاتورة مشتريات,الموقر,
LV0000356,شركة خليل شامي وشريكه,Local Vendors,38.125,0,,,,26000549,2026,07,فاتورة مشتريات,الموقر,
LV0000356,شركة خليل شامي وشريكه,Local Vendors,-290,0,,,,26000012,2026,05,مرتجع مشتريات,الموقر,
LV0000329,شركة برافو لصناعة المكسرات والشوكولاته,Local Vendors,158.76,22.68,مكسرات مشكلة,1171012,Raw material,26000321,2026,03,فاتورة مشتريات,الموقر,
LV0000329,شركة برافو لصناعة المكسرات والشوكولاته,Local Vendors,124.74,22.68,مكسرات مشكلة,1171012,Raw material,26000321,2026,03,فاتورة مشتريات,الموقر,
LV0000329,شركة برافو لصناعة المكسرات والشوكولاته,Local Vendors,165.564,22.68,مكسرات مشكلة,1171012,Raw material,26000446,2026,06,فاتورة مشتريات,الموقر,
LV0000329,شركة برافو لصناعة المكسرات والشوكولاته,Local Vendors,117.233,22.68,مكسرات مشكلة,1171012,Raw material,26000446,2026,06,فاتورة مشتريات,الموقر,
LV0000332,شركة المطاحن الهاشمية المحدودة,Local Vendors,9828,25.2,سكر 50 كعم 20*50,1081001,Sugar,26000052,2026,01,فاتورة مشتريات,الموقر,
LV0000332,شركة المطاحن الهاشمية المحدودة,Local Vendors,1950,5,سكر 50 كعم 20*50,1081001,Sugar,26000248,2026,03,فاتورة مشتريات,الموقر,
LV0000332,شركة المطاحن الهاشمية المحدودة,Local Vendors,21168,50.4,سكر 50 كعم 20*50,1081001,Sugar,26000341,2026,04,فاتورة مشتريات,الموقر,
LV0000340,بعيا للتخليص على البضائع,Local Vendors,736,0,Shipping,,,26000554,2026,07,فاتورة مشتريات,الموقر,
LV0000340,بعيا للتخليص على البضائع,Local Vendors,32,0,Customs,,,26000554,2026,07,فاتورة مشتريات,الموقر,
LV0000340,بعيا للتخليص على البضائع,Local Vendors,175,0,Clearance,,,26000554,2026,07,فاتورة مشتريات,الموقر,
LV0000355,مؤسسة التعافي للمستلزمات الطبية,Local Vendors,235,0,,,,26000073,2026,02,فاتورة مشتريات,الموقر,
LV0000355,مؤسسة التعافي للمستلزمات الطبية,Local Vendors,85,0,,,,26000074,2026,02,فاتورة مشتريات,الموقر,
LV0000355,مؤسسة التعافي للمستلزمات الطبية,Local Vendors,185,0,,,,26000381,2026,05,فاتورة مشتريات,الموقر,
LV0000355,مؤسسة التعافي للمستلزمات الطبية,Local Vendors,158,0,,,,26000213,2026,03,فاتورة مشتريات,الموقر,
LV0000355,مؤسسة التعافي للمستلزمات الطبية,Local Vendors,139,0,,,,26000258,2026,03,فاتورة مشتريات,الموقر,
LV0000355,مؤسسة التعافي للمستلزمات الطبية,Local Vendors,560,0,,,,26000329,2026,04,فاتورة مشتريات,الموقر,
LV0000355,مؤسسة التعافي للمستلزمات الطبية,Local Vendors,255,0,,,,26000355,2026,01,فاتورة مشتريات,الموقر,
LV0000355,مؤسسة التعافي للمستلزمات الطبية,Local Vendors,410,0,,,,26000443,2026,06,فاتورة مشتريات,الموقر,
LV0000441,ابن رشد لتكنولوجيا المياه,Local Vendors,54,0,,,,26000286,2026,04,فاتورة مشتريات,الموقر,
LV0000441,ابن رشد لتكنولوجيا المياه,Local Vendors,170,0,,,,26000137,2026,02,فاتورة مشتريات,الموقر,
LV0000420,شركة الحلول الدولية للمواد الغذائية,Local Vendors,7450,20,سكر 50 كعم 20*50,1081001,Sugar,26000165,2026,02,فاتورة مشتريات,الموقر,
LV0000420,شركة الحلول الدولية للمواد الغذائية,Local Vendors,7450,20,سكر 50 كعم 20*50,1081001,Sugar,26000166,2026,02,فاتورة مشتريات,الموقر,
LV0000420,شركة الحلول الدولية للمواد الغذائية,Local Vendors,3725,10,سكر 50 كعم 20*50,1081001,Sugar,26000175,2026,02,فاتورة مشتريات,الموقر,
LV0000420,شركة الحلول الدولية للمواد الغذائية,Local Vendors,7450,20,سكر 50 كعم 20*50,1081001,Sugar,26000182,2026,02,فاتورة مشتريات,الموقر,
LV0000420,شركة الحلول الدولية للمواد الغذائية,Local Vendors,7450,20,سكر 50 كعم 20*50,1081001,Sugar,26000199,2026,03,فاتورة مشتريات,الموقر,
LV0000420,شركة الحلول الدولية للمواد الغذائية,Local Vendors,7450,20,سكر 50 كعم 20*50,1081001,Sugar,26000201,2026,03,فاتورة مشتريات,الموقر,
LV0000420,شركة الحلول الدولية للمواد الغذائية,Local Vendors,7450,20,سكر 50 كعم 20*50,1081001,Sugar,26000208,2026,03,فاتورة مشتريات,الموقر,
LV0000420,شركة الحلول الدولية للمواد الغذائية,Local Vendors,5587.5,15,سكر 50 كعم 20*50,1081001,Sugar,26000218,2026,03,فاتورة مشتريات,الموقر,
LV0000420,شركة الحلول الدولية للمواد الغذائية,Local Vendors,5587.5,15,سكر 50 كعم 20*50,1081001,Sugar,26000219,2026,03,فاتورة مشتريات,الموقر,
LV0000420,شركة الحلول الدولية للمواد الغذائية,Local Vendors,7450,20,سكر 50 كعم 20*50,1081001,Sugar,26000220,2026,03,فاتورة مشتريات,الموقر,
LV0000420,شركة الحلول الدولية للمواد الغذائية,Local Vendors,7450,20,سكر 50 كعم 20*50,1081001,Sugar,26000230,2026,03,فاتورة مشتريات,الموقر,
LV0000420,شركة الحلول الدولية للمواد الغذائية,Local Vendors,7450,20,سكر 50 كعم 20*50,1081001,Sugar,26000237,2026,03,فاتورة مشتريات,الموقر,
LV0000420,شركة الحلول الدولية للمواد الغذائية,Local Vendors,7450,20,سكر 50 كعم 20*50,1081001,Sugar,26000238,2026,03,فاتورة مشتريات,الموقر,
LV0000420,شركة الحلول الدولية للمواد الغذائية,Local Vendors,7450,20,سكر 50 كعم 20*50,1081001,Sugar,26000239,2026,03,فاتورة مشتريات,الموقر,
LV0000420,شركة الحلول الدولية للمواد الغذائية,Local Vendors,5587.5,15,سكر 50 كعم 20*50,1081001,Sugar,26000240,2026,03,فاتورة مشتريات,الموقر,
LV0000420,شركة الحلول الدولية للمواد الغذائية,Local Vendors,7450,20,سكر 50 كعم 20*50,1081001,Sugar,26000241,2026,03,فاتورة مشتريات,الموقر,
LV0000420,شركة الحلول الدولية للمواد الغذائية,Local Vendors,1862.5,5,سكر 50 كعم 20*50,1081001,Sugar,26000255,2026,03,فاتورة مشتريات,الموقر,
LV0000420,شركة الحلول الدولية للمواد الغذائية,Local Vendors,5812.5,15,سكر 50 كعم 20*50,1081001,Sugar,26000255,2026,03,فاتورة مشتريات,الموقر,
LV0000420,شركة الحلول الدولية للمواد الغذائية,Local Vendors,7450,20,سكر 50 كعم 20*50,1081001,Sugar,26000256,2026,03,فاتورة مشتريات,الموقر,
LV0000420,شركة الحلول الدولية للمواد الغذائية,Local Vendors,-7450,-20,سكر 50 كعم 20*50,1081001,Sugar,26000015,2026,05,مرتجع مشتريات,الموقر,
LV0000379,شركة الزنبقة,Local Vendors,18535,1000,فستق حلبي,1171011,Raw material,26000119,2026,01,فاتورة مشتريات,الموقر,
LV0000387,شركة جراند للصناعات البلاستيكية,Local Vendors,1342.44,7458,النور طحينية 1 كغم 1*12,1011059,Tahini & Serge oil,26000008,2026,01,فاتورة مشتريات,الموقر,
LV0000387,شركة جراند للصناعات البلاستيكية,Local Vendors,147.42,1134,الموسم طحينية 400 غم 1*12,1011101,Tahini & Serge oil,26000008,2026,01,فاتورة مشتريات,الموقر,
LV0000387,شركة جراند للصناعات البلاستيكية,Local Vendors,1560,12000,مرتبان النور طحينية 500 غم,1181043,Package & Labeling,26000009,2026,01,فاتورة مشتريات,الموقر,
LV0000387,شركة جراند للصناعات البلاستيكية,Local Vendors,460.8,1440,علب شيخ الكار حلاوة 2300 غم فستق,1181435,Package & Labeling,26000009,2026,01,فاتورة مشتريات,الموقر,
LV0000387,شركة جراند للصناعات البلاستيكية,Local Vendors,1126.4,3520,علب شيخ الكار حلاوة 1300 غم فستق,1181280,Package & Labeling,26000331,2026,04,فاتورة مشتريات,الموقر,
LV0000387,شركة جراند للصناعات البلاستيكية,Local Vendors,147.42,1134,مرتبان الموسم طحينية 400 غم,1181056,Package & Labeling,26000051,2026,01,فاتورة مشتريات,الموقر,
LV0000387,شركة جراند للصناعات البلاستيكية,Local Vendors,1342.44,7458,مرتبان النور طحينية 1 كغم,1181038,Package & Labeling,26000051,2026,01,فاتورة مشتريات,الموقر,
LV0000387,شركة جراند للصناعات البلاستيكية,Local Vendors,327.6,2520,مرتبان تمور البركة طحينية 400 غم,1181039,Package & Labeling,26000063,2026,01,فاتورة مشتريات,الموقر,
LV0000387,شركة جراند للصناعات البلاستيكية,Local Vendors,347.2,1240,علب شيخ الكار حلاوة 1300 غم فستق,1181280,Package & Labeling,26000063,2026,01,فاتورة مشتريات,الموقر,
LV0000387,شركة جراند للصناعات البلاستيكية,Local Vendors,1179.36,9072,مرتبان تمور البركة طحينية 400 غم,1181039,Package & Labeling,26000075,2026,02,فاتورة مشتريات,الموقر,
LV0000387,شركة جراند للصناعات البلاستيكية,Local Vendors,475.02,3654,مرتبان الموسم طحينية 400 غم,1181056,Package & Labeling,26000075,2026,02,فاتورة مشتريات,الموقر,
LV0000387,شركة جراند للصناعات البلاستيكية,Local Vendors,235.2,840,علب ميار حلاوة 1300 غم رشة فستق,1181378,Package & Labeling,26000085,2026,02,فاتورة مشتريات,الموقر,
LV0000387,شركة جراند للصناعات البلاستيكية,Local Vendors,204.8,640,علب شيخ الكار حلاوة 2300 غم فستق,1181435,Package & Labeling,26000085,2026,02,فاتورة مشتريات,الموقر,
LV0000387,شركة جراند للصناعات البلاستيكية,Local Vendors,588.8,1840,علب ميار حلاوة 2300 غم رشة فستق,1181375,Package & Labeling,26000086,2026,02,فاتورة مشتريات,الموقر,
LV0000387,شركة جراند للصناعات البلاستيكية,Local Vendors,268.8,960,علب ميار حلاوة 1300 غم رشة فستق,1181378,Package & Labeling,26000086,2026,02,فاتورة مشتريات,الموقر,
LV0000387,شركة جراند للصناعات البلاستيكية,Local Vendors,711.2,2540,علب الموسم حلاوة 1300 غم رشة فستق,1181557,Package & Labeling,26000107,2026,02,فاتورة مشتريات,الموقر,
LV0000387,شركة جراند للصناعات البلاستيكية,Local Vendors,640,2000,علب شيخ الكار حلاوة 2300 غم فستق,1181435,Package & Labeling,26000107,2026,02,فاتورة مشتريات,الموقر,
LV0000387,شركة جراند للصناعات البلاستيكية,Local Vendors,330,600,جاط شيخ الكار حلاوة 3 كغم فستق,1181329,Package & Labeling,26000107,2026,02,فاتورة مشتريات,الموقر,
LV0000387,شركة جراند للصناعات البلاستيكية,Local Vendors,231,420,جاط شيخ الكار حلاوة 3 كغم سادة,1181309,Package & Labeling,26000107,2026,02,فاتورة مشتريات,الموقر,
LV0000387,شركة جراند للصناعات البلاستيكية,Local Vendors,216,2400,مرتبان ميار طحينية 250 غم,1181236,Package & Labeling,26000107,2026,02,فاتورة مشتريات,الموقر,
LV0000387,شركة جراند للصناعات البلاستيكية,Local Vendors,268.8,960,علب الموسم حلاوة 1300 غم رشة فستق,1181557,Package & Labeling,26000108,2026,02,فاتورة مشتريات,الموقر,
LV0000387,شركة جراند للصناعات البلاستيكية,Local Vendors,134.94,1038,مرتبان ميار طحينية 550 غم,1181237,Package & Labeling,26000108,2026,02,فاتورة مشتريات,الموقر,
LV0000387,شركة جراند للصناعات البلاستيكية,Local Vendors,255.06,1962,مرتبان ميار طحينية 550 غم,1181237,Package & Labeling,26000109,2026,02,فاتورة مشتريات,الموقر,
LV0000387,شركة جراند للصناعات البلاستيكية,Local Vendors,538.38,5982,مرتبان الموسم طحينية 250 غم,1181054,Package & Labeling,26000109,2026,02,فاتورة مشتريات,الموقر,
LV0000387,شركة جراند للصناعات البلاستيكية,Local Vendors,782.73,6021,مرتبان لوكسر طحينية 450 غم بني,1181240,Package & Labeling,26000109,2026,02,فاتورة مشتريات,الموقر,
LV0000387,شركة جراند للصناعات البلاستيكية,Local Vendors,327.6,2520,مرتبان الموسم طحينية 400 غم,1181056,Package & Labeling,26000109,2026,02,فاتورة مشتريات,الموقر,
LV0000387,شركة جراند للصناعات البلاستيكية,Local Vendors,486,5400,مرتبان ميار طحينية 250 غم,1181236,Package & Labeling,26000113,2026,02,فاتورة مشتريات,الموقر,
LV0000387,شركة جراند للصناعات البلاستيكية,Local Vendors,179.2,560,علب شيخ الكار حلاوة 2300 غم فستق,1181435,Package & Labeling,26000113,2026,02,فاتورة مشتريات,الموقر,
LV0000387,شركة جراند للصناعات البلاستيكية,Local Vendors,99,180,جاط شيخ الكار حلاوة 3 كغم سادة,1181309,Package & Labeling,26000113,2026,02,فاتورة مشتريات,الموقر,
LV0000387,شركة جراند للصناعات البلاستيكية,Local Vendors,302.4,1080,علب الموسم حلاوة 1300 غم رشة فستق,1181557,Package & Labeling,26000117,2026,02,فاتورة مشتريات,الموقر,
LV0000387,شركة جراند للصناعات البلاستيكية,Local Vendors,117.6,420,علب الموسم حلاوة 1300 غم رشة فستق,1181557,Package & Labeling,26000118,2026,02,فاتورة مشتريات,الموقر,
LV0000387,شركة جراند للصناعات البلاستيكية,Local Vendors,56,200,علب شيخ الكار حلاوة 1300 غم فستق,1181280,Package & Labeling,26000123,2026,02,فاتورة مشتريات,الموقر,
LV0000387,شركة جراند للصناعات البلاستيكية,Local Vendors,196.56,1512,مرتبان ميار طحينية 550 غم,1181237,Package & Labeling,26000131,2026,02,فاتورة مشتريات,الموقر,
LV0000387,شركة جراند للصناعات البلاستيكية,Local Vendors,336,1200,علب شيخ الكار حلاوة 1300 غم فستق,1181280,Package & Labeling,26000131,2026,02,فاتورة مشتريات,الموقر,
LV0000387,شركة جراند للصناعات البلاستيكية,Local Vendors,684,7600,مرتبان ميار طحينية 250 غم,1181236,Package & Labeling,26000131,2026,02,فاتورة مشتريات,الموقر,
LV0000387,شركة جراند للصناعات البلاستيكية,Local Vendors,873.6,3120,علب شيخ الكار حلاوة 1300 غم فستق,1181280,Package & Labeling,26000140,2026,02,فاتورة مشتريات,الموقر,
LV0000387,شركة جراند للصناعات البلاستيكية,Local Vendors,421.07,3239,مرتبان ميار طحينية 550 غم,1181237,Package & Labeling,26000140,2026,02,فاتورة مشتريات,الموقر,
LV0000387,شركة جراند للصناعات البلاستيكية,Local Vendors,455.56,1627,علب ميار حلاوة 1300 غم رشة فستق,1181378,Package & Labeling,26000140,2026,02,فاتورة مشتريات,الموقر,
LV0000387,شركة جراند للصناعات البلاستيكية,Local Vendors,982.8,7560,مرتبان الموسم طحينية 400 غم,1181056,Package & Labeling,26000143,2026,02,فاتورة مشتريات,الموقر,
LV0000387,شركة جراند للصناعات البلاستيكية,Local Vendors,421.65,4685,مرتبان ميار طحينية 250 غم,1181236,Package & Labeling,26000143,2026,02,فاتورة مشتريات,الموقر,
LV0000387,شركة جراند للصناعات البلاستيكية,Local Vendors,762.72,2724,علب ميار حلاوة 1300 غم رشة فستق,1181378,Package & Labeling,26000143,2026,02,فاتورة مشتريات,الموقر,
LV0000387,شركة جراند للصناعات البلاستيكية,Local Vendors,940.8,4480,مرتبان النور طحينية 1 كغم,1181038,Package & Labeling,26000384,2026,05,فاتورة مشتريات,الموقر,
LV0000387,شركة جراند للصناعات البلاستيكية,Local Vendors,518.4,1620,علب الموسم حلاوة 1300 غم رشة فستق,1181557,Package & Labeling,26000384,2026,05,فاتورة مشتريات,الموقر,
LV0000387,شركة جراند للصناعات البلاستيكية,Local Vendors,540,6000,مرتبان الموسم طحينية 250 غم,1181054,Package & Labeling,26000178,2026,02,فاتورة مشتريات,الموقر,
LV0000387,شركة جراند للصناعات البلاستيكية,Local Vendors,507.78,3906,مرتبان الموسم طحينية 400 غم,1181056,Package & Labeling,26000178,2026,02,فاتورة مشتريات,الموقر,
LV0000387,شركة جراند للصناعات البلاستيكية,Local Vendors,806.4,2880,علب شيخ الكار حلاوة 1300 غم فستق,1181280,Package & Labeling,26000190,2026,02,فاتورة مشتريات,الموقر,
LV0000387,شركة جراند للصناعات البلاستيكية,Local Vendors,1500,10000,مرتبان الوادي طحينية 454 غم,1181508,Package & Labeling,26000200,2026,03,فاتورة مشتريات,الموقر,
LV0000387,شركة جراند للصناعات البلاستيكية,Local Vendors,1068.84,11876,مرتبان ميار طحينية 250 غم,1181236,Package & Labeling,26000206,2026,03,فاتورة مشتريات,الموقر,
LV0000387,شركة جراند للصناعات البلاستيكية,Local Vendors,320,1000,علب الميلاد حلاوة 2300 غم,1181248,Package & Labeling,26000206,2026,03,فاتورة مشتريات,الموقر,
LV0000387,شركة جراند للصناعات البلاستيكية,Local Vendors,571.2,2040,علب ميار حلاوة 1300 غم رشة فستق,1181378,Package & Labeling,26000206,2026,03,فاتورة مشتريات,الموقر,
LV0000387,شركة جراند للصناعات البلاستيكية,Local Vendors,806.4,2880,علب شيخ الكار حلاوة 1300 غم فستق,1181280,Package & Labeling,26000233,2026,03,فاتورة مشتريات,الموقر,
LV0000387,شركة جراند للصناعات البلاستيكية,Local Vendors,1050,10000,مرتبان ميار طحينية 250 غم,1181236,Package & Labeling,26000267,2026,03,فاتورة مشتريات,الموقر,
LV0000387,شركة جراند للصناعات البلاستيكية,Local Vendors,940.8,4480,مرتبان النور طحينية 1 كغم,1181038,Package & Labeling,26000267,2026,03,فاتورة مشتريات,الموقر,
LV0000387,شركة جراند للصناعات البلاستيكية,Local Vendors,929.69,5998,مرتبان الموسم طحينية 400 غم,1181056,Package & Labeling,26000289,2026,04,فاتورة مشتريات,الموقر,
LV0000387,شركة جراند للصناعات البلاستيكية,Local Vendors,319.2,1520,مرتبان النور طحينية 1 كغم,1181038,Package & Labeling,26000289,2026,04,فاتورة مشتريات,الموقر,
LV0000387,شركة جراند للصناعات البلاستيكية,Local Vendors,448,1400,علب الموسم حلاوة 1300 غم رشة فستق,1181557,Package & Labeling,26000289,2026,04,فاتورة مشتريات,الموقر,
LV0000387,شركة جراند للصناعات البلاستيكية,Local Vendors,1259.065,8123,مرتبان النور طحينية 500 غم,1181043,Package & Labeling,26000289,2026,04,فاتورة مشتريات,الموقر,
LV0000387,شركة جراند للصناعات البلاستيكية,Local Vendors,403.2,1440,علب الموسم حلاوة 1300 غم رشة فستق,1181557,Package & Labeling,26000356,2026,04,فاتورة مشتريات,الموقر,
LV0000387,شركة جراند للصناعات البلاستيكية,Local Vendors,1108.8,3960,علب ميار حلاوة 1300 غم رشة فستق,1181378,Package & Labeling,26000356,2026,04,فاتورة مشتريات,الموقر,
LV0000387,شركة جراند للصناعات البلاستيكية,Local Vendors,1153.2,7440,مرتبان النور طحينية 500 غم,1181043,Package & Labeling,26000371,2026,05,فاتورة مشتريات,الموقر,
LV0000387,شركة جراند للصناعات البلاستيكية,Local Vendors,1176,5600,مرتبان النور طحينية 1 كغم,1181038,Package & Labeling,26000371,2026,05,فاتورة مشتريات,الموقر,
LV0000387,شركة جراند للصناعات البلاستيكية,Local Vendors,630,6000,مرتبان ميار طحينية 250 غم,1181236,Package & Labeling,26000391,2026,05,فاتورة مشتريات,الموقر,
LV0000387,شركة جراند للصناعات البلاستيكية,Local Vendors,960,3000,علب ميار حلاوة 1300 غم رشة فستق,1181378,Package & Labeling,26000391,2026,05,فاتورة مشتريات,الموقر,
LV0000387,شركة جراند للصناعات البلاستيكية,Local Vendors,760,2000,علب شيخ الكار حلاوة 2300 غم فستق,1181435,Package & Labeling,26000403,2026,05,فاتورة مشتريات,الموقر,
LV0000387,شركة جراند للصناعات البلاستيكية,Local Vendors,1171.8,7560,مرتبان النور طحينية 500 غم,1181043,Package & Labeling,26000404,2026,04,فاتورة مشتريات,الموقر,
LV0000387,شركة جراند للصناعات البلاستيكية,Local Vendors,315,3000,مرتبان ميار طحينية 250 غم,1181236,Package & Labeling,26000404,2026,04,فاتورة مشتريات,الموقر,
LV0000387,شركة جراند للصناعات البلاستيكية,Local Vendors,1093.68,7056,مرتبان تمور البركة طحينية 400 غم,1181039,Package & Labeling,26000407,2026,05,فاتورة مشتريات,الموقر,
LV0000387,شركة جراند للصناعات البلاستيكية,Local Vendors,1230.39,7938,مرتبان تمور البركة طحينية 400 غم,1181039,Package & Labeling,26000415,2026,05,فاتورة مشتريات,الموقر,
LV0000387,شركة جراند للصناعات البلاستيكية,Local Vendors,912.24,8688,مرتبان الموسم طحينية 250 غم,1181054,Package & Labeling,26000485,2026,06,فاتورة مشتريات,الموقر,
LV0000387,شركة جراند للصناعات البلاستيكية,Local Vendors,664.02,4284,مرتبان الموسم طحينية 400 غم,1181056,Package & Labeling,26000485,2026,06,فاتورة مشتريات,الموقر,
LV0000387,شركة جراند للصناعات البلاستيكية,Local Vendors,537.6,1680,علب ميار حلاوة 1300 غم رشة فستق,1181378,Package & Labeling,26000523,2026,07,فاتورة مشتريات,الموقر,
LV0000387,شركة جراند للصناعات البلاستيكية,Local Vendors,345.6,1080,علب شيخ الكار حلاوة 1300 غم فستق,1181280,Package & Labeling,26000523,2026,07,فاتورة مشتريات,الموقر,
LV0000387,شركة جراند للصناعات البلاستيكية,Local Vendors,390.6,2520,مرتبان الموسم طحينية 400 غم,1181056,Package & Labeling,26000523,2026,07,فاتورة مشتريات,الموقر,
LV0000387,شركة جراند للصناعات البلاستيكية,Local Vendors,384,1200,علب ميار حلاوة 1300 غم رشة فستق,1181378,Package & Labeling,26000530,2026,07,فاتورة مشتريات,الموقر,
LV0000387,شركة جراند للصناعات البلاستيكية,Local Vendors,192,600,علب شيخ الكار حلاوة 1300 غم فستق,1181280,Package & Labeling,26000538,2026,07,فاتورة مشتريات,الموقر,
LV0000387,شركة جراند للصناعات البلاستيكية,Local Vendors,358.4,1120,علب ميار حلاوة 1300 غم رشة فستق,1181378,Package & Labeling,26000538,2026,07,فاتورة مشتريات,الموقر,
LV0000387,شركة جراند للصناعات البلاستيكية,Local Vendors,614.4,1920,علب شيخ الكار حلاوة 1300 غم فستق,1181280,Package & Labeling,26000551,2026,07,فاتورة مشتريات,الموقر,
LV0000387,شركة جراند للصناعات البلاستيكية,Local Vendors,1340.905,8651,مرتبان الموسم طحينية 400 غم,1181056,Package & Labeling,26000551,2026,07,فاتورة مشتريات,الموقر,
LV0000387,شركة جراند للصناعات البلاستيكية,Local Vendors,-147.42,-1134,الموسم طحينية 400 غم 1*12,1011101,Tahini & Serge oil,26000001,2026,01,مرتجع مشتريات,الموقر,
LV0000387,شركة جراند للصناعات البلاستيكية,Local Vendors,-1342.44,-7458,النور طحينية 1 كغم 1*12,1011059,Tahini & Serge oil,26000001,2026,01,مرتجع مشتريات,الموقر,
LV0000329,شركة برافو لصناعة المكسرات والشوكولاته,Local Vendors,158.76,22.68,مكسرات مشكلة,1171012,Raw material,26000321,2026,03,فاتورة مشتريات,الموقر,
LV0000329,شركة برافو لصناعة المكسرات والشوكولاته,Local Vendors,124.74,22.68,مكسرات مشكلة,1171012,Raw material,26000321,2026,03,فاتورة مشتريات,الموقر,
LV0000329,شركة برافو لصناعة المكسرات والشوكولاته,Local Vendors,165.564,22.68,مكسرات مشكلة,1171012,Raw material,26000446,2026,06,فاتورة مشتريات,الموقر,
LV0000329,شركة برافو لصناعة المكسرات والشوكولاته,Local Vendors,117.233,22.68,مكسرات مشكلة,1171012,Raw material,26000446,2026,06,فاتورة مشتريات,الموقر,
LV0000392,شركة الأفق للصناعات البلاستيكية,Local Vendors,280,500,سطل شيخ الكار طحينية 4 كغم,1181548,Package & Labeling,26000010,2026,01,فاتورة مشتريات,الموقر,
LV0000392,شركة الأفق للصناعات البلاستيكية,Local Vendors,455,500,سطل شيخ الكار طحينية 5 كغم,1181549,Package & Labeling,26000010,2026,01,فاتورة مشتريات,الموقر,
LV0000392,شركة الأفق للصناعات البلاستيكية,Local Vendors,1170,500,سطل شيخ الكار طحينية 20 كغم,1181550,Package & Labeling,26000010,2026,01,فاتورة مشتريات,الموقر,
LV0000392,شركة الأفق للصناعات البلاستيكية,Local Vendors,100,1000,علب شيخ الكار حلاوة 300 غم رشة فستق,1181431,Package & Labeling,26000014,2026,01,فاتورة مشتريات,الموقر,
LV0000392,شركة الأفق للصناعات البلاستيكية,Local Vendors,100,1000,علب شيخ الكار حلاوة 300 غم سادة,1181440,Package & Labeling,26000014,2026,01,فاتورة مشتريات,الموقر,
LV0000392,شركة الأفق للصناعات البلاستيكية,Local Vendors,100,1000,علب شيخ الكار حلاوة 300 غم شوكولاتة,1181442,Package & Labeling,26000014,2026,01,فاتورة مشتريات,الموقر,
LV0000392,شركة الأفق للصناعات البلاستيكية,Local Vendors,936,7200,علب جولدن سوان حلاوة 400 غم فستق بيضوي,1181272,Package & Labeling,26000077,2026,02,فاتورة مشتريات,الموقر,
LV0000392,شركة الأفق للصناعات البلاستيكية,Local Vendors,672,4200,علب جولدن سوان حلاوة 800 غم فستق بيضوي,1181292,Package & Labeling,26000077,2026,02,فاتورة مشتريات,الموقر,
LV0000392,شركة الأفق للصناعات البلاستيكية,Local Vendors,260,2000,علب جولدن سوان حلاوة 400 غم سادة بيضوي,1181253,Package & Labeling,26000077,2026,02,فاتورة مشتريات,الموقر,
LV0000392,شركة الأفق للصناعات البلاستيكية,Local Vendors,192,1200,علب جولدن سوان حلاوة 800 غم سادة بيضوي,1181291,Package & Labeling,26000077,2026,02,فاتورة مشتريات,الموقر,
LV0000392,شركة الأفق للصناعات البلاستيكية,Local Vendors,564,1200,جاط مربع حلاوة 5 كغم شفاف متعدد,1181344,Package & Labeling,26000133,2026,02,فاتورة مشتريات,الموقر,
LV0000392,شركة الأفق للصناعات البلاستيكية,Local Vendors,65,500,علب جولدن سوان حلاوة 400 غم فستق بيضوي,1181272,Package & Labeling,26000133,2026,02,فاتورة مشتريات,الموقر,
LV0000392,شركة الأفق للصناعات البلاستيكية,Local Vendors,825,8250,علب شيخ الكار حلاوة 300 غم سادة,1181440,Package & Labeling,26000133,2026,02,فاتورة مشتريات,الموقر,
LV0000392,شركة الأفق للصناعات البلاستيكية,Local Vendors,800,8000,علب شيخ الكار حلاوة 300 غم رشة فستق,1181431,Package & Labeling,26000133,2026,02,فاتورة مشتريات,الموقر,
LV0000392,شركة الأفق للصناعات البلاستيكية,Local Vendors,600,6000,علب شيخ الكار حلاوة 300 غم شوكولاتة,1181442,Package & Labeling,26000133,2026,02,فاتورة مشتريات,الموقر,
LV0000392,شركة الأفق للصناعات البلاستيكية,Local Vendors,478,4780,علب الميلاد 300 غم حلاوة بالفستق الحلبي,1181266,Package & Labeling,26000224,2026,03,فاتورة مشتريات,الموقر,
LV0000392,شركة الأفق للصناعات البلاستيكية,Local Vendors,1128,2400,"جاط متعدد حلاوة 6 كغم (فستق،سادة،شوكولاتة) شفاف",1181311,Package & Labeling,26000224,2026,03,فاتورة مشتريات,الموقر,
LV0000392,شركة الأفق للصناعات البلاستيكية,Local Vendors,1920,1200,"سطل متعدد طحينية 18 كغم سادة (زيدان،الوادي،نابت)",1181357,Package & Labeling,26000366,2026,04,فاتورة مشتريات,الموقر,
LV0000392,شركة الأفق للصناعات البلاستيكية,Local Vendors,1344,2400,جاط مربع حلاوة 5 كغم شفاف متعدد,1181344,Package & Labeling,26000466,2026,06,فاتورة مشتريات,الموقر,
LV0000392,شركة الأفق للصناعات البلاستيكية,Local Vendors,4480,2800,"سطل متعدد طحينية 18 كغم سادة (زيدان،الوادي،نابت)",1181357,Package & Labeling,26000470,2026,06,فاتورة مشتريات,الموقر,
LV0000442,الشركة العربية لصناعة الكرتون,Local Vendors,441.285,2015,كرتون اكسترا فاخرة طحينية 400 غم,1181370,Package & Labeling,26000277,2026,03,فاتورة مشتريات,الموقر,
LV0000442,الشركة العربية لصناعة الكرتون,Local Vendors,395.85,2030,كرتون متعدد طحينية 800 غم اكسترا فاخرة,1181008,Package & Labeling,26000277,2026,03,فاتورة مشتريات,الموقر,
LV0000442,الشركة العربية لصناعة الكرتون,Local Vendors,313.6,2240,كرتون اكسترا فاخرة طحينية 400 غم,1181370,Package & Labeling,26000301,2026,04,فاتورة مشتريات,الموقر,
LV0000442,الشركة العربية لصناعة الكرتون,Local Vendors,425.5,1850,كرتون ميار حلاوة 1 كغم سطل,1181478,Package & Labeling,26000348,2026,04,فاتورة مشتريات,الموقر,
LV0000442,الشركة العربية لصناعة الكرتون,Local Vendors,996.625,0,,,,26000417,2026,05,فاتورة مشتريات,الموقر,
LV0000434,بهاء الدين البستنجي مشتريات,Local Vendors,2730,7,سكر 50 كعم 20*50,1081001,Sugar,26000031,2026,01,فاتورة مشتريات,الموقر,
LV0000434,بهاء الدين البستنجي مشتريات,Local Vendors,1117.296,1920,شيخ الكار كاتشب 800 غم 1*12,1121001,Tomato paste,26000040,2026,01,فاتورة مشتريات,الموقر,
LV0000434,بهاء الدين البستنجي مشتريات,Local Vendors,2327.616,5760,شيخ الكار حمص مطحون 400 غم (73) 1*24,1131007,Sheikh Alkar - Canned food,26000040,2026,01,فاتورة مشتريات,الموقر,
LV0000434,بهاء الدين البستنجي مشتريات,Local Vendors,787.752,840,شيخ الكار مكعبات مرقة الدجاج 20 غم 1*24*24,1031002,Noodles & Pasta & Soups,26000043,2026,01,فاتورة مشتريات,الموقر,
LV0000434,بهاء الدين البستنجي مشتريات,Local Vendors,7948.8,8832,الموسم مكعبات مرقة الدجاج 20 غم 1*24*24,1031003,Noodles & Pasta & Soups,26000043,2026,01,فاتورة مشتريات,الموقر,
LV0000434,بهاء الدين البستنجي مشتريات,Local Vendors,648,960,شيخ الكار كاتشب 800 غم 1*12,1121001,Tomato paste,26000043,2026,01,فاتورة مشتريات,الموقر,
LV0000434,بهاء الدين البستنجي مشتريات,Local Vendors,596.16,200,شيخ الكار كاتشب 4500 غم 1*4,1121002,Tomato paste,26000043,2026,01,فاتورة مشتريات,الموقر,
LV0000434,بهاء الدين البستنجي مشتريات,Local Vendors,900.18,600,شيخ الكار معجون طماطم 1350 غم 26-24 1*6,1121004,Tomato paste,26000043,2026,01,فاتورة مشتريات,الموقر,
LV0000434,بهاء الدين البستنجي مشتريات,Local Vendors,970.553,1176,ميار شاي 100 ميدالية 1*24,1051002,Tea,26000043,2026,01,فاتورة مشتريات,الموقر,
LV0000434,بهاء الدين البستنجي مشتريات,Local Vendors,2896.56,2160,شيخ الكار شاي 100 ميدالية 1*24,1051004,Tea,26000043,2026,01,فاتورة مشتريات,الموقر,
LV0000434,بهاء الدين البستنجي مشتريات,Local Vendors,1347.84,5760,شيخ الكار فول حب 400 غم (73) 1*24,1131006,Sheikh Alkar - Canned food,26000043,2026,01,فاتورة مشتريات,الموقر,
LV0000434,بهاء الدين البستنجي مشتريات,Local Vendors,1187.136,2880,شيخ الكار حمص مطحون 400 غم (73) 1*24,1131007,Sheikh Alkar - Canned food,26000043,2026,01,فاتورة مشتريات,الموقر,
LV0000434,بهاء الدين البستنجي مشتريات,Local Vendors,2363.688,3720,شيخ الكار نودلز 70 غم دجاج 1*5*8,1031015,Noodles & Pasta & Soups,26000043,2026,01,فاتورة مشتريات,الموقر,
LV0000434,بهاء الدين البستنجي مشتريات,Local Vendors,508.32,800,شيخ الكار نودلز 70 غم خضار 1*5*8,1031014,Noodles & Pasta & Soups,26000043,2026,01,فاتورة مشتريات,الموقر,
LV0000434,بهاء الدين البستنجي مشتريات,Local Vendors,4041.144,6360,شيخ الكار نودلز 70 غم كاري 1*5*8,1031013,Noodles & Pasta & Soups,26000043,2026,01,فاتورة مشتريات,الموقر,
LV0000434,بهاء الدين البستنجي مشتريات,Local Vendors,9701.5,12000,شيخ الكار مكعبات مرقة الدجاج 20 غم 1*24*24,1031002,Noodles & Pasta & Soups,26000054,2026,01,فاتورة مشتريات,الموقر,
LV0000434,بهاء الدين البستنجي مشتريات,Local Vendors,2151.6,3200,شيخ الكار نودلز 70 غم دجاج 1*5*8,1031015,Noodles & Pasta & Soups,26000244,2026,02,فاتورة مشتريات,الموقر,
LV0000434,بهاء الدين البستنجي مشتريات,Local Vendors,3765.3,5600,شيخ الكار نودلز 70 غم خضار 1*5*8,1031014,Noodles & Pasta & Soups,26000244,2026,02,فاتورة مشتريات,الموقر,
LV0000434,بهاء الدين البستنجي مشتريات,Local Vendors,2151.6,3200,شيخ الكار نودلز 70 غم كاري 1*5*8,1031013,Noodles & Pasta & Soups,26000244,2026,02,فاتورة مشتريات,الموقر,
LV0000434,بهاء الدين البستنجي مشتريات,Local Vendors,1241.44,1920,شيخ الكار كاتشب 800 غم 1*12,1121001,Tomato paste,26000244,2026,02,فاتورة مشتريات,الموقر,
LV0000434,بهاء الدين البستنجي مشتريات,Local Vendors,980.6,600,شيخ الكار معجون طماطم 1350 غم 26-24 1*6,1121004,Tomato paste,26000244,2026,02,فاتورة مشتريات,الموقر,
LV0000434,بهاء الدين البستنجي مشتريات,Local Vendors,743.67,400,شيخ الكار جميد سائل 1 كغم 1*8,1111002,Jameed,26000380,2026,05,فاتورة مشتريات,الموقر,
LV0000434,بهاء الدين البستنجي مشتريات,Local Vendors,7761.24,9600,شيخ الكار مكعبات مرقة الدجاج 20 غم 1*24*24,1031002,Noodles & Pasta & Soups,26000380,2026,05,فاتورة مشتريات,الموقر,
LV0000434,بهاء الدين البستنجي مشتريات,Local Vendors,3120,8,سكر 50 كعم 20*50,1081001,Sugar,26000079,2026,02,فاتورة مشتريات,الموقر,
LV0000434,بهاء الدين البستنجي مشتريات,Local Vendors,2730,7,سكر 50 كعم 20*50,1081001,Sugar,26000080,2026,02,فاتورة مشتريات,الموقر,
LV0000434,بهاء الدين البستنجي مشتريات,Local Vendors,673.92,2160,شيخ الكار شوربة 55 غم خضار 1*12*6,1031001,Noodles & Pasta & Soups,26000081,2026,02,فاتورة مشتريات,الموقر,
LV0000434,بهاء الدين البستنجي مشتريات,Local Vendors,4043.52,12960,شيخ الكار شوربة 70 غم شعرية 1*12*6,1031006,Noodles & Pasta & Soups,26000081,2026,02,فاتورة مشتريات,الموقر,
LV0000434,بهاء الدين البستنجي مشتريات,Local Vendors,336.96,1080,شيخ الكار شوربة 70 غم فطر 1*12*6,1031007,Noodles & Pasta & Soups,26000081,2026,02,فاتورة مشتريات,الموقر,
LV0000434,بهاء الدين البستنجي مشتريات,Local Vendors,336.96,1080,شيخ الكار شوربة 80 غم فريكة 1*12*6,1031004,Noodles & Pasta & Soups,26000081,2026,02,فاتورة مشتريات,الموقر,
LV0000434,بهاء الدين البستنجي مشتريات,Local Vendors,1338.606,648,شيخ الكار جميد سائل 1 كغم 1*8,1111002,Jameed,26000081,2026,02,فاتورة مشتريات,الموقر,
LV0000434,بهاء الدين البستنجي مشتريات,Local Vendors,2722.336,3856,شيخ الكار نودلز 70 غم دجاج 1*5*8,1031015,Noodles & Pasta & Soups,26000081,2026,02,فاتورة مشتريات,الموقر,
LV0000434,بهاء الدين البستنجي مشتريات,Local Vendors,3038.624,4304,شيخ الكار نودلز 70 غم كاري 1*5*8,1031013,Noodles & Pasta & Soups,26000081,2026,02,فاتورة مشتريات,الموقر,
LV0000434,بهاء الدين البستنجي مشتريات,Local Vendors,2581.92,3840,شيخ الكار نودلز 70 غم خضار 1*5*8,1031014,Noodles & Pasta & Soups,26000081,2026,02,فاتورة مشتريات,الموقر,
LV0000434,بهاء الدين البستنجي مشتريات,Local Vendors,1077.95,1200,شيخ الكار مكعبات مرقة الدجاج 20 غم 1*24*24,1031002,Noodles & Pasta & Soups,26000082,2026,02,فاتورة مشتريات,الموقر,
LV0000434,بهاء الدين البستنجي مشتريات,Local Vendors,5172.5,6000,الموسم مكعبات مرقة الدجاج 20 غم 1*24*24,1031003,Noodles & Pasta & Soups,26000082,2026,02,فاتورة مشتريات,الموقر,
LV0000434,بهاء الدين البستنجي مشتريات,Local Vendors,6207,7200,الموسم مكعبات مرقة الدجاج 20 غم 1*24*24,1031003,Noodles & Pasta & Soups,26000122,2026,02,فاتورة مشتريات,الموقر,
LV0000434,بهاء الدين البستنجي مشتريات,Local Vendors,9600,9600,الموسم مكعبات مرقة الدجاج 20 غم 1*24*24,1031003,Noodles & Pasta & Soups,26000127,2026,02,فاتورة مشتريات,الموقر,
LV0000434,بهاء الدين البستنجي مشتريات,Local Vendors,155.991,232,شيخ الكار نودلز 70 غم دجاج 1*5*8,1031015,Noodles & Pasta & Soups,26000128,2026,02,فاتورة مشتريات,الموقر,
LV0000434,بهاء الدين البستنجي مشتريات,Local Vendors,2586.24,5760,شيخ الكار حمص مطحون 400 غم (73) 1*24,1131007,Sheikh Alkar - Canned food,26000128,2026,02,فاتورة مشتريات,الموقر,
LV0000434,بهاء الدين البستنجي مشتريات,Local Vendors,620.72,960,شيخ الكار كاتشب 800 غم 1*12,1121001,Tomato paste,26000128,2026,02,فاتورة مشتريات,الموقر,
LV0000434,بهاء الدين البستنجي مشتريات,Local Vendors,734.16,2880,شيخ الكار فول حب 400 غم (73) 1*24,1131006,Sheikh Alkar - Canned food,26000128,2026,02,فاتورة مشتريات,الموقر,
LV0000434,بهاء الدين البستنجي مشتريات,Local Vendors,290.52,1080,شيخ الكار شوربة 70 غم شعرية 1*12*6,1031006,Noodles & Pasta & Soups,26000128,2026,02,فاتورة مشتريات,الموقر,
LV0000434,بهاء الدين البستنجي مشتريات,Local Vendors,6470.352,7056,ميار شاي 100 ميدالية 1*24,1051002,Tea,26000128,2026,02,فاتورة مشتريات,الموقر,
LV0000434,بهاء الدين البستنجي مشتريات,Local Vendors,1452.33,2160,شيخ الكار نودلز 70 غم كاري 1*5*8,1031013,Noodles & Pasta & Soups,26000128,2026,02,فاتورة مشتريات,الموقر,
LV0000434,بهاء الدين البستنجي مشتريات,Local Vendors,2345.244,3488,شيخ الكار نودلز 70 غم خضار 1*5*8,1031014,Noodles & Pasta & Soups,26000128,2026,02,فاتورة مشتريات,الموقر,
LV0000434,بهاء الدين البستنجي مشتريات,Local Vendors,4685.04,2160,شيخ الكار جميد سائل 1 كغم 1*8,1111002,Jameed,26000162,2026,02,فاتورة مشتريات,الموقر,
LV0000434,بهاء الدين البستنجي مشتريات,Local Vendors,3335.904,11880,شيخ الكار شوربة 70 غم شعرية 1*12*6,1031006,Noodles & Pasta & Soups,26000177,2026,02,فاتورة مشتريات,الموقر,
LV0000434,بهاء الدين البستنجي مشتريات,Local Vendors,5990.4,23040,شيخ الكار فول حب 400 غم (73) 1*24,1131006,Sheikh Alkar - Canned food,26000197,2026,03,فاتورة مشتريات,الموقر,
LV0000434,بهاء الدين البستنجي مشتريات,Local Vendors,2638.08,5760,شيخ الكار حمص مطحون 400 غم (73) 1*24,1131007,Sheikh Alkar - Canned food,26000197,2026,03,فاتورة مشتريات,الموقر,
LV0000434,بهاء الدين البستنجي مشتريات,Local Vendors,2217.6,5760,شيخ الكار حمص حب 400 غم (73) 1*24,1131008,Sheikh Alkar - Canned food,26000197,2026,03,فاتورة مشتريات,الموقر,
LV0000434,بهاء الدين البستنجي مشتريات,Local Vendors,813.312,1152,شيخ الكار نودلز 70 غم خضار 1*5*8,1031014,Noodles & Pasta & Soups,26000197,2026,03,فاتورة مشتريات,الموقر,
LV0000434,بهاء الدين البستنجي مشتريات,Local Vendors,813.312,1152,شيخ الكار نودلز 70 غم دجاج 1*5*8,1031015,Noodles & Pasta & Soups,26000197,2026,03,فاتورة مشتريات,الموقر,
LV0000434,بهاء الدين البستنجي مشتريات,Local Vendors,813.312,1152,شيخ الكار نودلز 70 غم كاري 1*5*8,1031013,Noodles & Pasta & Soups,26000197,2026,03,فاتورة مشتريات,الموقر,
LV0000434,بهاء الدين البستنجي مشتريات,Local Vendors,1187.136,2880,شيخ الكار حمص مطحون 400 غم (73) 1*24,1131007,Sheikh Alkar - Canned food,26000198,2026,03,فاتورة مشتريات,الموقر,
LV0000434,بهاء الدين البستنجي مشتريات,Local Vendors,1800.36,1200,شيخ الكار معجون طماطم 1350 غم 26-24 1*6,1121004,Tomato paste,26000198,2026,03,فاتورة مشتريات,الموقر,
LV0000434,بهاء الدين البستنجي مشتريات,Local Vendors,3240,4800,شيخ الكار كاتشب 800 غم 1*12,1121001,Tomato paste,26000198,2026,03,فاتورة مشتريات,الموقر,
LV0000434,بهاء الدين البستنجي مشتريات,Local Vendors,10783.92,11760,ميار شاي 100 ميدالية 1*24,1051002,Tea,26000282,2026,04,فاتورة مشتريات,الموقر,
LV0000434,بهاء الدين البستنجي مشتريات,Local Vendors,3922.4,2400,شيخ الكار معجون طماطم 1350 غم 26-24 1*6,1121004,Tomato paste,26000282,2026,04,فاتورة مشتريات,الموقر,
LV0000434,بهاء الدين البستنجي مشتريات,Local Vendors,1487.34,720,شيخ الكار جميد سائل 1 كغم 1*8,1111002,Jameed,26000282,2026,04,فاتورة مشتريات,الموقر,
LV0000434,بهاء الدين البستنجي مشتريات,Local Vendors,3957.12,8640,شيخ الكار حمص مطحون 400 غم (73) 1*24,1131007,Sheikh Alkar - Canned food,26000400,2026,05,فاتورة مشتريات,الموقر,
LV0000434,بهاء الدين البستنجي مشتريات,Local Vendors,1108.8,2880,شيخ الكار حمص حب 400 غم (73) 1*24,1131008,Sheikh Alkar - Canned food,26000400,2026,05,فاتورة مشتريات,الموقر,
LV0000434,بهاء الدين البستنجي مشتريات,Local Vendors,2863.08,1320,شيخ الكار جميد سائل 1 كغم 1*8,1111002,Jameed,26000400,2026,05,فاتورة مشتريات,الموقر,
LV0000434,بهاء الدين البستنجي مشتريات,Local Vendors,2185.92,660,شيخ الكار كاتشب 4500 غم 1*4,1121002,Tomato paste,26000400,2026,05,فاتورة مشتريات,الموقر,
LV0000434,بهاء الدين البستنجي مشتريات,Local Vendors,1629.504,492,شيخ الكار كاتشب 4500 غم 1*4,1121002,Tomato paste,26000471,2026,06,فاتورة مشتريات,الموقر,
LV0000434,بهاء الدين البستنجي مشتريات,Local Vendors,7200,9600,شيخ الكار كاتشب 800 غم 1*12,1121001,Tomato paste,26000471,2026,06,فاتورة مشتريات,الموقر,
LV0000434,بهاء الدين البستنجي مشتريات,Local Vendors,3840.768,2304,شيخ الكار معجون طماطم 1350 غم 26-24 1*6,1121004,Tomato paste,26000471,2026,06,فاتورة مشتريات,الموقر,
LV0000434,بهاء الدين البستنجي مشتريات,Local Vendors,1388.16,640,شيخ الكار جميد سائل 1 كغم 1*8,1111002,Jameed,26000471,2026,06,فاتورة مشتريات,الموقر,
LV0000434,بهاء الدين البستنجي مشتريات,Local Vendors,1694.4,2400,شيخ الكار نودلز 70 غم دجاج 1*5*8,1031015,Noodles & Pasta & Soups,26000491,2026,06,فاتورة مشتريات,الموقر,
LV0000434,بهاء الدين البستنجي مشتريات,Local Vendors,19200,38400,ميار تونا 120 غم بالزيت النباتي 1*48,1071010,Tuna,26000499,2026,06,فاتورة مشتريات,الموقر,
LV0000434,بهاء الدين البستنجي مشتريات,Local Vendors,14400,28800,ميار تونا 120 غم بالفلفل الحار 1*48,1071009,Tuna,26000499,2026,06,فاتورة مشتريات,الموقر,
LV0000434,بهاء الدين البستنجي مشتريات,Local Vendors,9200,20000,شيخ الكار سردين بالزيت النباتي 125 غم 1*50,1071006,Tuna,26000499,2026,06,فاتورة مشتريات,الموقر,
LV0000434,بهاء الدين البستنجي مشتريات,Local Vendors,24150,52500,شيخ الكار سردين بالفلفل الحار 125 غم 1*50,1071001,Tuna,26000499,2026,06,فاتورة مشتريات,الموقر,
LV0000434,بهاء الدين البستنجي مشتريات,Local Vendors,6864,26400,شيخ الكار فول حب 400 غم (73) 1*24,1131006,Sheikh Alkar - Canned food,26000452,2026,06,فاتورة مشتريات,الموقر,
LV0000434,بهاء الدين البستنجي مشتريات,Local Vendors,2168.832,3072,شيخ الكار نودلز 70 غم خضار 1*5*8,1031014,Noodles & Pasta & Soups,26000452,2026,06,فاتورة مشتريات,الموقر,
LV0000434,بهاء الدين البستنجي مشتريات,Local Vendors,3309.728,4688,شيخ الكار نودلز 70 غم كاري 1*5*8,1031013,Noodles & Pasta & Soups,26000452,2026,06,فاتورة مشتريات,الموقر,
LV0000434,بهاء الدين البستنجي مشتريات,Local Vendors,3061.216,4336,شيخ الكار نودلز 70 غم دجاج 1*5*8,1031015,Noodles & Pasta & Soups,26000452,2026,06,فاتورة مشتريات,الموقر,
LV0000434,بهاء الدين البستنجي مشتريات,Local Vendors,11040,24000,شيخ الكار سردين بالفلفل الحار 125 غم 1*50,1071001,Tuna,26000451,2026,06,فاتورة مشتريات,الموقر,
LV0000434,بهاء الدين البستنجي مشتريات,Local Vendors,-6864,-26400,شيخ الكار فول حب 400 غم (73) 1*24,1131006,Sheikh Alkar - Canned food,26000035,2026,06,مرتجع مشتريات,الموقر,
LV0000434,بهاء الدين البستنجي مشتريات,Local Vendors,-2168.832,-3072,شيخ الكار نودلز 70 غم خضار 1*5*8,1031014,Noodles & Pasta & Soups,26000035,2026,06,مرتجع مشتريات,الموقر,
LV0000434,بهاء الدين البستنجي مشتريات,Local Vendors,-3309.728,-4688,شيخ الكار نودلز 70 غم كاري 1*5*8,1031013,Noodles & Pasta & Soups,26000035,2026,06,مرتجع مشتريات,الموقر,
LV0000434,بهاء الدين البستنجي مشتريات,Local Vendors,-3061.216,-4336,شيخ الكار نودلز 70 غم دجاج 1*5*8,1031015,Noodles & Pasta & Soups,26000035,2026,06,مرتجع مشتريات,الموقر,
LV0000434,بهاء الدين البستنجي مشتريات,Local Vendors,-11040,-24000,شيخ الكار سردين بالفلفل الحار 125 غم 1*50,1071001,Tuna,26000037,2026,06,مرتجع مشتريات,الموقر,
LV0000452,شركة عدنان الخضري و اولاده التجاريه,Foreign Vendors,300.3,210,قطر دايت,1171007,Raw material,26000217,2026,02,فاتورة مشتريات,الموقر,
LV0000429,شركة الهدف الدولية للأستيراد والتصدير,Local Vendors,622.5,0,شرنك تغليف عدد 50,,,26000034,2026,01,فاتورة مشتريات,الموقر,
LV0000429,شركة الهدف الدولية للأستيراد والتصدير,Local Vendors,622.5,0,,,,26000111,2026,02,فاتورة مشتريات,الموقر,
LV0000429,شركة الهدف الدولية للأستيراد والتصدير,Local Vendors,622.5,0,,,,26000243,2026,03,فاتورة مشتريات,الموقر,
LV0000429,شركة الهدف الدولية للأستيراد والتصدير,Local Vendors,412.5,0,,,,26000362,2026,04,فاتورة مشتريات,الموقر,
LV0000429,شركة الهدف الدولية للأستيراد والتصدير,Local Vendors,825,0,,,,26000447,2026,06,فاتورة مشتريات,الموقر,
LV0000389,شركة وديع فينان وشركاه,Local Vendors,2721.6,453.6,كاكاو,1171003,Raw material,26000114,2026,02,فاتورة مشتريات,الموقر,
LV0000384,شركة مطاحن النجمة للبن والبهارات,Local Vendors,16355.43,19.97,سمسم خام,1141002,Sesame,26000126,2026,02,فاتورة مشتريات,الموقر,
LV0000323,المنيري لمنتجات الذرة,Local Vendors,18183,57000,جلوكوز,1171010,Raw material,26000553,2026,07,فاتورة مشتريات,الموقر,
LV0000456,أطياف الربيع للألبسة المهنية,Local Vendors,861,0,,,,26000448,2026,06,فاتورة مشتريات,الموقر,
LV0000456,أطياف الربيع للألبسة المهنية,Local Vendors,135,0,,,,26000273,2026,03,فاتورة مشتريات,الموقر,
LV0000340,بعيا للتخليص على البضائع,Local Vendors,736,0,Shipping,,,26000554,2026,07,فاتورة مشتريات,الموقر,
LV0000340,بعيا للتخليص على البضائع,Local Vendors,32,0,Customs,,,26000554,2026,07,فاتورة مشتريات,الموقر,
LV0000340,بعيا للتخليص على البضائع,Local Vendors,175,0,Clearance,,,26000554,2026,07,فاتورة مشتريات,الموقر,
LV0000457,اعمال ماء الريل للاستيراد والتصدير,Foreign Vendors,67355,76,سمسم خام,1141002,Sesame,26000325,2026,03,فاتورة مشتريات,الموقر,
LV0000457,اعمال ماء الريل للاستيراد والتصدير,Foreign Vendors,168387.5,190,سمسم خام,1141002,Sesame,26000431,2026,04,فاتورة مشتريات,الموقر,
LV0000382,التجار المتحدون,Local Vendors,165,0,,,,26000275,2026,03,فاتورة مشتريات,الموقر,
LV0000382,التجار المتحدون,Local Vendors,3990,0,,,,26000352,2026,04,فاتورة مشتريات,الموقر,
LV0000451,البترا للصنفرة والصناعات الخفيفه,Foreign Vendors,323.265,0,,,,26000207,2026,03,فاتورة مشتريات,الموقر,
LV0000369,شركة كابولي للتجارة,Local Vendors,4400,200,فستق حلبي,1171011,Raw material,26000505,2026,06,فاتورة مشتريات,الموقر,
LV0000369,شركة كابولي للتجارة,Local Vendors,4400,200,فستق حلبي,1171011,Raw material,26000519,2026,06,فاتورة مشتريات,الموقر,
LV0000369,شركة كابولي للتجارة,Local Vendors,4400,200,فستق حلبي,1171011,Raw material,26000537,2026,07,فاتورة مشتريات,الموقر,
LV0000388,مصنع مشهور لصناعة التنك,Local Vendors,660,600,تنك شيخ الكار حلاوة 4 كغم سادة نصاصي,1181305,Package & Labeling,26000134,2026,02,فاتورة مشتريات,الموقر,
LV0000388,مصنع مشهور لصناعة التنك,Local Vendors,211.6,184,تنك الموسم طحينية 9 كغم -فارغ,1181328,Package & Labeling,26000134,2026,02,فاتورة مشتريات,الموقر,
LV0000388,مصنع مشهور لصناعة التنك,Local Vendors,750,600,تنك الموسم طحينية 18 كغم -فارغ,1181327,Package & Labeling,26000180,2026,02,فاتورة مشتريات,الموقر,
LV0000388,مصنع مشهور لصناعة التنك,Local Vendors,1079.1,981,تنك شيخ الكار حلاوة 4 كغم سادة نصاصي,1181305,Package & Labeling,26000225,2026,03,فاتورة مشتريات,الموقر,
LV0000388,مصنع مشهور لصناعة التنك,Local Vendors,345,300,تنك سادة طحينية 18 كغم,1181322,Package & Labeling,26000225,2026,03,فاتورة مشتريات,الموقر,
LV0000388,مصنع مشهور لصناعة التنك,Local Vendors,660,600,تنك الموسم طحينية 10 كغم -فارغ,1181317,Package & Labeling,26000257,2026,03,فاتورة مشتريات,الموقر,
LV0000388,مصنع مشهور لصناعة التنك,Local Vendors,1362.15,1009,تنك شيخ الكار طحينية 18 كغم -فارغ,1181301,Package & Labeling,26000287,2026,04,فاتورة مشتريات,الموقر,
LV0000388,مصنع مشهور لصناعة التنك,Local Vendors,608.4,507,تنك الموسم طحينية 10 كغم -فارغ,1181317,Package & Labeling,26000377,2026,05,فاتورة مشتريات,الموقر,
LV0000388,مصنع مشهور لصناعة التنك,Local Vendors,797.5,638,تنك الموسم طحينية 9 كغم -فارغ,1181328,Package & Labeling,26000377,2026,05,فاتورة مشتريات,الموقر,
LV0000388,مصنع مشهور لصناعة التنك,Local Vendors,838.8,600,تنك شيخ الكار طحينية 18 كغم -فارغ,1181301,Package & Labeling,26000535,2026,07,فاتورة مشتريات,الموقر,
LV0000388,مصنع مشهور لصناعة التنك,Local Vendors,486,360,تنك شيخ الكار طحينية 15 كغم -فارغ,1181304,Package & Labeling,26000539,2026,07,فاتورة مشتريات,الموقر,
LV0000405,شركة أسيا للصناعات البلاستيكية,Local Vendors,150,1000,شيخ الكار حلاوة 800 غم فستق 1*12,1021062,Halava,26000002,2026,01,فاتورة مشتريات,الموقر,
LV0000405,شركة أسيا للصناعات البلاستيكية,Local Vendors,150,1000,شيخ الكار حلاوة 800 غم سادة 1*1,1151032,Legumes & Spices,26000002,2026,01,فاتورة مشتريات,الموقر,
LV0000405,شركة أسيا للصناعات البلاستيكية,Local Vendors,150,1000,شيخ الكار حلاوة 800 غم شوكولاته 1*12,1021061,Halava,26000002,2026,01,فاتورة مشتريات,الموقر,
LV0000405,شركة أسيا للصناعات البلاستيكية,Local Vendors,150,1000,علب شيخ الكار حلاوة 800 غم مكسرات,1181547,Package & Labeling,26000002,2026,01,فاتورة مشتريات,الموقر,
LV0000405,شركة أسيا للصناعات البلاستيكية,Local Vendors,150,1000,علب شيخ الكار حلاوة 800 غم سادة دايت,1181546,Package & Labeling,26000002,2026,01,فاتورة مشتريات,الموقر,
LV0000405,شركة أسيا للصناعات البلاستيكية,Local Vendors,704,8000,شيخ الكار حلاوة 400 غم فستق 1*12,1021037,Halava,26000002,2026,01,فاتورة مشتريات,الموقر,
LV0000405,شركة أسيا للصناعات البلاستيكية,Local Vendors,150,1000,علب شيخ الكار حلاوة 800 غم فستق دايت,1181545,Package & Labeling,26000002,2026,01,فاتورة مشتريات,الموقر,
LV0000405,شركة أسيا للصناعات البلاستيكية,Local Vendors,900,6000,علب شيخ الكار حلاوة 800 غم سادة,1181462,Package & Labeling,26000050,2026,01,فاتورة مشتريات,الموقر,
LV0000405,شركة أسيا للصناعات البلاستيكية,Local Vendors,900,6000,علب شيخ الكار حلاوة 800 غم فستق,1181458,Package & Labeling,26000050,2026,01,فاتورة مشتريات,الموقر,
LV0000405,شركة أسيا للصناعات البلاستيكية,Local Vendors,150,1000,علب شيخ الكار حلاوة 800 غم فستق,1181458,Package & Labeling,26000042,2026,01,فاتورة مشتريات,الموقر,
LV0000405,شركة أسيا للصناعات البلاستيكية,Local Vendors,150,1000,علب شيخ الكار حلاوة 800 غم سادة,1181462,Package & Labeling,26000042,2026,01,فاتورة مشتريات,الموقر,
LV0000405,شركة أسيا للصناعات البلاستيكية,Local Vendors,150,1000,علب شيخ الكار حلاوة 800 غم شوكولاتة,1181464,Package & Labeling,26000042,2026,01,فاتورة مشتريات,الموقر,
LV0000405,شركة أسيا للصناعات البلاستيكية,Local Vendors,150,1000,علب شيخ الكار حلاوة 800 غم مكسرات,1181547,Package & Labeling,26000042,2026,01,فاتورة مشتريات,الموقر,
LV0000405,شركة أسيا للصناعات البلاستيكية,Local Vendors,150,1000,علب شيخ الكار حلاوة 800 غم سادة دايت,1181546,Package & Labeling,26000042,2026,01,فاتورة مشتريات,الموقر,
LV0000405,شركة أسيا للصناعات البلاستيكية,Local Vendors,704,8000,علبة حلاوة شيخ الكار 400 غ فستق دمعة,1181359,Package & Labeling,26000042,2026,01,فاتورة مشتريات,الموقر,
LV0000405,شركة أسيا للصناعات البلاستيكية,Local Vendors,150,1000,علب شيخ الكار حلاوة 800 غم فستق دايت,1181545,Package & Labeling,26000042,2026,01,فاتورة مشتريات,الموقر,
LV0000405,شركة أسيا للصناعات البلاستيكية,Local Vendors,528,6000,علب الموسم حلاوة 400 غم سادة دمعة,1181261,Package & Labeling,26000049,2026,01,فاتورة مشتريات,الموقر,
LV0000405,شركة أسيا للصناعات البلاستيكية,Local Vendors,900,6000,علب الموسم حلاوة 800 غم فستق دمعة,1181265,Package & Labeling,26000049,2026,01,فاتورة مشتريات,الموقر,
LV0000405,شركة أسيا للصناعات البلاستيكية,Local Vendors,184.5,1230,علب الموسم حلاوة 800 غم سادة دمعة,1181271,Package & Labeling,26000049,2026,01,فاتورة مشتريات,الموقر,
LV0000405,شركة أسيا للصناعات البلاستيكية,Local Vendors,528,6000,علب الموسم حلاوة 400 غم فستق دمعة,1181258,Package & Labeling,26000049,2026,01,فاتورة مشتريات,الموقر,
LV0000405,شركة أسيا للصناعات البلاستيكية,Local Vendors,1950,3000,جاط شيخ الكار حلاوة 5 كغم سادة (الولاء) غطاء احمر,1181349,Package & Labeling,26000062,2026,01,فاتورة مشتريات,الموقر,
LV0000405,شركة أسيا للصناعات البلاستيكية,Local Vendors,810,5400,علب شيخ الكار حلاوة 700 غم فستق,1181423,Package & Labeling,26000070,2026,02,فاتورة مشتريات,الموقر,
LV0000405,شركة أسيا للصناعات البلاستيكية,Local Vendors,992.55,6617,علب شيخ الكار حلاوة 700 غم فستق,1181423,Package & Labeling,26000088,2026,02,فاتورة مشتريات,الموقر,
LV0000405,شركة أسيا للصناعات البلاستيكية,Local Vendors,810,5400,علب شيخ الكار حلاوة 700 غم سادة,1181425,Package & Labeling,26000144,2026,02,فاتورة مشتريات,الموقر,
LV0000405,شركة أسيا للصناعات البلاستيكية,Local Vendors,2043.4,12020,علب شيخ الكار حلاوة 700 غم شوكولاتة,1181422,Package & Labeling,26000283,2026,04,فاتورة مشتريات,الموقر,
LV0000405,شركة أسيا للصناعات البلاستيكية,Local Vendors,756.5,4450,علب شيخ الكار حلاوة 700 غم فستق,1181423,Package & Labeling,26000283,2026,04,فاتورة مشتريات,الموقر,
LV0000405,شركة أسيا للصناعات البلاستيكية,Local Vendors,90,600,علب شيخ الكار حلاوة 700 غم سادة,1181425,Package & Labeling,26000172,2026,02,فاتورة مشتريات,الموقر,
LV0000405,شركة أسيا للصناعات البلاستيكية,Local Vendors,475.2,5400,علب شيخ الكار حلاوة 200 غم سادة,1181568,Package & Labeling,26000172,2026,02,فاتورة مشتريات,الموقر,
LV0000405,شركة أسيا للصناعات البلاستيكية,Local Vendors,237.6,2700,علب شيخ الكار حلاوة 200 غم فستق,1181569,Package & Labeling,26000172,2026,02,فاتورة مشتريات,الموقر,
LV0000405,شركة أسيا للصناعات البلاستيكية,Local Vendors,450,3000,علب شيخ الكار حلاوة 800 غم سادة,1181462,Package & Labeling,26000099,2026,02,فاتورة مشتريات,الموقر,
LV0000405,شركة أسيا للصناعات البلاستيكية,Local Vendors,531.52,6040,علب ميار حلاوة 300 غم رشة فستق أمنية,1181373,Package & Labeling,26000099,2026,02,فاتورة مشتريات,الموقر,
LV0000405,شركة أسيا للصناعات البلاستيكية,Local Vendors,528,6000,علب الموسم حلاوة 400 غم سادة دمعة,1181261,Package & Labeling,26000100,2026,02,فاتورة مشتريات,الموقر,
LV0000405,شركة أسيا للصناعات البلاستيكية,Local Vendors,264,3000,علب ميار حلاوة 300 غم رشة فستق أمنية,1181373,Package & Labeling,26000100,2026,02,فاتورة مشتريات,الموقر,
LV0000405,شركة أسيا للصناعات البلاستيكية,Local Vendors,211.2,2400,علب شيخ الكار حلاوة 400 غم دايت,1181438,Package & Labeling,26000154,2026,02,فاتورة مشتريات,الموقر,
LV0000405,شركة أسيا للصناعات البلاستيكية,Local Vendors,390.632,4439,علب ميار حلاوة 300 غم رشة فستق أمنية,1181373,Package & Labeling,26000154,2026,02,فاتورة مشتريات,الموقر,
LV0000405,شركة أسيا للصناعات البلاستيكية,Local Vendors,633.6,7200,علب الفاخرة حلاوة 300 غم رشة فستق أمنية,1181466,Package & Labeling,26000154,2026,02,فاتورة مشتريات,الموقر,
LV0000405,شركة أسيا للصناعات البلاستيكية,Local Vendors,422.4,4800,علب الفاخرة حلاوة 300 غم رشة فستق أمنية,1181466,Package & Labeling,26000146,2026,02,فاتورة مشتريات,الموقر,
LV0000405,شركة أسيا للصناعات البلاستيكية,Local Vendors,1650,11000,علب شيخ الكار حلاوة 700 غم فستق,1181423,Package & Labeling,26000142,2026,02,فاتورة مشتريات,الموقر,
LV0000405,شركة أسيا للصناعات البلاستيكية,Local Vendors,900,6000,علب شيخ الكار حلاوة 700 غم شوكولاتة,1181422,Package & Labeling,26000142,2026,02,فاتورة مشتريات,الموقر,
LV0000405,شركة أسيا للصناعات البلاستيكية,Local Vendors,900,6000,علب شيخ الكار حلاوة 700 غم سادة,1181425,Package & Labeling,26000170,2026,02,فاتورة مشتريات,الموقر,
LV0000405,شركة أسيا للصناعات البلاستيكية,Local Vendors,1800,12000,علب شيخ الكار حلاوة 800 غم فستق,1181458,Package & Labeling,26000170,2026,02,فاتورة مشتريات,الموقر,
LV0000405,شركة أسيا للصناعات البلاستيكية,Local Vendors,528,6000,علب الموسم حلاوة 400 غم سادة دمعة,1181261,Package & Labeling,26000171,2026,02,فاتورة مشتريات,الموقر,
LV0000405,شركة أسيا للصناعات البلاستيكية,Local Vendors,264,3000,علب شيخ الكار حلاوة 400 غم شوكولاتة,1181421,Package & Labeling,26000171,2026,02,فاتورة مشتريات,الموقر,
LV0000405,شركة أسيا للصناعات البلاستيكية,Local Vendors,422.85,2819,علب ميار حلاوة 550 غم رشة فستق أمنية,1181379,Package & Labeling,26000179,2026,02,فاتورة مشتريات,الموقر,
LV0000405,شركة أسيا للصناعات البلاستيكية,Local Vendors,363.75,2425,علب ميار حلاوة 550 غم سادة  أمنية,1181380,Package & Labeling,26000179,2026,02,فاتورة مشتريات,الموقر,
LV0000405,شركة أسيا للصناعات البلاستيكية,Local Vendors,630,4200,علب حلاوة الميلاد  700 غ فستق,1181179,Package & Labeling,26000179,2026,02,فاتورة مشتريات,الموقر,
LV0000405,شركة أسيا للصناعات البلاستيكية,Local Vendors,900,6000,علب شيخ الكار حلاوة 800 غم سادة,1181462,Package & Labeling,26000205,2026,02,فاتورة مشتريات,الموقر,
LV0000405,شركة أسيا للصناعات البلاستيكية,Local Vendors,2437.5,3750,جاط شيخ الكار حلاوة 5 كغم سادة (الولاء) غطاء احمر,1181349,Package & Labeling,26000210,2026,03,فاتورة مشتريات,الموقر,
LV0000405,شركة أسيا للصناعات البلاستيكية,Local Vendors,529.672,6019,علب ميار حلاوة 300 غم رشة فستق أمنية,1181373,Package & Labeling,26000231,2026,03,فاتورة مشتريات,الموقر,
LV0000405,شركة أسيا للصناعات البلاستيكية,Local Vendors,736.5,4910,علب شيخ الكار حلاوة 800 غم سادة,1181462,Package & Labeling,26000270,2026,03,فاتورة مشتريات,الموقر,
LV0000405,شركة أسيا للصناعات البلاستيكية,Local Vendors,1650,2200,جاط شيخ الكار حلاوة 5 كغم سادة (الولاء) غطاء احمر,1181349,Package & Labeling,26000540,2026,07,فاتورة مشتريات,الموقر,
LV0000405,شركة أسيا للصناعات البلاستيكية,Local Vendors,293.76,1728,علب شيخ الكار حلاوة 700 غم فستق,1181423,Package & Labeling,26000540,2026,07,فاتورة مشتريات,الموقر,
LV0000405,شركة أسيا للصناعات البلاستيكية,Local Vendors,543.576,6177,علب شيخ الكار حلاوة 200 غم فستق,1181569,Package & Labeling,26000278,2026,04,فاتورة مشتريات,الموقر,
LV0000405,شركة أسيا للصناعات البلاستيكية,Local Vendors,182.16,2070,علب شيخ الكار حلاوة 200 غم سادة,1181568,Package & Labeling,26000278,2026,04,فاتورة مشتريات,الموقر,
LV0000405,شركة أسيا للصناعات البلاستيكية,Local Vendors,2034.75,13565,علب شيخ الكار حلاوة 700 غم فستق,1181423,Package & Labeling,26000269,2026,03,فاتورة مشتريات,الموقر,
LV0000405,شركة أسيا للصناعات البلاستيكية,Local Vendors,240,2400,علب شيخ الكار حلاوة 400 غم ملوكي,1181416,Package & Labeling,26000394,2026,04,فاتورة مشتريات,الموقر,
LV0000405,شركة أسيا للصناعات البلاستيكية,Local Vendors,600,6000,علب شيخ الكار حلاوة 400 غم دايت,1181438,Package & Labeling,26000394,2026,04,فاتورة مشتريات,الموقر,
LV0000405,شركة أسيا للصناعات البلاستيكية,Local Vendors,304,3040,علبة حلاوة شيخ الكار 400 غ فستق دمعة,1181359,Package & Labeling,26000394,2026,04,فاتورة مشتريات,الموقر,
LV0000405,شركة أسيا للصناعات البلاستيكية,Local Vendors,238.8,2388,علب شيخ الكار حلاوة 400 غم شوكولاتة,1181421,Package & Labeling,26000394,2026,04,فاتورة مشتريات,الموقر,
LV0000405,شركة أسيا للصناعات البلاستيكية,Local Vendors,2100,3000,جاط شيخ الكار حلاوة 5 كغم سادة (الولاء) غطاء احمر,1181349,Package & Labeling,26000338,2026,04,فاتورة مشتريات,الموقر,
LV0000405,شركة أسيا للصناعات البلاستيكية,Local Vendors,673.2,3960,علب الموسم حلاوة 800 غم سادة دمعة,1181271,Package & Labeling,26000474,2026,05,فاتورة مشتريات,الموقر,
LV0000405,شركة أسيا للصناعات البلاستيكية,Local Vendors,61.3,613,علب الموسم حلاوة 400 غم سادة دمعة,1181261,Package & Labeling,26000396,2026,05,فاتورة مشتريات,الموقر,
LV0000405,شركة أسيا للصناعات البلاستيكية,Local Vendors,403,4030,علب الموسم حلاوة 400 غم فستق دمعة,1181258,Package & Labeling,26000396,2026,05,فاتورة مشتريات,الموقر,
LV0000405,شركة أسيا للصناعات البلاستيكية,Local Vendors,683.4,4020,علب الموسم حلاوة 800 غم فستق دمعة,1181265,Package & Labeling,26000396,2026,05,فاتورة مشتريات,الموقر,
LV0000405,شركة أسيا للصناعات البلاستيكية,Local Vendors,980,9800,علب شيخ الكار حلاوة 200 غم سادة,1181568,Package & Labeling,26000396,2026,05,فاتورة مشتريات,الموقر,
LV0000405,شركة أسيا للصناعات البلاستيكية,Local Vendors,595,5950,علب شيخ الكار حلاوة 200 غم فستق,1181569,Package & Labeling,26000396,2026,05,فاتورة مشتريات,الموقر,
LV0000405,شركة أسيا للصناعات البلاستيكية,Local Vendors,602.5,6025,علب ميار حلاوة 300 غم رشة فستق أمنية,1181373,Package & Labeling,26000414,2026,05,فاتورة مشتريات,الموقر,
LV0000405,شركة أسيا للصناعات البلاستيكية,Local Vendors,1020,6000,علب شيخ الكار حلاوة 800 غم فستق,1181458,Package & Labeling,26000414,2026,05,فاتورة مشتريات,الموقر,
LV0000405,شركة أسيا للصناعات البلاستيكية,Local Vendors,400,4000,علبة حلاوة شيخ الكار 400 غ فستق دمعة,1181359,Package & Labeling,26000414,2026,05,فاتورة مشتريات,الموقر,
LV0000405,شركة أسيا للصناعات البلاستيكية,Local Vendors,300,3000,علب شيخ الكار حلاوة 400 غم دايت بالفستق الحلبي,1181565,Package & Labeling,26000414,2026,05,فاتورة مشتريات,الموقر,
LV0000405,شركة أسيا للصناعات البلاستيكية,Local Vendors,1200,1600,جاط شيخ الكار حلاوة 5 كغم سادة (الولاء) غطاء احمر,1181349,Package & Labeling,26000419,2026,05,فاتورة مشتريات,الموقر,
LV0000405,شركة أسيا للصناعات البلاستيكية,Local Vendors,1020.85,6005,علب شيخ الكار حلاوة 800 غم سادة,1181462,Package & Labeling,26000445,2026,06,فاتورة مشتريات,الموقر,
LV0000405,شركة أسيا للصناعات البلاستيكية,Local Vendors,1021.36,6008,علب شيخ الكار حلاوة 700 غم فستق,1181423,Package & Labeling,26000462,2026,06,فاتورة مشتريات,الموقر,
LV0000405,شركة أسيا للصناعات البلاستيكية,Local Vendors,409.36,2408,علب حلاوة الميلاد  700 غ فستق,1181179,Package & Labeling,26000462,2026,06,فاتورة مشتريات,الموقر,
LV0000405,شركة أسيا للصناعات البلاستيكية,Local Vendors,1224,7200,علب شيخ الكار حلاوة 400 غم سادة,1181419,Package & Labeling,26000462,2026,06,فاتورة مشتريات,الموقر,
LV0000405,شركة أسيا للصناعات البلاستيكية,Local Vendors,300,3000,علب ميار حلاوة 550 غم سادة  أمنية,1181380,Package & Labeling,26000486,2026,06,فاتورة مشتريات,الموقر,
LV0000405,شركة أسيا للصناعات البلاستيكية,Local Vendors,602.8,6028,علب ميار حلاوة 300 غم رشة فستق أمنية,1181373,Package & Labeling,26000486,2026,06,فاتورة مشتريات,الموقر,
LV0000405,شركة أسيا للصناعات البلاستيكية,Local Vendors,531.93,3129,علب ميار حلاوة 550 غم رشة فستق أمنية,1181379,Package & Labeling,26000486,2026,06,فاتورة مشتريات,الموقر,
LV0000405,شركة أسيا للصناعات البلاستيكية,Local Vendors,1173.51,6903,علب شيخ الكار حلاوة 800 غم سادة,1181462,Package & Labeling,26000486,2026,06,فاتورة مشتريات,الموقر,
LV0000405,شركة أسيا للصناعات البلاستيكية,Local Vendors,458.4,4584,علب شيخ الكار حلاوة 200 غم فستق,1181569,Package & Labeling,26000486,2026,06,فاتورة مشتريات,الموقر,
LV0000405,شركة أسيا للصناعات البلاستيكية,Local Vendors,1040.4,6120,علب الموسم حلاوة 800 غم سادة دمعة,1181271,Package & Labeling,26000521,2026,06,فاتورة مشتريات,الموقر,
LV0000405,شركة أسيا للصناعات البلاستيكية,Local Vendors,673.2,3960,علب شيخ الكار حلاوة 800 غم فستق,1181458,Package & Labeling,26000524,2026,07,فاتورة مشتريات,الموقر,
LV0000405,شركة أسيا للصناعات البلاستيكية,Local Vendors,600,6000,علبة حلاوة شيخ الكار 400 غ فستق دمعة,1181359,Package & Labeling,26000524,2026,07,فاتورة مشتريات,الموقر,
LV0000405,شركة أسيا للصناعات البلاستيكية,Local Vendors,315.52,1856,علب الموسم حلاوة 800 غم سادة دمعة,1181271,Package & Labeling,26000524,2026,07,فاتورة مشتريات,الموقر,
LV0000405,شركة أسيا للصناعات البلاستيكية,Local Vendors,160.6,1606,علب الموسم حلاوة 400 غم سادة دمعة,1181261,Package & Labeling,26000524,2026,07,فاتورة مشتريات,الموقر,
LV0000405,شركة أسيا للصناعات البلاستيكية,Local Vendors,750,6000,علب دبس تمر 700 غ ميار,1181171,Package & Labeling,26000531,2026,07,فاتورة مشتريات,الموقر,
LV0000405,شركة أسيا للصناعات البلاستيكية,Local Vendors,-150,-1000,علب شيخ الكار حلاوة 800 غم فستق دايت,1181545,Package & Labeling,26000002,2026,01,مرتجع مشتريات,الموقر,
LV0000405,شركة أسيا للصناعات البلاستيكية,Local Vendors,-704,-8000,شيخ الكار حلاوة 400 غم فستق 1*12,1021037,Halava,26000002,2026,01,مرتجع مشتريات,الموقر,
LV0000405,شركة أسيا للصناعات البلاستيكية,Local Vendors,-150,-1000,علب شيخ الكار حلاوة 800 غم سادة دايت,1181546,Package & Labeling,26000002,2026,01,مرتجع مشتريات,الموقر,
LV0000405,شركة أسيا للصناعات البلاستيكية,Local Vendors,-150,-1000,علب شيخ الكار حلاوة 800 غم مكسرات,1181547,Package & Labeling,26000002,2026,01,مرتجع مشتريات,الموقر,
LV0000405,شركة أسيا للصناعات البلاستيكية,Local Vendors,-150,-1000,شيخ الكار حلاوة 800 غم شوكولاته 1*12,1021061,Halava,26000002,2026,01,مرتجع مشتريات,الموقر,
LV0000405,شركة أسيا للصناعات البلاستيكية,Local Vendors,-150,-1000,شيخ الكار حلاوة 800 غم فستق 1*12,1021062,Halava,26000002,2026,01,مرتجع مشتريات,الموقر,
LV0000405,شركة أسيا للصناعات البلاستيكية,Local Vendors,-150,-1000,شيخ الكار حلاوة 800 غم سادة 1*1,1151032,Legumes & Spices,26000002,2026,01,مرتجع مشتريات,الموقر,
LV0000405,شركة أسيا للصناعات البلاستيكية,Local Vendors,-810,-5400,علب شيخ الكار حلاوة 700 غم سادة,1181425,Package & Labeling,26000021,2026,05,مرتجع مشتريات,الموقر,
FV0000030,M JG TRADING L.L.C- BRAZEL,Foreign Vendors,191628.36,308,سمسم خام,1141002,Sesame,26000323,2026,03,فاتورة مشتريات,الموقر,
FV0000030,M JG TRADING L.L.C- BRAZEL,Foreign Vendors,-191628.36,-308,سمسم خام,1141002,Sesame,26000006,2026,04,مرتجع مشتريات,الموقر,
LV0000343,شركة حياه الطفل لصناعة المنتجات الصحية,Local Vendors,499.395,2535,"كرتون شيخ الكار حلاوة 700/800 غم (فستق،سادة،شوكولاتة،ملوكي) دمعة",1181113,Package & Labeling,26000382,2026,05,فاتورة مشتريات,الموقر,
LV0000343,شركة حياه الطفل لصناعة المنتجات الصحية,Local Vendors,644.19,3270,"كرتون شيخ الكار حلاوة 700/800 غم (فستق،سادة،شوكولاتة،ملوكي) دمعة",1181113,Package & Labeling,26000045,2026,01,فاتورة مشتريات,الموقر,
LV0000343,شركة حياه الطفل لصناعة المنتجات الصحية,Local Vendors,999.775,5075,"كرتون شيخ الكار حلاوة 700/800 غم (فستق،سادة،شوكولاتة،ملوكي) دمعة",1181113,Package & Labeling,26000115,2026,02,فاتورة مشتريات,الموقر,
LV0000343,شركة حياه الطفل لصناعة المنتجات الصحية,Local Vendors,482.51,2135,كرتون ميار حلاوة 1300 غم رشة فستق,1181014,Package & Labeling,26000158,2026,02,فاتورة مشتريات,الموقر,
LV0000343,شركة حياه الطفل لصناعة المنتجات الصحية,Local Vendors,464.92,2360,كرتون متعدد حلاوة 800 غم دمعة,1181024,Package & Labeling,26000495,2026,06,فاتورة مشتريات,الموقر,
LV0000467,DONJOY TECHNOLOGY CO . LTD,Foreign Vendors,1425.09,0,,,,26000435,2026,04,فاتورة مشتريات,الموقر,
LV0000455,الشركة الأهلية الحديثة للنماذج,Foreign Vendors,1181.75,0,,,,26000264,2026,03,فاتورة مشتريات,الموقر,
LV0000455,الشركة الأهلية الحديثة للنماذج,Foreign Vendors,1044,0,,,,26000266,2026,03,فاتورة مشتريات,الموقر,
LV0000393,شركة الربان الصناعية,Local Vendors,405,0,,,,26000149,2026,02,فاتورة مشتريات,الموقر,
LV0000393,شركة الربان الصناعية,Local Vendors,579.6,0,,,,26000150,2026,02,فاتورة مشتريات,الموقر,
LV0000437,الافاق الشرقية للتجارة الدولية,Foreign Vendors,6443.104,0,,,,26000399,2026,05,فاتورة مشتريات,الموقر,
LV0000437,الافاق الشرقية للتجارة الدولية,Foreign Vendors,6171.2,0,,,,26000493,2026,06,فاتورة مشتريات,الموقر,
LV0000375,سوا للصناعات البلاستيكية,Local Vendors,816,2040,مرتبان متعدد طحينية 3500 غم,1181241,Package & Labeling,26000001,2026,01,فاتورة مشتريات,الموقر,
LV0000375,سوا للصناعات البلاستيكية,Local Vendors,420,3000,مرتبان سيلك رود طحينية 650 غم,1181211,Package & Labeling,26000167,2026,02,فاتورة مشتريات,الموقر,
LV0000375,سوا للصناعات البلاستيكية,Local Vendors,420,3000,مرتبان سيلك رود طحينية 650 غم,1181211,Package & Labeling,26000515,2026,07,فاتورة مشتريات,الموقر,
LV0000430,الريادية للتعبئة والتغليف,Local Vendors,630,0,,,,26000090,2026,01,فاتورة مشتريات,الموقر,
LV0000430,الريادية للتعبئة والتغليف,Local Vendors,1120,0,,,,26000145,2026,02,فاتورة مشتريات,الموقر,
LV0000430,الريادية للتعبئة والتغليف,Local Vendors,1170,0,,,,26000221,2026,03,فاتورة مشتريات,الموقر,
LV0000430,الريادية للتعبئة والتغليف,Local Vendors,2700,0,,,,26000313,2026,04,فاتورة مشتريات,الموقر,
LV0000398,المؤسسة العربية لصناعة البلاستيك,Local Vendors,2048.5,24100,مرتبان الفاخرة طحينية 300 غم,1181060,Package & Labeling,26000159,2026,02,فاتورة مشتريات,الموقر,
LV0000398,المؤسسة العربية لصناعة البلاستيك,Local Vendors,78,120,جاط مربع حلاوة 5 كغم شفاف متعدد,1181344,Package & Labeling,26000159,2026,02,فاتورة مشتريات,الموقر,
LV0000398,المؤسسة العربية لصناعة البلاستيك,Local Vendors,1326,2040,جاط مربع حلاوة 5 كغم شفاف متعدد,1181344,Package & Labeling,26000181,2026,02,فاتورة مشتريات,الموقر,
LV0000398,المؤسسة العربية لصناعة البلاستيك,Local Vendors,600,6000,مرتبان الفاخرة طحينية 300 غم,1181060,Package & Labeling,26000291,2026,04,فاتورة مشتريات,الموقر,
LV0000385,شركة الشروق لصناعة الكرتون,Local Vendors,491.4,1560,كرتون النور طحينية 1 كغم,1181393,Package & Labeling,26000006,2026,01,فاتورة مشتريات,الموقر,
LV0000385,شركة الشروق لصناعة الكرتون,Local Vendors,299.25,1575,كرتون النور طحينية 500 غم,1181390,Package & Labeling,26000006,2026,01,فاتورة مشتريات,الموقر,
LV0000385,شركة الشروق لصناعة الكرتون,Local Vendors,287,2050,كرتون الفاخرة طحينية 300 غم,1181404,Package & Labeling,26000006,2026,01,فاتورة مشتريات,الموقر,
LV0000385,شركة الشروق لصناعة الكرتون,Local Vendors,350.625,2125,كرتون الفاخرة طحينية 550 غم,1181401,Package & Labeling,26000006,2026,01,فاتورة مشتريات,الموقر,
LV0000385,شركة الشروق لصناعة الكرتون,Local Vendors,592.8,3120,كرتون لوكسر طحينية 450 غم أصفر,1181106,Package & Labeling,26000033,2026,01,فاتورة مشتريات,الموقر,
LV0000385,شركة الشروق لصناعة الكرتون,Local Vendors,658,3290,كرتون شيخ الكار طحينية 900 غم جديد ابيض,1181097,Package & Labeling,26000076,2026,02,فاتورة مشتريات,الموقر,
LV0000385,شركة الشروق لصناعة الكرتون,Local Vendors,326.25,2175,كرتون شيخ الكار طحينية 400 غم,1181120,Package & Labeling,26000076,2026,02,فاتورة مشتريات,الموقر,
LV0000385,شركة الشروق لصناعة الكرتون,Local Vendors,569.25,2070,كرتون متعدد طحينية 1 كغم مطرة,1181007,Package & Labeling,26000076,2026,02,فاتورة مشتريات,الموقر,
LV0000385,شركة الشروق لصناعة الكرتون,Local Vendors,333,2220,كرتون تمر مطحون ميار 700 غم,1181556,Package & Labeling,26000076,2026,02,فاتورة مشتريات,الموقر,
LV0000385,شركة الشروق لصناعة الكرتون,Local Vendors,823.48,1730,كرتون بني غير مطبوع طرود الخير 1,1181558,Package & Labeling,26000105,2026,02,فاتورة مشتريات,الموقر,
LV0000385,شركة الشروق لصناعة الكرتون,Local Vendors,557.76,1680,كرتون بني غير مطبوع طرود الخير 3,1181560,Package & Labeling,26000105,2026,02,فاتورة مشتريات,الموقر,
LV0000385,شركة الشروق لصناعة الكرتون,Local Vendors,505.05,1295,كرتون بني غير مطبوع طرود الخير 2,1181559,Package & Labeling,26000104,2026,02,فاتورة مشتريات,الموقر,
LV0000385,شركة الشروق لصناعة الكرتون,Local Vendors,303,2020,"كرتون متعدد 400 غم (فستق،سادة،شوكولاتة) بيضوي",1181073,Package & Labeling,26000151,2026,02,فاتورة مشتريات,الموقر,
LV0000385,شركة الشروق لصناعة الكرتون,Local Vendors,644,1150,"كرتون شيخ الكار حلاوة 6 كغم (فستق،سادة،شوكولاتة)",1181111,Package & Labeling,26000151,2026,02,فاتورة مشتريات,الموقر,
LV0000385,شركة الشروق لصناعة الكرتون,Local Vendors,123.5,1900,كرتون ميار طحينية 250 غم صواني,1181012,Package & Labeling,26000151,2026,02,فاتورة مشتريات,الموقر,
LV0000385,شركة الشروق لصناعة الكرتون,Local Vendors,68.25,1050,قواطع كرتون 6 كغم,1181567,Package & Labeling,26000151,2026,02,فاتورة مشتريات,الموقر,
LV0000385,شركة الشروق لصناعة الكرتون,Local Vendors,697,2050,كرتون متعدد حلاوة 5 كغم تبروير ولاء,1181029,Package & Labeling,26000164,2026,02,فاتورة مشتريات,الموقر,
LV0000385,شركة الشروق لصناعة الكرتون,Local Vendors,166.25,2375,كرتون ميار طحينية 250 غم صواني,1181012,Package & Labeling,26000164,2026,02,فاتورة مشتريات,الموقر,
LV0000385,شركة الشروق لصناعة الكرتون,Local Vendors,498.2,2120,"كرتون متعدد حلاوة 550 غم (ميار،فاخرة) أمنية",1181027,Package & Labeling,26000164,2026,02,فاتورة مشتريات,الموقر,
LV0000385,شركة الشروق لصناعة الكرتون,Local Vendors,536.8,2440,كرتون جميد سائل خارجي 1*8/جديد,1181497,Package & Labeling,26000164,2026,02,فاتورة مشتريات,الموقر,
LV0000385,شركة الشروق لصناعة الكرتون,Local Vendors,611.8,3220,كرتون لوكسر طحينية 450 غم أصفر,1181106,Package & Labeling,26000211,2026,03,فاتورة مشتريات,الموقر,
LV0000385,شركة الشروق لصناعة الكرتون,Local Vendors,203.3,1070,كرتون النور طحينية 500 غم,1181390,Package & Labeling,26000276,2026,03,فاتورة مشتريات,الموقر,
LV0000385,شركة الشروق لصناعة الكرتون,Local Vendors,317.75,2050,كرتون متعدد حلاوة بيضوي صغير,1181026,Package & Labeling,26000276,2026,03,فاتورة مشتريات,الموقر,
LV0000385,شركة الشروق لصناعة الكرتون,Local Vendors,559,2150,قواطع كرتون77*116,1181570,Package & Labeling,26000276,2026,03,فاتورة مشتريات,الموقر,
LV0000385,شركة الشروق لصناعة الكرتون,Local Vendors,666.5,2150,قواطع كرتون77*116,1181570,Package & Labeling,26000322,2026,04,فاتورة مشتريات,الموقر,
LV0000385,شركة الشروق لصناعة الكرتون,Local Vendors,467.6,3340,مرتبان الفاخرة طحينية 300 غم,1181060,Package & Labeling,26000322,2026,04,فاتورة مشتريات,الموقر,
LV0000385,شركة الشروق لصناعة الكرتون,Local Vendors,361.2,860,كرتون متعدد حلاوة 5 كغم تبروير ولاء,1181029,Package & Labeling,26000344,2026,04,فاتورة مشتريات,الموقر,
LV0000385,شركة الشروق لصناعة الكرتون,Local Vendors,604.8,1440,كرتون متعدد حلاوة 5 كغم تبروير ولاء,1181029,Package & Labeling,26000346,2026,04,فاتورة مشتريات,الموقر,
LV0000385,شركة الشروق لصناعة الكرتون,Local Vendors,429.4,2260,كرتون النور طحينية 500 غم,1181390,Package & Labeling,26000358,2026,04,فاتورة مشتريات,الموقر,
LV0000385,شركة الشروق لصناعة الكرتون,Local Vendors,296.1,940,كرتون النور طحينية 1 كغم,1181393,Package & Labeling,26000358,2026,04,فاتورة مشتريات,الموقر,
LV0000385,شركة الشروق لصناعة الكرتون,Local Vendors,585.2,3080,كرتون لوكسر طحينية 450 غم أصفر,1181106,Package & Labeling,26000358,2026,04,فاتورة مشتريات,الموقر,
LV0000385,شركة الشروق لصناعة الكرتون,Local Vendors,304.5,4350,كرتون ميار طحينية 250 غم صواني,1181012,Package & Labeling,26000358,2026,04,فاتورة مشتريات,الموقر,
LV0000385,شركة الشروق لصناعة الكرتون,Local Vendors,485.1,2940,"كرتون متعدد حلاوة 300 غم (فستق،سادة،شوكولاتة) مستطيل",1181022,Package & Labeling,26000392,2026,05,فاتورة مشتريات,الموقر,
LV0000385,شركة الشروق لصناعة الكرتون,Local Vendors,1800.9,15660,باكيت جميد سائل 1 كغم أزرق,1181540,Package & Labeling,26000455,2026,06,فاتورة مشتريات,الموقر,
LV0000385,شركة الشروق لصناعة الكرتون,Local Vendors,68.25,1050,قواطع كرتون 6 كغم,1181567,Package & Labeling,26000460,2026,06,فاتورة مشتريات,الموقر,
LV0000385,شركة الشروق لصناعة الكرتون,Local Vendors,123.5,1900,كرتون ميار طحينية 250 غم صواني,1181012,Package & Labeling,26000460,2026,06,فاتورة مشتريات,الموقر,
LV0000385,شركة الشروق لصناعة الكرتون,Local Vendors,644,1150,"كرتون شيخ الكار حلاوة 6 كغم (فستق،سادة،شوكولاتة)",1181111,Package & Labeling,26000460,2026,06,فاتورة مشتريات,الموقر,
LV0000385,شركة الشروق لصناعة الكرتون,Local Vendors,303,2020,"كرتون متعدد شيخ الكار حلاوة 400 غم (فستق،سادة،شوكولاتة) دمعة",1181006,Package & Labeling,26000460,2026,06,فاتورة مشتريات,الموقر,
LV0000385,شركة الشروق لصناعة الكرتون,Local Vendors,665.6,2560,كرتون شيخ الكار طحينية 800 غم,1181117,Package & Labeling,26000487,2026,06,فاتورة مشتريات,الموقر,
LV0000385,شركة الشروق لصناعة الكرتون,Local Vendors,315,2100,كرتون متعدد حلاوة 400 غم غير مطبوع دمعة,1181023,Package & Labeling,26000488,2026,06,فاتورة مشتريات,الموقر,
LV0000385,شركة الشروق لصناعة الكرتون,Local Vendors,220,1000,كرتون جميد سائل خارجي 1*8/جديد,1181497,Package & Labeling,26000496,2026,06,فاتورة مشتريات,الموقر,
LV0000385,شركة الشروق لصناعة الكرتون,Local Vendors,580,2000,كرتون شيخ الكار متعدد,1181095,Package & Labeling,26000496,2026,06,فاتورة مشتريات,الموقر,
LV0000385,شركة الشروق لصناعة الكرتون,Local Vendors,2439.75,32530,كرتون شيخ الكار متعدد,1181095,Package & Labeling,26000496,2026,06,فاتورة مشتريات,الموقر,
LV0000385,شركة الشروق لصناعة الكرتون,Local Vendors,544,3200,"كرتون متعدد شيخ الكار حلاوة 400 غم (فستق،سادة،شوكولاتة) دمعة",1181006,Package & Labeling,26000514,2026,07,فاتورة مشتريات,الموقر,
LV0000385,شركة الشروق لصناعة الكرتون,Local Vendors,96.8,440,كرتون متعدد حلاوة 400 غم غير مطبوع دمعة,1181023,Package & Labeling,26000514,2026,07,فاتورة مشتريات,الموقر,
LV0000385,شركة الشروق لصناعة الكرتون,Local Vendors,-68.25,-1050,قواطع كرتون 6 كغم,1181567,Package & Labeling,26000020,2026,06,مرتجع مشتريات,الموقر,
LV0000385,شركة الشروق لصناعة الكرتون,Local Vendors,-123.5,-1900,كرتون ميار طحينية 250 غم صواني,1181012,Package & Labeling,26000020,2026,06,مرتجع مشتريات,الموقر,
LV0000385,شركة الشروق لصناعة الكرتون,Local Vendors,-644,-1150,"كرتون شيخ الكار حلاوة 6 كغم (فستق،سادة،شوكولاتة)",1181111,Package & Labeling,26000020,2026,06,مرتجع مشتريات,الموقر,
LV0000385,شركة الشروق لصناعة الكرتون,Local Vendors,-303,-2020,"كرتون متعدد 400 غم (فستق،سادة،شوكولاتة) بيضوي",1181073,Package & Labeling,26000020,2026,06,مرتجع مشتريات,الموقر,
LV0000346,مؤسسة مجدي القعابرة للخدمات المطبعية,Local Vendors,180,0,,,,26000138,2026,02,فاتورة مشتريات,الموقر,
LV0000346,مؤسسة مجدي القعابرة للخدمات المطبعية,Local Vendors,100,0,,,,26000189,2026,03,فاتورة مشتريات,الموقر,
LV0000346,مؤسسة مجدي القعابرة للخدمات المطبعية,Local Vendors,168,0,,,,26000507,2026,06,فاتورة مشتريات,الموقر,
LV0000310,شركة أوج لهندسة المياه,Local Vendors,1620,0,,,,26000298,2026,04,فاتورة مشتريات,الموقر,
LV0000332,شركة المطاحن الهاشمية المحدودة,Local Vendors,9828,25.2,سكر 50 كعم 20*50,1081001,Sugar,26000052,2026,01,فاتورة مشتريات,الموقر,
LV0000332,شركة المطاحن الهاشمية المحدودة,Local Vendors,1950,5,سكر 50 كعم 20*50,1081001,Sugar,26000248,2026,03,فاتورة مشتريات,الموقر,
LV0000332,شركة المطاحن الهاشمية المحدودة,Local Vendors,21168,50.4,سكر 50 كعم 20*50,1081001,Sugar,26000341,2026,04,فاتورة مشتريات,الموقر,
LV0000322,جوهرة المدينة للادوات الكهربائية,Local Vendors,384.775,0,,,,26000015,2026,01,فاتورة مشتريات,الموقر,
LV0000322,جوهرة المدينة للادوات الكهربائية,Local Vendors,46.25,0,,,,26000016,2026,01,فاتورة مشتريات,الموقر,
LV0000322,جوهرة المدينة للادوات الكهربائية,Local Vendors,78.712,0,,,,26000017,2026,01,فاتورة مشتريات,الموقر,
LV0000322,جوهرة المدينة للادوات الكهربائية,Local Vendors,16.335,0,,,,26000018,2026,01,فاتورة مشتريات,الموقر,
LV0000322,جوهرة المدينة للادوات الكهربائية,Local Vendors,145,0,,,,26000039,2026,01,فاتورة مشتريات,الموقر,
LV0000322,جوهرة المدينة للادوات الكهربائية,Local Vendors,56,0,,,,26000067,2026,01,فاتورة مشتريات,الموقر,
LV0000322,جوهرة المدينة للادوات الكهربائية,Local Vendors,55.539,0,,,,26000068,2026,01,فاتورة مشتريات,الموقر,
LV0000322,جوهرة المدينة للادوات الكهربائية,Local Vendors,31.983,0,,,,26000071,2026,02,فاتورة مشتريات,الموقر,
LV0000322,جوهرة المدينة للادوات الكهربائية,Local Vendors,22.798,0,,,,26000094,2026,02,فاتورة مشتريات,الموقر,
LV0000322,جوهرة المدينة للادوات الكهربائية,Local Vendors,51.37,0,,,,26000112,2026,02,فاتورة مشتريات,الموقر,
LV0000322,جوهرة المدينة للادوات الكهربائية,Local Vendors,7.475,0,,,,26000135,2026,02,فاتورة مشتريات,الموقر,
LV0000322,جوهرة المدينة للادوات الكهربائية,Local Vendors,72.5,0,,,,26000136,2026,02,فاتورة مشتريات,الموقر,
LV0000322,جوهرة المدينة للادوات الكهربائية,Local Vendors,164.043,0,,,,26000141,2026,02,فاتورة مشتريات,الموقر,
LV0000322,جوهرة المدينة للادوات الكهربائية,Local Vendors,90.813,0,,,,26000147,2026,02,فاتورة مشتريات,الموقر,
LV0000322,جوهرة المدينة للادوات الكهربائية,Local Vendors,34,0,,,,26000168,2026,02,فاتورة مشتريات,الموقر,
LV0000322,جوهرة المدينة للادوات الكهربائية,Local Vendors,33,0,,,,26000169,2026,02,فاتورة مشتريات,الموقر,
LV0000322,جوهرة المدينة للادوات الكهربائية,Local Vendors,90.12,0,,,,26000187,2026,02,فاتورة مشتريات,الموقر,
LV0000322,جوهرة المدينة للادوات الكهربائية,Local Vendors,37.676,0,,,,26000191,2026,03,فاتورة مشتريات,الموقر,
LV0000322,جوهرة المدينة للادوات الكهربائية,Local Vendors,527.65,0,,,,26000212,2026,03,فاتورة مشتريات,الموقر,
LV0000322,جوهرة المدينة للادوات الكهربائية,Local Vendors,676.894,0,,,,26000235,2026,03,فاتورة مشتريات,الموقر,
LV0000322,جوهرة المدينة للادوات الكهربائية,Local Vendors,132.135,0,,,,26000242,2026,03,فاتورة مشتريات,الموقر,
LV0000322,جوهرة المدينة للادوات الكهربائية,Local Vendors,126.92,0,,,,26000260,2026,03,فاتورة مشتريات,الموقر,
LV0000322,جوهرة المدينة للادوات الكهربائية,Local Vendors,163.088,0,,,,26000279,2026,04,فاتورة مشتريات,الموقر,
LV0000322,جوهرة المدينة للادوات الكهربائية,Local Vendors,252,0,,,,26000309,2026,04,فاتورة مشتريات,الموقر,
LV0000322,جوهرة المدينة للادوات الكهربائية,Local Vendors,1005,0,,,,26000310,2026,04,فاتورة مشتريات,الموقر,
LV0000322,جوهرة المدينة للادوات الكهربائية,Local Vendors,14.45,0,,,,26000328,2026,04,فاتورة مشتريات,الموقر,
LV0000322,جوهرة المدينة للادوات الكهربائية,Local Vendors,592.5,0,,,,26000368,2026,04,فاتورة مشتريات,الموقر,
LV0000322,جوهرة المدينة للادوات الكهربائية,Local Vendors,45,0,,,,26000369,2026,04,فاتورة مشتريات,الموقر,
LV0000322,جوهرة المدينة للادوات الكهربائية,Local Vendors,62.65,0,,,,26000389,2026,05,فاتورة مشتريات,الموقر,
LV0000322,جوهرة المدينة للادوات الكهربائية,Local Vendors,250,0,,,,26000390,2026,05,فاتورة مشتريات,الموقر,
LV0000322,جوهرة المدينة للادوات الكهربائية,Local Vendors,14.35,0,,,,26000413,2026,05,فاتورة مشتريات,الموقر,
LV0000322,جوهرة المدينة للادوات الكهربائية,Local Vendors,19.2,0,,,,26000453,2026,06,فاتورة مشتريات,الموقر,
LV0000322,جوهرة المدينة للادوات الكهربائية,Local Vendors,66,0,,,,26000463,2026,06,فاتورة مشتريات,الموقر,
LV0000322,جوهرة المدينة للادوات الكهربائية,Local Vendors,100,0,,,,26000480,2026,06,فاتورة مشتريات,الموقر,
LV0000322,جوهرة المدينة للادوات الكهربائية,Local Vendors,34.4,0,,,,26000492,2026,06,فاتورة مشتريات,الموقر,
LV0000322,جوهرة المدينة للادوات الكهربائية,Local Vendors,158.95,0,,,,26000501,2026,06,فاتورة مشتريات,الموقر,
LV0000322,جوهرة المدينة للادوات الكهربائية,Local Vendors,80,0,,,,26000502,2026,06,فاتورة مشتريات,الموقر,
LV0000322,جوهرة المدينة للادوات الكهربائية,Local Vendors,64.95,0,,,,26000536,2026,07,فاتورة مشتريات,الموقر,
LV0000322,جوهرة المدينة للادوات الكهربائية,Local Vendors,32.4,0,,,,26000548,2026,07,فاتورة مشتريات,الموقر,
LV0000440,الشركة الإقليمية لصناعة العبوات البلاستيكية,Foreign Vendors,125,0,,,,26000106,2026,02,فاتورة مشتريات,الموقر,
LV0000440,الشركة الإقليمية لصناعة العبوات البلاستيكية,Foreign Vendors,37.5,0,,,,26000409,2026,05,فاتورة مشتريات,الموقر,
LV0000368,شركة التعبئة الفنية لصناعة العبوات البلاستيكية,Local Vendors,1041.04,7280,مرتبان طحينية  شيخ الكار 900 غم  جديد قارورة,1181192,Package & Labeling,26000044,2026,01,فاتورة مشتريات,الموقر,
LV0000368,شركة التعبئة الفنية لصناعة العبوات البلاستيكية,Local Vendors,45,4500,قصدير,1181563,Package & Labeling,26000130,2026,02,فاتورة مشتريات,الموقر,
LV0000368,شركة التعبئة الفنية لصناعة العبوات البلاستيكية,Local Vendors,234.08,2464,مطرة الفاخرة طحينية 900 غم,1181216,Package & Labeling,26000130,2026,02,فاتورة مشتريات,الموقر,
LV0000368,شركة التعبئة الفنية لصناعة العبوات البلاستيكية,Local Vendors,114,1200,مرتبان شيخ الكار طحينية 600 غم,1181190,Package & Labeling,26000130,2026,02,فاتورة مشتريات,الموقر,
LV0000368,شركة التعبئة الفنية لصناعة العبوات البلاستيكية,Local Vendors,29.312,3664,سليف,1181564,Package & Labeling,26000130,2026,02,فاتورة مشتريات,الموقر,
LV0000368,شركة التعبئة الفنية لصناعة العبوات البلاستيكية,Local Vendors,135,4500,FLIP TOP CAP 38MM,1181551,Package & Labeling,26000130,2026,02,فاتورة مشتريات,الموقر,
LV0000368,شركة التعبئة الفنية لصناعة العبوات البلاستيكية,Local Vendors,273.98,2660,مرتبان طحينية  شيخ الكار 700 غم  جديد قارورة,1181191,Package & Labeling,26000153,2026,02,فاتورة مشتريات,الموقر,
LV0000368,شركة التعبئة الفنية لصناعة العبوات البلاستيكية,Local Vendors,230.72,2240,مطرة الفاخرة طحينية 900 غم,1181216,Package & Labeling,26000153,2026,02,فاتورة مشتريات,الموقر,
LV0000368,شركة التعبئة الفنية لصناعة العبوات البلاستيكية,Local Vendors,10.3,100,مرتبان طحينية  شيخ الكار 900 غم  جديد قارورة,1181192,Package & Labeling,26000153,2026,02,فاتورة مشتريات,الموقر,
LV0000368,شركة التعبئة الفنية لصناعة العبوات البلاستيكية,Local Vendors,705.6,6720,مرتبان طحينية  شيخ الكار 900 غم  جديد قارورة,1181192,Package & Labeling,26000209,2026,03,فاتورة مشتريات,الموقر,
LV0000368,شركة التعبئة الفنية لصناعة العبوات البلاستيكية,Local Vendors,201.6,6720,FLIP TOP CAP 38MM,1181551,Package & Labeling,26000209,2026,03,فاتورة مشتريات,الموقر,
LV0000368,شركة التعبئة الفنية لصناعة العبوات البلاستيكية,Local Vendors,67.2,6720,قصدير,1181563,Package & Labeling,26000209,2026,03,فاتورة مشتريات,الموقر,
LV0000368,شركة التعبئة الفنية لصناعة العبوات البلاستيكية,Local Vendors,53.76,6720,سليف,1181564,Package & Labeling,26000209,2026,03,فاتورة مشتريات,الموقر,
LV0000368,شركة التعبئة الفنية لصناعة العبوات البلاستيكية,Local Vendors,342.72,2240,قارورة طحينية  شيخ الكار 900 غم  جديد,1181192,Package & Labeling,26000293,2026,04,فاتورة مشتريات,الموقر,
LV0000368,شركة التعبئة الفنية لصناعة العبوات البلاستيكية,Local Vendors,355.3,2090,قارورة طحينية  شيخ الكار 900 غم  جديد,1181192,Package & Labeling,26000294,2026,04,فاتورة مشتريات,الموقر,
LV0000368,شركة التعبئة الفنية لصناعة العبوات البلاستيكية,Local Vendors,202.272,1568,مطرة الفاخرة طحينية 900 غم,1181216,Package & Labeling,26000330,2026,02,فاتورة مشتريات,الموقر,
LV0000368,شركة التعبئة الفنية لصناعة العبوات البلاستيكية,Local Vendors,132.048,1008,مطرة شيخ الكار طحينية 900 غم,1181226,Package & Labeling,26000333,2026,03,فاتورة مشتريات,الموقر,
LV0000368,شركة التعبئة الفنية لصناعة العبوات البلاستيكية,Local Vendors,163.35,1350,مرتبان شيخ الكار طحينية 600 غم,1181190,Package & Labeling,26000333,2026,03,فاتورة مشتريات,الموقر,
LV0000368,شركة التعبئة الفنية لصناعة العبوات البلاستيكية,Local Vendors,755.04,3630,مطرة شيخ الكار طحينية 900 غم,1181226,Package & Labeling,26000334,2026,04,فاتورة مشتريات,الموقر,
LV0000368,شركة التعبئة الفنية لصناعة العبوات البلاستيكية,Local Vendors,2608.65,17050,قارورة طحينية  شيخ الكار 900 غم  جديد,1181192,Package & Labeling,26000508,2026,07,فاتورة مشتريات,الموقر,
LV0000415,شركة عيسى ابراهيم وشركاه,Local Vendors,364,14000,ملح,1171006,Raw material,26000003,2026,01,فاتورة مشتريات,الموقر,
LV0000415,شركة عيسى ابراهيم وشركاه,Local Vendors,0,350,ملح,1171006,Raw material,26000003,2026,01,فاتورة مشتريات,الموقر,
LV0000415,شركة عيسى ابراهيم وشركاه,Local Vendors,0,16,ملح,1171006,Raw material,26000047,2026,01,فاتورة مشتريات,الموقر,
LV0000415,شركة عيسى ابراهيم وشركاه,Local Vendors,416,640,ملح,1171006,Raw material,26000047,2026,01,فاتورة مشتريات,الموقر,
LV0000415,شركة عيسى ابراهيم وشركاه,Local Vendors,208,320,ملح,1171006,Raw material,26000048,2026,01,فاتورة مشتريات,الموقر,
LV0000415,شركة عيسى ابراهيم وشركاه,Local Vendors,0,8,ملح,1171006,Raw material,26000048,2026,01,فاتورة مشتريات,الموقر,
LV0000415,شركة عيسى ابراهيم وشركاه,Local Vendors,0,225,ملح,1171006,Raw material,26000053,2026,01,فاتورة مشتريات,الموقر,
LV0000415,شركة عيسى ابراهيم وشركاه,Local Vendors,260,10000,ملح,1171006,Raw material,26000053,2026,01,فاتورة مشتريات,الموقر,
LV0000415,شركة عيسى ابراهيم وشركاه,Local Vendors,0,350,ملح,1171006,Raw material,26000095,2026,02,فاتورة مشتريات,الموقر,
LV0000415,شركة عيسى ابراهيم وشركاه,Local Vendors,364,14000,ملح,1171006,Raw material,26000095,2026,02,فاتورة مشتريات,الموقر,
LV0000415,شركة عيسى ابراهيم وشركاه,Local Vendors,364,14000,ملح,1171006,Raw material,26000148,2026,02,فاتورة مشتريات,الموقر,
LV0000415,شركة عيسى ابراهيم وشركاه,Local Vendors,0,350,ملح,1171006,Raw material,26000148,2026,02,فاتورة مشتريات,الموقر,
LV0000415,شركة عيسى ابراهيم وشركاه,Local Vendors,364,14000,ملح,1171006,Raw material,26000156,2026,02,فاتورة مشتريات,الموقر,
LV0000415,شركة عيسى ابراهيم وشركاه,Local Vendors,0,350,ملح,1171006,Raw material,26000156,2026,02,فاتورة مشتريات,الموقر,
LV0000415,شركة عيسى ابراهيم وشركاه,Local Vendors,364,14000,ملح,1171006,Raw material,26000185,2026,02,فاتورة مشتريات,الموقر,
LV0000415,شركة عيسى ابراهيم وشركاه,Local Vendors,82.5,750,ملح أقراص,1171033,Raw material,26000185,2026,02,فاتورة مشتريات,الموقر,
LV0000415,شركة عيسى ابراهيم وشركاه,Local Vendors,234,9000,ملح,1171006,Raw material,26000214,2026,03,فاتورة مشتريات,الموقر,
LV0000415,شركة عيسى ابراهيم وشركاه,Local Vendors,0,225,ملح,1171006,Raw material,26000214,2026,03,فاتورة مشتريات,الموقر,
LV0000415,شركة عيسى ابراهيم وشركاه,Local Vendors,234,9000,ملح,1171006,Raw material,26000312,2026,04,فاتورة مشتريات,الموقر,
LV0000415,شركة عيسى ابراهيم وشركاه,Local Vendors,0,225,ملح,1171006,Raw material,26000312,2026,04,فاتورة مشتريات,الموقر,
LV0000415,شركة عيسى ابراهيم وشركاه,Local Vendors,0,400,ملح,1171006,Raw material,26000234,2026,03,فاتورة مشتريات,الموقر,
LV0000415,شركة عيسى ابراهيم وشركاه,Local Vendors,416,16000,ملح,1171006,Raw material,26000234,2026,03,فاتورة مشتريات,الموقر,
LV0000415,شركة عيسى ابراهيم وشركاه,Local Vendors,260,10000,ملح,1171006,Raw material,26000250,2026,03,فاتورة مشتريات,الموقر,
LV0000415,شركة عيسى ابراهيم وشركاه,Local Vendors,0,250,ملح,1171006,Raw material,26000250,2026,03,فاتورة مشتريات,الموقر,
LV0000415,شركة عيسى ابراهيم وشركاه,Local Vendors,260,10000,ملح,1171006,Raw material,26000265,2026,03,فاتورة مشتريات,الموقر,
LV0000415,شركة عيسى ابراهيم وشركاه,Local Vendors,0,250,ملح,1171006,Raw material,26000265,2026,03,فاتورة مشتريات,الموقر,
LV0000415,شركة عيسى ابراهيم وشركاه,Local Vendors,260,10000,ملح,1171006,Raw material,26000281,2026,04,فاتورة مشتريات,الموقر,
LV0000415,شركة عيسى ابراهيم وشركاه,Local Vendors,0,250,ملح,1171006,Raw material,26000281,2026,04,فاتورة مشتريات,الموقر,
LV0000415,شركة عيسى ابراهيم وشركاه,Local Vendors,416,16000,ملح,1171006,Raw material,26000295,2026,04,فاتورة مشتريات,الموقر,
LV0000415,شركة عيسى ابراهيم وشركاه,Local Vendors,0,400,ملح,1171006,Raw material,26000295,2026,04,فاتورة مشتريات,الموقر,
LV0000415,شركة عيسى ابراهيم وشركاه,Local Vendors,234,9000,ملح,1171006,Raw material,26000339,2026,04,فاتورة مشتريات,الموقر,
LV0000415,شركة عيسى ابراهيم وشركاه,Local Vendors,0,225,ملح,1171006,Raw material,26000339,2026,04,فاتورة مشتريات,الموقر,
LV0000415,شركة عيسى ابراهيم وشركاه,Local Vendors,0,225,ملح,1171006,Raw material,26000347,2026,04,فاتورة مشتريات,الموقر,
LV0000415,شركة عيسى ابراهيم وشركاه,Local Vendors,234,9000,ملح,1171006,Raw material,26000347,2026,04,فاتورة مشتريات,الموقر,
LV0000415,شركة عيسى ابراهيم وشركاه,Local Vendors,234,9000,ملح,1171006,Raw material,26000367,2026,04,فاتورة مشتريات,الموقر,
LV0000415,شركة عيسى ابراهيم وشركاه,Local Vendors,0,225,ملح,1171006,Raw material,26000367,2026,04,فاتورة مشتريات,الموقر,
LV0000415,شركة عيسى ابراهيم وشركاه,Local Vendors,208,8000,ملح,1171006,Raw material,26000388,2026,05,فاتورة مشتريات,الموقر,
LV0000415,شركة عيسى ابراهيم وشركاه,Local Vendors,0,200,ملح,1171006,Raw material,26000388,2026,05,فاتورة مشتريات,الموقر,
LV0000415,شركة عيسى ابراهيم وشركاه,Local Vendors,0,250,ملح,1171006,Raw material,26000410,2026,05,فاتورة مشتريات,الموقر,
LV0000415,شركة عيسى ابراهيم وشركاه,Local Vendors,260,10000,ملح,1171006,Raw material,26000410,2026,05,فاتورة مشتريات,الموقر,
LV0000415,شركة عيسى ابراهيم وشركاه,Local Vendors,0,350,ملح,1171006,Raw material,26000422,2026,05,فاتورة مشتريات,الموقر,
LV0000415,شركة عيسى ابراهيم وشركاه,Local Vendors,364,14000,ملح,1171006,Raw material,26000422,2026,05,فاتورة مشتريات,الموقر,
LV0000415,شركة عيسى ابراهيم وشركاه,Local Vendors,364,14000,ملح,1171006,Raw material,26000423,2026,05,فاتورة مشتريات,الموقر,
LV0000415,شركة عيسى ابراهيم وشركاه,Local Vendors,0,350,ملح,1171006,Raw material,26000423,2026,05,فاتورة مشتريات,الموقر,
LV0000415,شركة عيسى ابراهيم وشركاه,Local Vendors,364,14000,ملح,1171006,Raw material,26000441,2026,06,فاتورة مشتريات,الموقر,
LV0000415,شركة عيسى ابراهيم وشركاه,Local Vendors,0,3550,ملح,1171006,Raw material,26000441,2026,06,فاتورة مشتريات,الموقر,
LV0000415,شركة عيسى ابراهيم وشركاه,Local Vendors,416,16000,ملح,1171006,Raw material,26000454,2026,06,فاتورة مشتريات,الموقر,
LV0000415,شركة عيسى ابراهيم وشركاه,Local Vendors,0,400,ملح,1171006,Raw material,26000454,2026,06,فاتورة مشتريات,الموقر,
LV0000415,شركة عيسى ابراهيم وشركاه,Local Vendors,0,375,ملح,1171006,Raw material,26000510,2026,07,فاتورة مشتريات,الموقر,
LV0000415,شركة عيسى ابراهيم وشركاه,Local Vendors,390,15000,ملح,1171006,Raw material,26000510,2026,07,فاتورة مشتريات,الموقر,
LV0000415,شركة عيسى ابراهيم وشركاه,Local Vendors,208,8000,ملح,1171006,Raw material,26000484,2026,06,فاتورة مشتريات,الموقر,
LV0000415,شركة عيسى ابراهيم وشركاه,Local Vendors,0,200,ملح,1171006,Raw material,26000484,2026,06,فاتورة مشتريات,الموقر,
LV0000415,شركة عيسى ابراهيم وشركاه,Local Vendors,0,400,ملح,1171006,Raw material,26000512,2026,07,فاتورة مشتريات,الموقر,
LV0000415,شركة عيسى ابراهيم وشركاه,Local Vendors,416,16000,ملح,1171006,Raw material,26000512,2026,07,فاتورة مشتريات,الموقر,
LV0000415,شركة عيسى ابراهيم وشركاه,Local Vendors,416,16000,ملح,1171006,Raw material,26000532,2026,07,فاتورة مشتريات,الموقر,
LV0000415,شركة عيسى ابراهيم وشركاه,Local Vendors,0,400,ملح,1171006,Raw material,26000532,2026,07,فاتورة مشتريات,الموقر,
LV0000415,شركة عيسى ابراهيم وشركاه,Local Vendors,-234,-9000,ملح,1171006,Raw material,26000026,2026,07,مرتجع مشتريات,الموقر,
LV0000422,شركة الرؤيا المستقبلية لخدمات المطبعية,Local Vendors,286.308,0,,,,26000253,2026,02,فاتورة مشتريات,الموقر,
LV0000422,شركة الرؤيا المستقبلية لخدمات المطبعية,Local Vendors,324.324,0,,,,26000251,2026,02,فاتورة مشتريات,الموقر,
LV0000422,شركة الرؤيا المستقبلية لخدمات المطبعية,Local Vendors,326.4,0,,,,26000254,2026,02,فاتورة مشتريات,الموقر,
LV0000422,شركة الرؤيا المستقبلية لخدمات المطبعية,Local Vendors,477.1,0,,,,26000252,2026,03,فاتورة مشتريات,الموقر,
LV0000356,شركة خليل شامي وشريكه,Local Vendors,44.75,0,,,,26000019,2026,01,فاتورة مشتريات,الموقر,
LV0000356,شركة خليل شامي وشريكه,Local Vendors,21.6,0,,,,26000023,2026,01,فاتورة مشتريات,الموقر,
LV0000356,شركة خليل شامي وشريكه,Local Vendors,134.9,0,,,,26000024,2026,01,فاتورة مشتريات,الموقر,
LV0000356,شركة خليل شامي وشريكه,Local Vendors,11.25,0,,,,26000025,2026,01,فاتورة مشتريات,الموقر,
LV0000356,شركة خليل شامي وشريكه,Local Vendors,88.6,0,,,,26000065,2026,01,فاتورة مشتريات,الموقر,
LV0000356,شركة خليل شامي وشريكه,Local Vendors,55,0,,,,26000066,2026,01,فاتورة مشتريات,الموقر,
LV0000356,شركة خليل شامي وشريكه,Local Vendors,106,0,,,,26000072,2026,02,فاتورة مشتريات,الموقر,
LV0000356,شركة خليل شامي وشريكه,Local Vendors,70.95,0,,,,26000101,2026,02,فاتورة مشتريات,الموقر,
LV0000356,شركة خليل شامي وشريكه,Local Vendors,18,0,,,,26000183,2026,02,فاتورة مشتريات,الموقر,
LV0000356,شركة خليل شامي وشريكه,Local Vendors,9,0,,,,26000184,2026,02,فاتورة مشتريات,الموقر,
LV0000356,شركة خليل شامي وشريكه,Local Vendors,153.8,0,,,,26000263,2026,03,فاتورة مشتريات,الموقر,
LV0000356,شركة خليل شامي وشريكه,Local Vendors,57.843,0,,,,26000285,2026,04,فاتورة مشتريات,الموقر,
LV0000356,شركة خليل شامي وشريكه,Local Vendors,27,0,,,,26000297,2026,04,فاتورة مشتريات,الموقر,
LV0000356,شركة خليل شامي وشريكه,Local Vendors,4,0,,,,26000349,2026,04,فاتورة مشتريات,الموقر,
LV0000356,شركة خليل شامي وشريكه,Local Vendors,18.6,0,,,,26000359,2026,04,فاتورة مشتريات,الموقر,
LV0000356,شركة خليل شامي وشريكه,Local Vendors,27,0,,,,26000360,2026,04,فاتورة مشتريات,الموقر,
LV0000356,شركة خليل شامي وشريكه,Local Vendors,80,0,,,,26000361,2026,04,فاتورة مشتريات,الموقر,
LV0000356,شركة خليل شامي وشريكه,Local Vendors,435.4,0,,,,26000370,2026,05,فاتورة مشتريات,الموقر,
LV0000356,شركة خليل شامي وشريكه,Local Vendors,88.75,0,,,,26000398,2026,05,فاتورة مشتريات,الموقر,
LV0000356,شركة خليل شامي وشريكه,Local Vendors,72,0,,,,26000411,2026,05,فاتورة مشتريات,الموقر,
LV0000356,شركة خليل شامي وشريكه,Local Vendors,230.75,0,,,,26000442,2026,06,فاتورة مشتريات,الموقر,
LV0000356,شركة خليل شامي وشريكه,Local Vendors,21,0,,,,26000444,2026,06,فاتورة مشتريات,الموقر,
LV0000356,شركة خليل شامي وشريكه,Local Vendors,29.5,0,,,,26000457,2026,06,فاتورة مشتريات,الموقر,
LV0000356,شركة خليل شامي وشريكه,Local Vendors,13.5,0,,,,26000458,2026,06,فاتورة مشتريات,الموقر,
LV0000356,شركة خليل شامي وشريكه,Local Vendors,9,0,,,,26000459,2026,06,فاتورة مشتريات,الموقر,
LV0000356,شركة خليل شامي وشريكه,Local Vendors,549.75,0,,,,26000465,2026,06,فاتورة مشتريات,الموقر,
LV0000356,شركة خليل شامي وشريكه,Local Vendors,26.15,0,,,,26000476,2026,06,فاتورة مشتريات,الموقر,
LV0000356,شركة خليل شامي وشريكه,Local Vendors,280,0,,,,26000477,2026,06,فاتورة مشتريات,الموقر,
LV0000356,شركة خليل شامي وشريكه,Local Vendors,5.75,0,,,,26000481,2026,06,فاتورة مشتريات,الموقر,
LV0000356,شركة خليل شامي وشريكه,Local Vendors,66,0,,,,26000482,2026,06,فاتورة مشتريات,الموقر,
LV0000356,شركة خليل شامي وشريكه,Local Vendors,15,0,,,,26000483,2026,06,فاتورة مشتريات,الموقر,
LV0000356,شركة خليل شامي وشريكه,Local Vendors,35.6,0,,,,26000490,2026,06,فاتورة مشتريات,الموقر,
LV0000356,شركة خليل شامي وشريكه,Local Vendors,6.05,0,,,,26000503,2026,06,فاتورة مشتريات,الموقر,
LV0000356,شركة خليل شامي وشريكه,Local Vendors,4.5,0,,,,26000509,2026,07,فاتورة مشتريات,الموقر,
LV0000356,شركة خليل شامي وشريكه,Local Vendors,53.6,0,,,,26000525,2026,07,فاتورة مشتريات,الموقر,
LV0000356,شركة خليل شامي وشريكه,Local Vendors,178.3,0,,,,26000526,2026,07,فاتورة مشتريات,الموقر,
LV0000356,شركة خليل شامي وشريكه,Local Vendors,38.125,0,,,,26000549,2026,07,فاتورة مشتريات,الموقر,
LV0000356,شركة خليل شامي وشريكه,Local Vendors,-290,0,,,,26000012,2026,05,مرتجع مشتريات,الموقر,
LV0000355,مؤسسة التعافي للمستلزمات الطبية,Local Vendors,235,0,,,,26000073,2026,02,فاتورة مشتريات,الموقر,
LV0000355,مؤسسة التعافي للمستلزمات الطبية,Local Vendors,85,0,,,,26000074,2026,02,فاتورة مشتريات,الموقر,
LV0000355,مؤسسة التعافي للمستلزمات الطبية,Local Vendors,185,0,,,,26000381,2026,05,فاتورة مشتريات,الموقر,
LV0000355,مؤسسة التعافي للمستلزمات الطبية,Local Vendors,158,0,,,,26000213,2026,03,فاتورة مشتريات,الموقر,
LV0000355,مؤسسة التعافي للمستلزمات الطبية,Local Vendors,139,0,,,,26000258,2026,03,فاتورة مشتريات,الموقر,
LV0000355,مؤسسة التعافي للمستلزمات الطبية,Local Vendors,560,0,,,,26000329,2026,04,فاتورة مشتريات,الموقر,
LV0000355,مؤسسة التعافي للمستلزمات الطبية,Local Vendors,255,0,,,,26000355,2026,01,فاتورة مشتريات,الموقر,
LV0000355,مؤسسة التعافي للمستلزمات الطبية,Local Vendors,410,0,,,,26000443,2026,06,فاتورة مشتريات,الموقر,
LV0000439,مورد نقدي,Local Vendors,275.35,0,,,,26000318,2026,04,فاتورة مشتريات,الموقر,
LV0000439,مورد نقدي,Local Vendors,310.35,0,,,,26000319,2026,04,فاتورة مشتريات,الموقر,
LV0000439,مورد نقدي,Local Vendors,42,0,,,,26000373,2026,05,فاتورة مشتريات,الموقر,
LV0000439,مورد نقدي,Local Vendors,396,396,عرق حلاوة,1171014,Raw material,26000533,2026,07,فاتورة مشتريات,الموقر,
LV0000439,مورد نقدي,Local Vendors,460,500,ملح ليمون,1171001,Raw material,26000547,2026,07,فاتورة مشتريات,الموقر,
LV0000439,مورد نقدي,Local Vendors,272.5,0,,,,26000550,2026,07,فاتورة مشتريات,الموقر,
LV0000418,الخبير للتجهيزات العامة,Local Vendors,40,0,,,,26000007,2026,01,فاتورة مشتريات,الموقر,
LV0000418,الخبير للتجهيزات العامة,Local Vendors,8,0,,,,26000038,2026,01,فاتورة مشتريات,الموقر,
LV0000418,الخبير للتجهيزات العامة,Local Vendors,79.15,0,,,,26000216,2026,02,فاتورة مشتريات,الموقر,
LV0000418,الخبير للتجهيزات العامة,Local Vendors,165.25,0,,,,26000228,2026,03,فاتورة مشتريات,الموقر,
LV0000418,الخبير للتجهيزات العامة,Local Vendors,64.5,0,,,,26000249,2026,03,فاتورة مشتريات,الموقر,
LV0000418,الخبير للتجهيزات العامة,Local Vendors,22,0,,,,26000303,2026,02,فاتورة مشتريات,الموقر,
LV0000418,الخبير للتجهيزات العامة,Local Vendors,229.2,0,,,,26000304,2026,02,فاتورة مشتريات,الموقر,
LV0000418,الخبير للتجهيزات العامة,Local Vendors,46,0,,,,26000305,2026,02,فاتورة مشتريات,الموقر,
LV0000418,الخبير للتجهيزات العامة,Local Vendors,167.05,0,,,,26000357,2026,04,فاتورة مشتريات,الموقر,
LV0000418,الخبير للتجهيزات العامة,Local Vendors,76.3,0,,,,26000397,2026,05,فاتورة مشتريات,الموقر,
LV0000435,شركة رجائي ومحمد عيسى الملك للتجارة,Local Vendors,26724,2000,فستق حلبي,1171011,Raw material,26000315,2026,03,فاتورة مشتريات,الموقر,
LV0000435,شركة رجائي ومحمد عيسى الملك للتجارة,Local Vendors,-799.569,-70,فستق حلبي,1171011,Raw material,26000005,2026,02,مرتجع مشتريات,الموقر,
LV0000328,شركة زهرة الضياء لبيع القهوة والبهارات,Local Vendors,3800,200,فستق حلبي,1171011,Raw material,26000083,2026,02,فاتورة مشتريات,الموقر,
LV0000328,شركة زهرة الضياء لبيع القهوة والبهارات,Local Vendors,950,50,فستق حلبي,1171011,Raw material,26000084,2026,02,فاتورة مشتريات,الموقر,
LV0000328,شركة زهرة الضياء لبيع القهوة والبهارات,Local Vendors,4750,250,فستق حلبي,1171011,Raw material,26000157,2026,02,فاتورة مشتريات,الموقر,
LV0000328,شركة زهرة الضياء لبيع القهوة والبهارات,Local Vendors,780,40,فستق حلبي,1171011,Raw material,26000163,2026,02,فاتورة مشتريات,الموقر,
LV0000328,شركة زهرة الضياء لبيع القهوة والبهارات,Local Vendors,2925,150,فستق حلبي,1171011,Raw material,26000174,2026,02,فاتورة مشتريات,الموقر,
LV0000328,شركة زهرة الضياء لبيع القهوة والبهارات,Local Vendors,2730,140,فستق حلبي,1171011,Raw material,26000194,2026,02,فاتورة مشتريات,الموقر,
LV0000328,شركة زهرة الضياء لبيع القهوة والبهارات,Local Vendors,2340,120,فستق حلبي,1171011,Raw material,26000202,2026,03,فاتورة مشتريات,الموقر,
LV0000328,شركة زهرة الضياء لبيع القهوة والبهارات,Local Vendors,3900,200,فستق حلبي,1171011,Raw material,26000222,2026,03,فاتورة مشتريات,الموقر,
LV0000328,شركة زهرة الضياء لبيع القهوة والبهارات,Local Vendors,6000,300,فستق حلبي,1171011,Raw material,26000299,2026,04,فاتورة مشتريات,الموقر,
LV0000328,شركة زهرة الضياء لبيع القهوة والبهارات,Local Vendors,5700,300,فستق حلبي,1171011,Raw material,26000385,2026,05,فاتورة مشتريات,الموقر,
LV0000328,شركة زهرة الضياء لبيع القهوة والبهارات,Local Vendors,6000,300,فستق حلبي,1171011,Raw material,26000308,2026,04,فاتورة مشتريات,الموقر,
LV0000328,شركة زهرة الضياء لبيع القهوة والبهارات,Local Vendors,3800,200,فستق حلبي,1171011,Raw material,26000386,2026,05,فاتورة مشتريات,الموقر,
LV0000328,شركة زهرة الضياء لبيع القهوة والبهارات,Local Vendors,3800,200,فستق حلبي,1171011,Raw material,26000272,2026,03,فاتورة مشتريات,الموقر,
LV0000328,شركة زهرة الضياء لبيع القهوة والبهارات,Local Vendors,5250,250,فستق حلبي,1171011,Raw material,26000408,2026,05,فاتورة مشتريات,الموقر,
LV0000328,شركة زهرة الضياء لبيع القهوة والبهارات,Local Vendors,5700,300,فستق حلبي,1171011,Raw material,26000302,2026,01,فاتورة مشتريات,الموقر,
LV0000328,شركة زهرة الضياء لبيع القهوة والبهارات,Local Vendors,5700,300,فستق حلبي,1171011,Raw material,26000271,2026,01,فاتورة مشتريات,الموقر,
LV0000328,شركة زهرة الضياء لبيع القهوة والبهارات,Local Vendors,-5700,-300,فستق حلبي,1171011,Raw material,26000028,2026,01,مرتجع مشتريات,الموقر,
LV0000328,شركة زهرة الضياء لبيع القهوة والبهارات,Local Vendors,-3800,-200,فستق حلبي,1171011,Raw material,26000014,2026,03,مرتجع مشتريات,الموقر,
LV0000328,شركة زهرة الضياء لبيع القهوة والبهارات,Local Vendors,-5700,-300,فستق حلبي,1171011,Raw material,26000030,2026,01,مرتجع مشتريات,الموقر,
LV0000403,شركة الجبالي إخوان وشركاهم ذ.م.م,Local Vendors,135,0,,,,26000020,2026,01,فاتورة مشتريات,الموقر,
LV0000403,شركة الجبالي إخوان وشركاهم ذ.م.م,Local Vendors,371,0,,,,26000021,2026,01,فاتورة مشتريات,الموقر,
LV0000403,شركة الجبالي إخوان وشركاهم ذ.م.م,Local Vendors,60,0,مصاريف صيانة,,,26000026,2026,01,فاتورة مشتريات,الموقر,
LV0000403,شركة الجبالي إخوان وشركاهم ذ.م.م,Local Vendors,55,0,,,,26000027,2026,01,فاتورة مشتريات,الموقر,
LV0000403,شركة الجبالي إخوان وشركاهم ذ.م.م,Local Vendors,362,0,,,,26000028,2026,01,فاتورة مشتريات,الموقر,
LV0000403,شركة الجبالي إخوان وشركاهم ذ.م.م,Local Vendors,62,0,,,,26000280,2026,04,فاتورة مشتريات,الموقر,
LV0000403,شركة الجبالي إخوان وشركاهم ذ.م.م,Local Vendors,620,0,,,,26000284,2026,04,فاتورة مشتريات,الموقر,
LV0000403,شركة الجبالي إخوان وشركاهم ذ.م.م,Local Vendors,30.5,0,,,,26000288,2026,04,فاتورة مشتريات,الموقر,
LV0000403,شركة الجبالي إخوان وشركاهم ذ.م.م,Local Vendors,3575,0,,,,26000401,2026,05,فاتورة مشتريات,الموقر,
LV0000403,شركة الجبالي إخوان وشركاهم ذ.م.م,Local Vendors,105,0,,,,26000412,2026,05,فاتورة مشتريات,الموقر,
LV0000403,شركة الجبالي إخوان وشركاهم ذ.م.م,Local Vendors,485,0,,,,26000473,2026,06,فاتورة مشتريات,الموقر,
LV0000449,بضاعة بوندد النبلاء,Local Vendors,136908.184,114.8,سمسم خام,1141002,Sesame,26000176,2026,02,فاتورة مشتريات,الموقر,
LV0000377,شركة السلام للشحن السريع,Local Vendors,337.25,0,,,,26000139,2026,02,فاتورة مشتريات,الموقر,
LV0000377,شركة السلام للشحن السريع,Local Vendors,337.25,0,,,,26000437,2026,06,فاتورة مشتريات,الموقر,
LV0000377,شركة السلام للشحن السريع,Local Vendors,337.25,0,,,,26000467,2026,06,فاتورة مشتريات,الموقر,
LV0000377,شركة السلام للشحن السريع,Local Vendors,337.25,0,,,,26000528,2026,07,فاتورة مشتريات,الموقر,
LV0000377,شركة السلام للشحن السريع,Local Vendors,337.25,0,,,,26000529,2026,07,فاتورة مشتريات,الموقر,
LV0000377,شركة السلام للشحن السريع,Local Vendors,-337.25,0,,,,26000024,2026,06,مرتجع مشتريات,الموقر,
LV0000463,داتش تو التجارية - السودان,Local Vendors,132937.5,150,سمسم خام,1141002,Sesame,26000433,2026,05,فاتورة مشتريات,الموقر,
LV0000463,داتش تو التجارية - السودان,Local Vendors,218903.75,247,سمسم خام,1141002,Sesame,26000544,2026,05,فاتورة مشتريات,الموقر,
LV0000463,داتش تو التجارية - السودان,Local Vendors,218903.75,247,سمسم خام,1141002,Sesame,26000425,2026,04,فاتورة مشتريات,الموقر,
LV0000463,داتش تو التجارية - السودان,Local Vendors,-218903.75,-247,سمسم خام,1141002,Sesame,26000033,2026,04,مرتجع مشتريات,الموقر,
LV0000413,شركة جدارا للتخليص,Local Vendors,1900,0,Shipping,,,26000326,2026,04,فاتورة مشتريات,الموقر,
LV0000413,شركة جدارا للتخليص,Local Vendors,2051.7,0,Customs,,,26000326,2026,04,فاتورة مشتريات,الموقر,
LV0000413,شركة جدارا للتخليص,Local Vendors,147.3,0,Clearance,,,26000326,2026,04,فاتورة مشتريات,الموقر,
LV0000413,شركة جدارا للتخليص,Local Vendors,93,0,,,,26000327,2026,04,فاتورة مشتريات,الموقر,
LV0000413,شركة جدارا للتخليص,Local Vendors,146.67,0,Shipping,,,26000427,2026,03,فاتورة مشتريات,الموقر,
LV0000413,شركة جدارا للتخليص,Local Vendors,3453.33,0,Customs,,,26000427,2026,03,فاتورة مشتريات,الموقر,
LV0000413,شركة جدارا للتخليص,Local Vendors,370.16,0,,,,26000428,2026,04,فاتورة مشتريات,الموقر,
LV0000413,شركة جدارا للتخليص,Local Vendors,375,0,,,,26000429,2026,04,فاتورة مشتريات,الموقر,
LV0000413,شركة جدارا للتخليص,Local Vendors,100.5,0,,,,26000430,2026,04,فاتورة مشتريات,الموقر,
LV0000413,شركة جدارا للتخليص,Local Vendors,45,0,Testing,,,26000432,2026,04,فاتورة مشتريات,الموقر,
LV0000413,شركة جدارا للتخليص,Local Vendors,260.98,0,Clearance,,,26000432,2026,04,فاتورة مشتريات,الموقر,
LV0000413,شركة جدارا للتخليص,Local Vendors,8809.02,0,Customs,,,26000432,2026,04,فاتورة مشتريات,الموقر,
LV0000413,شركة جدارا للتخليص,Local Vendors,4750,0,Shipping,,,26000432,2026,04,فاتورة مشتريات,الموقر,
LV0000413,شركة جدارا للتخليص,Local Vendors,256,0,,,,26000436,2026,04,فاتورة مشتريات,الموقر,
LV0000413,شركة جدارا للتخليص,Local Vendors,3025.21,0,Customs,,,26000545,2026,05,فاتورة مشتريات,الموقر,
LV0000413,شركة جدارا للتخليص,Local Vendors,9439.39,0,Shipping,,,26000545,2026,05,فاتورة مشتريات,الموقر,
LV0000413,شركة جدارا للتخليص,Local Vendors,466.4,0,Clearance,,,26000545,2026,05,فاتورة مشتريات,الموقر,
LV0000416,جونيا لصناعة مواد التنظيف والتعقيم,Local Vendors,81,0,,,,26000351,2026,04,فاتورة مشتريات,الموقر,
LV0000416,جونيا لصناعة مواد التنظيف والتعقيم,Local Vendors,216,0,,,,26000110,2026,02,فاتورة مشتريات,الموقر,
LV0000416,جونيا لصناعة مواد التنظيف والتعقيم,Local Vendors,67.5,0,,,,26000192,2026,02,فاتورة مشتريات,الموقر,
LV0000416,جونيا لصناعة مواد التنظيف والتعقيم,Local Vendors,67.5,0,,,,26000274,2026,03,فاتورة مشتريات,الموقر,
LV0000416,جونيا لصناعة مواد التنظيف والتعقيم,Local Vendors,82.35,0,,,,26000292,2026,04,فاتورة مشتريات,الموقر,
LV0000416,جونيا لصناعة مواد التنظيف والتعقيم,Local Vendors,81,0,,,,26000416,2026,05,فاتورة مشتريات,الموقر,
LV0000397,مصنع ستار بلاستيك الاردني,Local Vendors,4792.16,0,,,,26000311,2026,04,فاتورة مشتريات,الموقر,
LV0000391,مؤسسة المجيد للصناعات البلاستيكية,Local Vendors,1371.75,8850,مرتبان شيخ الكار طحينية 800 غم,1181196,Package & Labeling,26000004,2026,01,فاتورة مشتريات,الموقر,
LV0000391,مؤسسة المجيد للصناعات البلاستيكية,Local Vendors,255.15,2430,مطرة قاسيون طحينية 1 كغم,1181224,Package & Labeling,26000005,2026,01,فاتورة مشتريات,الموقر,
LV0000391,مؤسسة المجيد للصناعات البلاستيكية,Local Vendors,198.45,1890,مطرة الأفندي طحينية 900 غم,1181480,Package & Labeling,26000046,2026,01,فاتورة مشتريات,الموقر,
LV0000391,مؤسسة المجيد للصناعات البلاستيكية,Local Vendors,283.5,2700,مطرة عرفة طحينية 900 غم,1181227,Package & Labeling,26000046,2026,01,فاتورة مشتريات,الموقر,
LV0000391,مؤسسة المجيد للصناعات البلاستيكية,Local Vendors,227.7,1980,مرتبان لوكسر طحينية 450 غم أصفر,1181235,Package & Labeling,26000059,2026,01,فاتورة مشتريات,الموقر,
LV0000391,مؤسسة المجيد للصناعات البلاستيكية,Local Vendors,1161.27,10098,مرتبان لوكسر طحينية 450 غم أصفر,1181235,Package & Labeling,26000078,2026,02,فاتورة مشتريات,الموقر,
LV0000391,مؤسسة المجيد للصناعات البلاستيكية,Local Vendors,245.7,2340,مرتبان سيلك رود طحينية 650 غم,1181211,Package & Labeling,26000078,2026,02,فاتورة مشتريات,الموقر,
LV0000391,مؤسسة المجيد للصناعات البلاستيكية,Local Vendors,28.35,270,مطرة قاسيون طحينية 1 كغم,1181224,Package & Labeling,26000078,2026,02,فاتورة مشتريات,الموقر,
LV0000391,مؤسسة المجيد للصناعات البلاستيكية,Local Vendors,444.15,4230,مطرة ميار طحينية 900 غم,1181221,Package & Labeling,26000129,2026,02,فاتورة مشتريات,الموقر,
LV0000391,مؤسسة المجيد للصناعات البلاستيكية,Local Vendors,495.6,4956,مرتبان شيخ الكار طحينية 250 غم,1181188,Package & Labeling,26000132,2026,02,فاتورة مشتريات,الموقر,
LV0000391,مؤسسة المجيد للصناعات البلاستيكية,Local Vendors,283.5,2700,مطرة عرفة طحينية 900 غم,1181227,Package & Labeling,26000152,2026,02,فاتورة مشتريات,الموقر,
LV0000391,مؤسسة المجيد للصناعات البلاستيكية,Local Vendors,540.75,5150,مطرة ميار طحينية 900 غم,1181221,Package & Labeling,26000152,2026,02,فاتورة مشتريات,الموقر,
LV0000391,مؤسسة المجيد للصناعات البلاستيكية,Local Vendors,340.2,3240,مطرة الأفندي طحينية 900 غم,1181480,Package & Labeling,26000152,2026,02,فاتورة مشتريات,الموقر,
LV0000391,مؤسسة المجيد للصناعات البلاستيكية,Local Vendors,18.9,180,مطرة قاسيون طحينية 1 كغم,1181224,Package & Labeling,26000152,2026,02,فاتورة مشتريات,الموقر,
LV0000391,مؤسسة المجيد للصناعات البلاستيكية,Local Vendors,205.8,1960,مطرة ميار طحينية 900 غم,1181221,Package & Labeling,26000152,2026,02,فاتورة مشتريات,الموقر,
LV0000391,مؤسسة المجيد للصناعات البلاستيكية,Local Vendors,311.85,2970,مطرة سيلك رود طحينية 1 كغم,1181225,Package & Labeling,26000155,2026,02,فاتورة مشتريات,الموقر,
LV0000391,مؤسسة المجيد للصناعات البلاستيكية,Local Vendors,302.4,2880,مطرة قاسيون طحينية 1 كغم,1181224,Package & Labeling,26000155,2026,02,فاتورة مشتريات,الموقر,
LV0000391,مؤسسة المجيد للصناعات البلاستيكية,Local Vendors,236.25,2250,مطرة ميار طحينية 900 غم,1181221,Package & Labeling,26000186,2026,02,فاتورة مشتريات,الموقر,
LV0000391,مؤسسة المجيد للصناعات البلاستيكية,Local Vendors,1050,10500,مرتبان شيخ الكار طحينية 250 غم,1181188,Package & Labeling,26000193,2026,03,فاتورة مشتريات,الموقر,
LV0000391,مؤسسة المجيد للصناعات البلاستيكية,Local Vendors,1184.04,10296,مرتبان لوكسر طحينية 450 غم أصفر,1181235,Package & Labeling,26000203,2026,03,فاتورة مشتريات,الموقر,
LV0000391,مؤسسة المجيد للصناعات البلاستيكية,Local Vendors,2072.07,18018,مرتبان لوكسر طحينية 450 غم أصفر,1181235,Package & Labeling,26000204,2026,03,فاتورة مشتريات,الموقر,
LV0000391,مؤسسة المجيد للصناعات البلاستيكية,Local Vendors,592.02,5148,مرتبان لوكسر طحينية 450 غم أصفر,1181235,Package & Labeling,26000223,2026,03,فاتورة مشتريات,الموقر,
LV0000391,مؤسسة المجيد للصناعات البلاستيكية,Local Vendors,1263.6,9720,مرتبان الموسم طحينية 800 غم,1181037,Package & Labeling,26000223,2026,03,فاتورة مشتريات,الموقر,
LV0000391,مؤسسة المجيد للصناعات البلاستيكية,Local Vendors,1472.5,9500,مرتبان شيخ الكار طحينية 800 غم,1181196,Package & Labeling,26000223,2026,03,فاتورة مشتريات,الموقر,
LV0000391,مؤسسة المجيد للصناعات البلاستيكية,Local Vendors,3165.03,27522,مرتبان لوكسر طحينية 450 غم أصفر,1181235,Package & Labeling,26000226,2026,02,فاتورة مشتريات,الموقر,
LV0000391,مؤسسة المجيد للصناعات البلاستيكية,Local Vendors,1776.06,15444,مرتبان لوكسر طحينية 450 غم أصفر,1181235,Package & Labeling,26000227,2026,03,فاتورة مشتريات,الموقر,
LV0000391,مؤسسة المجيد للصناعات البلاستيكية,Local Vendors,198.45,1890,مطرة سيلك رود طحينية 1 كغم,1181225,Package & Labeling,26000236,2026,03,فاتورة مشتريات,الموقر,
LV0000391,مؤسسة المجيد للصناعات البلاستيكية,Local Vendors,500.85,4770,مطرة ميار طحينية 900 غم,1181221,Package & Labeling,26000236,2026,03,فاتورة مشتريات,الموقر,
LV0000391,مؤسسة المجيد للصناعات البلاستيكية,Local Vendors,2656.5,23100,مرتبان لوكسر طحينية 450 غم أصفر,1181235,Package & Labeling,26000261,2026,03,فاتورة مشتريات,الموقر,
LV0000391,مؤسسة المجيد للصناعات البلاستيكية,Local Vendors,2201.1,19140,مرتبان لوكسر طحينية 450 غم أصفر,1181235,Package & Labeling,26000262,2026,03,فاتورة مشتريات,الموقر,
LV0000391,مؤسسة المجيد للصناعات البلاستيكية,Local Vendors,1381.38,12012,مرتبان شيخ الكار طحينية 250 غم,1181188,Package & Labeling,26000306,2026,04,فاتورة مشتريات,الموقر,
LV0000391,مؤسسة المجيد للصناعات البلاستيكية,Local Vendors,538.2,4140,مطرة شيخ الكار طحينية 900 غم,1181226,Package & Labeling,26000337,2026,04,فاتورة مشتريات,الموقر,
LV0000391,مؤسسة المجيد للصناعات البلاستيكية,Local Vendors,1072.5,8250,مرتبان شيخ الكار طحينية 400 غم,1181186,Package & Labeling,26000353,2026,04,فاتورة مشتريات,الموقر,
LV0000391,مؤسسة المجيد للصناعات البلاستيكية,Local Vendors,1196.25,8250,مرتبان شيخ الكار طحينية 600 غم,1181190,Package & Labeling,26000353,2026,04,فاتورة مشتريات,الموقر,
LV0000391,مؤسسة المجيد للصناعات البلاستيكية,Local Vendors,643.5,5850,مطرة عرفة طحينية 900 غم,1181227,Package & Labeling,26000406,2026,05,فاتورة مشتريات,الموقر,
LV0000391,مؤسسة المجيد للصناعات البلاستيكية,Local Vendors,653.4,5940,مطرة ميار طحينية 900 غم,1181221,Package & Labeling,26000406,2026,05,فاتورة مشتريات,الموقر,
LV0000391,مؤسسة المجيد للصناعات البلاستيكية,Local Vendors,178.2,1620,مطرة قاسيون طحينية 1 كغم,1181224,Package & Labeling,26000461,2026,06,فاتورة مشتريات,الموقر,
LV0000391,مؤسسة المجيد للصناعات البلاستيكية,Local Vendors,397.8,3060,مطرة قاسيون طحينية 1 كغم,1181224,Package & Labeling,26000497,2026,06,فاتورة مشتريات,الموقر,
LV0000391,مؤسسة المجيد للصناعات البلاستيكية,Local Vendors,257.4,1980,مطرة ميار طحينية 900 غم,1181221,Package & Labeling,26000497,2026,06,فاتورة مشتريات,الموقر,
LV0000391,مؤسسة المجيد للصناعات البلاستيكية,Local Vendors,970.2,8820,مطرة ميار طحينية 900 غم,1181221,Package & Labeling,26000552,2026,07,فاتورة مشتريات,الموقر,
LV0000391,مؤسسة المجيد للصناعات البلاستيكية,Local Vendors,89.1,810,مطرة ميار طحينية 900 غم,1181221,Package & Labeling,26000555,2026,07,فاتورة مشتريات,الموقر,
LV0000391,مؤسسة المجيد للصناعات البلاستيكية,Local Vendors,-257.4,-1980,مطرة ميار طحينية 900 غم,1181221,Package & Labeling,26000023,2026,06,مرتجع مشتريات,الموقر,
LV0000433,شركة رتاج لتوزيع وتجارة المواد الغذائية والتنموية,Foreign Vendors,912,1000,تنك شيخ الكار طحينية 9 كغم -فارغ,1181312,Package & Labeling,26000011,2026,01,فاتورة مشتريات,الموقر,
LV0000433,شركة رتاج لتوزيع وتجارة المواد الغذائية والتنموية,Foreign Vendors,1271,1000,تنك شيخ الكار طحينية 18 كغم -جديد (برتقالي),1181487,Package & Labeling,26000012,2026,01,فاتورة مشتريات,الموقر,
LV0000433,شركة رتاج لتوزيع وتجارة المواد الغذائية والتنموية,Foreign Vendors,456,500,تنك شيخ الكار طحينية 9 كغم -فارغ,1181312,Package & Labeling,26000013,2026,01,فاتورة مشتريات,الموقر,
LV0000433,شركة رتاج لتوزيع وتجارة المواد الغذائية والتنموية,Foreign Vendors,912,1000,تنك شيخ الكار طحينية 8 كغم -جديد (برتقالي),1181555,Package & Labeling,26000060,2026,01,فاتورة مشتريات,الموقر,
LV0000433,شركة رتاج لتوزيع وتجارة المواد الغذائية والتنموية,Foreign Vendors,1258.29,990,تنك شيخ الكار طحينية 18 كغم -فارغ,1181301,Package & Labeling,26000087,2026,02,فاتورة مشتريات,الموقر,
LV0000433,شركة رتاج لتوزيع وتجارة المواد الغذائية والتنموية,Foreign Vendors,1155,1000,تنك شيخ الكار طحينية 15 كغم -فارغ,1181304,Package & Labeling,26000097,2026,02,فاتورة مشتريات,الموقر,
LV0000433,شركة رتاج لتوزيع وتجارة المواد الغذائية والتنموية,Foreign Vendors,1271,1000,تنك شيخ الكار طحينية 18 كغم -فارغ,1181301,Package & Labeling,26000098,2026,02,فاتورة مشتريات,الموقر,
LV0000433,شركة رتاج لتوزيع وتجارة المواد الغذائية والتنموية,Foreign Vendors,912,1000,تنك شيخ الكار طحينية 9 كغم -فارغ,1181312,Package & Labeling,26000124,2026,02,فاتورة مشتريات,الموقر,
LV0000433,شركة رتاج لتوزيع وتجارة المواد الغذائية والتنموية,Foreign Vendors,1398,1000,تنك شيخ الكار طحينية 18 كغم -فارغ,1181301,Package & Labeling,26000383,2026,05,فاتورة مشتريات,الموقر,
LV0000433,شركة رتاج لتوزيع وتجارة المواد الغذائية والتنموية,Foreign Vendors,456,500,تنك شيخ الكار طحينية 9 كغم -فارغ,1181312,Package & Labeling,26000188,2026,01,فاتورة مشتريات,الموقر,
LV0000433,شركة رتاج لتوزيع وتجارة المواد الغذائية والتنموية,Foreign Vendors,1271,1000,تنك شيخ الكار طحينية 18 كغم -فارغ,1181301,Package & Labeling,26000215,2026,03,فاتورة مشتريات,الموقر,
LV0000433,شركة رتاج لتوزيع وتجارة المواد الغذائية والتنموية,Foreign Vendors,912,1000,تنك شيخ الكار طحينية 9 كغم -فارغ,1181312,Package & Labeling,26000259,2026,03,فاتورة مشتريات,الموقر,
LV0000433,شركة رتاج لتوزيع وتجارة المواد الغذائية والتنموية,Foreign Vendors,1155,1000,تنك شيخ الكار طحينية 15 كغم -فارغ,1181304,Package & Labeling,26000259,2026,03,فاتورة مشتريات,الموقر,
LV0000433,شركة رتاج لتوزيع وتجارة المواد الغذائية والتنموية,Foreign Vendors,1398,1000,تنك شيخ الكار طحينية 18 كغم -فارغ,1181301,Package & Labeling,26000290,2026,04,فاتورة مشتريات,الموقر,
LV0000433,شركة رتاج لتوزيع وتجارة المواد الغذائية والتنموية,Foreign Vendors,1003,1000,تنك شيخ الكار طحينية 9 كغم -فارغ,1181312,Package & Labeling,26000307,2026,04,فاتورة مشتريات,الموقر,
LV0000433,شركة رتاج لتوزيع وتجارة المواد الغذائية والتنموية,Foreign Vendors,762.6,600,تنك شيخ الكار طحينية 15 كغم -فارغ,1181304,Package & Labeling,26000307,2026,04,فاتورة مشتريات,الموقر,
LV0000433,شركة رتاج لتوزيع وتجارة المواد الغذائية والتنموية,Foreign Vendors,511.53,510,تنك شيخ الكار طحينية 9 كغم -فارغ,1181312,Package & Labeling,26000556,2026,07,فاتورة مشتريات,الموقر,
LV0000433,شركة رتاج لتوزيع وتجارة المواد الغذائية والتنموية,Foreign Vendors,889.7,700,تنك شيخ الكار طحينية 15 كغم -فارغ,1181304,Package & Labeling,26000556,2026,07,فاتورة مشتريات,الموقر,
LV0000399,المبدعون للطباعة وتجارة الورق والكرتون,Local Vendors,300,0,,,,26000056,2026,01,فاتورة مشتريات,الموقر,
LV0000399,المبدعون للطباعة وتجارة الورق والكرتون,Local Vendors,95,0,,,,26000057,2026,01,فاتورة مشتريات,الموقر,
LV0000399,المبدعون للطباعة وتجارة الورق والكرتون,Local Vendors,467,0,,,,26000061,2026,01,فاتورة مشتريات,الموقر,
LV0000399,المبدعون للطباعة وتجارة الورق والكرتون,Local Vendors,564,0,,,,26000091,2026,02,فاتورة مشتريات,الموقر,
LV0000399,المبدعون للطباعة وتجارة الورق والكرتون,Local Vendors,135,0,,,,26000092,2026,02,فاتورة مشتريات,الموقر,
LV0000399,المبدعون للطباعة وتجارة الورق والكرتون,Local Vendors,572,0,,,,26000160,2026,02,فاتورة مشتريات,الموقر,
LV0000399,المبدعون للطباعة وتجارة الورق والكرتون,Local Vendors,230,0,,,,26000161,2026,02,فاتورة مشتريات,الموقر,
LV0000399,المبدعون للطباعة وتجارة الورق والكرتون,Local Vendors,253,0,,,,26000173,2026,02,فاتورة مشتريات,الموقر,
LV0000399,المبدعون للطباعة وتجارة الورق والكرتون,Local Vendors,870,0,ليبل كلير,,,26000247,2026,01,فاتورة مشتريات,الموقر,
LV0000399,المبدعون للطباعة وتجارة الورق والكرتون,Local Vendors,220,0,,,,26000268,2026,03,فاتورة مشتريات,الموقر,
LV0000399,المبدعون للطباعة وتجارة الورق والكرتون,Local Vendors,360,0,,,,26000541,2026,07,فاتورة مشتريات,الموقر,
LV0000399,المبدعون للطباعة وتجارة الورق والكرتون,Local Vendors,20,0,,,,26000296,2026,04,فاتورة مشتريات,الموقر,
LV0000399,المبدعون للطباعة وتجارة الورق والكرتون,Local Vendors,2484.75,0,,,,26000375,2026,04,فاتورة مشتريات,الموقر,
LV0000399,المبدعون للطباعة وتجارة الورق والكرتون,Local Vendors,135,0,,,,26000402,2026,05,فاتورة مشتريات,الموقر,
LV0000399,المبدعون للطباعة وتجارة الورق والكرتون,Local Vendors,1377,0,,,,26000542,2026,07,فاتورة مشتريات,الموقر,
LV0000399,المبدعون للطباعة وتجارة الورق والكرتون,Local Vendors,446,0,,,,26000456,2026,06,فاتورة مشتريات,الموقر,
LV0000399,المبدعون للطباعة وتجارة الورق والكرتون,Local Vendors,100,0,,,,26000464,2026,06,فاتورة مشتريات,الموقر,
LV0000399,المبدعون للطباعة وتجارة الورق والكرتون,Local Vendors,72,0,,,,26000472,2026,06,فاتورة مشتريات,الموقر,
LV0000399,المبدعون للطباعة وتجارة الورق والكرتون,Local Vendors,225,0,,,,26000516,2026,07,فاتورة مشتريات,الموقر,
LV0000399,المبدعون للطباعة وتجارة الورق والكرتون,Local Vendors,350,0,,,,26000557,2026,07,فاتورة مشتريات,الموقر,
LV0000399,المبدعون للطباعة وتجارة الورق والكرتون,Local Vendors,649,0,,,,26000558,2026,07,فاتورة مشتريات,الموقر,
