ProductionOrderNo,OrderStatus,FinishedItemCode,FinishedItemName,OrderDate,TotalProducedQty,IssueDocumentNo,RawMaterialCode,RawMaterialName,ActualConsumedQty,UnitPrice,TotalMaterialCost,FromWarehouse
26000001,Closed (مغلق),1011051,سيلك رود طحينية 650 غم 1*12,1/12/2026,1200,26000001,1181091,كرتون سيلك رود طحينية 650 غم قديم,100,0.282,28.2,WIP
26000001,Closed (مغلق),1011051,سيلك رود طحينية 650 غم 1*12,1/12/2026,1200,26000001,1181211,مرتبان سيلك رود طحينية 650 غم,1200,0.083,99.6,WIP
26000001,Closed (مغلق),1011051,سيلك رود طحينية 650 غم 1*12,1/12/2026,1200,26000001,1171015,طحينية بلك شيخ الكار حجر,780,1.6,1248,WIP
26000002,Closed (مغلق),1011050,سيلك رود طحينية 1 كغم مطرة 1*12,1/12/2026,1800,26000002,1181225,مطرة سيلك رود طحينية 1 كغم,1800,0.105,189,WIP
26000002,Closed (مغلق),1011050,سيلك رود طحينية 1 كغم مطرة 1*12,1/12/2026,1800,26000002,1181007,كرتون متعدد طحينية 1 كغم مطرة,149.4,0.515,76.941,WIP
26000002,Closed (مغلق),1011050,سيلك رود طحينية 1 كغم مطرة 1*12,1/12/2026,1800,26000002,1171015,طحينية بلك شيخ الكار حجر,1800,1.6,2880,WIP
26000003,Closed (مغلق),1011036,قاسيون طحينية 1كغم مطرة 1*12,1/12/2026,1204,26000007,1181224,مطرة قاسيون طحينية 1 كغم,1204,0.105,126.42,PKGWH
26000003,Closed (مغلق),1011036,قاسيون طحينية 1كغم مطرة 1*12,1/12/2026,1204,26000007,1181007,كرتون متعدد طحينية 1 كغم مطرة,100,0.515,51.5,PKGWH
26000003,Closed (مغلق),1011036,قاسيون طحينية 1كغم مطرة 1*12,1/12/2026,1204,26000007,1171015,طحينية بلك شيخ الكار حجر,1204,1.6,1926.4,WIP
26000004,Closed (مغلق),1011013,الموسم طحينية 15 كغم تنك 1*1,1/12/2026,15,26000003,1171017,طحينية بلك ميار - موسم  كروما,214.5,1.57,336.765,WIP
26000004,Closed (مغلق),1011013,الموسم طحينية 15 كغم تنك 1*1,1/12/2026,15,26000003,1181326,تنك الموسم طحينية 15 كغم,15,1.35,20.25,WIP
26000005,Closed (مغلق),1011101,الموسم طحينية 400 غم 1*12,1/12/2026,3648,26000009,1181056,مرتبان الموسم طحينية 400 غم,3648,0.094,342.912,PKGWH
26000005,Closed (مغلق),1011101,الموسم طحينية 400 غم 1*12,1/12/2026,3648,26000009,1181411,كرتون الموسم طحينية 400 غم محلي,304,0.3,91.2,PKGWH
26000005,Closed (مغلق),1011101,الموسم طحينية 400 غم 1*12,1/12/2026,3648,26000009,1171017,طحينية بلك ميار - موسم  كروما,1276.8,1.57,2004.576,WIP
26000006,Closed (مغلق),1011028,شيخ الكار طحينية 9 كغم تنك 1*1,1/12/2026,27,26000008,1181312,تنك شيخ الكار طحينية 9 كغم -فارغ,27,1.178,31.806,PKGWH
26000006,Closed (مغلق),1011028,شيخ الكار طحينية 9 كغم تنك 1*1,1/12/2026,27,26000008,1171015,طحينية بلك شيخ الكار حجر,224.1,1.6,358.56,WIP
26000007,Closed (مغلق),1011052,القيسي طحينية 900 غم مطرة 1*12,1/12/2026,120,26000004,1181213,مطرة القيسي طحينية 900 غم,120,0.105,12.6,WIP
26000007,Closed (مغلق),1011052,القيسي طحينية 900 غم مطرة 1*12,1/12/2026,120,26000004,1181013,كرتون متعدد طحينية 900 غم مطرة,10,0.207,2.07,WIP
26000007,Closed (مغلق),1011052,القيسي طحينية 900 غم مطرة 1*12,1/12/2026,120,26000004,1171015,طحينية بلك شيخ الكار حجر,102,1.6,163.2,WIP
26000008,Closed (مغلق),1011033,شيخ الكار طحينية 15 كغم تنك 1*1,1/7/2026,240,26000005,1171015,طحينية بلك شيخ الكار حجر,3420,1.6,5472,WIP
26000008,Closed (مغلق),1011033,شيخ الكار طحينية 15 كغم تنك 1*1,1/7/2026,240,26000005,1181304,تنك شيخ الكار طحينية 15 كغم -فارغ,240,1.313,315.12,PKGWH
26000011,Closed (مغلق),1011004,الموسم طحينية 900 غم 1*12,1/13/2026,1200,26000010,1171017,طحينية بلك ميار - موسم  كروما,1020,1.57,1601.4,WIP
26000011,Closed (مغلق),1011004,الموسم طحينية 900 غم 1*12,1/13/2026,1200,26000010,1181037,مرتبان الموسم طحينية 800 غم,1200,0.099,118.8,PKGWH
26000011,Closed (مغلق),1011004,الموسم طحينية 900 غم 1*12,1/13/2026,1200,26000010,1181008,كرتون متعدد طحينية 800 غم اكسترا فاخرة,99.6,0.223,22.211,PKGWH
26000021,Closed (مغلق),1011035,شيخ الكار طحينية 18 كغم سطل 1*1,1/7/2026,200,26000006,1181355,سطل شيخ الكار طحينية 18 كغم,200,1.334,266.8,PKGWH
26000021,Closed (مغلق),1011035,شيخ الكار طحينية 18 كغم سطل 1*1,1/7/2026,200,26000006,1181004,كرتون متعدد طحينية 18 كغم متعدد,200,0.372,74.4,PKGWH
26000021,Closed (مغلق),1011035,شيخ الكار طحينية 18 كغم سطل 1*1,1/7/2026,200,26000006,1171015,طحينية بلك شيخ الكار حجر,3600,1.6,5760,WIP
26000022,Closed (مغلق),1011019,شيخ الكار طحينية 900 غم قارورة 1*12,1/10/2026,1200,26000011,1171015,طحينية بلك شيخ الكار حجر,1020,1.6,1632,WIP
26000022,Closed (مغلق),1011019,شيخ الكار طحينية 900 غم قارورة 1*12,1/10/2026,1200,26000011,1181097,كرتون شيخ الكار طحينية 900 غم جديد ابيض,100,0.107,10.7,PKGWH
26000022,Closed (مغلق),1011019,شيخ الكار طحينية 900 غم قارورة 1*12,1/10/2026,1200,26000011,1181192,قارورة طحينية  شيخ الكار 900 غم  جديد,1200,0.095,114,PKGWH
26000023,Closed (مغلق),1011027,شيخ الكار طحينية 18 كغم تنك 1*1,1/18/2026,50,26000012,1181301,تنك شيخ الكار طحينية 18 كغم -فارغ,13,1.301,16.913,PKGWH
26000023,Closed (مغلق),1011027,شيخ الكار طحينية 18 كغم تنك 1*1,1/18/2026,50,26000012,1171015,طحينية بلك شيخ الكار حجر,900,1.6,1440,WIP
26000023,Closed (مغلق),1011027,شيخ الكار طحينية 18 كغم تنك 1*1,1/18/2026,50,26000012,1181487,تنك شيخ الكار طحينية 18 كغم -جديد (برتقالي),37,1.35,49.95,PKGWH
26000024,Closed (مغلق),1011029,شيخ الكار طحينية 8 كغم تنك 1*1,1/7/2026,86,26000013,1181302,تنك شيخ الكار طحينية 8 كغم -فارغ (سكني),63,1.093,68.859,PKGWH
26000024,Closed (مغلق),1011029,شيخ الكار طحينية 8 كغم تنك 1*1,1/7/2026,86,26000013,1171015,طحينية بلك شيخ الكار حجر,627.8,1.6,1004.48,WIP
26000024,Closed (مغلق),1011029,شيخ الكار طحينية 8 كغم تنك 1*1,1/7/2026,86,26000013,1181303,تنك شيخ الكار طحينية 8 كغم -فارغ (قديم)  - أصفر,23,1.267,29.141,PKGWH
26000025,Closed (مغلق),1011119,شيخ الكار طحينية 7 كغم تنك 1*1,1/7/2026,413,26000014,1171017,طحينية بلك ميار - موسم  كروما,2891,1.57,4538.87,WIP
26000025,Closed (مغلق),1011119,شيخ الكار طحينية 7 كغم تنك 1*1,1/7/2026,413,26000014,1181302,تنك شيخ الكار طحينية 8 كغم -فارغ (سكني),413,1.093,451.409,PKGWH
26000026,Closed (مغلق),1011088,الموسم طحينية 800 غم  1*12,1/12/2026,960,26000015,1171017,طحينية بلك ميار - موسم  كروما,768,1.57,1205.76,WIP
26000026,Closed (مغلق),1011088,الموسم طحينية 800 غم  1*12,1/12/2026,960,26000015,1181008,كرتون متعدد طحينية 800 غم اكسترا فاخرة,80,0.223,17.84,PKGWH
26000026,Closed (مغلق),1011088,الموسم طحينية 800 غم  1*12,1/12/2026,960,26000015,1181037,مرتبان الموسم طحينية 800 غم,960,0.099,95.04,PKGWH
26000027,Closed (مغلق),1011088,الموسم طحينية 800 غم  1*12,1/13/2026,960,26000016,1171017,طحينية بلك ميار - موسم  كروما,768,1.57,1205.76,WIP
26000027,Closed (مغلق),1011088,الموسم طحينية 800 غم  1*12,1/13/2026,960,26000016,1181008,كرتون متعدد طحينية 800 غم اكسترا فاخرة,80,0.223,17.84,PKGWH
26000027,Closed (مغلق),1011088,الموسم طحينية 800 غم  1*12,1/13/2026,960,26000016,1181037,مرتبان الموسم طحينية 800 غم,960,0.099,95.04,PKGWH
26000028,Closed (مغلق),1011020,شيخ الكار طحينية 800 غم 1*12,1/13/2026,120,26000017,1181117,كرتون شيخ الكار طحينية 800 غم,10,0.247,2.47,PKGWH
26000028,Closed (مغلق),1011020,شيخ الكار طحينية 800 غم 1*12,1/13/2026,120,26000017,1181196,مرتبان شيخ الكار طحينية 800 غم,120,0.149,17.88,PKGWH
26000028,Closed (مغلق),1011020,شيخ الكار طحينية 800 غم 1*12,1/13/2026,120,26000017,1171015,طحينية بلك شيخ الكار حجر,96,1.6,153.6,WIP
26000029,Closed (مغلق),1011028,شيخ الكار طحينية 9 كغم تنك 1*1,1/13/2026,720,26000037,1181312,تنك شيخ الكار طحينية 9 كغم -فارغ,720,0.912,656.64,PKGWH
26000029,Closed (مغلق),1011028,شيخ الكار طحينية 9 كغم تنك 1*1,1/13/2026,720,26000037,1171015,طحينية بلك شيخ الكار حجر,5976,1.503,8981.928,WIP
26000030,Closed (مغلق),1011027,شيخ الكار طحينية 18 كغم تنك 1*1,1/13/2026,386,26000018,1181487,تنك شيخ الكار طحينية 18 كغم -جديد (برتقالي),386,1.35,521.1,PKGWH
26000030,Closed (مغلق),1011027,شيخ الكار طحينية 18 كغم تنك 1*1,1/13/2026,386,26000018,1171017,طحينية بلك ميار - موسم  كروما,6948,1.57,10908.36,WIP
26000031,Closed (مغلق),1011027,شيخ الكار طحينية 18 كغم تنك 1*1,1/7/2026,112,26000019,1181487,تنك شيخ الكار طحينية 18 كغم -جديد (برتقالي),112,1.35,151.2,PKGWH
26000031,Closed (مغلق),1011027,شيخ الكار طحينية 18 كغم تنك 1*1,1/7/2026,112,26000019,1171017,طحينية بلك ميار - موسم  كروما,2016,1.57,3165.12,WIP
26000032,Closed (مغلق),1011033,شيخ الكار طحينية 15 كغم تنك 1*1,1/7/2026,20,26000020,1171015,طحينية بلك شيخ الكار حجر,285,1.6,456,WIP
26000032,Closed (مغلق),1011033,شيخ الكار طحينية 15 كغم تنك 1*1,1/7/2026,20,26000020,1181304,تنك شيخ الكار طحينية 15 كغم -فارغ,20,1.313,26.26,PKGWH
26000033,Closed (مغلق),1011028,شيخ الكار طحينية 9 كغم تنك 1*1,1/11/2026,240,26000035,1181312,تنك شيخ الكار طحينية 9 كغم -فارغ,240,0.912,218.88,PKGWH
26000033,Closed (مغلق),1011028,شيخ الكار طحينية 9 كغم تنك 1*1,1/11/2026,240,26000035,1171015,طحينية بلك شيخ الكار حجر,1992,1.517,3021.864,WIP
26000034,Closed (مغلق),1011050,سيلك رود طحينية 1 كغم مطرة 1*12,1/12/2026,15,26000021,1181225,مطرة سيلك رود طحينية 1 كغم,15,0.105,1.575,PKGWH
26000034,Closed (مغلق),1011050,سيلك رود طحينية 1 كغم مطرة 1*12,1/12/2026,15,26000021,1181007,كرتون متعدد طحينية 1 كغم مطرة,1,0.515,0.515,PKGWH
26000034,Closed (مغلق),1011050,سيلك رود طحينية 1 كغم مطرة 1*12,1/12/2026,15,26000021,1171015,طحينية بلك شيخ الكار حجر,15,1.6,24,WIP
26000035,Closed (مغلق),1011025,شيخ الكار طحينية 600 غم 1*12,1/14/2026,1320,26000022,1181116,كرتون شيخ الكار طحينية 600 غم,110,0.199,21.89,PKGWH
26000035,Closed (مغلق),1011025,شيخ الكار طحينية 600 غم 1*12,1/14/2026,1320,26000022,1181190,مرتبان شيخ الكار طحينية 600 غم,1320,0.122,161.04,PKGWH
26000035,Closed (مغلق),1011025,شيخ الكار طحينية 600 غم 1*12,1/14/2026,1320,26000022,1171015,طحينية بلك شيخ الكار حجر,792,1.6,1267.2,WIP
26000036,Closed (مغلق),1011003,الموسم طحينية 18 كغم تنك 1*1,1/18/2026,135,26000023,1171017,طحينية بلك ميار - موسم  كروما,2430,1.57,3815.1,WIP
26000036,Closed (مغلق),1011003,الموسم طحينية 18 كغم تنك 1*1,1/18/2026,135,26000023,1181327,تنك الموسم طحينية 18 كغم -فارغ,135,1.334,180.09,PKGWH
26000037,Closed (مغلق),1011101,الموسم طحينية 400 غم 1*12,1/14/2026,1572,26000031,1181056,مرتبان الموسم طحينية 400 غم,1572,0.12,188.64,PKGWH
26000037,Closed (مغلق),1011101,الموسم طحينية 400 غم 1*12,1/14/2026,1572,26000031,1181370,كرتون اكسترا فاخرة طحينية 400 غم,1572,0.165,259.38,PKGWH
26000037,Closed (مغلق),1011101,الموسم طحينية 400 غم 1*12,1/14/2026,1572,26000031,1171017,طحينية بلك ميار - موسم  كروما,550.2,1.548,851.71,WIP
26000038,Closed (مغلق),1011045,عرفة طحينية 900 غم 1*12,1/14/2026,1212,26000030,1181227,مطرة عرفة طحينية 900 غم,1212,0.088,106.656,PKGWH
26000038,Closed (مغلق),1011045,عرفة طحينية 900 غم 1*12,1/14/2026,1212,26000030,1181013,كرتون متعدد طحينية 900 غم مطرة,100,0.207,20.7,PKGWH
26000038,Closed (مغلق),1011045,عرفة طحينية 900 غم 1*12,1/14/2026,1212,26000030,1171017,طحينية بلك ميار - موسم  كروما,1030.2,1.548,1594.75,WIP
26000039,Closed (مغلق),1011027,شيخ الكار طحينية 18 كغم تنك 1*1,1/14/2026,300,26000034,1181487,تنك شيخ الكار طحينية 18 كغم -جديد (برتقالي),300,1.292,387.6,PKGWH
26000039,Closed (مغلق),1011027,شيخ الكار طحينية 18 كغم تنك 1*1,1/14/2026,300,26000034,1171015,طحينية بلك شيخ الكار حجر,5400,1.517,8191.8,WIP
26000040,Closed (مغلق),1011005,ميار طحينية 250 غم 1*12,1/14/2026,3000,26000025,1181236,مرتبان ميار طحينية 250 غم,3000,0.085,255,PKGWH
26000040,Closed (مغلق),1011005,ميار طحينية 250 غم 1*12,1/14/2026,3000,26000025,1181012,كرتون ميار طحينية 250 غم صواني,249,0.09,22.41,PKGWH
26000040,Closed (مغلق),1011005,ميار طحينية 250 غم 1*12,1/14/2026,3000,26000025,1171017,طحينية بلك ميار - موسم  كروما,660,1.548,1021.68,WIP
26000041,Closed (مغلق),1011026,شيخ الكار طحينية 400 غم 1*12,1/14/2026,1212,26000027,1181186,مرتبان شيخ الكار طحينية 400 غم,1212,0.116,140.592,PKGWH
26000041,Closed (مغلق),1011026,شيخ الكار طحينية 400 غم 1*12,1/14/2026,1212,26000027,1181120,كرتون شيخ الكار طحينية 400 غم,100,0.15,15,PKGWH
26000041,Closed (مغلق),1011026,شيخ الكار طحينية 400 غم 1*12,1/14/2026,1212,26000027,1171015,طحينية بلك شيخ الكار حجر,484.8,1.6,775.68,WIP
26000042,Closed (مغلق),1011024,شيخ الكار طحينية 250 غم 1*12,1/14/2026,1404,26000026,1181188,مرتبان شيخ الكار طحينية 250 غم,1404,0.1,140.4,PKGWH
26000042,Closed (مغلق),1011024,شيخ الكار طحينية 250 غم 1*12,1/14/2026,1404,26000026,1181114,كرتون شيخ الكار طحينية 250 غم,117,0.121,14.157,PKGWH
26000042,Closed (مغلق),1011024,شيخ الكار طحينية 250 غم 1*12,1/14/2026,1404,26000026,1171015,طحينية بلك شيخ الكار حجر,351,1.6,561.6,WIP
26000043,Closed (مغلق),1171017,طحينية بلك ميار - موسم  كروما,1/18/2026,20000,26000024,1171024,سمسم خام برازيلي k3,23200,1.282,29742.4,RMWH
26000043,Closed (مغلق),1171017,طحينية بلك ميار - موسم  كروما,1/18/2026,20000,26000024,1171006,ملح,4500,0.264,1188,WIP
26000044,Closed (مغلق),1171015,طحينية بلك شيخ الكار حجر,1/12/2026,20000,26000028,1141002,سمسم خام,23.2,1282,29742.4,RMWH
26000044,Closed (مغلق),1171015,طحينية بلك شيخ الكار حجر,1/12/2026,20000,26000028,1171006,ملح,4500,0.055,247.5,WIP
26000045,Closed (مغلق),1171022,حلاوة بلك سادة شيخ الكار,1/20/2026,9534,26000032,1171010,جلوكوز,1589.003,0.36,572.041,RMWH
26000045,Closed (مغلق),1171022,حلاوة بلك سادة شيخ الكار,1/20/2026,9534,26000032,1171014,عرق حلاوة,42.369,1.503,63.681,RMWH
26000045,Closed (مغلق),1171022,حلاوة بلك سادة شيخ الكار,1/20/2026,9534,26000032,1081001,سكر 50 كعم 20*50,3.175,398.933,1266.612,RMWH
26000045,Closed (مغلق),1171022,حلاوة بلك سادة شيخ الكار,1/20/2026,9534,26000032,1171008,مثبت,169.495,1.473,249.666,RMWH
26000045,Closed (مغلق),1171022,حلاوة بلك سادة شيخ الكار,1/20/2026,9534,26000032,1171005,فانيلا,3.175,14.666,46.565,RMWH
26000045,Closed (مغلق),1171022,حلاوة بلك سادة شيخ الكار,1/20/2026,9534,26000032,1171015,طحينية بلك شيخ الكار حجر,4623.99,1.517,7014.593,WIP
26000045,Closed (مغلق),1171022,حلاوة بلك سادة شيخ الكار,1/20/2026,9534,26000032,1171001,ملح ليمون,5.301,0.736,3.902,RMWH
26000046,Closed (مغلق),1171031,حلاوة بلك فستق شيخ الكار,1/12/2026,4803,26000033,1171022,حلاوة بلك سادة شيخ الكار,4716.546,0.967,4560.9,WIP
26000046,Closed (مغلق),1171031,حلاوة بلك فستق شيخ الكار,1/12/2026,4803,26000033,1171011,فستق حلبي,86.454,14.34,1239.75,WIP
26000047,Closed (مغلق),1171020,حلاوة بلك سادة ميار - موسم,1/20/2026,14110,26000029,1171010,جلوكوز,2351.671,0.36,846.602,RMWH
26000047,Closed (مغلق),1171020,حلاوة بلك سادة ميار - موسم,1/20/2026,14110,26000029,1171014,عرق حلاوة,62.705,1.503,94.246,RMWH
26000047,Closed (مغلق),1171020,حلاوة بلك سادة ميار - موسم,1/20/2026,14110,26000029,1081001,سكر 50 كعم 20*50,4.699,477,2241.423,RMWH
26000047,Closed (مغلق),1171020,حلاوة بلك سادة ميار - موسم,1/20/2026,14110,26000029,1171008,مثبت,250.848,1.473,369.499,RMWH
26000047,Closed (مغلق),1171020,حلاوة بلك سادة ميار - موسم,1/20/2026,14110,26000029,1171005,فانيلا,4.699,14.666,68.916,RMWH
26000047,Closed (مغلق),1171020,حلاوة بلك سادة ميار - موسم,1/20/2026,14110,26000029,1171015,طحينية بلك شيخ الكار حجر,7125.55,1.517,10809.459,WIP
26000047,Closed (مغلق),1171020,حلاوة بلك سادة ميار - موسم,1/20/2026,14110,26000029,1171001,ملح ليمون,7.845,0.736,5.774,RMWH
26000048,Closed (مغلق),1171015,طحينية بلك شيخ الكار حجر,1/21/2026,20000,26000036,1141002,سمسم خام,23.2,1282,29742.4,RMWH
26000048,Closed (مغلق),1171015,طحينية بلك شيخ الكار حجر,1/21/2026,20000,26000036,1171006,ملح,4500,0.055,247.5,WIP
26000049,Closed (مغلق),1171028,حلاوة بلك فستق ميار,1/21/2026,1459,26000064,1171020,حلاوة بلك سادة ميار - موسم,1440,1.007,1450.08,WIP
26000049,Closed (مغلق),1171028,حلاوة بلك فستق ميار,1/21/2026,1459,26000064,1171011,فستق حلبي,19,13.954,265.126,WIP
26000050,Closed (مغلق),1171026,حلاوة بلك شوكولاته شيخ الكار,1/21/2026,16,26000065,1171022,حلاوة بلك سادة شيخ الكار,14.848,0.966,14.343,WIP
26000050,Closed (مغلق),1171026,حلاوة بلك شوكولاته شيخ الكار,1/21/2026,16,26000065,1171003,كاكاو,0.5,6,3,RMWH
26000050,Closed (مغلق),1171026,حلاوة بلك شوكولاته شيخ الكار,1/21/2026,16,26000065,1171015,طحينية بلك شيخ الكار حجر,0.65,1.503,0.977,WIP
26000051,Closed (مغلق),1171029,حلاوة بلك رشة شيخ الكار,1/13/2026,3705,26000040,1171022,حلاوة بلك سادة شيخ الكار,3678.5,0.967,3557.11,WIP
26000051,Closed (مغلق),1171029,حلاوة بلك رشة شيخ الكار,1/13/2026,3705,26000040,1171011,فستق حلبي,26.5,14.34,380.01,WIP
26000052,Closed (مغلق),1171016,حلاوة بلك دايت,1/13/2026,283.6,26000066,1171008,مثبت,5,1.473,7.365,RMWH
26000052,Closed (مغلق),1171016,حلاوة بلك دايت,1/13/2026,283.6,26000066,1171005,فانيلا,0.1,14.666,1.467,RMWH
26000052,Closed (مغلق),1171016,حلاوة بلك دايت,1/13/2026,283.6,26000066,1171014,عرق حلاوة,1.5,1.503,2.255,RMWH
26000052,Closed (مغلق),1171016,حلاوة بلك دايت,1/13/2026,283.6,26000066,1171015,طحينية بلك شيخ الكار حجر,135,1.503,202.905,WIP
26000052,Closed (مغلق),1171016,حلاوة بلك دايت,1/13/2026,283.6,26000066,1171007,قطر دايت,9,1.428,12.852,RMWH
26000052,Closed (مغلق),1171016,حلاوة بلك دايت,1/13/2026,283.6,26000066,1171009,بديل السكر,150,2.776,416.4,RMWH
26000053,Closed (مغلق),1021013,شيخ الكار حلاوة 400 غم سادة 1*12,1/12/2026,1734,26000067,1171022,حلاوة بلك سادة شيخ الكار,693.6,0.966,670.018,WIP
26000053,Closed (مغلق),1021013,شيخ الكار حلاوة 400 غم سادة 1*12,1/12/2026,1734,26000067,1181419,علب شيخ الكار حلاوة 400 غم سادة,1734,0.149,258.366,PKGWH
26000053,Closed (مغلق),1021013,شيخ الكار حلاوة 400 غم سادة 1*12,1/12/2026,1734,26000067,1181006,"كرتون متعدد شيخ الكار حلاوة 400 غم (فستق،سادة،شوكولاتة) دمعة",144,0.093,13.392,PKGWH
26000054,Closed (مغلق),1021037,شيخ الكار حلاوة 400 غم فستق 1*12,1/12/2026,1057,26000068,1181006,"كرتون متعدد شيخ الكار حلاوة 400 غم (فستق،سادة،شوكولاتة) دمعة",88,0.093,8.184,PKGWH
26000054,Closed (مغلق),1021037,شيخ الكار حلاوة 400 غم فستق 1*12,1/12/2026,1057,26000068,1171031,حلاوة بلك فستق شيخ الكار,422.4,1.151,486.182,WIP
26000054,Closed (مغلق),1021037,شيخ الكار حلاوة 400 غم فستق 1*12,1/12/2026,1057,26000068,1181359,علبة حلاوة شيخ الكار 400 غ فستق دمعة,1056,0.07,73.92,PKGWH
26000055,Closed (مغلق),1021039,شيخ الكار حلاوة 700 غم فستق 1*12,1/12/2026,328,26000069,1181113,"كرتون شيخ الكار حلاوة 700/800 غم (فستق،سادة،شوكولاتة،ملوكي) دمعة",27,0.178,4.806,PKGWH
26000055,Closed (مغلق),1021039,شيخ الكار حلاوة 700 غم فستق 1*12,1/12/2026,328,26000069,1171031,حلاوة بلك فستق شيخ الكار,210,1.151,241.71,WIP
26000055,Closed (مغلق),1021039,شيخ الكار حلاوة 700 غم فستق 1*12,1/12/2026,328,26000069,1181423,علب شيخ الكار حلاوة 700 غم فستق,328,0.15,49.2,PKGWH
26000056,Closed (مغلق),1021130,الموسم حلاوة 400 غم فستق دمعة 1*12,1/12/2026,1728,26000070,1171028,حلاوة بلك فستق ميار,691.2,1.154,797.645,WIP
26000056,Closed (مغلق),1021130,الموسم حلاوة 400 غم فستق دمعة 1*12,1/12/2026,1728,26000070,1181258,علب الموسم حلاوة 400 غم فستق دمعة,1728,0.058,100.224,PKGWH
26000056,Closed (مغلق),1021130,الموسم حلاوة 400 غم فستق دمعة 1*12,1/12/2026,1728,26000070,1181023,كرتون متعدد حلاوة 400 غم غير مطبوع دمعة,144,0.171,24.624,PKGWH
26000057,Closed (مغلق),1021138,الموسم حلاوة 800 غم سادة دمعة 1*12,1/12/2026,768,26000071,1171020,حلاوة بلك سادة ميار - موسم,614.4,1.007,618.701,WIP
26000057,Closed (مغلق),1021138,الموسم حلاوة 800 غم سادة دمعة 1*12,1/12/2026,768,26000071,1181271,علب الموسم حلاوة 800 غم سادة دمعة,768,0.101,77.568,PKGWH
26000057,Closed (مغلق),1021138,الموسم حلاوة 800 غم سادة دمعة 1*12,1/12/2026,768,26000071,1181024,كرتون متعدد حلاوة 800 غم دمعة,64,0.217,13.888,PKGWH
26000058,Closed (مغلق),1021129,الموسم حلاوة 400 غم سادة دمعة 1*12,1/12/2026,1728,26000119,1171020,حلاوة بلك سادة ميار - موسم,691.2,1.007,696.038,WIP
26000058,Closed (مغلق),1021129,الموسم حلاوة 400 غم سادة دمعة 1*12,1/12/2026,1728,26000119,1181261,علب الموسم حلاوة 400 غم سادة دمعة,1728,0.096,165.888,PKGWH
26000058,Closed (مغلق),1021129,الموسم حلاوة 400 غم سادة دمعة 1*12,1/12/2026,1728,26000119,1181023,كرتون متعدد حلاوة 400 غم غير مطبوع دمعة,144,0.171,24.624,PKGWH
26000059,Closed (مغلق),1021137,الموسم حلاوة 800 غم فستق دمعة 1*12,1/12/2026,857,26000120,1171028,حلاوة بلك فستق ميار,685.6,1.154,791.182,WIP
26000059,Closed (مغلق),1021137,الموسم حلاوة 800 غم فستق دمعة 1*12,1/12/2026,857,26000120,1181265,علب الموسم حلاوة 800 غم فستق دمعة,857,0.095,81.415,PKGWH
26000059,Closed (مغلق),1021137,الموسم حلاوة 800 غم فستق دمعة 1*12,1/12/2026,857,26000120,1181024,كرتون متعدد حلاوة 800 غم دمعة,71,0.217,15.407,PKGWH
26000060,Closed (مغلق),1021037,شيخ الكار حلاوة 400 غم فستق 1*12,1/13/2026,677,26000121,1181006,"كرتون متعدد شيخ الكار حلاوة 400 غم (فستق،سادة،شوكولاتة) دمعة",56,0.093,5.208,PKGWH
26000060,Closed (مغلق),1021037,شيخ الكار حلاوة 400 غم فستق 1*12,1/13/2026,677,26000121,1171031,حلاوة بلك فستق شيخ الكار,270.8,1.151,311.691,WIP
26000060,Closed (مغلق),1021037,شيخ الكار حلاوة 400 غم فستق 1*12,1/13/2026,677,26000121,1181359,علبة حلاوة شيخ الكار 400 غ فستق دمعة,677,0.088,59.576,PKGWH
26000061,Closed (مغلق),1021039,شيخ الكار حلاوة 700 غم فستق 1*12,1/13/2026,3268,26000038,1181113,"كرتون شيخ الكار حلاوة 700/800 غم (فستق،سادة،شوكولاتة،ملوكي) دمعة",272,0.178,48.416,PKGWH
26000061,Closed (مغلق),1021039,شيخ الكار حلاوة 700 غم فستق 1*12,1/13/2026,3268,26000038,1171031,حلاوة بلك فستق شيخ الكار,2091.52,1.208,2526.556,WIP
26000061,Closed (مغلق),1021039,شيخ الكار حلاوة 700 غم فستق 1*12,1/13/2026,3268,26000038,1181423,علب شيخ الكار حلاوة 700 غم فستق,3268,0.15,490.2,PKGWH
26000062,Closed (مغلق),1021043,شيخ الكار حلاوة 300 غم رشة فستق 1*12,1/13/2026,1200,26000041,1181022,"كرتون متعدد حلاوة 300 غم (فستق،سادة،شوكولاتة) مستطيل",100,0.157,15.7,PKGWH
26000062,Closed (مغلق),1021043,شيخ الكار حلاوة 300 غم رشة فستق 1*12,1/13/2026,1200,26000041,1171029,حلاوة بلك رشة شيخ الكار,324,1.063,344.412,WIP
26000062,Closed (مغلق),1021043,شيخ الكار حلاوة 300 غم رشة فستق 1*12,1/13/2026,1200,26000041,1181431,علب شيخ الكار حلاوة 300 غم رشة فستق,1200,0.098,117.6,PKGWH
26000063,Closed (مغلق),1021060,شيخ الكار حلاوة 1300 غم فستق 1*6,1/13/2026,100,26000072,1171029,حلاوة بلك رشة شيخ الكار,121,1.078,130.438,WIP
26000063,Closed (مغلق),1021060,شيخ الكار حلاوة 1300 غم فستق 1*6,1/13/2026,100,26000072,1181434,علب سطل شيخ الكار حلاوة 1800 رشة فستق,100,0.32,32,PKGWH
26000064,Closed (مغلق),1021041,شيخ الكار حلاوة 700 غم سادة 1*12,1/13/2026,610,26000039,1181113,"كرتون شيخ الكار حلاوة 700/800 غم (فستق،سادة،شوكولاتة،ملوكي) دمعة",51,0.178,9.078,PKGWH
26000064,Closed (مغلق),1021041,شيخ الكار حلاوة 700 غم سادة 1*12,1/13/2026,610,26000039,1171022,حلاوة بلك سادة شيخ الكار,390.4,0.967,377.517,WIP
26000064,Closed (مغلق),1021041,شيخ الكار حلاوة 700 غم سادة 1*12,1/13/2026,610,26000039,1181425,علب شيخ الكار حلاوة 700 غم سادة,610,0.15,91.5,PKGWH
26000065,Closed (مغلق),1021137,الموسم حلاوة 800 غم فستق دمعة 1*12,1/13/2026,102,26000073,1171028,حلاوة بلك فستق ميار,81.6,1.154,94.166,WIP
26000065,Closed (مغلق),1021137,الموسم حلاوة 800 غم فستق دمعة 1*12,1/13/2026,102,26000073,1181265,علب الموسم حلاوة 800 غم فستق دمعة,102,0.095,9.69,PKGWH
26000065,Closed (مغلق),1021137,الموسم حلاوة 800 غم فستق دمعة 1*12,1/13/2026,102,26000073,1181024,كرتون متعدد حلاوة 800 غم دمعة,9,0.217,1.953,PKGWH
26000066,Closed (مغلق),1021003,شيخ الكار حلاوة 5 كغم سادة (الولاء) 1*1,1/14/2026,825,26000074,1171020,حلاوة بلك سادة ميار - موسم,4125,1.007,4153.875,WIP
26000066,Closed (مغلق),1021003,شيخ الكار حلاوة 5 كغم سادة (الولاء) 1*1,1/14/2026,825,26000074,1181344,جاط مربع حلاوة 5 كغم شفاف متعدد,825,0.551,454.575,PKGWH
26000066,Closed (مغلق),1021003,شيخ الكار حلاوة 5 كغم سادة (الولاء) 1*1,1/14/2026,825,26000074,1181030,كرتون متعدد حلاوة 5 كغم مربع قديم,69,0.48,33.12,PKGWH
26000067,Closed (مغلق),1021003,شيخ الكار حلاوة 5 كغم سادة (الولاء) 1*1,1/15/2026,585,26000075,1171020,حلاوة بلك سادة ميار - موسم,2925,1.007,2945.475,WIP
26000067,Closed (مغلق),1021003,شيخ الكار حلاوة 5 كغم سادة (الولاء) 1*1,1/15/2026,585,26000075,1181344,جاط مربع حلاوة 5 كغم شفاف متعدد,585,0.551,322.335,PKGWH
26000067,Closed (مغلق),1021003,شيخ الكار حلاوة 5 كغم سادة (الولاء) 1*1,1/15/2026,585,26000075,1181030,كرتون متعدد حلاوة 5 كغم مربع قديم,49,0.48,23.52,PKGWH
26000068,Closed (مغلق),1021011,شيخ الكار حلاوة 6 كغم فستق 1*4,1/15/2026,112,26000042,1171031,حلاوة بلك فستق شيخ الكار,672,1.208,811.776,WIP
26000068,Closed (مغلق),1021011,شيخ الكار حلاوة 6 كغم فستق 1*4,1/15/2026,112,26000042,1181311,"جاط متعدد حلاوة 6 كغم (فستق،سادة،شوكولاتة) شفاف",112,0.534,59.808,PKGWH
26000068,Closed (مغلق),1021011,شيخ الكار حلاوة 6 كغم فستق 1*4,1/15/2026,112,26000042,1181111,"كرتون شيخ الكار حلاوة 6 كغم (فستق،سادة،شوكولاتة)",28,0.514,14.392,PKGWH
26000069,Closed (مغلق),1021062,شيخ الكار حلاوة 800 غم فستق 1*12,1/15/2026,25,26000076,1181113,"كرتون شيخ الكار حلاوة 700/800 غم (فستق،سادة،شوكولاتة،ملوكي) دمعة",2,0.178,0.356,PKGWH
26000069,Closed (مغلق),1021062,شيخ الكار حلاوة 800 غم فستق 1*12,1/15/2026,25,26000076,1171031,حلاوة بلك فستق شيخ الكار,20,1.151,23.02,WIP
26000069,Closed (مغلق),1021062,شيخ الكار حلاوة 800 غم فستق 1*12,1/15/2026,25,26000076,1181458,علب شيخ الكار حلاوة 800 غم فستق,25,0.15,3.75,PKGWH
26000070,Closed (مغلق),1021050,شيخ الكار حلاوة 800 غم سادة 1*12,1/15/2026,31,26000077,1181113,"كرتون شيخ الكار حلاوة 700/800 غم (فستق،سادة،شوكولاتة،ملوكي) دمعة",3,0.178,0.534,PKGWH
26000070,Closed (مغلق),1021050,شيخ الكار حلاوة 800 غم سادة 1*12,1/15/2026,31,26000077,1171022,حلاوة بلك سادة شيخ الكار,24.8,0.966,23.957,WIP
26000070,Closed (مغلق),1021050,شيخ الكار حلاوة 800 غم سادة 1*12,1/15/2026,31,26000077,1181462,علب شيخ الكار حلاوة 800 غم سادة,31,0.15,4.65,PKGWH
26000071,Closed (مغلق),1021037,شيخ الكار حلاوة 400 غم فستق 1*12,1/15/2026,144,26000078,1181006,"كرتون متعدد شيخ الكار حلاوة 400 غم (فستق،سادة،شوكولاتة) دمعة",12,0.093,1.116,PKGWH
26000071,Closed (مغلق),1021037,شيخ الكار حلاوة 400 غم فستق 1*12,1/15/2026,144,26000078,1171031,حلاوة بلك فستق شيخ الكار,57.6,1.151,66.298,WIP
26000071,Closed (مغلق),1021037,شيخ الكار حلاوة 400 غم فستق 1*12,1/15/2026,144,26000078,1181359,علبة حلاوة شيخ الكار 400 غ فستق دمعة,144,0.07,10.08,PKGWH
26000072,Closed (مغلق),1021013,شيخ الكار حلاوة 400 غم سادة 1*12,1/15/2026,12,26000079,1171022,حلاوة بلك سادة شيخ الكار,4.8,0.966,4.637,WIP
26000072,Closed (مغلق),1021013,شيخ الكار حلاوة 400 غم سادة 1*12,1/15/2026,12,26000079,1181419,علب شيخ الكار حلاوة 400 غم سادة,12,0.149,1.788,PKGWH
26000072,Closed (مغلق),1021013,شيخ الكار حلاوة 400 غم سادة 1*12,1/15/2026,12,26000079,1181006,"كرتون متعدد شيخ الكار حلاوة 400 غم (فستق،سادة،شوكولاتة) دمعة",1,0.093,0.093,PKGWH
26000073,Closed (مغلق),1021036,شيخ الكار حلاوة 400 غم شوكولاته 1*12,1/15/2026,12,26000080,1181006,"كرتون متعدد شيخ الكار حلاوة 400 غم (فستق،سادة،شوكولاتة) دمعة",1,0.093,0.093,PKGWH
26000073,Closed (مغلق),1021036,شيخ الكار حلاوة 400 غم شوكولاته 1*12,1/15/2026,12,26000080,1171026,حلاوة بلك شوكولاته شيخ الكار,4.8,1.145,5.496,WIP
26000073,Closed (مغلق),1021036,شيخ الكار حلاوة 400 غم شوكولاته 1*12,1/15/2026,12,26000080,1181421,علب شيخ الكار حلاوة 400 غم شوكولاتة,12,0.094,1.128,PKGWH
26000074,Closed (مغلق),1021043,شيخ الكار حلاوة 300 غم رشة فستق 1*12,1/15/2026,12,26000081,1181022,"كرتون متعدد حلاوة 300 غم (فستق،سادة،شوكولاتة) مستطيل",1,0.157,0.157,PKGWH
26000074,Closed (مغلق),1021043,شيخ الكار حلاوة 300 غم رشة فستق 1*12,1/15/2026,12,26000081,1171029,حلاوة بلك رشة شيخ الكار,3.24,1.078,3.493,WIP
26000074,Closed (مغلق),1021043,شيخ الكار حلاوة 300 غم رشة فستق 1*12,1/15/2026,12,26000081,1181431,علب شيخ الكار حلاوة 300 غم رشة فستق,12,0.098,1.176,PKGWH
26000075,Closed (مغلق),1021048,شيخ الكار حلاوة 300 غم سادة 1*12,1/15/2026,12,26000082,1181022,"كرتون متعدد حلاوة 300 غم (فستق،سادة،شوكولاتة) مستطيل",1,0.157,0.157,PKGWH
26000075,Closed (مغلق),1021048,شيخ الكار حلاوة 300 غم سادة 1*12,1/15/2026,12,26000082,1171022,حلاوة بلك سادة شيخ الكار,3.24,0.966,3.13,WIP
26000075,Closed (مغلق),1021048,شيخ الكار حلاوة 300 غم سادة 1*12,1/15/2026,12,26000082,1181440,علب شيخ الكار حلاوة 300 غم سادة,12,0.096,1.152,PKGWH
26000076,Closed (مغلق),1021049,شيخ الكار حلاوة 300 غم شوكولاته 1*12,1/15/2026,12,26000083,1181022,"كرتون متعدد حلاوة 300 غم (فستق،سادة،شوكولاتة) مستطيل",1,0.157,0.157,PKGWH
26000076,Closed (مغلق),1021049,شيخ الكار حلاوة 300 غم شوكولاته 1*12,1/15/2026,12,26000083,1171026,حلاوة بلك شوكولاته شيخ الكار,3.24,1.145,3.71,WIP
26000076,Closed (مغلق),1021049,شيخ الكار حلاوة 300 غم شوكولاته 1*12,1/15/2026,12,26000083,1181442,علب شيخ الكار حلاوة 300 غم شوكولاتة,12,0.101,1.212,PKGWH
26000077,Closed (مغلق),1021015,شيخ الكار حلاوة 300 غم فستق 1*20 تذوق,1/15/2026,12,26000084,1171031,حلاوة بلك فستق شيخ الكار,3.6,1.151,4.144,WIP
26000077,Closed (مغلق),1021015,شيخ الكار حلاوة 300 غم فستق 1*20 تذوق,1/15/2026,12,26000084,1181256,علب تذوق حلاوة 300 غم عينات,12,0.153,1.836,PKGWH
26000077,Closed (مغلق),1021015,شيخ الكار حلاوة 300 غم فستق 1*20 تذوق,1/15/2026,12,26000084,1181113,"كرتون شيخ الكار حلاوة 700/800 غم (فستق،سادة،شوكولاتة،ملوكي) دمعة",1,0.178,0.178,PKGWH
26000078,Closed (مغلق),1021047,شيخ الكار حلاوة 400 غم سادة دايت 1*12,1/15/2026,686,26000085,1181006,"كرتون متعدد شيخ الكار حلاوة 400 غم (فستق،سادة،شوكولاتة) دمعة",57,0.093,5.301,PKGWH
26000078,Closed (مغلق),1021047,شيخ الكار حلاوة 400 غم سادة دايت 1*12,1/15/2026,686,26000085,1171016,حلاوة بلك دايت,274,2.268,621.432,WIP
26000078,Closed (مغلق),1021047,شيخ الكار حلاوة 400 غم سادة دايت 1*12,1/15/2026,686,26000085,1181438,علب شيخ الكار حلاوة 400 غم دايت,685,0.091,62.335,PKGWH
26000079,Closed (مغلق),1011020,شيخ الكار طحينية 800 غم 1*12,1/15/2026,558,26000086,1181117,كرتون شيخ الكار طحينية 800 غم,47,0.247,11.609,PKGWH
26000079,Closed (مغلق),1011020,شيخ الكار طحينية 800 غم 1*12,1/15/2026,558,26000086,1181196,مرتبان شيخ الكار طحينية 800 غم,558,0.155,86.49,PKGWH
26000079,Closed (مغلق),1011020,شيخ الكار طحينية 800 غم 1*12,1/15/2026,558,26000086,1171015,طحينية بلك شيخ الكار حجر,446.4,1.503,670.939,WIP
26000080,Closed (مغلق),1011019,شيخ الكار طحينية 900 غم قارورة 1*12,1/15/2026,1800,26000045,1171015,طحينية بلك شيخ الكار حجر,1530,1.503,2299.59,WIP
26000080,Closed (مغلق),1011019,شيخ الكار طحينية 900 غم قارورة 1*12,1/15/2026,1800,26000045,1181097,كرتون شيخ الكار طحينية 900 غم جديد ابيض,150,0.107,16.05,PKGWH
26000080,Closed (مغلق),1011019,شيخ الكار طحينية 900 غم قارورة 1*12,1/15/2026,1800,26000045,1181192,قارورة طحينية  شيخ الكار 900 غم  جديد,1800,0.095,171,PKGWH
26000081,Closed (مغلق),1011027,شيخ الكار طحينية 18 كغم تنك 1*1,1/18/2026,250,26000087,1181487,تنك شيخ الكار طحينية 18 كغم -جديد (برتقالي),250,1.292,323,PKGWH
26000081,Closed (مغلق),1011027,شيخ الكار طحينية 18 كغم تنك 1*1,1/18/2026,250,26000087,1171015,طحينية بلك شيخ الكار حجر,4500,1.503,6763.5,WIP
26000082,Closed (مغلق),1011027,شيخ الكار طحينية 18 كغم تنك 1*1,1/18/2026,112,26000088,1181487,تنك شيخ الكار طحينية 18 كغم -جديد (برتقالي),112,1.292,144.704,PKGWH
26000082,Closed (مغلق),1011027,شيخ الكار طحينية 18 كغم تنك 1*1,1/18/2026,112,26000088,1171017,طحينية بلك ميار - موسم  كروما,2016,1.548,3120.768,WIP
26000083,Closed (مغلق),1011019,شيخ الكار طحينية 900 غم قارورة 1*12,1/18/2026,1560,26000046,1171015,طحينية بلك شيخ الكار حجر,1326,1.503,1992.978,WIP
26000083,Closed (مغلق),1011019,شيخ الكار طحينية 900 غم قارورة 1*12,1/18/2026,1560,26000046,1181097,كرتون شيخ الكار طحينية 900 غم جديد ابيض,130,0.107,13.91,PKGWH
26000083,Closed (مغلق),1011019,شيخ الكار طحينية 900 غم قارورة 1*12,1/18/2026,1560,26000046,1181192,قارورة طحينية  شيخ الكار 900 غم  جديد,1560,0.095,148.2,PKGWH
26000084,Closed (مغلق),1011023,شيخ الكار طحينية 300 غم 1*12,1/18/2026,37,26000089,1171015,طحينية بلك شيخ الكار حجر,9.805,1.503,14.737,WIP
26000084,Closed (مغلق),1011023,شيخ الكار طحينية 300 غم 1*12,1/18/2026,37,26000089,1181189,مرتبان شيخ الكار طحينية 300 غم جديد قارورة,37,0.051,1.887,PKGWH
26000084,Closed (مغلق),1011023,شيخ الكار طحينية 300 غم 1*12,1/18/2026,37,26000089,1181086,كرتون شيخ الكار طحينية 300 غم قارورة ابيض,3,0.13,0.39,PKGWH
26000085,Closed (مغلق),1011007,ميار طحينية 900 غم مطرة 1*12,1/18/2026,3600,26000090,1181221,مطرة ميار طحينية 900 غم,3600,0.088,316.8,PKGWH
26000085,Closed (مغلق),1011007,ميار طحينية 900 غم مطرة 1*12,1/18/2026,3600,26000090,1181013,كرتون متعدد طحينية 900 غم مطرة,300,0.207,62.1,PKGWH
26000085,Closed (مغلق),1011007,ميار طحينية 900 غم مطرة 1*12,1/18/2026,3600,26000090,1171017,طحينية بلك ميار - موسم  كروما,3060,1.548,4736.88,WIP
26000086,Closed (مغلق),1021003,شيخ الكار حلاوة 5 كغم سادة (الولاء) 1*1,1/18/2026,863,26000091,1171020,حلاوة بلك سادة ميار - موسم,4315,1.007,4345.205,WIP
26000086,Closed (مغلق),1021003,شيخ الكار حلاوة 5 كغم سادة (الولاء) 1*1,1/18/2026,863,26000091,1181344,جاط مربع حلاوة 5 كغم شفاف متعدد,863,0.551,475.513,PKGWH
26000086,Closed (مغلق),1021003,شيخ الكار حلاوة 5 كغم سادة (الولاء) 1*1,1/18/2026,863,26000091,1181030,كرتون متعدد حلاوة 5 كغم مربع قديم,72,0.48,34.56,PKGWH
26000087,Closed (مغلق),1021011,شيخ الكار حلاوة 6 كغم فستق 1*4,1/18/2026,99,26000043,1171031,حلاوة بلك فستق شيخ الكار,594,1.208,717.552,WIP
26000087,Closed (مغلق),1021011,شيخ الكار حلاوة 6 كغم فستق 1*4,1/18/2026,99,26000043,1181311,"جاط متعدد حلاوة 6 كغم (فستق،سادة،شوكولاتة) شفاف",99,0.534,52.866,PKGWH
26000087,Closed (مغلق),1021011,شيخ الكار حلاوة 6 كغم فستق 1*4,1/18/2026,99,26000043,1181111,"كرتون شيخ الكار حلاوة 6 كغم (فستق،سادة،شوكولاتة)",25,0.514,12.85,PKGWH
26000088,Closed (مغلق),1011022,شيخ الكار طحينية 3500 غم 1*4,1/19/2026,1,26000092,1171015,طحينية بلك شيخ الكار حجر,3.5,1.503,5.261,WIP
26000088,Closed (مغلق),1011022,شيخ الكار طحينية 3500 غم 1*4,1/19/2026,1,26000092,1181241,مرتبان متعدد طحينية 3500 غم,1,0.389,0.389,PKGWH
26000089,Closed (مغلق),1011019,شيخ الكار طحينية 900 غم قارورة 1*12,1/19/2026,2196,26000047,1171015,طحينية بلك شيخ الكار حجر,1866.6,1.503,2805.5,WIP
26000089,Closed (مغلق),1011019,شيخ الكار طحينية 900 غم قارورة 1*12,1/19/2026,2196,26000047,1181097,كرتون شيخ الكار طحينية 900 غم جديد ابيض,183,0.107,19.581,PKGWH
26000089,Closed (مغلق),1011019,شيخ الكار طحينية 900 غم قارورة 1*12,1/19/2026,2196,26000047,1181192,قارورة طحينية  شيخ الكار 900 غم  جديد,2196,0.095,208.62,PKGWH
26000090,Closed (مغلق),1021011,شيخ الكار حلاوة 6 كغم فستق 1*4,1/19/2026,69,26000093,1171031,حلاوة بلك فستق شيخ الكار,414,1.151,476.514,WIP
26000090,Closed (مغلق),1021011,شيخ الكار حلاوة 6 كغم فستق 1*4,1/19/2026,69,26000093,1181311,"جاط متعدد حلاوة 6 كغم (فستق،سادة،شوكولاتة) شفاف",69,0.534,36.846,PKGWH
26000090,Closed (مغلق),1021011,شيخ الكار حلاوة 6 كغم فستق 1*4,1/19/2026,69,26000093,1181111,"كرتون شيخ الكار حلاوة 6 كغم (فستق،سادة،شوكولاتة)",17,0.514,8.738,PKGWH
26000091,Closed (مغلق),1021060,شيخ الكار حلاوة 1300 غم فستق 1*6,1/19/2026,20,26000094,1181067,كرتون شيخ الكار حلاوة 1300 غم فستق,3,0.201,0.603,PKGWH
26000091,Closed (مغلق),1021060,شيخ الكار حلاوة 1300 غم فستق 1*6,1/19/2026,20,26000094,1171031,حلاوة بلك فستق شيخ الكار,24.2,1.151,27.854,WIP
26000091,Closed (مغلق),1021060,شيخ الكار حلاوة 1300 غم فستق 1*6,1/19/2026,20,26000094,1181280,علب شيخ الكار حلاوة 1300 غم فستق,20,0.28,5.6,PKGWH
26000092,Closed (مغلق),1021039,شيخ الكار حلاوة 700 غم فستق 1*12,1/19/2026,17,26000095,1181113,"كرتون شيخ الكار حلاوة 700/800 غم (فستق،سادة،شوكولاتة،ملوكي) دمعة",1,0.178,0.178,PKGWH
26000092,Closed (مغلق),1021039,شيخ الكار حلاوة 700 غم فستق 1*12,1/19/2026,17,26000095,1171031,حلاوة بلك فستق شيخ الكار,10.88,1.151,12.523,WIP
26000092,Closed (مغلق),1021039,شيخ الكار حلاوة 700 غم فستق 1*12,1/19/2026,17,26000095,1181423,علب شيخ الكار حلاوة 700 غم فستق,17,0.15,2.55,PKGWH
26000093,Closed (مغلق),1171015,طحينية بلك شيخ الكار حجر,1/19/2026,7000,26000096,1141002,سمسم خام,8.12,1282,10409.84,RMWH
26000093,Closed (مغلق),1171015,طحينية بلك شيخ الكار حجر,1/19/2026,7000,26000096,1171006,ملح,1575,0.055,86.625,WIP
26000094,Closed (مغلق),1171022,حلاوة بلك سادة شيخ الكار,1/20/2026,2631,26000044,1171010,جلوكوز,450,0.36,162,WIP
26000094,Closed (مغلق),1171022,حلاوة بلك سادة شيخ الكار,1/20/2026,2631,26000044,1171014,عرق حلاوة,12,1.503,18.036,RMWH
26000094,Closed (مغلق),1171022,حلاوة بلك سادة شيخ الكار,1/20/2026,2631,26000044,1081001,سكر 50 كعم 20*50,0.9,398.933,359.04,RMWH
26000094,Closed (مغلق),1171022,حلاوة بلك سادة شيخ الكار,1/20/2026,2631,26000044,1171008,مثبت,48,1.473,70.704,WIP
26000094,Closed (مغلق),1171022,حلاوة بلك سادة شيخ الكار,1/20/2026,2631,26000044,1171005,فانيلا,0.9,14.666,13.199,RMWH
26000094,Closed (مغلق),1171022,حلاوة بلك سادة شيخ الكار,1/20/2026,2631,26000044,1171015,طحينية بلك شيخ الكار حجر,1291,1.503,1940.373,WIP
26000094,Closed (مغلق),1171022,حلاوة بلك سادة شيخ الكار,1/20/2026,2631,26000044,1171001,ملح ليمون,1.5,0.736,1.104,RMWH
26000095,Closed (مغلق),1171029,حلاوة بلك رشة شيخ الكار,1/20/2026,754,26000048,1171022,حلاوة بلك سادة شيخ الكار,744,0.973,723.912,WIP
26000095,Closed (مغلق),1171029,حلاوة بلك رشة شيخ الكار,1/20/2026,754,26000048,1171011,فستق حلبي,10,14.34,143.4,WIP
26000096,Closed (مغلق),1171031,حلاوة بلك فستق شيخ الكار,1/20/2026,774,26000049,1171022,حلاوة بلك سادة شيخ الكار,762,0.973,741.426,WIP
26000096,Closed (مغلق),1171031,حلاوة بلك فستق شيخ الكار,1/20/2026,774,26000049,1171011,فستق حلبي,12,14.34,172.08,WIP
26000097,Closed (مغلق),1011090,شيخ الكار طحينية 900 غم 1*12 جديد,1/21/2026,6756,26000050,1011019,شيخ الكار طحينية 900 غم قارورة 1*12,6756,1.397,9438.132,FGWH
26000098,Closed (مغلق),1171020,حلاوة بلك سادة ميار - موسم,1/20/2026,873,26000051,1171010,جلوكوز,150,0.36,54,WIP
26000098,Closed (مغلق),1171020,حلاوة بلك سادة ميار - موسم,1/20/2026,873,26000051,1171014,عرق حلاوة,4,1.503,6.012,RMWH
26000098,Closed (مغلق),1171020,حلاوة بلك سادة ميار - موسم,1/20/2026,873,26000051,1081001,سكر 50 كعم 20*50,0.3,398.933,119.68,RMWH
26000098,Closed (مغلق),1171020,حلاوة بلك سادة ميار - موسم,1/20/2026,873,26000051,1171008,مثبت,16,1.473,23.568,WIP
26000098,Closed (مغلق),1171020,حلاوة بلك سادة ميار - موسم,1/20/2026,873,26000051,1171005,فانيلا,0.3,14.666,4.4,RMWH
26000098,Closed (مغلق),1171020,حلاوة بلك سادة ميار - موسم,1/20/2026,873,26000051,1171015,طحينية بلك شيخ الكار حجر,444,1.503,667.332,WIP
26000098,Closed (مغلق),1171020,حلاوة بلك سادة ميار - موسم,1/20/2026,873,26000051,1171001,ملح ليمون,0.5,0.736,0.368,RMWH
26000099,Closed (مغلق),1171028,حلاوة بلك فستق ميار,1/20/2026,492,26000052,1171020,حلاوة بلك سادة ميار - موسم,488,1.022,498.736,WIP
26000099,Closed (مغلق),1171028,حلاوة بلك فستق ميار,1/20/2026,492,26000052,1171011,فستق حلبي,4,13.954,55.816,WIP
26000100,Closed (مغلق),1171013,حلاوة بلك رشة فستق ميار,1/20/2026,385,26000053,1171020,حلاوة بلك سادة ميار - موسم,381,1.022,389.382,WIP
26000100,Closed (مغلق),1171013,حلاوة بلك رشة فستق ميار,1/20/2026,385,26000053,1171011,فستق حلبي,4,13.954,55.816,WIP
26000101,Closed (مغلق),1171013,حلاوة بلك رشة فستق ميار,1/20/2026,385,26000054,1171013,حلاوة بلك رشة فستق ميار,385,94.046,36207.71,WIP
26000102,Closed (مغلق),1171013,حلاوة بلك رشة فستق ميار,1/20/2026,385,26000055,1171020,حلاوة بلك سادة ميار - موسم,381,1.022,389.382,WIP
26000102,Closed (مغلق),1171013,حلاوة بلك رشة فستق ميار,1/20/2026,385,26000055,1171011,فستق حلبي,4,13.954,55.816,WIP
26000103,Closed (مغلق),1171020,حلاوة بلك سادة ميار - موسم,1/22/2026,2325,26000056,1171010,جلوكوز,375,0.36,135,WIP
26000103,Closed (مغلق),1171020,حلاوة بلك سادة ميار - موسم,1/22/2026,2325,26000056,1171014,عرق حلاوة,10,1.503,15.03,RMWH
26000103,Closed (مغلق),1171020,حلاوة بلك سادة ميار - موسم,1/22/2026,2325,26000056,1081001,سكر 50 كعم 20*50,0.75,398.933,299.2,RMWH
26000103,Closed (مغلق),1171020,حلاوة بلك سادة ميار - موسم,1/22/2026,2325,26000056,1171008,مثبت,40,1.473,58.92,WIP
26000103,Closed (مغلق),1171020,حلاوة بلك سادة ميار - موسم,1/22/2026,2325,26000056,1171005,فانيلا,0.75,14.666,11,RMWH
26000103,Closed (مغلق),1171020,حلاوة بلك سادة ميار - موسم,1/22/2026,2325,26000056,1171015,طحينية بلك شيخ الكار حجر,1071,1.503,1609.713,WIP
26000103,Closed (مغلق),1171020,حلاوة بلك سادة ميار - موسم,1/22/2026,2325,26000056,1171001,ملح ليمون,1.25,0.736,0.92,RMWH
26000104,Closed (مغلق),1021012,شيخ الكار حلاوة 15 كغم سادة 1*1,1/20/2026,50,26000057,1171022,حلاوة بلك سادة شيخ الكار,750,0.973,729.75,WIP
26000104,Closed (مغلق),1021012,شيخ الكار حلاوة 15 كغم سادة 1*1,1/20/2026,50,26000057,1181324,تنك بدون طباعة حلاوة 15 كغم سادة,50,1.35,67.5,PKGWH
26000105,Closed (مغلق),1171028,حلاوة بلك فستق ميار,1/21/2026,475,26000058,1171020,حلاوة بلك سادة ميار - موسم,471,1.007,474.297,WIP
26000105,Closed (مغلق),1171028,حلاوة بلك فستق ميار,1/21/2026,475,26000058,1171011,فستق حلبي,4,13.954,55.816,WIP
26000106,Closed (مغلق),1011090,شيخ الكار طحينية 900 غم 1*12 جديد,1/22/2026,12,26000059,1171015,طحينية بلك شيخ الكار حجر,10.2,1.503,15.331,WIP
26000106,Closed (مغلق),1011090,شيخ الكار طحينية 900 غم 1*12 جديد,1/22/2026,12,26000059,1181097,كرتون شيخ الكار طحينية 900 غم جديد ابيض,1,0.107,0.107,PKGWH
26000106,Closed (مغلق),1011090,شيخ الكار طحينية 900 غم 1*12 جديد,1/22/2026,12,26000059,1181192,قارورة طحينية  شيخ الكار 900 غم  جديد,12,0.095,1.14,PKGWH
26000107,Closed (مغلق),1141003,سمسم محمص 50 كغم,1/22/2026,2,26000060,1141002,سمسم خام,0.002,1282,2.564,RMWH
26000107,Closed (مغلق),1141003,سمسم محمص 50 كغم,1/22/2026,2,26000060,1171006,ملح,0.45,0.055,0.025,WIP
26000108,Closed (مغلق),1171022,حلاوة بلك سادة شيخ الكار,1/21/2026,1726.5,26000061,1171010,جلوكوز,300,0.36,108,WIP
26000108,Closed (مغلق),1171022,حلاوة بلك سادة شيخ الكار,1/21/2026,1726.5,26000061,1171014,عرق حلاوة,8,1.503,12.024,RMWH
26000108,Closed (مغلق),1171022,حلاوة بلك سادة شيخ الكار,1/21/2026,1726.5,26000061,1081001,سكر 50 كعم 20*50,0.6,398.933,239.36,RMWH
26000108,Closed (مغلق),1171022,حلاوة بلك سادة شيخ الكار,1/21/2026,1726.5,26000061,1171008,مثبت,32,1.473,47.136,WIP
26000108,Closed (مغلق),1171022,حلاوة بلك سادة شيخ الكار,1/21/2026,1726.5,26000061,1171005,فانيلا,0.6,14.666,8.8,RMWH
26000108,Closed (مغلق),1171022,حلاوة بلك سادة شيخ الكار,1/21/2026,1726.5,26000061,1171015,طحينية بلك شيخ الكار حجر,828,1.503,1244.484,WIP
26000108,Closed (مغلق),1171022,حلاوة بلك سادة شيخ الكار,1/21/2026,1726.5,26000061,1171001,ملح ليمون,1,0.736,0.736,RMWH
26000109,Closed (مغلق),1171029,حلاوة بلك رشة شيخ الكار,1/21/2026,324,26000062,1171022,حلاوة بلك سادة شيخ الكار,321.5,0.966,310.569,WIP
26000109,Closed (مغلق),1171029,حلاوة بلك رشة شيخ الكار,1/21/2026,324,26000062,1171011,فستق حلبي,2.5,13.954,34.885,WIP
26000110,Closed (مغلق),1171031,حلاوة بلك فستق شيخ الكار,1/21/2026,1417,26000063,1171022,حلاوة بلك سادة شيخ الكار,1405,0.966,1357.23,WIP
26000110,Closed (مغلق),1171031,حلاوة بلك فستق شيخ الكار,1/21/2026,1417,26000063,1171011,فستق حلبي,12,13.954,167.448,WIP
26000111,Closed (مغلق),1011035,شيخ الكار طحينية 18 كغم سطل 1*1,1/20/2026,624,26000097,1181355,سطل شيخ الكار طحينية 18 كغم,624,1.334,832.416,PKGWH
26000111,Closed (مغلق),1011035,شيخ الكار طحينية 18 كغم سطل 1*1,1/20/2026,624,26000097,1171015,طحينية بلك شيخ الكار حجر,11232,1.501,16859.232,WIP
26000112,Closed (مغلق),1011027,شيخ الكار طحينية 18 كغم تنك 1*1,1/20/2026,50,26000098,1181487,تنك شيخ الكار طحينية 18 كغم -جديد (برتقالي),50,1.292,64.6,PKGWH
26000112,Closed (مغلق),1011027,شيخ الكار طحينية 18 كغم تنك 1*1,1/20/2026,50,26000098,1171015,طحينية بلك شيخ الكار حجر,900,1.501,1350.9,WIP
26000113,Closed (مغلق),1011043,لوكسر طحينية 450 غم 1*12,1/20/2026,2400,26000115,1181103,كرتون لوكسر طحينية 450 غم بني,200,0.188,37.6,PKGWH
26000113,Closed (مغلق),1011043,لوكسر طحينية 450 غم 1*12,1/20/2026,2400,26000115,1181240,مرتبان لوكسر طحينية 450 غم بني,2400,0.129,309.6,PKGWH
26000113,Closed (مغلق),1011043,لوكسر طحينية 450 غم 1*12,1/20/2026,2400,26000115,1171019,طحينية سودا بلك حبة كاملة,1080,1.346,1453.68,WIP
26000114,Closed (مغلق),1021039,شيخ الكار حلاوة 700 غم فستق 1*12,1/20/2026,1172,26000099,1181113,"كرتون شيخ الكار حلاوة 700/800 غم (فستق،سادة،شوكولاتة،ملوكي) دمعة",97,0.178,17.266,PKGWH
26000114,Closed (مغلق),1021039,شيخ الكار حلاوة 700 غم فستق 1*12,1/20/2026,1172,26000099,1171031,حلاوة بلك فستق شيخ الكار,750.08,1.151,863.342,WIP
26000114,Closed (مغلق),1021039,شيخ الكار حلاوة 700 غم فستق 1*12,1/20/2026,1172,26000099,1181423,علب شيخ الكار حلاوة 700 غم فستق,1172,0.15,175.8,PKGWH
26000115,Closed (مغلق),1021041,شيخ الكار حلاوة 700 غم سادة 1*12,1/20/2026,586,26000125,1181113,"كرتون شيخ الكار حلاوة 700/800 غم (فستق،سادة،شوكولاتة،ملوكي) دمعة",49,0.178,8.722,PKGWH
26000115,Closed (مغلق),1021041,شيخ الكار حلاوة 700 غم سادة 1*12,1/20/2026,586,26000125,1171022,حلاوة بلك سادة شيخ الكار,375.04,0.966,362.289,WIP
26000115,Closed (مغلق),1021041,شيخ الكار حلاوة 700 غم سادة 1*12,1/20/2026,586,26000125,1181425,علب شيخ الكار حلاوة 700 غم سادة,586,0.15,87.9,PKGWH
26000116,Closed (مغلق),1021011,شيخ الكار حلاوة 6 كغم فستق 1*4,1/20/2026,4,26000100,1171031,حلاوة بلك فستق شيخ الكار,24,1.151,27.624,WIP
26000116,Closed (مغلق),1021011,شيخ الكار حلاوة 6 كغم فستق 1*4,1/20/2026,4,26000100,1181311,"جاط متعدد حلاوة 6 كغم (فستق،سادة،شوكولاتة) شفاف",4,0.534,2.136,PKGWH
26000116,Closed (مغلق),1021011,شيخ الكار حلاوة 6 كغم فستق 1*4,1/20/2026,4,26000100,1181111,"كرتون شيخ الكار حلاوة 6 كغم (فستق،سادة،شوكولاتة)",1,0.514,0.514,PKGWH
26000117,Closed (مغلق),1021031,ميار حلاوة 1200 غم برش فستق 1*6,1/20/2026,443,26000101,1171028,حلاوة بلك فستق ميار,491.73,1.154,567.456,WIP
26000117,Closed (مغلق),1021031,ميار حلاوة 1200 غم برش فستق 1*6,1/20/2026,443,26000101,1181378,علب ميار حلاوة 1300 غم رشة فستق,443,0.28,124.04,PKGWH
26000117,Closed (مغلق),1021031,ميار حلاوة 1200 غم برش فستق 1*6,1/20/2026,443,26000101,1181014,كرتون ميار حلاوة 1300 غم رشة فستق,74,0.218,16.132,PKGWH
26000118,Closed (مغلق),1021005,ميار حلاوة 300 غم رشة فستق 1*12,1/20/2026,1452,26000116,1171013,حلاوة بلك رشة فستق ميار,385,1.156,445.06,WIP
26000118,Closed (مغلق),1021005,ميار حلاوة 300 غم رشة فستق 1*12,1/20/2026,1452,26000116,1181019,"كرتون متعدد حلاوة 300 غم (ميار،شتلة،فاخرة) أمنية",121,0.106,12.826,PKGWH
26000118,Closed (مغلق),1021005,ميار حلاوة 300 غم رشة فستق 1*12,1/20/2026,1452,26000116,1181373,علب ميار حلاوة 300 غم رشة فستق أمنية,1452,0.092,133.584,PKGWH
26000119,Closed (مغلق),1011022,شيخ الكار طحينية 3500 غم 1*4,1/21/2026,2,26000102,1171015,طحينية بلك شيخ الكار حجر,7,1.501,10.507,WIP
26000119,Closed (مغلق),1011022,شيخ الكار طحينية 3500 غم 1*4,1/21/2026,2,26000102,1181241,مرتبان متعدد طحينية 3500 غم,2,0.389,0.778,PKGWH
26000120,Closed (مغلق),1011088,الموسم طحينية 800 غم  1*12,1/21/2026,960,26000103,1171017,طحينية بلك ميار - موسم  كروما,768,1.548,1188.864,WIP
26000120,Closed (مغلق),1011088,الموسم طحينية 800 غم  1*12,1/21/2026,960,26000103,1181008,كرتون متعدد طحينية 800 غم اكسترا فاخرة,80,0.223,17.84,PKGWH
26000120,Closed (مغلق),1011088,الموسم طحينية 800 غم  1*12,1/21/2026,960,26000103,1181037,مرتبان الموسم طحينية 800 غم,960,0.099,95.04,PKGWH
26000121,Closed (مغلق),1011044,لوكسر طحينية 450 غم 1*12 اصفر,1/21/2026,3960,26000104,1181106,كرتون لوكسر طحينية 450 غم أصفر,330,0.178,58.74,PKGWH
26000121,Closed (مغلق),1011044,لوكسر طحينية 450 غم 1*12 اصفر,1/21/2026,3960,26000104,1181235,مرتبان لوكسر طحينية 450 غم أصفر,3960,0.126,498.96,PKGWH
26000121,Closed (مغلق),1011044,لوكسر طحينية 450 غم 1*12 اصفر,1/21/2026,3960,26000104,1171017,طحينية بلك ميار - موسم  كروما,1782,1.548,2758.536,WIP
26000122,Closed (مغلق),1021021,الموسم حلاوة 800 غم سادة 1*12,1/21/2026,1920,26000139,1171020,حلاوة بلك سادة ميار - موسم,1536,1,1536,WIP
26000122,Closed (مغلق),1021021,الموسم حلاوة 800 غم سادة 1*12,1/21/2026,1920,26000139,1181271,علب الموسم حلاوة 800 غم سادة دمعة,1920,0.101,193.92,PKGWH
26000122,Closed (مغلق),1021021,الموسم حلاوة 800 غم سادة 1*12,1/21/2026,1920,26000139,1181024,كرتون متعدد حلاوة 800 غم دمعة,160,0.217,34.72,PKGWH
26000123,Closed (مغلق),1021031,ميار حلاوة 1200 غم برش فستق 1*6,1/20/2026,428,26000105,1171028,حلاوة بلك فستق ميار,475.08,1.154,548.242,WIP
26000123,Closed (مغلق),1021031,ميار حلاوة 1200 غم برش فستق 1*6,1/20/2026,428,26000105,1181378,علب ميار حلاوة 1300 غم رشة فستق,428,0.28,119.84,PKGWH
26000123,Closed (مغلق),1021031,ميار حلاوة 1200 غم برش فستق 1*6,1/20/2026,428,26000105,1181014,كرتون ميار حلاوة 1300 غم رشة فستق,71,0.218,15.478,PKGWH
26000124,Closed (مغلق),1021043,شيخ الكار حلاوة 300 غم رشة فستق 1*12,1/21/2026,1200,26000106,1181022,"كرتون متعدد حلاوة 300 غم (فستق،سادة،شوكولاتة) مستطيل",100,0.157,15.7,PKGWH
26000124,Closed (مغلق),1021043,شيخ الكار حلاوة 300 غم رشة فستق 1*12,1/21/2026,1200,26000106,1171029,حلاوة بلك رشة شيخ الكار,324,1.078,349.272,WIP
26000124,Closed (مغلق),1021043,شيخ الكار حلاوة 300 غم رشة فستق 1*12,1/21/2026,1200,26000106,1181431,علب شيخ الكار حلاوة 300 غم رشة فستق,1200,0.098,117.6,PKGWH
26000125,Closed (مغلق),1021060,شيخ الكار حلاوة 1300 غم فستق 1*6,1/20/2026,1171,26000107,1181067,كرتون شيخ الكار حلاوة 1300 غم فستق,195,0.201,39.195,PKGWH
26000125,Closed (مغلق),1021060,شيخ الكار حلاوة 1300 غم فستق 1*6,1/20/2026,1171,26000107,1171031,حلاوة بلك فستق شيخ الكار,1416.91,1.151,1630.863,WIP
26000125,Closed (مغلق),1021060,شيخ الكار حلاوة 1300 غم فستق 1*6,1/20/2026,1171,26000107,1181280,علب شيخ الكار حلاوة 1300 غم فستق,1171,0.28,327.88,PKGWH
26000126,Closed (مغلق),1021032,ميار حلاوة 800غ سادة 1*12,1/20/2026,424,26000110,1171020,حلاوة بلك سادة ميار - موسم,339.2,1.007,341.574,WIP
26000126,Closed (مغلق),1021032,ميار حلاوة 800غ سادة 1*12,1/20/2026,424,26000110,1181380,علب ميار حلاوة 550 غم سادة  أمنية,424,0.15,63.6,PKGWH
26000126,Closed (مغلق),1021032,ميار حلاوة 800غ سادة 1*12,1/20/2026,424,26000110,1181027,"كرتون متعدد حلاوة 550 غم (ميار،فاخرة) أمنية",35,0.228,7.98,PKGWH
26000127,Closed (مغلق),1011121,الفاخرة طحينية 270 غم 1*12,1/18/2026,3804,26000123,1181060,مرتبان الفاخرة طحينية 300 غم,3804,0.15,570.6,PKGWH
26000127,Closed (مغلق),1011121,الفاخرة طحينية 270 غم 1*12,1/18/2026,3804,26000123,1171015,طحينية بلك شيخ الكار حجر,1027.08,1.499,1539.593,WIP
26000127,Closed (مغلق),1011121,الفاخرة طحينية 270 غم 1*12,1/18/2026,3804,26000123,1181404,كرتون الفاخرة طحينية 300 غم,317,0.139,44.063,PKGWH
26000128,Closed (مغلق),1011120,الفاخرة طحينية 500 غم 1*12,1/18/2026,13548,26000117,1181057,مرتبان الفاخرة طحينية 550 غم,13548,0.18,2438.64,PKGWH
26000128,Closed (مغلق),1011120,الفاخرة طحينية 500 غم 1*12,1/18/2026,13548,26000117,1171015,طحينية بلك شيخ الكار حجر,6774,1.5,10161,WIP
26000128,Closed (مغلق),1011120,الفاخرة طحينية 500 غم 1*12,1/18/2026,13548,26000117,1181401,كرتون الفاخرة طحينية 550 غم,1129,0.351,396.279,PKGWH
26000129,Closed (مغلق),1011091,شيخ الكار طحينية 700 غم 1*12,1/18/2026,103,26000108,1171015,طحينية بلك شيخ الكار حجر,66.95,1.501,100.492,WIP
26000129,Closed (مغلق),1011091,شيخ الكار طحينية 700 غم 1*12,1/18/2026,103,26000108,1181191,مرتبان طحينية  شيخ الكار 700 غم  جديد قارورة,103,0.089,9.167,PKGWH
26000129,Closed (مغلق),1011091,شيخ الكار طحينية 700 غم 1*12,1/18/2026,103,26000108,1181066,كرتون شيخ الكار 700 غم قاروة أبيض جديد,8,0.19,1.52,PKGWH
26000130,Closed (مغلق),1011094,شيخ الكار طحينية 500 غم 1*12,1/18/2026,31,26000109,1171015,طحينية بلك شيخ الكار حجر,13.95,1.501,20.939,WIP
26000130,Closed (مغلق),1011094,شيخ الكار طحينية 500 غم 1*12,1/18/2026,31,26000109,1181194,مرتبان طحينية  شيخ الكار 500 غم  جديد قاروره,31,0.079,2.449,PKGWH
26000130,Closed (مغلق),1011094,شيخ الكار طحينية 500 غم 1*12,1/18/2026,31,26000109,1181087,كرتون شيخ الكار 500 غم قارورة  أبيض جديد,2,0.164,0.328,PKGWH
26000131,Closed (مغلق),1171015,طحينية بلك شيخ الكار حجر,1/22/2026,10000,26000111,1141002,سمسم خام,11.6,1282,14871.2,RMWH
26000131,Closed (مغلق),1171015,طحينية بلك شيخ الكار حجر,1/22/2026,10000,26000111,1171006,ملح,2250,0.055,123.75,WIP
26000132,Closed (مغلق),1011028,شيخ الكار طحينية 9 كغم تنك 1*1,1/25/2026,1,26000124,1181312,تنك شيخ الكار طحينية 9 كغم -فارغ,1,0.912,0.912,PKGWH
26000132,Closed (مغلق),1011028,شيخ الكار طحينية 9 كغم تنك 1*1,1/25/2026,1,26000124,1171015,طحينية بلك شيخ الكار حجر,8.3,1.499,12.442,WIP
26000133,Closed (مغلق),1011028,شيخ الكار طحينية 9 كغم تنك 1*1,1/25/2026,360,26000112,1181312,تنك شيخ الكار طحينية 9 كغم -فارغ,360,0.912,328.32,PKGWH
26000133,Closed (مغلق),1011028,شيخ الكار طحينية 9 كغم تنك 1*1,1/25/2026,360,26000112,1171015,طحينية بلك شيخ الكار حجر,2988,1.5,4482,WIP
26000134,Closed (مغلق),1011044,لوكسر طحينية 450 غم 1*12 اصفر,1/22/2026,9000,26000113,1181106,كرتون لوكسر طحينية 450 غم أصفر,747,0.178,132.966,PKGWH
26000134,Closed (مغلق),1011044,لوكسر طحينية 450 غم 1*12 اصفر,1/22/2026,9000,26000113,1181235,مرتبان لوكسر طحينية 450 غم أصفر,9000,0.126,1134,PKGWH
26000134,Closed (مغلق),1011044,لوكسر طحينية 450 غم 1*12 اصفر,1/22/2026,9000,26000113,1171017,طحينية بلك ميار - موسم  كروما,4050,1.548,6269.4,WIP
26000135,Closed (مغلق),1171019,طحينية سودا بلك حبة كاملة,1/12/2026,1080,26000114,1171024,سمسم خام برازيلي k3,1134,1.282,1453.788,RMWH
26000136,Closed (مغلق),1171015,طحينية بلك شيخ الكار حجر,1/18/2026,15000,26000122,1141002,سمسم خام,17.4,1282,22306.8,RMWH
26000136,Closed (مغلق),1171015,طحينية بلك شيخ الكار حجر,1/18/2026,15000,26000122,1171006,ملح,3375,0.055,185.625,WIP
26000137,Closed (مغلق),1011090,شيخ الكار طحينية 900 غم 1*12 جديد,1/26/2026,18,26000126,1171015,طحينية بلك شيخ الكار حجر,15.3,1.499,22.935,WIP
26000137,Closed (مغلق),1011090,شيخ الكار طحينية 900 غم 1*12 جديد,1/26/2026,18,26000126,1181097,كرتون شيخ الكار طحينية 900 غم جديد ابيض,1.494,0.107,0.16,PKGWH
26000137,Closed (مغلق),1011090,شيخ الكار طحينية 900 غم 1*12 جديد,1/26/2026,18,26000126,1181192,قارورة طحينية  شيخ الكار 900 غم  جديد,18,0.095,1.71,PKGWH
26000138,Closed (مغلق),1171020,حلاوة بلك سادة ميار - موسم,1/22/2026,426,26000127,1171010,جلوكوز,75,0.36,27,WIP
26000138,Closed (مغلق),1171020,حلاوة بلك سادة ميار - موسم,1/22/2026,426,26000127,1171014,عرق حلاوة,2,1.503,3.006,RMWH
26000138,Closed (مغلق),1171020,حلاوة بلك سادة ميار - موسم,1/22/2026,426,26000127,1081001,سكر 50 كعم 20*50,0.15,398.933,59.84,RMWH
26000138,Closed (مغلق),1171020,حلاوة بلك سادة ميار - موسم,1/22/2026,426,26000127,1171008,مثبت,8,1.473,11.784,WIP
26000138,Closed (مغلق),1171020,حلاوة بلك سادة ميار - موسم,1/22/2026,426,26000127,1171005,فانيلا,0.15,14.666,2.2,RMWH
26000138,Closed (مغلق),1171020,حلاوة بلك سادة ميار - موسم,1/22/2026,426,26000127,1171015,طحينية بلك شيخ الكار حجر,208,1.499,311.792,WIP
26000138,Closed (مغلق),1171020,حلاوة بلك سادة ميار - موسم,1/22/2026,426,26000127,1171001,ملح ليمون,0.25,0.736,0.184,RMWH
26000139,Closed (مغلق),1171028,حلاوة بلك فستق ميار,1/22/2026,290,26000128,1171020,حلاوة بلك سادة ميار - موسم,288,1,288,WIP
26000139,Closed (مغلق),1171028,حلاوة بلك فستق ميار,1/22/2026,290,26000128,1171011,فستق حلبي,2,14.382,28.764,WIP
26000140,Closed (مغلق),1171022,حلاوة بلك سادة شيخ الكار,1/22/2026,1343,26000129,1171010,جلوكوز,225,0.36,81,WIP
26000140,Closed (مغلق),1171022,حلاوة بلك سادة شيخ الكار,1/22/2026,1343,26000129,1171014,عرق حلاوة,6,1.503,9.018,RMWH
26000140,Closed (مغلق),1171022,حلاوة بلك سادة شيخ الكار,1/22/2026,1343,26000129,1081001,سكر 50 كعم 20*50,0.45,398.933,179.52,RMWH
26000140,Closed (مغلق),1171022,حلاوة بلك سادة شيخ الكار,1/22/2026,1343,26000129,1171008,مثبت,24,1.473,35.352,WIP
26000140,Closed (مغلق),1171022,حلاوة بلك سادة شيخ الكار,1/22/2026,1343,26000129,1171005,فانيلا,0.45,14.666,6.6,RMWH
26000140,Closed (مغلق),1171022,حلاوة بلك سادة شيخ الكار,1/22/2026,1343,26000129,1171015,طحينية بلك شيخ الكار حجر,684,1.499,1025.316,WIP
26000140,Closed (مغلق),1171022,حلاوة بلك سادة شيخ الكار,1/22/2026,1343,26000129,1171001,ملح ليمون,0.75,0.736,0.552,RMWH
26000141,Closed (مغلق),1171030,حلاوة بلك ملوكي شيخ الكار,1/22/2026,96,26000136,1171022,حلاوة بلك سادة شيخ الكار,88,0.996,87.648,WIP
26000141,Closed (مغلق),1171030,حلاوة بلك ملوكي شيخ الكار,1/22/2026,96,26000136,1171012,مكسرات مشكلة,8,5.5,44,RMWH
26000142,Closed (مغلق),1011027,شيخ الكار طحينية 18 كغم تنك 1*1,1/25/2026,100,26000130,1181487,تنك شيخ الكار طحينية 18 كغم -جديد (برتقالي),100,1.292,129.2,PKGWH
26000142,Closed (مغلق),1011027,شيخ الكار طحينية 18 كغم تنك 1*1,1/25/2026,100,26000130,1171015,طحينية بلك شيخ الكار حجر,1800,1.499,2698.2,WIP
26000143,Closed (مغلق),1011044,لوكسر طحينية 450 غم 1*12 اصفر,1/25/2026,10800,26000131,1181106,كرتون لوكسر طحينية 450 غم أصفر,900,0.178,160.2,PKGWH
26000143,Closed (مغلق),1011044,لوكسر طحينية 450 غم 1*12 اصفر,1/25/2026,10800,26000131,1181235,مرتبان لوكسر طحينية 450 غم أصفر,10800,0.126,1360.8,PKGWH
26000143,Closed (مغلق),1011044,لوكسر طحينية 450 غم 1*12 اصفر,1/25/2026,10800,26000131,1171017,طحينية بلك ميار - موسم  كروما,4860,1.548,7523.28,WIP
26000144,Closed (مغلق),1011076,العلوي طحينية 900 غم مطرة 1*12,1/25/2026,492,26000132,1181219,مطرة العلوي طحينية 900غم,492,0.105,51.66,PKGWH
26000144,Closed (مغلق),1011076,العلوي طحينية 900 غم مطرة 1*12,1/25/2026,492,26000132,1171015,طحينية بلك شيخ الكار حجر,418.2,1.499,626.882,WIP
26000144,Closed (مغلق),1011076,العلوي طحينية 900 غم مطرة 1*12,1/25/2026,492,26000132,1181013,كرتون متعدد طحينية 900 غم مطرة,41,0.207,8.487,PKGWH
26000145,Closed (مغلق),1011063,النور طحينية 500 غم 1*12,1/25/2026,3840,26000133,1181043,مرتبان النور طحينية 500 غم,3840,0.129,495.36,PKGWH
26000145,Closed (مغلق),1011063,النور طحينية 500 غم 1*12,1/25/2026,3840,26000133,1181390,كرتون النور طحينية 500 غم,320,0.19,60.8,PKGWH
26000145,Closed (مغلق),1011063,النور طحينية 500 غم 1*12,1/25/2026,3840,26000133,1171015,طحينية بلك شيخ الكار حجر,1920,1.499,2878.08,WIP
26000146,Closed (مغلق),1171029,حلاوة بلك رشة شيخ الكار,1/22/2026,162,26000134,1171022,حلاوة بلك سادة شيخ الكار,160.5,0.996,159.858,WIP
26000146,Closed (مغلق),1171029,حلاوة بلك رشة شيخ الكار,1/22/2026,162,26000134,1171011,فستق حلبي,1.5,14.382,21.573,WIP
26000147,Closed (مغلق),1171026,حلاوة بلك شوكولاته شيخ الكار,1/22/2026,928,26000135,1171022,حلاوة بلك سادة شيخ الكار,861.184,0.996,857.739,WIP
26000147,Closed (مغلق),1171026,حلاوة بلك شوكولاته شيخ الكار,1/22/2026,928,26000135,1171003,كاكاو,28.768,6,172.608,RMWH
26000147,Closed (مغلق),1171026,حلاوة بلك شوكولاته شيخ الكار,1/22/2026,928,26000135,1171015,طحينية بلك شيخ الكار حجر,24.128,1.499,36.168,WIP
26000148,Closed (مغلق),1021007,شيخ الكار حلاوة 1 كغم ملوكية بالمكسرات 1*8,1/22/2026,1,26000137,1171030,حلاوة بلك ملوكي شيخ الكار,1,1.491,1.491,WIP
26000148,Closed (مغلق),1021007,شيخ الكار حلاوة 1 كغم ملوكية بالمكسرات 1*8,1/22/2026,1,26000137,1181308,جاط شفاف حلاوة 1 كغم ملوكي تبروير دائري,1,0.064,0.064,PKGWH
26000149,Closed (مغلق),1171031,حلاوة بلك فستق شيخ الكار,1/22/2026,6,26000138,1171022,حلاوة بلك سادة شيخ الكار,5.892,0.996,5.868,WIP
26000149,Closed (مغلق),1171031,حلاوة بلك فستق شيخ الكار,1/22/2026,6,26000138,1171011,فستق حلبي,0.108,14.382,1.553,WIP
26000150,Closed (مغلق),1171022,حلاوة بلك سادة شيخ الكار,1/25/2026,1734,26000140,1171010,جلوكوز,289.001,0.36,104.04,WIP
26000150,Closed (مغلق),1171022,حلاوة بلك سادة شيخ الكار,1/25/2026,1734,26000140,1171014,عرق حلاوة,7.706,1.503,11.582,RMWH
26000150,Closed (مغلق),1171022,حلاوة بلك سادة شيخ الكار,1/25/2026,1734,26000140,1081001,سكر 50 كعم 20*50,0.577,398.932,230.184,RMWH
26000150,Closed (مغلق),1171022,حلاوة بلك سادة شيخ الكار,1/25/2026,1734,26000140,1171008,مثبت,30.827,1.473,45.408,WIP
26000150,Closed (مغلق),1171022,حلاوة بلك سادة شيخ الكار,1/25/2026,1734,26000140,1171005,فانيلا,0.577,14.666,8.462,RMWH
26000150,Closed (مغلق),1171022,حلاوة بلك سادة شيخ الكار,1/25/2026,1734,26000140,1171015,طحينية بلك شيخ الكار حجر,840.99,1.499,1260.644,WIP
26000150,Closed (مغلق),1171022,حلاوة بلك سادة شيخ الكار,1/25/2026,1734,26000140,1171001,ملح ليمون,0.964,0.736,0.71,RMWH
26000151,Closed (مغلق),1171031,حلاوة بلك فستق شيخ الكار,1/25/2026,855,26000141,1171022,حلاوة بلك سادة شيخ الكار,848,0.963,816.624,WIP
26000151,Closed (مغلق),1171031,حلاوة بلك فستق شيخ الكار,1/25/2026,855,26000141,1171011,فستق حلبي,7,14.382,100.674,WIP
26000152,Closed (مغلق),1171020,حلاوة بلك سادة ميار - موسم,1/25/2026,1788,26000154,1171010,جلوكوز,300,0.36,108,WIP
26000152,Closed (مغلق),1171020,حلاوة بلك سادة ميار - موسم,1/25/2026,1788,26000154,1171014,عرق حلاوة,8,1.503,12.024,RMWH
26000152,Closed (مغلق),1171020,حلاوة بلك سادة ميار - موسم,1/25/2026,1788,26000154,1081001,سكر 50 كعم 20*50,0.6,398.932,239.359,RMWH
26000152,Closed (مغلق),1171020,حلاوة بلك سادة ميار - موسم,1/25/2026,1788,26000154,1171008,مثبت,32,1.473,47.136,RMWH
26000152,Closed (مغلق),1171020,حلاوة بلك سادة ميار - موسم,1/25/2026,1788,26000154,1171005,فانيلا,0.6,14.666,8.8,RMWH
26000152,Closed (مغلق),1171020,حلاوة بلك سادة ميار - موسم,1/25/2026,1788,26000154,1171015,طحينية بلك شيخ الكار حجر,901,1.499,1350.599,WIP
26000152,Closed (مغلق),1171020,حلاوة بلك سادة ميار - موسم,1/25/2026,1788,26000154,1171001,ملح ليمون,1,0.736,0.736,RMWH
26000153,Closed (مغلق),1021032,ميار حلاوة 800غ سادة 1*12,1/22/2026,173,26000143,1171020,حلاوة بلك سادة ميار - موسم,138,0.999,137.862,WIP
26000153,Closed (مغلق),1021032,ميار حلاوة 800غ سادة 1*12,1/22/2026,173,26000143,1181380,علب ميار حلاوة 550 غم سادة  أمنية,173,0.15,25.95,PKGWH
26000153,Closed (مغلق),1021032,ميار حلاوة 800غ سادة 1*12,1/22/2026,173,26000143,1181027,"كرتون متعدد حلاوة 550 غم (ميار،فاخرة) أمنية",14,0.228,3.192,PKGWH
26000154,Closed (مغلق),1171020,حلاوة بلك سادة ميار - موسم,1/22/2026,17.8,26000142,1171010,جلوكوز,2.967,0.36,1.068,WIP
26000154,Closed (مغلق),1171020,حلاوة بلك سادة ميار - موسم,1/22/2026,17.8,26000142,1171014,عرق حلاوة,0.079,1.503,0.119,RMWH
26000154,Closed (مغلق),1171020,حلاوة بلك سادة ميار - موسم,1/22/2026,17.8,26000142,1081001,سكر 50 كعم 20*50,0.006,398.932,2.394,RMWH
26000154,Closed (مغلق),1171020,حلاوة بلك سادة ميار - موسم,1/22/2026,17.8,26000142,1171008,مثبت,0.316,1.473,0.465,WIP
26000154,Closed (مغلق),1171020,حلاوة بلك سادة ميار - موسم,1/22/2026,17.8,26000142,1171005,فانيلا,0.006,14.666,0.088,RMWH
26000154,Closed (مغلق),1171020,حلاوة بلك سادة ميار - موسم,1/22/2026,17.8,26000142,1171015,طحينية بلك شيخ الكار حجر,8.989,1.499,13.475,WIP
26000154,Closed (مغلق),1171020,حلاوة بلك سادة ميار - موسم,1/22/2026,17.8,26000142,1171001,ملح ليمون,0.01,0.736,0.007,RMWH
26000155,Closed (مغلق),1021031,ميار حلاوة 1200 غم برش فستق 1*6,1/22/2026,261,26000144,1171028,حلاوة بلك فستق ميار,289.71,1.093,316.653,WIP
26000155,Closed (مغلق),1021031,ميار حلاوة 1200 غم برش فستق 1*6,1/22/2026,261,26000144,1181378,علب ميار حلاوة 1300 غم رشة فستق,261,0.28,73.08,PKGWH
26000155,Closed (مغلق),1021031,ميار حلاوة 1200 غم برش فستق 1*6,1/22/2026,261,26000144,1181014,كرتون ميار حلاوة 1300 غم رشة فستق,44,0.218,9.592,PKGWH
26000156,Closed (مغلق),1021059,شيخ الكار حلاوة 800 غم ملوكية بالمكسرات 1*12,1/22/2026,119,26000145,1171030,حلاوة بلك ملوكي شيخ الكار,95,1.371,130.245,WIP
26000156,Closed (مغلق),1021059,شيخ الكار حلاوة 800 غم ملوكية بالمكسرات 1*12,1/22/2026,119,26000145,1181460,علب شيخ الكار حلاوة 800 غم ملوكي,119,0.15,17.85,PKGWH
26000156,Closed (مغلق),1021059,شيخ الكار حلاوة 800 غم ملوكية بالمكسرات 1*12,1/22/2026,119,26000145,1181109,كرتون شيخ الكار حلاوة 900 غم ملوكي قديم,10,0.673,6.73,PKGWH
26000157,Closed (مغلق),1021043,شيخ الكار حلاوة 300 غم رشة فستق 1*12,1/22/2026,50,26000146,1181022,"كرتون متعدد حلاوة 300 غم (فستق،سادة،شوكولاتة) مستطيل",4.15,0.157,0.652,PKGWH
26000157,Closed (مغلق),1021043,شيخ الكار حلاوة 300 غم رشة فستق 1*12,1/22/2026,50,26000146,1171029,حلاوة بلك رشة شيخ الكار,13.5,1.079,14.567,WIP
26000157,Closed (مغلق),1021043,شيخ الكار حلاوة 300 غم رشة فستق 1*12,1/22/2026,50,26000146,1181431,علب شيخ الكار حلاوة 300 غم رشة فستق,50,0.098,4.9,PKGWH
26000158,Closed (مغلق),1021054,شيخ الكار حلاوة 3 كغم فستق 1*6,1/22/2026,3,26000147,1171031,حلاوة بلك فستق شيخ الكار,9,1.204,10.836,WIP
26000158,Closed (مغلق),1021054,شيخ الكار حلاوة 3 كغم فستق 1*6,1/22/2026,3,26000147,1181329,جاط شيخ الكار حلاوة 3 كغم فستق,3,0.55,1.65,PKGWH
26000159,Closed (مغلق),1021049,شيخ الكار حلاوة 300 غم شوكولاته 1*12,1/22/2026,1714,26000148,1181022,"كرتون متعدد حلاوة 300 غم (فستق،سادة،شوكولاتة) مستطيل",143,0.157,22.451,PKGWH
26000159,Closed (مغلق),1021049,شيخ الكار حلاوة 300 غم شوكولاته 1*12,1/22/2026,1714,26000148,1171026,حلاوة بلك شوكولاته شيخ الكار,460,1.149,528.54,WIP
26000159,Closed (مغلق),1021049,شيخ الكار حلاوة 300 غم شوكولاته 1*12,1/22/2026,1714,26000148,1181442,علب شيخ الكار حلاوة 300 غم شوكولاتة,1714,0.101,173.114,PKGWH
26000160,Closed (مغلق),1021038,شيخ الكار حلاوة 700 غم شوكولاته 1*12,1/22/2026,732,26000153,1181113,"كرتون شيخ الكار حلاوة 700/800 غم (فستق،سادة،شوكولاتة،ملوكي) دمعة",61,0.197,12.017,PKGWH
26000160,Closed (مغلق),1021038,شيخ الكار حلاوة 700 غم شوكولاته 1*12,1/22/2026,732,26000153,1171026,حلاوة بلك شوكولاته شيخ الكار,468.48,1.149,538.284,WIP
26000160,Closed (مغلق),1021038,شيخ الكار حلاوة 700 غم شوكولاته 1*12,1/22/2026,732,26000153,1181422,علب شيخ الكار حلاوة 700 غم شوكولاتة,732,0.15,109.8,PKGWH
26000161,Closed (مغلق),1021041,شيخ الكار حلاوة 700 غم سادة 1*12,1/22/2026,330,26000177,1181113,"كرتون شيخ الكار حلاوة 700/800 غم (فستق،سادة،شوكولاتة،ملوكي) دمعة",28,0.197,5.516,PKGWH
26000161,Closed (مغلق),1021041,شيخ الكار حلاوة 700 غم سادة 1*12,1/22/2026,330,26000177,1171022,حلاوة بلك سادة شيخ الكار,211.2,0.965,203.808,WIP
26000161,Closed (مغلق),1021041,شيخ الكار حلاوة 700 غم سادة 1*12,1/22/2026,330,26000177,1181425,علب شيخ الكار حلاوة 700 غم سادة,330,0.15,49.5,PKGWH
26000162,Closed (مغلق),1011045,عرفة طحينية 900 غم 1*12,1/27/2026,1200,26000149,1181227,مطرة عرفة طحينية 900 غم,1200,0.104,124.8,PKGWH
26000162,Closed (مغلق),1011045,عرفة طحينية 900 غم 1*12,1/27/2026,1200,26000149,1181013,كرتون متعدد طحينية 900 غم مطرة,100,0.207,20.7,PKGWH
26000162,Closed (مغلق),1011045,عرفة طحينية 900 غم 1*12,1/27/2026,1200,26000149,1171017,طحينية بلك ميار - موسم  كروما,1020,1.548,1578.96,WIP
26000163,Closed (مغلق),1021160,الفاخرة حلاوة 500 غم 1*12,1/19/2026,5928,26000150,1171029,حلاوة بلك رشة شيخ الكار,2667.6,1.079,2878.34,WIP
26000163,Closed (مغلق),1021160,الفاخرة حلاوة 500 غم 1*12,1/19/2026,5928,26000150,1181027,"كرتون متعدد حلاوة 550 غم (ميار،فاخرة) أمنية",494,0.228,112.632,PKGWH
26000163,Closed (مغلق),1021160,الفاخرة حلاوة 500 غم 1*12,1/19/2026,5928,26000150,1181467,علب الفاخرة حلاوة 550 غم رشة فستق أمنية,5928,0.15,889.2,PKGWH
26000164,Closed (مغلق),1021159,الفاخرة حلاوة 300 غم فستق 1*12,1/19/2026,2256,26000151,1171029,حلاوة بلك رشة شيخ الكار,609.12,1.079,657.24,WIP
26000164,Closed (مغلق),1021159,الفاخرة حلاوة 300 غم فستق 1*12,1/19/2026,2256,26000151,1181466,علب الفاخرة حلاوة 300 غم رشة فستق أمنية,2256,0.088,198.528,PKGWH
26000164,Closed (مغلق),1021159,الفاخرة حلاوة 300 غم فستق 1*12,1/19/2026,2256,26000151,1181019,"كرتون متعدد حلاوة 300 غم (ميار،شتلة،فاخرة) أمنية",188,0.106,19.928,PKGWH
26000165,Closed (مغلق),1021159,الفاخرة حلاوة 300 غم فستق 1*12,1/20/2026,2844,26000152,1171029,حلاوة بلك رشة شيخ الكار,767.88,1.079,828.543,WIP
26000165,Closed (مغلق),1021159,الفاخرة حلاوة 300 غم فستق 1*12,1/20/2026,2844,26000152,1181466,علب الفاخرة حلاوة 300 غم رشة فستق أمنية,2844,0.088,250.272,PKGWH
26000165,Closed (مغلق),1021159,الفاخرة حلاوة 300 غم فستق 1*12,1/20/2026,2844,26000152,1181019,"كرتون متعدد حلاوة 300 غم (ميار،شتلة،فاخرة) أمنية",237,0.106,25.122,PKGWH
26000166,Closed (مغلق),1011089,جولدن سوان طحينية 450 غم  1*12,1/20/2026,1416,26000331,1171015,طحينية بلك شيخ الكار حجر,637.2,1.519,967.907,WIP
26000166,Closed (مغلق),1011089,جولدن سوان طحينية 450 غم  1*12,1/20/2026,1416,26000331,1181137,كرتون طحينية جولدن سوان 450 غ ابيض,118,0.24,28.32,PKGWH
26000166,Closed (مغلق),1011089,جولدن سوان طحينية 450 غم  1*12,1/20/2026,1416,26000331,1181491,قارورة طحينيه 450 غم /جولدن سوان,1416,0.11,155.76,PKGWH
26000167,Canceled (ملغي),1171020,حلاوة بلك سادة ميار - موسم,1/25/2026,0,26000155,1021144,ميار حلاوة 5 كغم سادة 1*4,17,6.75,114.75,WIP
26000168,Closed (مغلق),1171020,حلاوة بلك سادة ميار - موسم,1/25/2026,85,26000156,1021144,ميار حلاوة 5 كغم سادة 1*4,17,6.75,114.75,WIP
26000169,Closed (مغلق),1171028,حلاوة بلك فستق ميار,1/25/2026,512,26000157,1171020,حلاوة بلك سادة ميار - موسم,507,1.005,509.535,WIP
26000169,Closed (مغلق),1171028,حلاوة بلك فستق ميار,1/25/2026,512,26000157,1171011,فستق حلبي,5,14.382,71.91,WIP
26000170,Closed (مغلق),1021063,شيخ الكار حلاوة 2300 غم فستق 1*4,1/25/2026,393,26000158,1181065,كرتون شيخ الكار حلاوة 2300 غم فستق,98,0.166,16.268,PKGWH
26000170,Closed (مغلق),1021063,شيخ الكار حلاوة 2300 غم فستق 1*4,1/25/2026,393,26000158,1171031,حلاوة بلك فستق شيخ الكار,854.775,1.073,917.174,WIP
26000170,Closed (مغلق),1021063,شيخ الكار حلاوة 2300 غم فستق 1*4,1/25/2026,393,26000158,1181435,علب شيخ الكار حلاوة 2300 غم فستق,393,0.32,125.76,PKGWH
26000171,Closed (مغلق),1021031,ميار حلاوة 1200 غم برش فستق 1*6,1/25/2026,461,26000159,1171028,حلاوة بلك فستق ميار,511.71,1.135,580.791,WIP
26000171,Closed (مغلق),1021031,ميار حلاوة 1200 غم برش فستق 1*6,1/25/2026,461,26000159,1181378,علب ميار حلاوة 1300 غم رشة فستق,461,0.28,129.08,PKGWH
26000171,Closed (مغلق),1021031,ميار حلاوة 1200 غم برش فستق 1*6,1/25/2026,461,26000159,1181014,كرتون ميار حلاوة 1300 غم رشة فستق,77,0.218,16.786,PKGWH
26000172,Closed (مغلق),1021050,شيخ الكار حلاوة 800 غم سادة 1*12,1/25/2026,1108,26000160,1181113,"كرتون شيخ الكار حلاوة 700/800 غم (فستق،سادة،شوكولاتة،ملوكي) دمعة",91.964,0.197,18.117,PKGWH
26000172,Closed (مغلق),1021050,شيخ الكار حلاوة 800 غم سادة 1*12,1/25/2026,1108,26000160,1171022,حلاوة بلك سادة شيخ الكار,886.4,0.963,853.603,WIP
26000172,Closed (مغلق),1021050,شيخ الكار حلاوة 800 غم سادة 1*12,1/25/2026,1108,26000160,1181462,علب شيخ الكار حلاوة 800 غم سادة,1108,0.15,166.2,PKGWH
26000173,Closed (مغلق),1021129,الموسم حلاوة 400 غم سادة دمعة 1*12,1/25/2026,3414,26000161,1171020,حلاوة بلك سادة ميار - موسم,1365.6,1.005,1372.428,WIP
26000173,Closed (مغلق),1021129,الموسم حلاوة 400 غم سادة دمعة 1*12,1/25/2026,3414,26000161,1181261,علب الموسم حلاوة 400 غم سادة دمعة,3414,0.089,303.846,PKGWH
26000173,Closed (مغلق),1021129,الموسم حلاوة 400 غم سادة دمعة 1*12,1/25/2026,3414,26000161,1181023,كرتون متعدد حلاوة 400 غم غير مطبوع دمعة,284,0.171,48.564,PKGWH
26000174,Closed (مغلق),1011028,شيخ الكار طحينية 9 كغم تنك 1*1,1/26/2026,50,26000162,1181312,تنك شيخ الكار طحينية 9 كغم -فارغ,50,0.912,45.6,PKGWH
26000174,Closed (مغلق),1011028,شيخ الكار طحينية 9 كغم تنك 1*1,1/26/2026,50,26000162,1171015,طحينية بلك شيخ الكار حجر,415,1.499,622.085,WIP
26000175,Closed (مغلق),1171020,حلاوة بلك سادة ميار - موسم,1/26/2026,421,26000163,1171010,جلوكوز,75,0.36,27,WIP
26000175,Closed (مغلق),1171020,حلاوة بلك سادة ميار - موسم,1/26/2026,421,26000163,1171014,عرق حلاوة,2,1.503,3.006,RMWH
26000175,Closed (مغلق),1171020,حلاوة بلك سادة ميار - موسم,1/26/2026,421,26000163,1081001,سكر 50 كعم 20*50,0.15,398.932,59.84,RMWH
26000175,Closed (مغلق),1171020,حلاوة بلك سادة ميار - موسم,1/26/2026,421,26000163,1171008,مثبت,8,1.473,11.784,WIP
26000175,Closed (مغلق),1171020,حلاوة بلك سادة ميار - موسم,1/26/2026,421,26000163,1171005,فانيلا,0.15,14.666,2.2,RMWH
26000175,Closed (مغلق),1171020,حلاوة بلك سادة ميار - موسم,1/26/2026,421,26000163,1171015,طحينية بلك شيخ الكار حجر,210,1.499,314.79,WIP
26000175,Closed (مغلق),1171020,حلاوة بلك سادة ميار - موسم,1/26/2026,421,26000163,1171001,ملح ليمون,0.25,0.736,0.184,RMWH
26000176,Closed (مغلق),1171028,حلاوة بلك فستق ميار,1/26/2026,404,26000164,1171020,حلاوة بلك سادة ميار - موسم,402,0.995,399.99,WIP
26000176,Closed (مغلق),1171028,حلاوة بلك فستق ميار,1/26/2026,404,26000164,1171011,فستق حلبي,2,14.382,28.764,WIP
26000177,Closed (مغلق),1171022,حلاوة بلك سادة شيخ الكار,1/28/2026,3508,26000175,1171010,جلوكوز,584.668,0.36,210.48,RMWH
26000177,Closed (مغلق),1171022,حلاوة بلك سادة شيخ الكار,1/28/2026,3508,26000175,1171014,عرق حلاوة,15.59,1.503,23.432,RMWH
26000177,Closed (مغلق),1171022,حلاوة بلك سادة شيخ الكار,1/28/2026,3508,26000175,1081001,سكر 50 كعم 20*50,1.168,390,455.52,RMWH
26000177,Closed (مغلق),1171022,حلاوة بلك سادة شيخ الكار,1/28/2026,3508,26000175,1171008,مثبت,62.365,1.473,91.864,WIP
26000177,Closed (مغلق),1171022,حلاوة بلك سادة شيخ الكار,1/28/2026,3508,26000175,1171005,فانيلا,1.168,14.666,17.13,RMWH
26000177,Closed (مغلق),1171022,حلاوة بلك سادة شيخ الكار,1/28/2026,3508,26000175,1171015,طحينية بلك شيخ الكار حجر,1701.38,1.52,2586.098,WIP
26000177,Closed (مغلق),1171022,حلاوة بلك سادة شيخ الكار,1/28/2026,3508,26000175,1171001,ملح ليمون,1.95,0.736,1.435,RMWH
26000178,Closed (مغلق),1171031,حلاوة بلك فستق شيخ الكار,1/26/2026,2421,26000176,1171022,حلاوة بلك سادة شيخ الكار,2395,0.965,2311.175,WIP
26000178,Closed (مغلق),1171031,حلاوة بلك فستق شيخ الكار,1/26/2026,2421,26000176,1171011,فستق حلبي,26,14.382,373.932,WIP
26000179,Closed (مغلق),1171030,حلاوة بلك ملوكي شيخ الكار,1/26/2026,169,26000165,1171022,حلاوة بلك سادة شيخ الكار,169,0.963,162.747,WIP
26000179,Closed (مغلق),1171030,حلاوة بلك ملوكي شيخ الكار,1/26/2026,169,26000165,1171012,مكسرات مشكلة,7.5,5.5,41.25,RMWH
26000180,Closed (مغلق),1021129,الموسم حلاوة 400 غم سادة دمعة 1*12,1/26/2026,4,26000166,1171020,حلاوة بلك سادة ميار - موسم,1.6,0.995,1.592,WIP
26000180,Closed (مغلق),1021129,الموسم حلاوة 400 غم سادة دمعة 1*12,1/26/2026,4,26000166,1181261,علب الموسم حلاوة 400 غم سادة دمعة,4,0.089,0.356,PKGWH
26000181,Closed (مغلق),1021129,الموسم حلاوة 400 غم سادة دمعة 1*12,1/26/2026,44,26000167,1171020,حلاوة بلك سادة ميار - موسم,17.6,0.995,17.512,WIP
26000181,Closed (مغلق),1021129,الموسم حلاوة 400 غم سادة دمعة 1*12,1/26/2026,44,26000167,1181261,علب الموسم حلاوة 400 غم سادة دمعة,44,0.089,3.916,PKGWH
26000181,Closed (مغلق),1021129,الموسم حلاوة 400 غم سادة دمعة 1*12,1/26/2026,44,26000167,1181023,كرتون متعدد حلاوة 400 غم غير مطبوع دمعة,4,0.171,0.684,PKGWH
26000182,Closed (مغلق),1021031,ميار حلاوة 1200 غم برش فستق 1*6,1/26/2026,364,26000168,1171028,حلاوة بلك فستق ميار,404.04,1.062,429.09,WIP
26000182,Closed (مغلق),1021031,ميار حلاوة 1200 غم برش فستق 1*6,1/26/2026,364,26000168,1181378,علب ميار حلاوة 1300 غم رشة فستق,364,0.28,101.92,PKGWH
26000182,Closed (مغلق),1021031,ميار حلاوة 1200 غم برش فستق 1*6,1/26/2026,364,26000168,1181014,كرتون ميار حلاوة 1300 غم رشة فستق,61,0.218,13.298,PKGWH
26000183,Closed (مغلق),1021046,شيخ الكار حلاوة 300 غم كاجو 1*12,1/26/2026,600,26000169,1181022,"كرتون متعدد حلاوة 300 غم (فستق،سادة،شوكولاتة) مستطيل",50,0.157,7.85,PKGWH
26000183,Closed (مغلق),1021046,شيخ الكار حلاوة 300 غم كاجو 1*12,1/26/2026,600,26000169,1171030,حلاوة بلك ملوكي شيخ الكار,162,1.207,195.534,WIP
26000183,Closed (مغلق),1021046,شيخ الكار حلاوة 300 غم كاجو 1*12,1/26/2026,600,26000169,1181436,علب شيخ الكار حلاوة 300 غم كاجو,600,0.095,57,PKGWH
26000184,Closed (مغلق),1021007,شيخ الكار حلاوة 1 كغم ملوكية بالمكسرات 1*8,1/26/2026,7,26000170,1171030,حلاوة بلك ملوكي شيخ الكار,7,1.207,8.449,WIP
26000184,Closed (مغلق),1021007,شيخ الكار حلاوة 1 كغم ملوكية بالمكسرات 1*8,1/26/2026,7,26000170,1181308,جاط شفاف حلاوة 1 كغم ملوكي تبروير دائري,7,0.064,0.448,PKGWH
26000184,Closed (مغلق),1021007,شيخ الكار حلاوة 1 كغم ملوكية بالمكسرات 1*8,1/26/2026,7,26000170,1181101,كرتون متعدد حلاوة 1 كغم دائري تبروي,1,0.594,0.594,PKGWH
26000185,Closed (مغلق),1011090,شيخ الكار طحينية 900 غم 1*12 جديد,1/26/2026,12,26000171,1171015,طحينية بلك شيخ الكار حجر,10.2,1.499,15.29,WIP
26000185,Closed (مغلق),1011090,شيخ الكار طحينية 900 غم 1*12 جديد,1/26/2026,12,26000171,1181097,كرتون شيخ الكار طحينية 900 غم جديد ابيض,1,0.107,0.107,PKGWH
26000185,Closed (مغلق),1011090,شيخ الكار طحينية 900 غم 1*12 جديد,1/26/2026,12,26000171,1181192,قارورة طحينية  شيخ الكار 900 غم  جديد,12,0.124,1.488,PKGWH
26000186,Closed (مغلق),1011063,النور طحينية 500 غم 1*12,1/26/2026,6906,26000172,1181043,مرتبان النور طحينية 500 غم,6906,0.129,890.874,PKGWH
26000186,Closed (مغلق),1011063,النور طحينية 500 غم 1*12,1/26/2026,6906,26000172,1181390,كرتون النور طحينية 500 غم,576,0.19,109.44,PKGWH
26000186,Closed (مغلق),1011063,النور طحينية 500 غم 1*12,1/26/2026,6906,26000172,1171015,طحينية بلك شيخ الكار حجر,3453,1.499,5176.047,WIP
26000187,Closed (مغلق),1011059,النور طحينية 1 كغم 1*12,1/26/2026,3300,26000173,1171015,طحينية بلك شيخ الكار حجر,3300,1.499,4946.7,WIP
26000187,Closed (مغلق),1011059,النور طحينية 1 كغم 1*12,1/26/2026,3300,26000173,1181393,كرتون النور طحينية 1 كغم,275,0.308,84.7,PKGWH
26000187,Closed (مغلق),1011059,النور طحينية 1 كغم 1*12,1/26/2026,3300,26000173,1181038,مرتبان النور طحينية 1 كغم,3300,0.18,594,PKGWH
26000188,Closed (مغلق),1171015,طحينية بلك شيخ الكار حجر,1/22/2026,40000,26000174,1141002,سمسم خام,46.4,1299.221,60283.854,RMWH
26000188,Closed (مغلق),1171015,طحينية بلك شيخ الكار حجر,1/22/2026,40000,26000174,1171006,ملح,9000,0.056,504,WIP
26000189,Closed (مغلق),1021048,شيخ الكار حلاوة 300 غم سادة 1*12,1/26/2026,1200,26000178,1181022,"كرتون متعدد حلاوة 300 غم (فستق،سادة،شوكولاتة) مستطيل",100,0.157,15.7,PKGWH
26000189,Closed (مغلق),1021048,شيخ الكار حلاوة 300 غم سادة 1*12,1/26/2026,1200,26000178,1171022,حلاوة بلك سادة شيخ الكار,324,0.965,312.66,WIP
26000189,Closed (مغلق),1021048,شيخ الكار حلاوة 300 غم سادة 1*12,1/26/2026,1200,26000178,1181440,علب شيخ الكار حلاوة 300 غم سادة,1200,0.096,115.2,PKGWH
26000190,Closed (مغلق),1021063,شيخ الكار حلاوة 2300 غم فستق 1*4,1/26/2026,424,26000179,1181065,كرتون شيخ الكار حلاوة 2300 غم فستق,106,0.166,17.596,PKGWH
26000190,Closed (مغلق),1021063,شيخ الكار حلاوة 2300 غم فستق 1*4,1/26/2026,424,26000179,1171031,حلاوة بلك فستق شيخ الكار,922.2,1.109,1022.72,WIP
26000190,Closed (مغلق),1021063,شيخ الكار حلاوة 2300 غم فستق 1*4,1/26/2026,424,26000179,1181435,علب شيخ الكار حلاوة 2300 غم فستق,424,0.32,135.68,PKGWH
26000191,Closed (مغلق),1021039,شيخ الكار حلاوة 700 غم فستق 1*12,1/26/2026,1797,26000180,1181113,"كرتون شيخ الكار حلاوة 700/800 غم (فستق،سادة،شوكولاتة،ملوكي) دمعة",150,0.197,29.55,PKGWH
26000191,Closed (مغلق),1021039,شيخ الكار حلاوة 700 غم فستق 1*12,1/26/2026,1797,26000180,1171031,حلاوة بلك فستق شيخ الكار,1150.08,1.109,1275.439,WIP
26000191,Closed (مغلق),1021039,شيخ الكار حلاوة 700 غم فستق 1*12,1/26/2026,1797,26000180,1181423,علب شيخ الكار حلاوة 700 غم فستق,1797,0.15,269.55,PKGWH
26000192,Closed (مغلق),1021041,شيخ الكار حلاوة 700 غم سادة 1*12,1/26/2026,980,26000181,1181113,"كرتون شيخ الكار حلاوة 700/800 غم (فستق،سادة،شوكولاتة،ملوكي) دمعة",81,0.197,15.957,PKGWH
26000192,Closed (مغلق),1021041,شيخ الكار حلاوة 700 غم سادة 1*12,1/26/2026,980,26000181,1171022,حلاوة بلك سادة شيخ الكار,627.2,0.965,605.248,WIP
26000192,Closed (مغلق),1021041,شيخ الكار حلاوة 700 غم سادة 1*12,1/26/2026,980,26000181,1181425,علب شيخ الكار حلاوة 700 غم سادة,980,0.15,147,PKGWH
26000193,Closed (مغلق),1021060,شيخ الكار حلاوة 1300 غم فستق 1*6,1/26/2026,288,26000182,1181067,كرتون شيخ الكار حلاوة 1300 غم فستق,48,0.201,9.648,PKGWH
26000193,Closed (مغلق),1021060,شيخ الكار حلاوة 1300 غم فستق 1*6,1/26/2026,288,26000182,1171031,حلاوة بلك فستق شيخ الكار,348.48,1.109,386.464,WIP
26000193,Closed (مغلق),1021060,شيخ الكار حلاوة 1300 غم فستق 1*6,1/26/2026,288,26000182,1181280,علب شيخ الكار حلاوة 1300 غم فستق,288,0.28,80.64,PKGWH
26000194,Closed (مغلق),1011027,شيخ الكار طحينية 18 كغم تنك 1*1,1/27/2026,100,26000183,1181487,تنك شيخ الكار طحينية 18 كغم -جديد (برتقالي),100,1.292,129.2,PKGWH
26000194,Closed (مغلق),1011027,شيخ الكار طحينية 18 كغم تنك 1*1,1/27/2026,100,26000183,1171015,طحينية بلك شيخ الكار حجر,1800,1.52,2736,WIP
26000195,Closed (مغلق),1011059,النور طحينية 1 كغم 1*12,1/27/2026,4092,26000184,1171015,طحينية بلك شيخ الكار حجر,4092,1.52,6219.84,WIP
26000195,Closed (مغلق),1011059,النور طحينية 1 كغم 1*12,1/27/2026,4092,26000184,1181393,كرتون النور طحينية 1 كغم,341,0.308,105.028,PKGWH
26000195,Closed (مغلق),1011059,النور طحينية 1 كغم 1*12,1/27/2026,4092,26000184,1181038,مرتبان النور طحينية 1 كغم,4092,0.18,736.56,PKGWH
26000196,Closed (مغلق),1011044,لوكسر طحينية 450 غم 1*12 اصفر,1/27/2026,3828,26000186,1181106,كرتون لوكسر طحينية 450 غم أصفر,319,0.178,56.782,PKGWH
26000196,Closed (مغلق),1011044,لوكسر طحينية 450 غم 1*12 اصفر,1/27/2026,3828,26000186,1181235,مرتبان لوكسر طحينية 450 غم أصفر,3828,0.12,459.36,PKGWH
26000196,Closed (مغلق),1011044,لوكسر طحينية 450 غم 1*12 اصفر,1/27/2026,3828,26000186,1171017,طحينية بلك ميار - موسم  كروما,1722.6,1.502,2587.345,WIP
26000197,Closed (مغلق),1171017,طحينية بلك ميار - موسم  كروما,1/27/2026,25000,26000185,1171024,سمسم خام برازيلي k3,29000,1.282,37178,RMWH
26000197,Closed (مغلق),1171017,طحينية بلك ميار - موسم  كروما,1/27/2026,25000,26000185,1171006,ملح,5625,0.056,315,RMWH
26000198,Closed (مغلق),1171020,حلاوة بلك سادة ميار - موسم,1/27/2026,1760,26000187,1171010,جلوكوز,300,0.36,108,WIP
26000198,Closed (مغلق),1171020,حلاوة بلك سادة ميار - موسم,1/27/2026,1760,26000187,1171014,عرق حلاوة,8,1.503,12.024,RMWH
26000198,Closed (مغلق),1171020,حلاوة بلك سادة ميار - موسم,1/27/2026,1760,26000187,1081001,سكر 50 كعم 20*50,0.6,390,234,RMWH
26000198,Closed (مغلق),1171020,حلاوة بلك سادة ميار - موسم,1/27/2026,1760,26000187,1171008,مثبت,32,1.473,47.136,WIP
26000198,Closed (مغلق),1171020,حلاوة بلك سادة ميار - موسم,1/27/2026,1760,26000187,1171005,فانيلا,0.6,14.666,8.8,RMWH
26000198,Closed (مغلق),1171020,حلاوة بلك سادة ميار - موسم,1/27/2026,1760,26000187,1171015,طحينية بلك شيخ الكار حجر,889,1.52,1351.28,WIP
26000198,Closed (مغلق),1171020,حلاوة بلك سادة ميار - موسم,1/27/2026,1760,26000187,1171001,ملح ليمون,1,0.736,0.736,RMWH
26000199,Closed (مغلق),1171020,حلاوة بلك سادة ميار - موسم,1/29/2026,90,26000188,1021144,ميار حلاوة 5 كغم سادة 1*4,18,6.75,121.5,WIP
26000200,Closed (مغلق),1171013,حلاوة بلك رشة فستق ميار,1/27/2026,1200,26000189,1171020,حلاوة بلك سادة ميار - موسم,1195.5,1.018,1217.019,WIP
26000200,Closed (مغلق),1171013,حلاوة بلك رشة فستق ميار,1/27/2026,1200,26000189,1171011,فستق حلبي,4.5,14.382,64.719,WIP
26000201,Closed (مغلق),1171028,حلاوة بلك فستق ميار,1/27/2026,660,26000190,1171020,حلاوة بلك سادة ميار - موسم,654,1.018,665.772,WIP
26000201,Closed (مغلق),1171028,حلاوة بلك فستق ميار,1/27/2026,660,26000190,1171011,فستق حلبي,6,14.382,86.292,WIP
26000202,Closed (مغلق),1171022,حلاوة بلك سادة شيخ الكار,1/27/2026,2240,26000191,1171010,جلوكوز,375,0.36,135,RMWH
26000202,Closed (مغلق),1171022,حلاوة بلك سادة شيخ الكار,1/27/2026,2240,26000191,1171014,عرق حلاوة,10,1.503,15.03,RMWH
26000202,Closed (مغلق),1171022,حلاوة بلك سادة شيخ الكار,1/27/2026,2240,26000191,1081001,سكر 50 كعم 20*50,0.75,390,292.5,RMWH
26000202,Closed (مغلق),1171022,حلاوة بلك سادة شيخ الكار,1/27/2026,2240,26000191,1171008,مثبت,40,1.473,58.92,WIP
26000202,Closed (مغلق),1171022,حلاوة بلك سادة شيخ الكار,1/27/2026,2240,26000191,1171005,فانيلا,0.75,14.666,11,RMWH
26000202,Closed (مغلق),1171022,حلاوة بلك سادة شيخ الكار,1/27/2026,2240,26000191,1171015,طحينية بلك شيخ الكار حجر,1125,1.52,1710,WIP
26000202,Closed (مغلق),1171022,حلاوة بلك سادة شيخ الكار,1/27/2026,2240,26000191,1171001,ملح ليمون,1.25,0.736,0.92,RMWH
26000203,Closed (مغلق),1171031,حلاوة بلك فستق شيخ الكار,1/27/2026,1345,26000192,1171022,حلاوة بلك سادة شيخ الكار,1325,0.992,1314.4,WIP
26000203,Closed (مغلق),1171031,حلاوة بلك فستق شيخ الكار,1/27/2026,1345,26000192,1171011,فستق حلبي,20,14.382,287.64,WIP
26000204,Closed (مغلق),1171026,حلاوة بلك شوكولاته شيخ الكار,1/27/2026,486,26000193,1171022,حلاوة بلك سادة شيخ الكار,451,0.992,447.392,WIP
26000204,Closed (مغلق),1171026,حلاوة بلك شوكولاته شيخ الكار,1/27/2026,486,26000193,1171003,كاكاو,15,6,90,RMWH
26000204,Closed (مغلق),1171026,حلاوة بلك شوكولاته شيخ الكار,1/27/2026,486,26000193,1171015,طحينية بلك شيخ الكار حجر,20,1.52,30.4,WIP
26000205,Closed (مغلق),1011018,زيت سيرج 1000 مل 1*1,1/20/2026,2,26000211,1171018,زيت سيرج بلك,2,3.308,6.616,WIP
26000205,Closed (مغلق),1011018,زيت سيرج 1000 مل 1*1,1/20/2026,2,26000211,1181221,مطرة ميار طحينية 900 غم,2,0.088,0.176,PKGWH
26000206,Closed (مغلق),1171020,حلاوة بلك سادة ميار - موسم,1/28/2026,6305,26000194,1171010,جلوكوز,1050,0.36,378,RMWH
26000206,Closed (مغلق),1171020,حلاوة بلك سادة ميار - موسم,1/28/2026,6305,26000194,1171014,عرق حلاوة,28,1.503,42.084,RMWH
26000206,Closed (مغلق),1171020,حلاوة بلك سادة ميار - موسم,1/28/2026,6305,26000194,1081001,سكر 50 كعم 20*50,2.1,390,819,RMWH
26000206,Closed (مغلق),1171020,حلاوة بلك سادة ميار - موسم,1/28/2026,6305,26000194,1171008,مثبت,112,1.473,164.976,WIP
26000206,Closed (مغلق),1171020,حلاوة بلك سادة ميار - موسم,1/28/2026,6305,26000194,1171005,فانيلا,2.1,14.666,30.799,RMWH
26000206,Closed (مغلق),1171020,حلاوة بلك سادة ميار - موسم,1/28/2026,6305,26000194,1171015,طحينية بلك شيخ الكار حجر,3134,1.52,4763.68,WIP
26000206,Closed (مغلق),1171020,حلاوة بلك سادة ميار - موسم,1/28/2026,6305,26000194,1171001,ملح ليمون,3.5,0.736,2.576,RMWH
26000207,Closed (مغلق),1171013,حلاوة بلك رشة فستق ميار,1/28/2026,452,26000195,1171020,حلاوة بلك سادة ميار - موسم,449,0.983,441.367,WIP
26000207,Closed (مغلق),1171013,حلاوة بلك رشة فستق ميار,1/28/2026,452,26000195,1171011,فستق حلبي,3,14.382,43.146,WIP
26000208,Closed (مغلق),1171028,حلاوة بلك فستق ميار,1/28/2026,496,26000196,1171020,حلاوة بلك سادة ميار - موسم,491,0.983,482.653,WIP
26000208,Closed (مغلق),1171028,حلاوة بلك فستق ميار,1/28/2026,496,26000196,1171011,فستق حلبي,5,14.382,71.91,WIP
26000209,Closed (مغلق),1021030,ميار حلاوة 550 غم رشة فستق 1*12,1/27/2026,2400,26000197,1171013,حلاوة بلك رشة فستق ميار,1200,1.069,1282.8,WIP
26000209,Closed (مغلق),1021030,ميار حلاوة 550 غم رشة فستق 1*12,1/27/2026,2400,26000197,1181379,علب ميار حلاوة 550 غم رشة فستق أمنية,2400,0.127,304.8,PKGWH
26000209,Closed (مغلق),1021030,ميار حلاوة 550 غم رشة فستق 1*12,1/27/2026,2400,26000197,1181027,"كرتون متعدد حلاوة 550 غم (ميار،فاخرة) أمنية",200,0.228,45.6,PKGWH
26000210,Closed (مغلق),1021005,ميار حلاوة 300 غم رشة فستق 1*12,1/28/2026,1681,26000198,1171013,حلاوة بلك رشة فستق ميار,452,1.069,483.188,WIP
26000210,Closed (مغلق),1021005,ميار حلاوة 300 غم رشة فستق 1*12,1/28/2026,1681,26000198,1181019,"كرتون متعدد حلاوة 300 غم (ميار،شتلة،فاخرة) أمنية",140,0.106,14.84,PKGWH
26000210,Closed (مغلق),1021005,ميار حلاوة 300 غم رشة فستق 1*12,1/28/2026,1681,26000198,1181373,علب ميار حلاوة 300 غم رشة فستق أمنية,1680,0.092,154.56,PKGWH
26000211,Closed (مغلق),1021031,ميار حلاوة 1200 غم برش فستق 1*6,1/27/2026,594,26000199,1171028,حلاوة بلك فستق ميار,659.34,1.13,745.054,WIP
26000211,Closed (مغلق),1021031,ميار حلاوة 1200 غم برش فستق 1*6,1/27/2026,594,26000199,1181378,علب ميار حلاوة 1300 غم رشة فستق,594,0.28,166.32,PKGWH
26000211,Closed (مغلق),1021031,ميار حلاوة 1200 غم برش فستق 1*6,1/27/2026,594,26000199,1181014,كرتون ميار حلاوة 1300 غم رشة فستق,99,0.218,21.582,PKGWH
26000212,Closed (مغلق),1021011,شيخ الكار حلاوة 6 كغم فستق 1*4,1/27/2026,148,26000200,1171031,حلاوة بلك فستق شيخ الكار,888,1.191,1057.608,WIP
26000212,Closed (مغلق),1021011,شيخ الكار حلاوة 6 كغم فستق 1*4,1/27/2026,148,26000200,1181311,"جاط متعدد حلاوة 6 كغم (فستق،سادة،شوكولاتة) شفاف",148,0.534,79.032,PKGWH
26000212,Closed (مغلق),1021011,شيخ الكار حلاوة 6 كغم فستق 1*4,1/27/2026,148,26000200,1181111,"كرتون شيخ الكار حلاوة 6 كغم (فستق،سادة،شوكولاتة)",37,0.514,19.018,PKGWH
26000213,Closed (مغلق),1021039,شيخ الكار حلاوة 700 غم فستق 1*12,1/27/2026,714,26000201,1181113,"كرتون شيخ الكار حلاوة 700/800 غم (فستق،سادة،شوكولاتة،ملوكي) دمعة",59.262,0.197,11.675,PKGWH
26000213,Closed (مغلق),1021039,شيخ الكار حلاوة 700 غم فستق 1*12,1/27/2026,714,26000201,1171031,حلاوة بلك فستق شيخ الكار,456.96,1.191,544.239,WIP
26000213,Closed (مغلق),1021039,شيخ الكار حلاوة 700 غم فستق 1*12,1/27/2026,714,26000201,1181423,علب شيخ الكار حلاوة 700 غم فستق,714,0.15,107.1,PKGWH
26000214,Closed (مغلق),1021052,شيخ الكار حلاوة 4 كغم سادة تنك 1*1,1/27/2026,116,26000202,1171022,حلاوة بلك سادة شيخ الكار,92.8,0.992,92.058,WIP
26000214,Closed (مغلق),1021052,شيخ الكار حلاوة 4 كغم سادة تنك 1*1,1/27/2026,116,26000202,1181305,تنك شيخ الكار حلاوة 4 كغم سادة نصاصي,116,1.108,128.528,PKGWH
26000215,Closed (مغلق),1021038,شيخ الكار حلاوة 700 غم شوكولاته 1*12,1/27/2026,759,26000203,1181113,"كرتون شيخ الكار حلاوة 700/800 غم (فستق،سادة،شوكولاتة،ملوكي) دمعة",63,0.197,12.411,PKGWH
26000215,Closed (مغلق),1021038,شيخ الكار حلاوة 700 غم شوكولاته 1*12,1/27/2026,759,26000203,1171026,حلاوة بلك شوكولاته شيخ الكار,485.76,1.168,567.368,WIP
26000215,Closed (مغلق),1021038,شيخ الكار حلاوة 700 غم شوكولاته 1*12,1/27/2026,759,26000203,1181422,علب شيخ الكار حلاوة 700 غم شوكولاتة,759,0.15,113.85,PKGWH
26000216,Closed (مغلق),1011027,شيخ الكار طحينية 18 كغم تنك 1*1,1/28/2026,150,26000204,1181487,تنك شيخ الكار طحينية 18 كغم -جديد (برتقالي),150,1.292,193.8,PKGWH
26000216,Closed (مغلق),1011027,شيخ الكار طحينية 18 كغم تنك 1*1,1/28/2026,150,26000204,1171015,طحينية بلك شيخ الكار حجر,2700,1.52,4104,WIP
26000217,Closed (مغلق),1011058,النور طحينية 7 كغم 1*1,1/28/2026,51,26000219,1171015,طحينية بلك شيخ الكار حجر,357,1.52,542.64,WIP
26000217,Closed (مغلق),1011058,النور طحينية 7 كغم 1*1,1/28/2026,51,26000219,1181387,كرتون النور طحينية 7 كغم,51,0.22,11.22,PKGWH
26000217,Closed (مغلق),1011058,النور طحينية 7 كغم 1*1,1/28/2026,51,26000219,1181044,مرتبان  طحينية 7 كغم مربع متعدد,51,0.65,33.15,PKGWH
26000218,Closed (مغلق),1011044,لوكسر طحينية 450 غم 1*12 اصفر,1/28/2026,8028,26000205,1181106,كرتون لوكسر طحينية 450 غم أصفر,669,0.178,119.082,PKGWH
26000218,Closed (مغلق),1011044,لوكسر طحينية 450 غم 1*12 اصفر,1/28/2026,8028,26000205,1181235,مرتبان لوكسر طحينية 450 غم أصفر,8028,0.119,955.332,PKGWH
26000218,Closed (مغلق),1011044,لوكسر طحينية 450 غم 1*12 اصفر,1/28/2026,8028,26000205,1171017,طحينية بلك ميار - موسم  كروما,3612.6,1.502,5426.125,WIP
26000219,Closed (مغلق),1011059,النور طحينية 1 كغم 1*12,1/28/2026,1,26000206,1171015,طحينية بلك شيخ الكار حجر,1,1.52,1.52,WIP
26000219,Closed (مغلق),1011059,النور طحينية 1 كغم 1*12,1/28/2026,1,26000206,1181393,كرتون النور طحينية 1 كغم,0.083,0.308,0.026,PKGWH
26000219,Closed (مغلق),1011059,النور طحينية 1 كغم 1*12,1/28/2026,1,26000206,1181038,مرتبان النور طحينية 1 كغم,1,0.18,0.18,PKGWH
26000220,Closed (مغلق),1011063,النور طحينية 500 غم 1*12,1/28/2026,1,26000207,1181043,مرتبان النور طحينية 500 غم,1,0.129,0.129,PKGWH
26000220,Closed (مغلق),1011063,النور طحينية 500 غم 1*12,1/28/2026,1,26000207,1181390,كرتون النور طحينية 500 غم,0.083,0.19,0.016,PKGWH
26000220,Closed (مغلق),1011063,النور طحينية 500 غم 1*12,1/28/2026,1,26000207,1171015,طحينية بلك شيخ الكار حجر,0.5,1.52,0.76,WIP
26000221,Closed (مغلق),1021031,ميار حلاوة 1200 غم برش فستق 1*6,1/28/2026,447,26000208,1171028,حلاوة بلك فستق ميار,496.17,1.13,560.672,WIP
26000221,Closed (مغلق),1021031,ميار حلاوة 1200 غم برش فستق 1*6,1/28/2026,447,26000208,1181378,علب ميار حلاوة 1300 غم رشة فستق,447,0.28,125.16,PKGWH
26000221,Closed (مغلق),1021031,ميار حلاوة 1200 غم برش فستق 1*6,1/28/2026,447,26000208,1181014,كرتون ميار حلاوة 1300 غم رشة فستق,74,0.218,16.132,PKGWH
26000222,Closed (مغلق),1021003,شيخ الكار حلاوة 5 كغم سادة (الولاء) 1*1,1/28/2026,1073,26000209,1171020,حلاوة بلك سادة ميار - موسم,5365,0.983,5273.795,WIP
26000222,Closed (مغلق),1021003,شيخ الكار حلاوة 5 كغم سادة (الولاء) 1*1,1/28/2026,1073,26000209,1181344,جاط مربع حلاوة 5 كغم شفاف متعدد,1073,0.551,591.223,PKGWH
26000222,Closed (مغلق),1021003,شيخ الكار حلاوة 5 كغم سادة (الولاء) 1*1,1/28/2026,1073,26000209,1181030,كرتون متعدد حلاوة 5 كغم مربع قديم,268,0.48,128.64,PKGWH
26000223,Closed (مغلق),1171018,زيت سيرج بلك,1/20/2026,162,26000210,1171024,سمسم خام برازيلي k3,418,1.282,535.876,RMWH
26000224,Closed (مغلق),1011035,شيخ الكار طحينية 18 كغم سطل 1*1,1/29/2026,1,26000213,1181355,سطل شيخ الكار طحينية 18 كغم,1,1.334,1.334,PKGWH
26000224,Closed (مغلق),1011035,شيخ الكار طحينية 18 كغم سطل 1*1,1/29/2026,1,26000213,1181004,كرتون متعدد طحينية 18 كغم متعدد,1,0.372,0.372,PKGWH
26000224,Closed (مغلق),1011035,شيخ الكار طحينية 18 كغم سطل 1*1,1/29/2026,1,26000213,1171015,طحينية بلك شيخ الكار حجر,18,1.52,27.36,WIP
26000225,Closed (مغلق),1011044,لوكسر طحينية 450 غم 1*12 اصفر,1/29/2026,3984,26000214,1181106,كرتون لوكسر طحينية 450 غم أصفر,332,0.178,59.096,PKGWH
26000225,Closed (مغلق),1011044,لوكسر طحينية 450 غم 1*12 اصفر,1/29/2026,3984,26000214,1181235,مرتبان لوكسر طحينية 450 غم أصفر,3984,0.119,474.096,PKGWH
26000225,Closed (مغلق),1011044,لوكسر طحينية 450 غم 1*12 اصفر,1/29/2026,3984,26000214,1171017,طحينية بلك ميار - موسم  كروما,1792.8,1.502,2692.786,WIP
26000226,Closed (مغلق),1011008,ميار طحينية 550 غم 1*12,1/29/2026,200,26000215,1181237,مرتبان ميار طحينية 550 غم,200,0.13,26,PKGWH
26000226,Closed (مغلق),1011008,ميار طحينية 550 غم 1*12,1/29/2026,200,26000215,1181370,كرتون اكسترا فاخرة طحينية 400 غم,16.6,0.165,2.739,PKGWH
26000226,Closed (مغلق),1011008,ميار طحينية 550 غم 1*12,1/29/2026,200,26000215,1171017,طحينية بلك ميار - موسم  كروما,96,1.502,144.192,WIP
26000227,Closed (مغلق),1011004,الموسم طحينية 900 غم 1*12,1/29/2026,1200,26000216,1171017,طحينية بلك ميار - موسم  كروما,1020,1.502,1532.04,WIP
26000227,Closed (مغلق),1011004,الموسم طحينية 900 غم 1*12,1/29/2026,1200,26000216,1181037,مرتبان الموسم طحينية 800 غم,1200,0.099,118.8,PKGWH
26000227,Closed (مغلق),1011004,الموسم طحينية 900 غم 1*12,1/29/2026,1200,26000216,1181008,كرتون متعدد طحينية 800 غم اكسترا فاخرة,100,0.223,22.3,PKGWH
26000228,Closed (مغلق),1021003,شيخ الكار حلاوة 5 كغم سادة (الولاء) 1*1,1/28/2026,1073,26000217,1021003,شيخ الكار حلاوة 5 كغم سادة (الولاء) 1*1,1073,5.686,6101.078,FGWH
26000229,Closed (مغلق),1171018,زيت سيرج بلك,1/12/2026,162,26000220,1171024,سمسم خام برازيلي k3,248,1.282,317.936,RMWH
26000229,Closed (مغلق),1171018,زيت سيرج بلك,1/12/2026,162,26000220,1171025,سمسم خام برازيلي اناهي,181.3,1.282,232.427,RMWH
26000230,Closed (مغلق),1021003,شيخ الكار حلاوة 5 كغم سادة (الولاء) 1*1,1/28/2026,1073,26000222,1171020,حلاوة بلك سادة ميار - موسم,5365,0.981,5263.065,WIP
26000230,Closed (مغلق),1021003,شيخ الكار حلاوة 5 كغم سادة (الولاء) 1*1,1/28/2026,1073,26000222,1181349,جاط شيخ الكار حلاوة 5 كغم سادة (الولاء) غطاء احمر,1073,0.633,679.209,PKGWH
26000230,Closed (مغلق),1021003,شيخ الكار حلاوة 5 كغم سادة (الولاء) 1*1,1/28/2026,1073,26000222,1181029,كرتون متعدد حلاوة 5 كغم تبروير ولاء,268,0.39,104.52,PKGWH
26000231,Closed (مغلق),1171020,حلاوة بلك سادة ميار - موسم,1/29/2026,3150,26000221,1171010,جلوكوز,525,0.36,189,RMWH
26000231,Closed (مغلق),1171020,حلاوة بلك سادة ميار - موسم,1/29/2026,3150,26000221,1171014,عرق حلاوة,14,1.503,21.042,RMWH
26000231,Closed (مغلق),1171020,حلاوة بلك سادة ميار - موسم,1/29/2026,3150,26000221,1081001,سكر 50 كعم 20*50,1.05,390,409.5,RMWH
26000231,Closed (مغلق),1171020,حلاوة بلك سادة ميار - موسم,1/29/2026,3150,26000221,1171008,مثبت,56,1.473,82.489,WIP
26000231,Closed (مغلق),1171020,حلاوة بلك سادة ميار - موسم,1/29/2026,3150,26000221,1171005,فانيلا,1.05,14.666,15.399,RMWH
26000231,Closed (مغلق),1171020,حلاوة بلك سادة ميار - موسم,1/29/2026,3150,26000221,1171015,طحينية بلك شيخ الكار حجر,1552,1.52,2359.04,WIP
26000231,Closed (مغلق),1171020,حلاوة بلك سادة ميار - موسم,1/29/2026,3150,26000221,1171001,ملح ليمون,1.75,0.736,1.288,RMWH
26000232,Closed (مغلق),1021003,شيخ الكار حلاوة 5 كغم سادة (الولاء) 1*1,1/29/2026,630,26000223,1171020,حلاوة بلك سادة ميار - موسم,3150,0.981,3090.15,WIP
26000232,Closed (مغلق),1021003,شيخ الكار حلاوة 5 كغم سادة (الولاء) 1*1,1/29/2026,630,26000223,1181349,جاط شيخ الكار حلاوة 5 كغم سادة (الولاء) غطاء احمر,630,0.633,398.79,PKGWH
26000232,Closed (مغلق),1021003,شيخ الكار حلاوة 5 كغم سادة (الولاء) 1*1,1/29/2026,630,26000223,1181029,كرتون متعدد حلاوة 5 كغم تبروير ولاء,158,0.39,61.62,PKGWH
26000233,Closed (مغلق),1011022,شيخ الكار طحينية 3500 غم 1*4,1/31/2026,200,26000224,1171015,طحينية بلك شيخ الكار حجر,700,1.52,1064,WIP
26000233,Closed (مغلق),1011022,شيخ الكار طحينية 3500 غم 1*4,1/31/2026,200,26000224,1181241,مرتبان متعدد طحينية 3500 غم,200,0.389,77.8,PKGWH
26000233,Closed (مغلق),1011022,شيخ الكار طحينية 3500 غم 1*4,1/31/2026,200,26000224,1181119,كرتون شيخ الكار طحينية 3500 غم,50,1.578,78.9,PKGWH
26000234,Closed (مغلق),1011021,شيخ الكار طحينية 5 كغم 1*4,1/31/2026,200,26000225,1181002,كرتون متعدد طحينية 5 كغم بدون طباعة,50,2.489,124.45,PKGWH
26000234,Closed (مغلق),1011021,شيخ الكار طحينية 5 كغم 1*4,1/31/2026,200,26000225,1181185,مرتبان شيخ الكار طحينية 5 كغم,200,0.565,113,PKGWH
26000234,Closed (مغلق),1011021,شيخ الكار طحينية 5 كغم 1*4,1/31/2026,200,26000225,1171015,طحينية بلك شيخ الكار حجر,1000,1.52,1520,WIP
26000235,Closed (مغلق),1011050,سيلك رود طحينية 1 كغم مطرة 1*12,1/31/2026,1080,26000226,1181225,مطرة سيلك رود طحينية 1 كغم,1080,0.105,113.4,PKGWH
26000235,Closed (مغلق),1011050,سيلك رود طحينية 1 كغم مطرة 1*12,1/31/2026,1080,26000226,1181007,كرتون متعدد طحينية 1 كغم مطرة,90,0.515,46.35,PKGWH
26000235,Closed (مغلق),1011050,سيلك رود طحينية 1 كغم مطرة 1*12,1/31/2026,1080,26000226,1171015,طحينية بلك شيخ الكار حجر,1080,1.52,1641.6,WIP
26000236,Closed (مغلق),1011007,ميار طحينية 900 غم مطرة 1*12,2/1/2026,3600,26000227,1181221,مطرة ميار طحينية 900 غم,3600,0.088,316.8,PKGWH
26000236,Closed (مغلق),1011007,ميار طحينية 900 غم مطرة 1*12,2/1/2026,3600,26000227,1181013,كرتون متعدد طحينية 900 غم مطرة,300,0.207,62.1,PKGWH
26000236,Closed (مغلق),1011007,ميار طحينية 900 غم مطرة 1*12,2/1/2026,3600,26000227,1171017,طحينية بلك ميار - موسم  كروما,3060,1.502,4596.12,WIP
26000237,Closed (مغلق),1011005,ميار طحينية 250 غم 1*12,1/31/2026,3000,26000228,1181236,مرتبان ميار طحينية 250 غم,3000,0.085,255,PKGWH
26000237,Closed (مغلق),1011005,ميار طحينية 250 غم 1*12,1/31/2026,3000,26000228,1181012,كرتون ميار طحينية 250 غم صواني,249,0.09,22.41,PKGWH
26000237,Closed (مغلق),1011005,ميار طحينية 250 غم 1*12,1/31/2026,3000,26000228,1171017,طحينية بلك ميار - موسم  كروما,660,1.502,991.32,WIP
26000238,Closed (مغلق),1011008,ميار طحينية 550 غم 1*12,1/29/2026,2200,26000229,1181237,مرتبان ميار طحينية 550 غم,2200,0.13,286,PKGWH
26000238,Closed (مغلق),1011008,ميار طحينية 550 غم 1*12,1/29/2026,2200,26000229,1181370,كرتون اكسترا فاخرة طحينية 400 غم,183.4,0.165,30.261,PKGWH
26000238,Closed (مغلق),1011008,ميار طحينية 550 غم 1*12,1/29/2026,2200,26000229,1171017,طحينية بلك ميار - موسم  كروما,1056,1.502,1586.112,WIP
26000239,Closed (مغلق),1011007,ميار طحينية 900 غم مطرة 1*12,2/1/2026,972,26000230,1181221,مطرة ميار طحينية 900 غم,972,0.088,85.536,PKGWH
26000239,Closed (مغلق),1011007,ميار طحينية 900 غم مطرة 1*12,2/1/2026,972,26000230,1181013,كرتون متعدد طحينية 900 غم مطرة,81,0.207,16.767,PKGWH
26000239,Closed (مغلق),1011007,ميار طحينية 900 غم مطرة 1*12,2/1/2026,972,26000230,1171017,طحينية بلك ميار - موسم  كروما,826.2,1.502,1240.952,WIP
26000240,Closed (مغلق),1011050,سيلك رود طحينية 1 كغم مطرة 1*12,2/1/2026,1140,26000231,1181225,مطرة سيلك رود طحينية 1 كغم,1140,0.105,119.7,PKGWH
26000240,Closed (مغلق),1011050,سيلك رود طحينية 1 كغم مطرة 1*12,2/1/2026,1140,26000231,1181007,كرتون متعدد طحينية 1 كغم مطرة,95,0.515,48.925,PKGWH
26000240,Closed (مغلق),1011050,سيلك رود طحينية 1 كغم مطرة 1*12,2/1/2026,1140,26000231,1171015,طحينية بلك شيخ الكار حجر,1140,1.52,1732.8,WIP
26000241,Closed (مغلق),1011047,الميلاد طحينية 900 غم مطرة 1*12,2/1/2026,1200,26000232,1181013,كرتون متعدد طحينية 900 غم مطرة,100,0.207,20.7,PKGWH
26000241,Closed (مغلق),1011047,الميلاد طحينية 900 غم مطرة 1*12,2/1/2026,1200,26000232,1171015,طحينية بلك شيخ الكار حجر,1020,1.52,1550.4,WIP
26000241,Closed (مغلق),1011047,الميلاد طحينية 900 غم مطرة 1*12,2/1/2026,1200,26000232,1181215,مطرة الميلاد طحينية 900 غم,1200,0.086,103.2,PKGWH
26000242,Closed (مغلق),1011116,الميلاد طحينية 300 غم مطرة 1*12 قارورة,2/1/2026,1200,26000281,1171015,طحينية بلك شيخ الكار حجر,324,1.52,492.48,WIP
26000242,Closed (مغلق),1011116,الميلاد طحينية 300 غم مطرة 1*12 قارورة,2/1/2026,1200,26000281,1181086,كرتون شيخ الكار طحينية 300 غم قارورة ابيض,100,0.13,13,PKGWH
26000242,Closed (مغلق),1011116,الميلاد طحينية 300 غم مطرة 1*12 قارورة,2/1/2026,1200,26000281,1181189,مرتبان شيخ الكار طحينية 300 غم جديد قارورة,1200,0.051,61.2,PKGWH
26000243,Closed (مغلق),1011006,شيخ الكار طحينية 300 غم 1*12 جديد,2/1/2026,1800,26000233,1171015,طحينية بلك شيخ الكار حجر,477,1.52,725.04,WIP
26000243,Closed (مغلق),1011006,شيخ الكار طحينية 300 غم 1*12 جديد,2/1/2026,1800,26000233,1181086,كرتون شيخ الكار طحينية 300 غم قارورة ابيض,149.4,0.13,19.422,PKGWH
26000243,Closed (مغلق),1011006,شيخ الكار طحينية 300 غم 1*12 جديد,2/1/2026,1800,26000233,1181189,مرتبان شيخ الكار طحينية 300 غم جديد قارورة,1800,0.051,91.8,PKGWH
26000244,Closed (مغلق),1011020,شيخ الكار طحينية 800 غم 1*12,2/1/2026,960,26000268,1181117,كرتون شيخ الكار طحينية 800 غم,80,0.247,19.76,PKGWH
26000244,Closed (مغلق),1011020,شيخ الكار طحينية 800 غم 1*12,2/1/2026,960,26000268,1181196,مرتبان شيخ الكار طحينية 800 غم,960,0.155,148.8,PKGWH
26000244,Closed (مغلق),1011020,شيخ الكار طحينية 800 غم 1*12,2/1/2026,960,26000268,1171015,طحينية بلك شيخ الكار حجر,768,1.52,1167.36,WIP
26000245,Closed (مغلق),1011027,شيخ الكار طحينية 18 كغم تنك 1*1,2/1/2026,100,26000234,1181487,تنك شيخ الكار طحينية 18 كغم -جديد (برتقالي),100,1.292,129.2,PKGWH
26000245,Closed (مغلق),1011027,شيخ الكار طحينية 18 كغم تنك 1*1,2/1/2026,100,26000234,1171015,طحينية بلك شيخ الكار حجر,1800,1.52,2736,WIP
26000246,Closed (مغلق),1011005,ميار طحينية 250 غم 1*12,2/2/2026,3588,26000425,1181236,مرتبان ميار طحينية 250 غم,3588,0.09,322.92,PKGWH
26000246,Closed (مغلق),1011005,ميار طحينية 250 غم 1*12,2/2/2026,3588,26000425,1181012,كرتون ميار طحينية 250 غم صواني,300,0.09,27,PKGWH
26000246,Closed (مغلق),1011005,ميار طحينية 250 غم 1*12,2/2/2026,3588,26000425,1171017,طحينية بلك ميار - موسم  كروما,789.36,1.495,1180.093,WIP
26000247,Closed (مغلق),1171022,حلاوة بلك سادة شيخ الكار,1/31/2026,4883.5,26000235,1171010,جلوكوز,825,0.36,297,RMWH
26000247,Closed (مغلق),1171022,حلاوة بلك سادة شيخ الكار,1/31/2026,4883.5,26000236,1171014,عرق حلاوة,21.702,1.503,32.618,WIP
26000247,Closed (مغلق),1171022,حلاوة بلك سادة شيخ الكار,1/31/2026,4883.5,26000235,1171014,عرق حلاوة,22,1.503,33.066,RMWH
26000247,Closed (مغلق),1171022,حلاوة بلك سادة شيخ الكار,1/31/2026,4883.5,26000236,1081001,سكر 50 كعم 20*50,1.65,390,643.5,WIP
26000247,Closed (مغلق),1171022,حلاوة بلك سادة شيخ الكار,1/31/2026,4883.5,26000235,1081001,سكر 50 كعم 20*50,1.65,390,643.5,RMWH
26000247,Closed (مغلق),1171022,حلاوة بلك سادة شيخ الكار,1/31/2026,4883.5,26000236,1171008,مثبت,88,1.473,129.624,WIP
26000247,Closed (مغلق),1171022,حلاوة بلك سادة شيخ الكار,1/31/2026,4883.5,26000235,1171008,مثبت,88,1.473,129.624,WIP
26000247,Closed (مغلق),1171022,حلاوة بلك سادة شيخ الكار,1/31/2026,4883.5,26000236,1171005,فانيلا,1.65,14.666,24.199,WIP
26000247,Closed (مغلق),1171022,حلاوة بلك سادة شيخ الكار,1/31/2026,4883.5,26000235,1171005,فانيلا,1.65,14.666,24.199,RMWH
26000247,Closed (مغلق),1171022,حلاوة بلك سادة شيخ الكار,1/31/2026,4883.5,26000236,1171015,طحينية بلك شيخ الكار حجر,2386,1.52,3626.72,WIP
26000247,Closed (مغلق),1171022,حلاوة بلك سادة شيخ الكار,1/31/2026,4883.5,26000235,1171015,طحينية بلك شيخ الكار حجر,2386,1.52,3626.72,WIP
26000247,Closed (مغلق),1171022,حلاوة بلك سادة شيخ الكار,1/31/2026,4883.5,26000236,1171001,ملح ليمون,2.75,0.736,2.024,WIP
26000247,Closed (مغلق),1171022,حلاوة بلك سادة شيخ الكار,1/31/2026,4883.5,26000235,1171001,ملح ليمون,2.75,0.736,2.024,RMWH
26000247,Closed (مغلق),1171022,حلاوة بلك سادة شيخ الكار,1/31/2026,4883.5,26000236,1171010,جلوكوز,825,0.36,297,WIP
26000248,Closed (مغلق),1171031,حلاوة بلك فستق شيخ الكار,1/31/2026,3968,26000237,1171022,حلاوة بلك سادة شيخ الكار,3896.576,0.975,3799.162,WIP
26000248,Closed (مغلق),1171031,حلاوة بلك فستق شيخ الكار,1/31/2026,3968,26000239,1171011,فستق حلبي,71.424,14.382,1027.22,WIP
26000248,Closed (مغلق),1171031,حلاوة بلك فستق شيخ الكار,1/31/2026,3968,26000240,1171011,فستق حلبي,40.5,14.382,582.471,WIP
26000248,Closed (مغلق),1171031,حلاوة بلك فستق شيخ الكار,1/31/2026,3968,26000237,1171011,فستق حلبي,71.424,14.382,1027.22,WIP
26000248,Closed (مغلق),1171031,حلاوة بلك فستق شيخ الكار,1/31/2026,3968,26000239,1171022,حلاوة بلك سادة شيخ الكار,3896.576,0.975,3799.162,WIP
26000248,Closed (مغلق),1171031,حلاوة بلك فستق شيخ الكار,1/31/2026,3968,26000240,1171022,حلاوة بلك سادة شيخ الكار,3927.5,0.975,3829.313,WIP
26000249,Closed (مغلق),1171026,حلاوة بلك شوكولاته شيخ الكار,1/31/2026,984,26000238,1171022,حلاوة بلك سادة شيخ الكار,934,0.975,910.65,WIP
26000249,Closed (مغلق),1171026,حلاوة بلك شوكولاته شيخ الكار,1/31/2026,984,26000238,1171003,كاكاو,28,6,168,RMWH
26000249,Closed (مغلق),1171026,حلاوة بلك شوكولاته شيخ الكار,1/31/2026,984,26000238,1171015,طحينية بلك شيخ الكار حجر,22,1.52,33.44,WIP
26000250,Closed (مغلق),1171020,حلاوة بلك سادة ميار - موسم,1/31/2026,1752.5,26000241,1171010,جلوكوز,300,0.36,108,RMWH
26000250,Closed (مغلق),1171020,حلاوة بلك سادة ميار - موسم,1/31/2026,1752.5,26000241,1171014,عرق حلاوة,8,1.503,12.024,RMWH
26000250,Closed (مغلق),1171020,حلاوة بلك سادة ميار - موسم,1/31/2026,1752.5,26000241,1081001,سكر 50 كعم 20*50,0.6,390,234,RMWH
26000250,Closed (مغلق),1171020,حلاوة بلك سادة ميار - موسم,1/31/2026,1752.5,26000241,1171008,مثبت,32,1.473,47.136,WIP
26000250,Closed (مغلق),1171020,حلاوة بلك سادة ميار - موسم,1/31/2026,1752.5,26000241,1171005,فانيلا,0.6,14.666,8.8,RMWH
26000250,Closed (مغلق),1171020,حلاوة بلك سادة ميار - موسم,1/31/2026,1752.5,26000241,1171015,طحينية بلك شيخ الكار حجر,875,1.52,1330,WIP
26000250,Closed (مغلق),1171020,حلاوة بلك سادة ميار - موسم,1/31/2026,1752.5,26000241,1171001,ملح ليمون,1,0.736,0.736,RMWH
26000251,Closed (مغلق),1171013,حلاوة بلك رشة فستق ميار,1/31/2026,493,26000242,1171020,حلاوة بلك سادة ميار - موسم,490.5,0.993,487.067,WIP
26000251,Closed (مغلق),1171013,حلاوة بلك رشة فستق ميار,1/31/2026,493,26000242,1171011,فستق حلبي,2.5,14.382,35.955,WIP
26000252,Closed (مغلق),1171028,حلاوة بلك فستق ميار,1/31/2026,323,26000243,1171020,حلاوة بلك سادة ميار - موسم,317.186,0.993,314.966,WIP
26000252,Closed (مغلق),1171028,حلاوة بلك فستق ميار,1/31/2026,323,26000243,1171011,فستق حلبي,5.814,14.382,83.617,WIP
26000253,Closed (مغلق),1021038,شيخ الكار حلاوة 700 غم شوكولاته 1*12,1/31/2026,1536,26000244,1181113,"كرتون شيخ الكار حلاوة 700/800 غم (فستق،سادة،شوكولاتة،ملوكي) دمعة",128,0.197,25.216,PKGWH
26000253,Closed (مغلق),1021038,شيخ الكار حلاوة 700 غم شوكولاته 1*12,1/31/2026,1536,26000244,1171026,حلاوة بلك شوكولاته شيخ الكار,983.04,1.13,1110.835,WIP
26000253,Closed (مغلق),1021038,شيخ الكار حلاوة 700 غم شوكولاته 1*12,1/31/2026,1536,26000244,1181422,علب شيخ الكار حلاوة 700 غم شوكولاتة,1536,0.15,230.4,PKGWH
26000254,Closed (مغلق),1021031,ميار حلاوة 1200 غم برش فستق 1*6,1/31/2026,288,26000245,1171028,حلاوة بلك فستق ميار,319.68,1.233,394.165,WIP
26000254,Closed (مغلق),1021031,ميار حلاوة 1200 غم برش فستق 1*6,1/31/2026,288,26000245,1181378,علب ميار حلاوة 1300 غم رشة فستق,288,0.28,80.64,PKGWH
26000254,Closed (مغلق),1021031,ميار حلاوة 1200 غم برش فستق 1*6,1/31/2026,288,26000245,1181014,كرتون ميار حلاوة 1300 غم رشة فستق,48,0.218,10.464,PKGWH
26000255,Closed (مغلق),1021024,الموسم حلاوة 6 كغم فستق 1*4,1/31/2026,388,26000249,1171031,حلاوة بلك فستق شيخ الكار,2328,1.112,2588.736,WIP
26000255,Closed (مغلق),1021024,الموسم حلاوة 6 كغم فستق 1*4,1/31/2026,388,26000249,1181344,جاط مربع حلاوة 5 كغم شفاف متعدد,388,0.551,213.788,WIP
26000255,Closed (مغلق),1021024,الموسم حلاوة 6 كغم فستق 1*4,1/31/2026,388,26000249,1181030,كرتون متعدد حلاوة 5 كغم مربع قديم,97,0.48,46.56,WIP
26000256,Closed (مغلق),1021005,ميار حلاوة 300 غم رشة فستق 1*12,1/31/2026,1824,26000246,1171013,حلاوة بلك رشة فستق ميار,492.48,1.061,522.521,WIP
26000256,Closed (مغلق),1021005,ميار حلاوة 300 غم رشة فستق 1*12,1/31/2026,1824,26000246,1181019,"كرتون متعدد حلاوة 300 غم (ميار،شتلة،فاخرة) أمنية",151.392,0.106,16.048,PKGWH
26000256,Closed (مغلق),1021005,ميار حلاوة 300 غم رشة فستق 1*12,1/31/2026,1824,26000246,1181373,علب ميار حلاوة 300 غم رشة فستق أمنية,1824,0.092,167.808,PKGWH
26000257,Closed (مغلق),1021063,شيخ الكار حلاوة 2300 غم فستق 1*4,1/31/2026,196,26000247,1181065,كرتون شيخ الكار حلاوة 2300 غم فستق,49,0.166,8.134,PKGWH
26000257,Closed (مغلق),1021063,شيخ الكار حلاوة 2300 غم فستق 1*4,1/31/2026,196,26000247,1171031,حلاوة بلك فستق شيخ الكار,426.3,1.112,474.046,WIP
26000257,Closed (مغلق),1021063,شيخ الكار حلاوة 2300 غم فستق 1*4,1/31/2026,196,26000247,1181435,علب شيخ الكار حلاوة 2300 غم فستق,196,0.32,62.72,PKGWH
26000258,Closed (مغلق),1021011,شيخ الكار حلاوة 6 كغم فستق 1*4,1/31/2026,200,26000248,1171031,حلاوة بلك فستق شيخ الكار,1200,1.112,1334.4,WIP
26000258,Closed (مغلق),1021011,شيخ الكار حلاوة 6 كغم فستق 1*4,1/31/2026,200,26000248,1181311,"جاط متعدد حلاوة 6 كغم (فستق،سادة،شوكولاتة) شفاف",200,0.534,106.8,PKGWH
26000258,Closed (مغلق),1021011,شيخ الكار حلاوة 6 كغم فستق 1*4,1/31/2026,200,26000248,1181111,"كرتون شيخ الكار حلاوة 6 كغم (فستق،سادة،شوكولاتة)",50,0.514,25.7,PKGWH
26000259,Closed (مغلق),1171022,حلاوة بلك سادة شيخ الكار,2/1/2026,5336,26000252,1171010,جلوكوز,889.335,0.36,320.161,RMWH
26000259,Closed (مغلق),1171022,حلاوة بلك سادة شيخ الكار,2/1/2026,5336,26000253,1171014,عرق حلاوة,24,1.503,36.072,WIP
26000259,Closed (مغلق),1171022,حلاوة بلك سادة شيخ الكار,2/1/2026,5336,26000252,1171014,عرق حلاوة,23.713,1.503,35.641,RMWH
26000259,Closed (مغلق),1171022,حلاوة بلك سادة شيخ الكار,2/1/2026,5336,26000253,1081001,سكر 50 كعم 20*50,1.777,390,693.03,WIP
26000259,Closed (مغلق),1171022,حلاوة بلك سادة شيخ الكار,2/1/2026,5336,26000252,1081001,سكر 50 كعم 20*50,1.777,390,693.03,RMWH
26000259,Closed (مغلق),1171022,حلاوة بلك سادة شيخ الكار,2/1/2026,5336,26000253,1171008,مثبت,96,1.473,141.408,WIP
26000259,Closed (مغلق),1171022,حلاوة بلك سادة شيخ الكار,2/1/2026,5336,26000252,1171008,مثبت,94.863,1.473,139.733,WIP
26000259,Closed (مغلق),1171022,حلاوة بلك سادة شيخ الكار,2/1/2026,5336,26000253,1171005,فانيلا,1.777,14.666,26.061,WIP
26000259,Closed (مغلق),1171022,حلاوة بلك سادة شيخ الكار,2/1/2026,5336,26000252,1171005,فانيلا,1.777,14.666,26.061,RMWH
26000259,Closed (مغلق),1171022,حلاوة بلك سادة شيخ الكار,2/1/2026,5336,26000253,1171015,طحينية بلك شيخ الكار حجر,2564,1.52,3897.28,WIP
26000259,Closed (مغلق),1171022,حلاوة بلك سادة شيخ الكار,2/1/2026,5336,26000252,1171015,طحينية بلك شيخ الكار حجر,2587.96,1.52,3933.699,WIP
26000259,Closed (مغلق),1171022,حلاوة بلك سادة شيخ الكار,2/1/2026,5336,26000253,1171001,ملح ليمون,2.967,0.736,2.184,WIP
26000259,Closed (مغلق),1171022,حلاوة بلك سادة شيخ الكار,2/1/2026,5336,26000253,1171010,جلوكوز,900,0.36,324,WIP
26000259,Closed (مغلق),1171022,حلاوة بلك سادة شيخ الكار,2/1/2026,5336,26000252,1171001,ملح ليمون,2.967,0.736,2.184,RMWH
26000260,Closed (مغلق),1011050,سيلك رود طحينية 1 كغم مطرة 1*12,2/1/2026,120,26000250,1181225,مطرة سيلك رود طحينية 1 كغم,120,0.105,12.6,PKGWH
26000260,Closed (مغلق),1011050,سيلك رود طحينية 1 كغم مطرة 1*12,2/1/2026,120,26000250,1181007,كرتون متعدد طحينية 1 كغم مطرة,10,0.284,2.84,PKGWH
26000260,Closed (مغلق),1011050,سيلك رود طحينية 1 كغم مطرة 1*12,2/1/2026,120,26000250,1171015,طحينية بلك شيخ الكار حجر,120,1.52,182.4,WIP
26000261,Closed (مغلق),1021003,شيخ الكار حلاوة 5 كغم سادة (الولاء) 1*1,1/31/2026,169,26000251,1171020,حلاوة بلك سادة ميار - موسم,845,0.993,839.085,WIP
26000261,Closed (مغلق),1021003,شيخ الكار حلاوة 5 كغم سادة (الولاء) 1*1,1/31/2026,169,26000251,1181349,جاط شيخ الكار حلاوة 5 كغم سادة (الولاء) غطاء احمر,169,0.633,106.977,PKGWH
26000261,Closed (مغلق),1021003,شيخ الكار حلاوة 5 كغم سادة (الولاء) 1*1,1/31/2026,169,26000251,1181029,كرتون متعدد حلاوة 5 كغم تبروير ولاء,42,0.39,16.38,PKGWH
26000262,Closed (مغلق),1171031,حلاوة بلك فستق شيخ الكار,2/1/2026,4878,26000254,1171022,حلاوة بلك سادة شيخ الكار,4824,0.96,4631.04,WIP
26000262,Closed (مغلق),1171031,حلاوة بلك فستق شيخ الكار,2/1/2026,4878,26000254,1171011,فستق حلبي,54,14.382,776.628,WIP
26000263,Closed (مغلق),1171029,حلاوة بلك رشة شيخ الكار,2/1/2026,516,26000255,1171022,حلاوة بلك سادة شيخ الكار,512,0.96,491.52,WIP
26000263,Closed (مغلق),1171029,حلاوة بلك رشة شيخ الكار,2/1/2026,516,26000255,1171011,فستق حلبي,4,14.382,57.528,WIP
26000264,Closed (مغلق),1171020,حلاوة بلك سادة ميار - موسم,2/1/2026,1407,26000256,1171010,جلوكوز,225,0.36,81,RMWH
26000264,Closed (مغلق),1171020,حلاوة بلك سادة ميار - موسم,2/1/2026,1407,26000256,1171014,عرق حلاوة,6,1.503,9.018,RMWH
26000264,Closed (مغلق),1171020,حلاوة بلك سادة ميار - موسم,2/1/2026,1407,26000256,1081001,سكر 50 كعم 20*50,0.45,390,175.5,RMWH
26000264,Closed (مغلق),1171020,حلاوة بلك سادة ميار - موسم,2/1/2026,1407,26000256,1171008,مثبت,24,1.473,35.352,WIP
26000264,Closed (مغلق),1171020,حلاوة بلك سادة ميار - موسم,2/1/2026,1407,26000256,1171005,فانيلا,0.45,14.666,6.6,RMWH
26000264,Closed (مغلق),1171020,حلاوة بلك سادة ميار - موسم,2/1/2026,1407,26000256,1171015,طحينية بلك شيخ الكار حجر,675,1.52,1026,WIP
26000264,Closed (مغلق),1171020,حلاوة بلك سادة ميار - موسم,2/1/2026,1407,26000256,1171001,ملح ليمون,0.75,0.736,0.552,RMWH
26000265,Closed (مغلق),1171028,حلاوة بلك فستق ميار,2/1/2026,1416,26000257,1171020,حلاوة بلك سادة ميار - موسم,1407,0.951,1338.057,WIP
26000265,Closed (مغلق),1171028,حلاوة بلك فستق ميار,2/1/2026,1416,26000257,1171011,فستق حلبي,9,14.382,129.438,WIP
26000266,Closed (مغلق),1021024,الموسم حلاوة 6 كغم فستق 1*4,2/2/2026,416,26000258,1171031,حلاوة بلك فستق شيخ الكار,2496,1.109,2768.064,WIP
26000266,Closed (مغلق),1021024,الموسم حلاوة 6 كغم فستق 1*4,2/2/2026,416,26000258,1181344,جاط مربع حلاوة 5 كغم شفاف متعدد,416,0.551,229.216,WIP
26000266,Closed (مغلق),1021024,الموسم حلاوة 6 كغم فستق 1*4,2/2/2026,416,26000258,1181030,كرتون متعدد حلاوة 5 كغم مربع قديم,104,0.48,49.92,WIP
26000267,Closed (مغلق),1021011,شيخ الكار حلاوة 6 كغم فستق 1*4,2/2/2026,100,26000259,1171031,حلاوة بلك فستق شيخ الكار,600,1.109,665.4,WIP
26000267,Closed (مغلق),1021011,شيخ الكار حلاوة 6 كغم فستق 1*4,2/2/2026,100,26000259,1181311,"جاط متعدد حلاوة 6 كغم (فستق،سادة،شوكولاتة) شفاف",100,0.534,53.4,PKGWH
26000267,Closed (مغلق),1021011,شيخ الكار حلاوة 6 كغم فستق 1*4,2/2/2026,100,26000259,1181111,"كرتون شيخ الكار حلاوة 6 كغم (فستق،سادة،شوكولاتة)",25,0.514,12.85,PKGWH
26000268,Closed (مغلق),1021039,شيخ الكار حلاوة 700 غم فستق 1*12,2/2/2026,2700,26000265,1181113,"كرتون شيخ الكار حلاوة 700/800 غم (فستق،سادة،شوكولاتة،ملوكي) دمعة",225,0.197,44.325,PKGWH
26000268,Closed (مغلق),1021039,شيخ الكار حلاوة 700 غم فستق 1*12,2/2/2026,2700,26000265,1171031,حلاوة بلك فستق شيخ الكار,1728,1.109,1916.352,WIP
26000268,Closed (مغلق),1021039,شيخ الكار حلاوة 700 غم فستق 1*12,2/2/2026,2700,26000265,1181423,علب شيخ الكار حلاوة 700 غم فستق,2700,0.15,405,PKGWH
26000269,Closed (مغلق),1021043,شيخ الكار حلاوة 300 غم رشة فستق 1*12,2/2/2026,1800,26000260,1181022,"كرتون متعدد حلاوة 300 غم (فستق،سادة،شوكولاتة) مستطيل",150,0.157,23.55,PKGWH
26000269,Closed (مغلق),1021043,شيخ الكار حلاوة 300 غم رشة فستق 1*12,2/2/2026,1800,26000260,1171029,حلاوة بلك رشة شيخ الكار,486,1.067,518.562,WIP
26000269,Closed (مغلق),1021043,شيخ الكار حلاوة 300 غم رشة فستق 1*12,2/2/2026,1800,26000260,1181431,علب شيخ الكار حلاوة 300 غم رشة فستق,1800,0.098,176.4,PKGWH
26000270,Closed (مغلق),1021020,ميار حلاوة 2200 غم برش فستق 1*4,2/2/2026,528,26000261,1171028,حلاوة بلك فستق ميار,1095.6,1.037,1136.137,WIP
26000270,Closed (مغلق),1021020,ميار حلاوة 2200 غم برش فستق 1*4,2/2/2026,528,26000261,1181375,علب ميار حلاوة 2300 غم رشة فستق,528,0.211,111.408,PKGWH
26000270,Closed (مغلق),1021020,ميار حلاوة 2200 غم برش فستق 1*4,2/2/2026,528,26000261,1181015,كرتون ميار حلاوة 2300 غم رشة فستق قديم,132,0.183,24.156,PKGWH
26000271,Closed (مغلق),1021050,شيخ الكار حلاوة 800 غم سادة 1*12,2/3/2026,840,26000263,1181113,"كرتون شيخ الكار حلاوة 700/800 غم (فستق،سادة،شوكولاتة،ملوكي) دمعة",69.72,0.197,13.735,PKGWH
26000271,Closed (مغلق),1021050,شيخ الكار حلاوة 800 غم سادة 1*12,2/3/2026,840,26000263,1171022,حلاوة بلك سادة شيخ الكار,672,0.982,659.904,WIP
26000271,Closed (مغلق),1021050,شيخ الكار حلاوة 800 غم سادة 1*12,2/3/2026,840,26000263,1181462,علب شيخ الكار حلاوة 800 غم سادة,840,0.15,126,PKGWH
26000272,Closed (مغلق),1171022,حلاوة بلك سادة شيخ الكار,2/2/2026,1285,26000262,1171010,جلوكوز,225,0.36,81,WIP
26000272,Closed (مغلق),1171022,حلاوة بلك سادة شيخ الكار,2/2/2026,1285,26000262,1171014,عرق حلاوة,6,1.503,9.018,RMWH
26000272,Closed (مغلق),1171022,حلاوة بلك سادة شيخ الكار,2/2/2026,1285,26000262,1081001,سكر 50 كعم 20*50,0.45,390,175.5,RMWH
26000272,Closed (مغلق),1171022,حلاوة بلك سادة شيخ الكار,2/2/2026,1285,26000262,1171008,مثبت,22.845,1.473,33.651,WIP
26000272,Closed (مغلق),1171022,حلاوة بلك سادة شيخ الكار,2/2/2026,1285,26000262,1171005,فانيلا,0.45,14.666,6.6,RMWH
26000272,Closed (مغلق),1171022,حلاوة بلك سادة شيخ الكار,2/2/2026,1285,26000262,1171015,طحينية بلك شيخ الكار حجر,635,1.52,965.2,WIP
26000272,Closed (مغلق),1171022,حلاوة بلك سادة شيخ الكار,2/2/2026,1285,26000262,1171001,ملح ليمون,0.75,0.736,0.552,RMWH
26000273,Closed (مغلق),1011027,شيخ الكار طحينية 18 كغم تنك 1*1,2/2/2026,150,26000264,1181487,تنك شيخ الكار طحينية 18 كغم -جديد (برتقالي),150,1.292,193.8,PKGWH
26000273,Closed (مغلق),1011027,شيخ الكار طحينية 18 كغم تنك 1*1,2/2/2026,150,26000264,1171015,طحينية بلك شيخ الكار حجر,2700,1.52,4104,WIP
26000274,Closed (مغلق),1011088,الموسم طحينية 800 غم  1*12,2/2/2026,600,26000266,1171017,طحينية بلك ميار - موسم  كروما,480,1.502,720.96,WIP
26000274,Closed (مغلق),1011088,الموسم طحينية 800 غم  1*12,2/2/2026,600,26000266,1181008,كرتون متعدد طحينية 800 غم اكسترا فاخرة,50,0.223,11.15,PKGWH
26000274,Closed (مغلق),1011088,الموسم طحينية 800 غم  1*12,2/2/2026,600,26000266,1181037,مرتبان الموسم طحينية 800 غم,600,0.099,59.4,PKGWH
26000275,Closed (مغلق),1021011,شيخ الكار حلاوة 6 كغم فستق 1*4,2/2/2026,100,26000267,1021011,شيخ الكار حلاوة 6 كغم فستق 1*4,100,7.455,745.5,FGWH
26000276,Closed (مغلق),1171022,حلاوة بلك سادة شيخ الكار,2/2/2026,5285,26000269,1171010,جلوكوز,900,0.36,324,RMWH
26000276,Closed (مغلق),1171022,حلاوة بلك سادة شيخ الكار,2/2/2026,5285,26000269,1171014,عرق حلاوة,24,1.503,36.072,RMWH
26000276,Closed (مغلق),1171022,حلاوة بلك سادة شيخ الكار,2/2/2026,5285,26000269,1081001,سكر 50 كعم 20*50,1.8,390,702,RMWH
26000276,Closed (مغلق),1171022,حلاوة بلك سادة شيخ الكار,2/2/2026,5285,26000269,1171008,مثبت,96,1.473,141.408,WIP
26000276,Closed (مغلق),1171022,حلاوة بلك سادة شيخ الكار,2/2/2026,5285,26000269,1171005,فانيلا,1.8,14.666,26.399,RMWH
26000276,Closed (مغلق),1171022,حلاوة بلك سادة شيخ الكار,2/2/2026,5285,26000269,1171015,طحينية بلك شيخ الكار حجر,2563.225,1.52,3896.102,WIP
26000276,Closed (مغلق),1171022,حلاوة بلك سادة شيخ الكار,2/2/2026,5285,26000269,1171001,ملح ليمون,3,0.736,2.208,RMWH
26000277,Closed (مغلق),1171031,حلاوة بلك فستق شيخ الكار,2/2/2026,5360,26000270,1171022,حلاوة بلك سادة شيخ الكار,5285,0.972,5137.02,WIP
26000277,Closed (مغلق),1171031,حلاوة بلك فستق شيخ الكار,2/2/2026,5360,26000270,1171011,فستق حلبي,75,15.563,1167.225,WIP
26000278,Closed (مغلق),1021050,شيخ الكار حلاوة 800 غم سادة 1*12,2/2/2026,372,26000271,1181113,"كرتون شيخ الكار حلاوة 700/800 غم (فستق،سادة،شوكولاتة،ملوكي) دمعة",31,0.197,6.107,PKGWH
26000278,Closed (مغلق),1021050,شيخ الكار حلاوة 800 غم سادة 1*12,2/2/2026,372,26000271,1171022,حلاوة بلك سادة شيخ الكار,297.6,0.972,289.267,WIP
26000278,Closed (مغلق),1021050,شيخ الكار حلاوة 800 غم سادة 1*12,2/2/2026,372,26000271,1181462,علب شيخ الكار حلاوة 800 غم سادة,372,0.15,55.8,PKGWH
26000279,Closed (مغلق),1021085,الميلاد حلاوة 1300 غم فستق 1*6,2/2/2026,600,26000272,1171031,حلاوة بلك فستق شيخ الكار,726,1.169,848.694,WIP
26000279,Closed (مغلق),1021085,الميلاد حلاوة 1300 غم فستق 1*6,2/2/2026,600,26000272,1181067,كرتون شيخ الكار حلاوة 1300 غم فستق,100,0.201,20.1,PKGWH
26000279,Closed (مغلق),1021085,الميلاد حلاوة 1300 غم فستق 1*6,2/2/2026,600,26000272,1181175,علب حلاوة الميلاد 1300 غ فستق,600,0.151,90.6,PKGWH
26000280,Closed (مغلق),1021090,الميلاد حلاوة 300 غم 1*12  فستق,2/2/2026,2424,26000273,1171031,حلاوة بلك فستق شيخ الكار,727.2,1.169,850.097,WIP
26000280,Closed (مغلق),1021090,الميلاد حلاوة 300 غم 1*12  فستق,2/2/2026,2424,26000273,1181022,"كرتون متعدد حلاوة 300 غم (فستق،سادة،شوكولاتة) مستطيل",202,0.157,31.714,PKGWH
26000280,Closed (مغلق),1021090,الميلاد حلاوة 300 غم 1*12  فستق,2/2/2026,2424,26000273,1181266,علب الميلاد 300 غم حلاوة بالفستق الحلبي,2424,0.106,256.944,PKGWH
26000281,Closed (مغلق),1021084,الميلاد حلاوة 2300 غم فستق 1*4,2/2/2026,400,26000274,1171031,حلاوة بلك فستق شيخ الكار,870,1.169,1017.03,WIP
26000281,Closed (مغلق),1021084,الميلاد حلاوة 2300 غم فستق 1*4,2/2/2026,400,26000274,1181065,كرتون شيخ الكار حلاوة 2300 غم فستق,100,0.166,16.6,PKGWH
26000281,Closed (مغلق),1021084,الميلاد حلاوة 2300 غم فستق 1*4,2/2/2026,400,26000274,1181248,علب الميلاد حلاوة 2300 غم,400,0.32,128,PKGWH
26000282,Closed (مغلق),1021142,الميلاد حلاوة 1500 غم فستق 1*6,2/2/2026,954,26000275,1171031,حلاوة بلك فستق شيخ الكار,1431,1.169,1672.839,WIP
26000282,Closed (مغلق),1021142,الميلاد حلاوة 1500 غم فستق 1*6,2/2/2026,954,26000275,1181061,كرتون متعدد حلاوة 1500 غم هرمي,159,0.942,149.778,PKGWH
26000282,Closed (مغلق),1021142,الميلاد حلاوة 1500 غم فستق 1*6,2/2/2026,954,26000275,1181267,علب الميلاد حلاوة 1500 غم,954,0.247,235.638,PKGWH
26000283,Closed (مغلق),1171020,حلاوة بلك سادة ميار - موسم,2/3/2026,1339,26000276,1171010,جلوكوز,225,0.36,81,RMWH
26000283,Closed (مغلق),1171020,حلاوة بلك سادة ميار - موسم,2/3/2026,1339,26000276,1171014,عرق حلاوة,6,1.503,9.018,RMWH
26000283,Closed (مغلق),1171020,حلاوة بلك سادة ميار - موسم,2/3/2026,1339,26000276,1081001,سكر 50 كعم 20*50,0.45,390,175.5,RMWH
26000283,Closed (مغلق),1171020,حلاوة بلك سادة ميار - موسم,2/3/2026,1339,26000276,1171008,مثبت,24,1.473,35.352,RMWH
26000283,Closed (مغلق),1171020,حلاوة بلك سادة ميار - موسم,2/3/2026,1339,26000276,1171005,فانيلا,0.45,14.666,6.6,RMWH
26000283,Closed (مغلق),1171020,حلاوة بلك سادة ميار - موسم,2/3/2026,1339,26000276,1171015,طحينية بلك شيخ الكار حجر,669,1.52,1016.88,WIP
26000283,Closed (مغلق),1171020,حلاوة بلك سادة ميار - موسم,2/3/2026,1339,26000276,1171001,ملح ليمون,0.75,0.736,0.552,RMWH
26000284,Closed (مغلق),1021031,ميار حلاوة 1200 غم برش فستق 1*6,2/3/2026,960,26000278,1171028,حلاوة بلك فستق ميار,1065.6,1.101,1173.226,WIP
26000284,Closed (مغلق),1021031,ميار حلاوة 1200 غم برش فستق 1*6,2/3/2026,960,26000278,1181378,علب ميار حلاوة 1300 غم رشة فستق,960,0.28,268.8,PKGWH
26000284,Closed (مغلق),1021031,ميار حلاوة 1200 غم برش فستق 1*6,2/3/2026,960,26000278,1181014,كرتون ميار حلاوة 1300 غم رشة فستق,160,0.218,34.88,PKGWH
26000285,Closed (مغلق),1171028,حلاوة بلك فستق ميار,2/3/2026,1351,26000277,1171020,حلاوة بلك سادة ميار - موسم,1339,0.987,1321.593,WIP
26000285,Closed (مغلق),1171028,حلاوة بلك فستق ميار,2/3/2026,1351,26000277,1171011,فستق حلبي,12,15.563,186.756,WIP
26000286,Closed (مغلق),1021039,شيخ الكار حلاوة 700 غم فستق 1*12,2/3/2026,1440,26000279,1181113,"كرتون شيخ الكار حلاوة 700/800 غم (فستق،سادة،شوكولاتة،ملوكي) دمعة",119.52,0.197,23.545,PKGWH
26000286,Closed (مغلق),1021039,شيخ الكار حلاوة 700 غم فستق 1*12,2/3/2026,1440,26000279,1171031,حلاوة بلك فستق شيخ الكار,921.6,1.169,1077.35,WIP
26000286,Closed (مغلق),1021039,شيخ الكار حلاوة 700 غم فستق 1*12,2/3/2026,1440,26000279,1181423,علب شيخ الكار حلاوة 700 غم فستق,1440,0.15,216,PKGWH
26000287,Closed (مغلق),1011088,الموسم طحينية 800 غم  1*12,2/3/2026,1320,26000280,1171017,طحينية بلك ميار - موسم  كروما,1056,1.502,1586.112,WIP
26000287,Closed (مغلق),1011088,الموسم طحينية 800 غم  1*12,2/3/2026,1320,26000280,1181008,كرتون متعدد طحينية 800 غم اكسترا فاخرة,110,0.223,24.53,PKGWH
26000287,Closed (مغلق),1011088,الموسم طحينية 800 غم  1*12,2/3/2026,1320,26000280,1181037,مرتبان الموسم طحينية 800 غم,1320,0.099,130.68,PKGWH
26000288,Closed (مغلق),1011101,الموسم طحينية 400 غم 1*12,2/4/2026,3648,26000282,1181056,مرتبان الموسم طحينية 400 غم,3648,0.13,474.24,PKGWH
26000288,Closed (مغلق),1011101,الموسم طحينية 400 غم 1*12,2/4/2026,3648,26000282,1181370,كرتون اكسترا فاخرة طحينية 400 غم,304,0.165,50.16,PKGWH
26000288,Closed (مغلق),1011101,الموسم طحينية 400 غم 1*12,2/4/2026,3648,26000282,1171017,طحينية بلك ميار - موسم  كروما,1276.8,1.502,1917.754,WIP
26000289,Closed (مغلق),1011093,الموسم طحينية 250 غم 1*12,2/3/2026,1908,26000283,1171017,طحينية بلك ميار - موسم  كروما,515.16,1.502,773.77,WIP
26000289,Closed (مغلق),1011093,الموسم طحينية 250 غم 1*12,2/3/2026,1908,26000283,1181054,مرتبان الموسم طحينية 250 غم,1908,0.111,211.788,PKGWH
26000289,Closed (مغلق),1011093,الموسم طحينية 250 غم 1*12,2/3/2026,1908,26000283,1181001,كرتون متعدد طحينية 300 اكسترا,159,0.198,31.482,PKGWH
26000290,Closed (مغلق),1011020,شيخ الكار طحينية 800 غم 1*12,2/3/2026,1056,26000284,1181117,كرتون شيخ الكار طحينية 800 غم,88,0.247,21.736,PKGWH
26000290,Closed (مغلق),1011020,شيخ الكار طحينية 800 غم 1*12,2/3/2026,1056,26000284,1181196,مرتبان شيخ الكار طحينية 800 غم,1056,0.155,163.68,PKGWH
26000290,Closed (مغلق),1011020,شيخ الكار طحينية 800 غم 1*12,2/3/2026,1056,26000284,1171015,طحينية بلك شيخ الكار حجر,844.8,1.52,1284.096,WIP
26000291,Closed (مغلق),1011021,شيخ الكار طحينية 5 كغم 1*4,2/3/2026,16,26000285,1181002,كرتون متعدد طحينية 5 كغم بدون طباعة,4,2.489,9.956,PKGWH
26000291,Closed (مغلق),1011021,شيخ الكار طحينية 5 كغم 1*4,2/3/2026,16,26000285,1181185,مرتبان شيخ الكار طحينية 5 كغم,16,0.565,9.04,PKGWH
26000291,Closed (مغلق),1011021,شيخ الكار طحينية 5 كغم 1*4,2/3/2026,16,26000285,1171015,طحينية بلك شيخ الكار حجر,80,1.52,121.6,WIP
26000292,Closed (مغلق),1021137,الموسم حلاوة 800 غم فستق دمعة 1*12,1/12/2026,1,26000286,1171028,حلاوة بلك فستق ميار,0.8,1.101,0.881,WIP
26000292,Closed (مغلق),1021137,الموسم حلاوة 800 غم فستق دمعة 1*12,1/12/2026,1,26000286,1181265,علب الموسم حلاوة 800 غم فستق دمعة,1,0.13,0.13,PKGWH
26000292,Closed (مغلق),1021137,الموسم حلاوة 800 غم فستق دمعة 1*12,1/12/2026,1,26000286,1181024,كرتون متعدد حلاوة 800 غم دمعة,0.083,0.203,0.017,PKGWH
26000293,Closed (مغلق),1011087,تمور البركة طحينية 400 غم *12,2/2/2026,2148,26000288,1171015,طحينية بلك شيخ الكار حجر,859.2,1.519,1305.125,WIP
26000293,Closed (مغلق),1011087,تمور البركة طحينية 400 غم *12,2/2/2026,2148,26000288,1181039,مرتبان تمور البركة طحينية 400 غم,2148,0.13,279.24,PKGWH
26000293,Closed (مغلق),1011087,تمور البركة طحينية 400 غم *12,2/2/2026,2148,26000288,1181370,كرتون اكسترا فاخرة طحينية 400 غم,179,0.165,29.535,PKGWH
26000294,Closed (مغلق),1171015,طحينية بلك شيخ الكار حجر,2/3/2026,24000,26000287,1141002,سمسم خام,27.84,1299.221,36170.313,RMWH
26000294,Closed (مغلق),1171015,طحينية بلك شيخ الكار حجر,2/3/2026,24000,26000287,1171006,ملح,4600,0.056,257.6,RMWH
26000294,Closed (مغلق),1171015,طحينية بلك شيخ الكار حجر,2/3/2026,24000,26000287,1171006,ملح,358.55,0.056,20.079,WIP
26000295,Closed (مغلق),1021031,ميار حلاوة 1200 غم برش فستق 1*6,2/4/2026,258,26000289,1171028,حلاوة بلك فستق ميار,286.38,1.101,315.304,WIP
26000295,Closed (مغلق),1021031,ميار حلاوة 1200 غم برش فستق 1*6,2/4/2026,258,26000289,1181378,علب ميار حلاوة 1300 غم رشة فستق,258,0.28,72.24,PKGWH
26000295,Closed (مغلق),1021031,ميار حلاوة 1200 غم برش فستق 1*6,2/4/2026,258,26000289,1181014,كرتون ميار حلاوة 1300 غم رشة فستق,43,0.218,9.374,PKGWH
26000296,Closed (مغلق),1011009,الموسم طحينية 900 غم مطرة 1*1,2/4/2026,1200,26000290,1171017,طحينية بلك ميار - موسم  كروما,1020,1.502,1532.04,WIP
26000296,Closed (مغلق),1011009,الموسم طحينية 900 غم مطرة 1*1,2/4/2026,1200,26000290,1181214,مطرة الموسم طحينية 900 غم,1200,0.125,150,PKGWH
26000296,Closed (مغلق),1011009,الموسم طحينية 900 غم مطرة 1*1,2/4/2026,1200,26000290,1181013,كرتون متعدد طحينية 900 غم مطرة,100,0.207,20.7,PKGWH
26000297,Closed (مغلق),1011005,ميار طحينية 250 غم 1*12,2/4/2026,396,26000291,1181236,مرتبان ميار طحينية 250 غم,396,0.085,33.66,PKGWH
26000297,Closed (مغلق),1011005,ميار طحينية 250 غم 1*12,2/4/2026,396,26000291,1181012,كرتون ميار طحينية 250 غم صواني,32.868,0.09,2.958,PKGWH
26000297,Closed (مغلق),1011005,ميار طحينية 250 غم 1*12,2/4/2026,396,26000291,1171017,طحينية بلك ميار - موسم  كروما,87.12,1.502,130.854,WIP
26000298,Closed (مغلق),1021039,شيخ الكار حلاوة 700 غم فستق 1*12,2/4/2026,2580,26000297,1181113,"كرتون شيخ الكار حلاوة 700/800 غم (فستق،سادة،شوكولاتة،ملوكي) دمعة",215,0.197,42.355,PKGWH
26000298,Closed (مغلق),1021039,شيخ الكار حلاوة 700 غم فستق 1*12,2/4/2026,2580,26000297,1171031,حلاوة بلك فستق شيخ الكار,1651.2,1.217,2009.51,WIP
26000298,Closed (مغلق),1021039,شيخ الكار حلاوة 700 غم فستق 1*12,2/4/2026,2580,26000297,1181423,علب شيخ الكار حلاوة 700 غم فستق,2580,0.15,387,PKGWH
26000299,Closed (مغلق),1021045,شيخ الكار حلاوة 200 غم سادة 1*12,2/4/2026,2160,26000292,1181069,كرتون شيخ الكار حلاوة 250 غم مثلث,90,0.169,15.21,PKGWH
26000299,Closed (مغلق),1021045,شيخ الكار حلاوة 200 غم سادة 1*12,2/4/2026,2160,26000292,1171022,حلاوة بلك سادة شيخ الكار,432,0.972,419.904,WIP
26000299,Closed (مغلق),1021045,شيخ الكار حلاوة 200 غم سادة 1*12,2/4/2026,2160,26000292,1181429,علب شيخ الكار حلاوة 200 غم سادة هرمي,2160,0.088,190.08,PKGWH
26000300,Closed (مغلق),1021044,شيخ الكار حلاوة 200 غم فستق 1*12,2/4/2026,2160,26000293,1181069,كرتون شيخ الكار حلاوة 250 غم مثلث,90,0.169,15.21,PKGWH
26000300,Closed (مغلق),1021044,شيخ الكار حلاوة 200 غم فستق 1*12,2/4/2026,2160,26000293,1171031,حلاوة بلك فستق شيخ الكار,432,1.169,505.008,WIP
26000300,Closed (مغلق),1021044,شيخ الكار حلاوة 200 غم فستق 1*12,2/4/2026,2160,26000293,1181430,علب شيخ الكار حلاوة 200 غم فستق هرمي,2160,0.11,237.6,PKGWH
26000302,Closed (مغلق),1171022,حلاوة بلك سادة شيخ الكار,2/4/2026,2144,26000295,1171014,عرق حلاوة,10,1.503,15.03,WIP
26000302,Closed (مغلق),1171022,حلاوة بلك سادة شيخ الكار,2/4/2026,2144,26000294,1171010,جلوكوز,375,0.36,135,RMWH
26000302,Closed (مغلق),1171022,حلاوة بلك سادة شيخ الكار,2/4/2026,2144,26000295,1081001,سكر 50 كعم 20*50,0.75,390,292.5,WIP
26000302,Closed (مغلق),1171022,حلاوة بلك سادة شيخ الكار,2/4/2026,2144,26000294,1171014,عرق حلاوة,10,1.503,15.03,RMWH
26000302,Closed (مغلق),1171022,حلاوة بلك سادة شيخ الكار,2/4/2026,2144,26000295,1171008,مثبت,40,1.473,58.92,WIP
26000302,Closed (مغلق),1171022,حلاوة بلك سادة شيخ الكار,2/4/2026,2144,26000294,1081001,سكر 50 كعم 20*50,0.75,390,292.5,RMWH
26000302,Closed (مغلق),1171022,حلاوة بلك سادة شيخ الكار,2/4/2026,2144,26000295,1171005,فانيلا,0.75,14.666,11,WIP
26000302,Closed (مغلق),1171022,حلاوة بلك سادة شيخ الكار,2/4/2026,2144,26000294,1171008,مثبت,40,1.473,58.92,RMWH
26000302,Closed (مغلق),1171022,حلاوة بلك سادة شيخ الكار,2/4/2026,2144,26000295,1171015,طحينية بلك شيخ الكار حجر,1044,1.519,1585.836,WIP
26000302,Closed (مغلق),1171022,حلاوة بلك سادة شيخ الكار,2/4/2026,2144,26000294,1171005,فانيلا,75,14.666,1099.95,RMWH
26000302,Closed (مغلق),1171022,حلاوة بلك سادة شيخ الكار,2/4/2026,2144,26000295,1171001,ملح ليمون,1.25,0.736,0.92,WIP
26000302,Closed (مغلق),1171022,حلاوة بلك سادة شيخ الكار,2/4/2026,2144,26000294,1171015,طحينية بلك شيخ الكار حجر,1044,1.519,1585.836,WIP
26000302,Closed (مغلق),1171022,حلاوة بلك سادة شيخ الكار,2/4/2026,2144,26000295,1171010,جلوكوز,375,0.36,135,WIP
26000302,Closed (مغلق),1171022,حلاوة بلك سادة شيخ الكار,2/4/2026,2144,26000294,1171001,ملح ليمون,1.25,0.736,0.92,RMWH
26000303,Closed (مغلق),1171031,حلاوة بلك فستق شيخ الكار,2/4/2026,2068,26000296,1171022,حلاوة بلك سادة شيخ الكار,2036,0.978,1991.208,WIP
26000303,Closed (مغلق),1171031,حلاوة بلك فستق شيخ الكار,2/4/2026,2068,26000296,1171011,فستق حلبي,32,17.79,569.28,WIP
26000304,Closed (مغلق),1011093,الموسم طحينية 250 غم 1*12,2/4/2026,132,26000329,1171017,طحينية بلك ميار - موسم  كروما,35.64,1.457,51.927,WIP
26000304,Closed (مغلق),1011093,الموسم طحينية 250 غم 1*12,2/4/2026,132,26000329,1181054,مرتبان الموسم طحينية 250 غم,132,0.111,14.652,PKGWH
26000304,Closed (مغلق),1011093,الموسم طحينية 250 غم 1*12,2/4/2026,132,26000329,1181001,كرتون متعدد طحينية 300 اكسترا,11,0.198,2.178,PKGWH
26000305,Closed (مغلق),1011101,الموسم طحينية 400 غم 1*12,2/4/2026,144,26000330,1181056,مرتبان الموسم طحينية 400 غم,144,0.13,18.72,PKGWH
26000305,Closed (مغلق),1011101,الموسم طحينية 400 غم 1*12,2/4/2026,144,26000330,1181370,كرتون اكسترا فاخرة طحينية 400 غم,12,0.165,1.98,WIP
26000305,Closed (مغلق),1011101,الموسم طحينية 400 غم 1*12,2/4/2026,144,26000330,1171017,طحينية بلك ميار - موسم  كروما,50.4,1.457,73.433,WIP
26000306,Closed (مغلق),1011027,شيخ الكار طحينية 18 كغم تنك 1*1,2/4/2026,445,26000301,1181301,تنك شيخ الكار طحينية 18 كغم -فارغ,445,1.271,565.595,PKGWH
26000306,Closed (مغلق),1011027,شيخ الكار طحينية 18 كغم تنك 1*1,2/4/2026,445,26000301,1171017,طحينية بلك ميار - موسم  كروما,8010,1.457,11670.57,WIP
26000307,Closed (مغلق),1011088,الموسم طحينية 800 غم  1*12,2/4/2026,240,26000298,1171017,طحينية بلك ميار - موسم  كروما,192,1.502,288.384,WIP
26000307,Closed (مغلق),1011088,الموسم طحينية 800 غم  1*12,2/4/2026,240,26000298,1181008,كرتون متعدد طحينية 800 غم اكسترا فاخرة,20,0.223,4.46,PKGWH
26000307,Closed (مغلق),1011088,الموسم طحينية 800 غم  1*12,2/4/2026,240,26000298,1181037,مرتبان الموسم طحينية 800 غم,240,0.099,23.76,PKGWH
26000308,Closed (مغلق),1171017,طحينية بلك ميار - موسم  كروما,2/4/2026,20000,26000299,1171025,سمسم خام برازيلي اناهي,23200,1.282,29742.4,RMWH
26000308,Closed (مغلق),1171017,طحينية بلك ميار - موسم  كروما,2/4/2026,20000,26000367,1171025,سمسم خام برازيلي اناهي,23200,1.282,29742.4,RMWH
26000308,Closed (مغلق),1171017,طحينية بلك ميار - موسم  كروما,2/4/2026,20000,26000367,1171006,ملح,7000,0.025,175,RMWH
26000309,Closed (مغلق),1171017,طحينية بلك ميار - موسم  كروما,2/4/2026,2000,26000300,1171025,سمسم خام برازيلي اناهي,2000,1.282,2564,RMWH
26000310,Closed (مغلق),1171017,طحينية بلك ميار - موسم  كروما,2/5/2026,10000,26000484,1171025,سمسم خام برازيلي اناهي,11600,1.282,14871.2,RMWH
26000310,Closed (مغلق),1171017,طحينية بلك ميار - موسم  كروما,2/5/2026,10000,26000484,1171006,ملح,3500,0.025,87.5,RMWH
26000311,Closed (مغلق),1021031,ميار حلاوة 1200 غم برش فستق 1*6,2/4/2026,480,26000323,1171028,حلاوة بلك فستق ميار,532.8,1.17,623.376,WIP
26000311,Closed (مغلق),1021031,ميار حلاوة 1200 غم برش فستق 1*6,2/4/2026,480,26000323,1181378,علب ميار حلاوة 1300 غم رشة فستق,480,0.28,134.4,PKGWH
26000311,Closed (مغلق),1021031,ميار حلاوة 1200 غم برش فستق 1*6,2/4/2026,480,26000323,1181014,كرتون ميار حلاوة 1300 غم رشة فستق,80,0.218,17.44,PKGWH
26000312,Closed (مغلق),1021041,شيخ الكار حلاوة 700 غم سادة 1*12,2/3/2026,1524,26000324,1181113,"كرتون شيخ الكار حلاوة 700/800 غم (فستق،سادة،شوكولاتة،ملوكي) دمعة",127,0.197,25.019,PKGWH
26000312,Closed (مغلق),1021041,شيخ الكار حلاوة 700 غم سادة 1*12,2/3/2026,1524,26000324,1171022,حلاوة بلك سادة شيخ الكار,975.36,0.989,964.631,WIP
26000312,Closed (مغلق),1021041,شيخ الكار حلاوة 700 غم سادة 1*12,2/3/2026,1524,26000324,1181425,علب شيخ الكار حلاوة 700 غم سادة,1524,0.15,228.6,PKGWH
26000313,Closed (مغلق),1021038,شيخ الكار حلاوة 700 غم شوكولاته 1*12,2/4/2026,720,26000326,1181113,"كرتون شيخ الكار حلاوة 700/800 غم (فستق،سادة،شوكولاتة،ملوكي) دمعة",60,0.197,11.82,PKGWH
26000313,Closed (مغلق),1021038,شيخ الكار حلاوة 700 غم شوكولاته 1*12,2/4/2026,720,26000326,1171026,حلاوة بلك شوكولاته شيخ الكار,460.8,1.135,523.008,WIP
26000313,Closed (مغلق),1021038,شيخ الكار حلاوة 700 غم شوكولاته 1*12,2/4/2026,720,26000326,1181422,علب شيخ الكار حلاوة 700 غم شوكولاتة,720,0.15,108,PKGWH
26000314,Closed (مغلق),1021060,شيخ الكار حلاوة 1300 غم فستق 1*6,2/4/2026,219,26000327,1181067,كرتون شيخ الكار حلاوة 1300 غم فستق,36,0.201,7.236,PKGWH
26000314,Closed (مغلق),1021060,شيخ الكار حلاوة 1300 غم فستق 1*6,2/4/2026,219,26000327,1171031,حلاوة بلك فستق شيخ الكار,264.99,1.194,316.398,WIP
26000314,Closed (مغلق),1021060,شيخ الكار حلاوة 1300 غم فستق 1*6,2/4/2026,219,26000327,1181280,علب شيخ الكار حلاوة 1300 غم فستق,219,0.28,61.32,PKGWH
26000315,Closed (مغلق),1021030,ميار حلاوة 550 غم رشة فستق 1*12,2/4/2026,1200,26000325,1171013,حلاوة بلك رشة فستق ميار,600,1.278,766.8,WIP
26000315,Closed (مغلق),1021030,ميار حلاوة 550 غم رشة فستق 1*12,2/4/2026,1200,26000325,1181379,علب ميار حلاوة 550 غم رشة فستق أمنية,1200,0.127,152.4,PKGWH
26000315,Closed (مغلق),1021030,ميار حلاوة 550 غم رشة فستق 1*12,2/4/2026,1200,26000325,1181027,"كرتون متعدد حلاوة 550 غم (ميار،فاخرة) أمنية",100,0.228,22.8,PKGWH
26000316,Closed (مغلق),1171020,حلاوة بلك سادة ميار - موسم,2/3/2026,1339,26000302,1171010,جلوكوز,225,0.36,81,RMWH
26000316,Closed (مغلق),1171020,حلاوة بلك سادة ميار - موسم,2/3/2026,1339,26000303,1171014,عرق حلاوة,6,1.503,9.018,WIP
26000316,Closed (مغلق),1171020,حلاوة بلك سادة ميار - موسم,2/3/2026,1339,26000302,1171014,عرق حلاوة,6,1.503,9.018,RMWH
26000316,Closed (مغلق),1171020,حلاوة بلك سادة ميار - موسم,2/3/2026,1339,26000303,1081001,سكر 50 كعم 20*50,0.45,390.048,175.522,WIP
26000316,Closed (مغلق),1171020,حلاوة بلك سادة ميار - موسم,2/3/2026,1339,26000302,1081001,سكر 50 كعم 20*50,0.45,390.048,175.522,RMWH
26000316,Closed (مغلق),1171020,حلاوة بلك سادة ميار - موسم,2/3/2026,1339,26000303,1171008,مثبت,24,1.473,35.352,WIP
26000316,Closed (مغلق),1171020,حلاوة بلك سادة ميار - موسم,2/3/2026,1339,26000302,1171008,مثبت,24,1.473,35.352,RMWH
26000316,Closed (مغلق),1171020,حلاوة بلك سادة ميار - موسم,2/3/2026,1339,26000303,1171005,فانيلا,0.45,14.666,6.6,WIP
26000316,Closed (مغلق),1171020,حلاوة بلك سادة ميار - موسم,2/3/2026,1339,26000302,1171005,فانيلا,0.45,14.666,6.6,WIP
26000316,Closed (مغلق),1171020,حلاوة بلك سادة ميار - موسم,2/3/2026,1339,26000303,1171015,طحينية بلك شيخ الكار حجر,669,1.519,1016.211,WIP
26000316,Closed (مغلق),1171020,حلاوة بلك سادة ميار - موسم,2/3/2026,1339,26000302,1171015,طحينية بلك شيخ الكار حجر,669,1.519,1016.211,WIP
26000316,Closed (مغلق),1171020,حلاوة بلك سادة ميار - موسم,2/3/2026,1339,26000303,1171001,ملح ليمون,0.75,0.736,0.552,WIP
26000316,Closed (مغلق),1171020,حلاوة بلك سادة ميار - موسم,2/3/2026,1339,26000303,1171010,جلوكوز,225,0.36,81,WIP
26000316,Closed (مغلق),1171020,حلاوة بلك سادة ميار - موسم,2/3/2026,1339,26000302,1171001,ملح ليمون,0.75,0.736,0.552,RMWH
26000317,Closed (مغلق),1171028,حلاوة بلك فستق ميار,2/3/2026,1351,26000304,1171020,حلاوة بلك سادة ميار - موسم,1339,0.989,1324.271,WIP
26000317,Closed (مغلق),1171028,حلاوة بلك فستق ميار,2/3/2026,1351,26000304,1171011,فستق حلبي,12,17.79,213.48,WIP
26000318,Closed (مغلق),1171022,حلاوة بلك سادة شيخ الكار,2/3/2026,2161,26000305,1171010,جلوكوز,375,0.36,135,RMWH
26000318,Closed (مغلق),1171022,حلاوة بلك سادة شيخ الكار,2/3/2026,2161,26000305,1171014,عرق حلاوة,10,1.503,15.03,RMWH
26000318,Closed (مغلق),1171022,حلاوة بلك سادة شيخ الكار,2/3/2026,2161,26000305,1081001,سكر 50 كعم 20*50,0.75,390.048,292.536,RMWH
26000318,Closed (مغلق),1171022,حلاوة بلك سادة شيخ الكار,2/3/2026,2161,26000305,1171008,مثبت,40,1.473,58.92,RMWH
26000318,Closed (مغلق),1171022,حلاوة بلك سادة شيخ الكار,2/3/2026,2161,26000305,1171005,فانيلا,0.75,14.666,11,WIP
26000318,Closed (مغلق),1171022,حلاوة بلك سادة شيخ الكار,2/3/2026,2161,26000305,1171015,طحينية بلك شيخ الكار حجر,1072,1.519,1628.368,WIP
26000318,Closed (مغلق),1171022,حلاوة بلك سادة شيخ الكار,2/3/2026,2161,26000305,1171001,ملح ليمون,1.25,0.736,0.92,RMWH
26000319,Closed (مغلق),1171026,حلاوة بلك شوكولاته شيخ الكار,2/3/2026,465,26000306,1171022,حلاوة بلك سادة شيخ الكار,439,0.989,434.171,WIP
26000319,Closed (مغلق),1171026,حلاوة بلك شوكولاته شيخ الكار,2/3/2026,465,26000306,1171003,كاكاو,14,6,84,RMWH
26000319,Closed (مغلق),1171026,حلاوة بلك شوكولاته شيخ الكار,2/3/2026,465,26000306,1171015,طحينية بلك شيخ الكار حجر,12,1.519,18.228,WIP
26000320,Closed (مغلق),1011087,تمور البركة طحينية 400 غم *12,2/4/2026,6132,26000309,1171015,طحينية بلك شيخ الكار حجر,2452.8,1.519,3725.803,WIP
26000320,Closed (مغلق),1011087,تمور البركة طحينية 400 غم *12,2/4/2026,6132,26000309,1181039,مرتبان تمور البركة طحينية 400 غم,6132,0.13,797.16,PKGWH
26000320,Closed (مغلق),1011087,تمور البركة طحينية 400 غم *12,2/4/2026,6132,26000309,1181370,كرتون اكسترا فاخرة طحينية 400 غم,511,0.165,84.315,WIP
26000321,Closed (مغلق),1011101,الموسم طحينية 400 غم 1*12,1/14/2026,1572,26000307,1011101,الموسم طحينية 400 غم 1*12,1572,0.697,1095.684,FGWH
26000322,Closed (مغلق),1011101,الموسم طحينية 400 غم 1*12,1/14/2026,1572,26000308,1181056,مرتبان الموسم طحينية 400 غم,1572,0.13,204.36,WIP
26000322,Closed (مغلق),1011101,الموسم طحينية 400 غم 1*12,1/14/2026,1572,26000308,1181370,كرتون اكسترا فاخرة طحينية 400 غم,131,0.165,21.615,WIP
26000322,Closed (مغلق),1011101,الموسم طحينية 400 غم 1*12,1/14/2026,1572,26000308,1171017,طحينية بلك ميار - موسم  كروما,550.2,1.457,801.641,WIP
26000323,Closed (مغلق),1171022,حلاوة بلك سادة شيخ الكار,2/4/2026,4830,26000310,1171010,جلوكوز,825,0.36,297,RMWH
26000323,Closed (مغلق),1171022,حلاوة بلك سادة شيخ الكار,2/4/2026,4830,26000310,1171014,عرق حلاوة,22,1.503,33.066,RMWH
26000323,Closed (مغلق),1171022,حلاوة بلك سادة شيخ الكار,2/4/2026,4830,26000310,1081001,سكر 50 كعم 20*50,1.65,390.048,643.579,RMWH
26000323,Closed (مغلق),1171022,حلاوة بلك سادة شيخ الكار,2/4/2026,4830,26000310,1171008,مثبت,88,1.473,129.624,RMWH
26000323,Closed (مغلق),1171022,حلاوة بلك سادة شيخ الكار,2/4/2026,4830,26000310,1171005,فانيلا,1.65,14.666,24.199,WIP
26000323,Closed (مغلق),1171022,حلاوة بلك سادة شيخ الكار,2/4/2026,4830,26000310,1171015,طحينية بلك شيخ الكار حجر,2373,1.519,3604.587,WIP
26000323,Closed (مغلق),1171022,حلاوة بلك سادة شيخ الكار,2/4/2026,4830,26000310,1171001,ملح ليمون,2.75,0.736,2.024,RMWH
26000324,Closed (مغلق),1171031,حلاوة بلك فستق شيخ الكار,2/4/2026,773,26000311,1171022,حلاوة بلك سادة شيخ الكار,763,0.983,750.029,WIP
26000324,Closed (مغلق),1171031,حلاوة بلك فستق شيخ الكار,2/4/2026,773,26000311,1171011,فستق حلبي,10,17.79,177.9,WIP
26000325,Closed (مغلق),1171026,حلاوة بلك شوكولاته شيخ الكار,2/4/2026,487,26000312,1171022,حلاوة بلك سادة شيخ الكار,461,0.983,453.163,WIP
26000325,Closed (مغلق),1171026,حلاوة بلك شوكولاته شيخ الكار,2/4/2026,487,26000312,1171003,كاكاو,14,6,84,RMWH
26000325,Closed (مغلق),1171026,حلاوة بلك شوكولاته شيخ الكار,2/4/2026,487,26000312,1171015,طحينية بلك شيخ الكار حجر,12,1.519,18.228,WIP
26000326,Closed (مغلق),1171020,حلاوة بلك سادة ميار - موسم,2/4/2026,1123,26000313,1171010,جلوكوز,225,0.36,81,RMWH
26000326,Closed (مغلق),1171020,حلاوة بلك سادة ميار - موسم,2/4/2026,1123,26000313,1171014,عرق حلاوة,6,1.503,9.018,RMWH
26000326,Closed (مغلق),1171020,حلاوة بلك سادة ميار - موسم,2/4/2026,1123,26000313,1081001,سكر 50 كعم 20*50,0.45,390.048,175.522,RMWH
26000326,Closed (مغلق),1171020,حلاوة بلك سادة ميار - موسم,2/4/2026,1123,26000313,1171008,مثبت,24,1.473,35.352,RMWH
26000326,Closed (مغلق),1171020,حلاوة بلك سادة ميار - موسم,2/4/2026,1123,26000313,1171005,فانيلا,0.45,14.666,6.6,WIP
26000326,Closed (مغلق),1171020,حلاوة بلك سادة ميار - موسم,2/4/2026,1123,26000313,1171015,طحينية بلك شيخ الكار حجر,672,1.519,1020.768,WIP
26000326,Closed (مغلق),1171020,حلاوة بلك سادة ميار - موسم,2/4/2026,1123,26000313,1171001,ملح ليمون,0.75,0.736,0.552,RMWH
26000327,Closed (مغلق),1171028,حلاوة بلك فستق ميار,2/4/2026,531,26000314,1171020,حلاوة بلك سادة ميار - موسم,527,1.167,615.009,WIP
26000327,Closed (مغلق),1171028,حلاوة بلك فستق ميار,2/4/2026,531,26000314,1171011,فستق حلبي,4,17.79,71.16,WIP
26000328,Closed (مغلق),1171013,حلاوة بلك رشة فستق ميار,2/4/2026,600,26000315,1171020,حلاوة بلك سادة ميار - موسم,596,1.167,695.532,WIP
26000328,Closed (مغلق),1171013,حلاوة بلك رشة فستق ميار,2/4/2026,600,26000315,1171011,فستق حلبي,4,17.79,71.16,RMWH
26000329,Closed (مغلق),1171022,حلاوة بلك سادة شيخ الكار,2/5/2026,2186,26000316,1171010,جلوكوز,375,0.36,135,RMWH
26000329,Closed (مغلق),1171022,حلاوة بلك سادة شيخ الكار,2/5/2026,2186,26000316,1171014,عرق حلاوة,10,1.503,15.03,RMWH
26000329,Closed (مغلق),1171022,حلاوة بلك سادة شيخ الكار,2/5/2026,2186,26000316,1081001,سكر 50 كعم 20*50,0.75,390.048,292.536,RMWH
26000329,Closed (مغلق),1171022,حلاوة بلك سادة شيخ الكار,2/5/2026,2186,26000316,1171008,مثبت,40,1.473,58.92,RMWH
26000329,Closed (مغلق),1171022,حلاوة بلك سادة شيخ الكار,2/5/2026,2186,26000316,1171005,فانيلا,0.75,14.666,11,WIP
26000329,Closed (مغلق),1171022,حلاوة بلك سادة شيخ الكار,2/5/2026,2186,26000316,1171015,طحينية بلك شيخ الكار حجر,1107,1.519,1681.533,WIP
26000329,Closed (مغلق),1171022,حلاوة بلك سادة شيخ الكار,2/5/2026,2186,26000316,1171001,ملح ليمون,1.25,0.736,0.92,RMWH
26000330,Closed (مغلق),1171031,حلاوة بلك فستق شيخ الكار,2/5/2026,453,26000317,1171022,حلاوة بلك سادة شيخ الكار,449.5,0.989,444.556,WIP
26000330,Closed (مغلق),1171031,حلاوة بلك فستق شيخ الكار,2/5/2026,453,26000317,1171011,فستق حلبي,3.5,17.79,62.265,RMWH
26000331,Closed (مغلق),1171026,حلاوة بلك شوكولاته شيخ الكار,2/5/2026,967,26000318,1171022,حلاوة بلك سادة شيخ الكار,923,0.989,912.847,WIP
26000331,Closed (مغلق),1171026,حلاوة بلك شوكولاته شيخ الكار,2/5/2026,967,26000318,1171003,كاكاو,24,6,144,RMWH
26000331,Closed (مغلق),1171026,حلاوة بلك شوكولاته شيخ الكار,2/5/2026,967,26000318,1171015,طحينية بلك شيخ الكار حجر,20,1.519,30.38,WIP
26000332,Closed (مغلق),1171020,حلاوة بلك سادة ميار - موسم,2/5/2026,380,26000319,1171010,جلوكوز,75,0.36,27,RMWH
26000332,Closed (مغلق),1171020,حلاوة بلك سادة ميار - موسم,2/5/2026,380,26000319,1171014,عرق حلاوة,2,1.503,3.006,RMWH
26000332,Closed (مغلق),1171020,حلاوة بلك سادة ميار - موسم,2/5/2026,380,26000319,1081001,سكر 50 كعم 20*50,0.15,390.048,58.507,RMWH
26000332,Closed (مغلق),1171020,حلاوة بلك سادة ميار - موسم,2/5/2026,380,26000319,1171008,مثبت,8,1.473,11.784,RMWH
26000332,Closed (مغلق),1171020,حلاوة بلك سادة ميار - موسم,2/5/2026,380,26000319,1171005,فانيلا,0.15,14.666,2.2,WIP
26000332,Closed (مغلق),1171020,حلاوة بلك سادة ميار - موسم,2/5/2026,380,26000319,1171015,طحينية بلك شيخ الكار حجر,200,1.519,303.8,WIP
26000332,Closed (مغلق),1171020,حلاوة بلك سادة ميار - موسم,2/5/2026,380,26000319,1171001,ملح ليمون,0.25,0.736,0.184,RMWH
26000333,Closed (مغلق),1171016,حلاوة بلك دايت,2/4/2026,270,26000320,1171008,مثبت,5,1.473,7.365,RMWH
26000333,Closed (مغلق),1171016,حلاوة بلك دايت,2/4/2026,270,26000320,1171005,فانيلا,0.1,14.666,1.467,WIP
26000333,Closed (مغلق),1171016,حلاوة بلك دايت,2/4/2026,270,26000320,1171014,عرق حلاوة,1.5,1.503,2.255,RMWH
26000333,Closed (مغلق),1171016,حلاوة بلك دايت,2/4/2026,270,26000320,1171015,طحينية بلك شيخ الكار حجر,130,1.519,197.47,WIP
26000333,Closed (مغلق),1171016,حلاوة بلك دايت,2/4/2026,270,26000320,1171007,قطر دايت,9,1.428,12.852,RMWH
26000333,Closed (مغلق),1171016,حلاوة بلك دايت,2/4/2026,270,26000320,1171009,بديل السكر,150,2.776,416.4,RMWH
26000334,Closed (مغلق),1011028,شيخ الكار طحينية 9 كغم تنك 1*1,2/5/2026,240,26000450,1181312,تنك شيخ الكار طحينية 9 كغم -فارغ,240,0.912,218.88,PKGWH
26000334,Closed (مغلق),1011028,شيخ الكار طحينية 9 كغم تنك 1*1,2/5/2026,240,26000450,1171015,طحينية بلك شيخ الكار حجر,1992,1.734,3454.128,WIP
26000335,Closed (مغلق),1011088,الموسم طحينية 800 غم  1*12,2/5/2026,960,26000321,1171017,طحينية بلك ميار - موسم  كروما,768,1.457,1118.976,WIP
26000335,Closed (مغلق),1011088,الموسم طحينية 800 غم  1*12,2/5/2026,960,26000321,1181008,كرتون متعدد طحينية 800 غم اكسترا فاخرة,80,0.223,17.84,PKGWH
26000335,Closed (مغلق),1011088,الموسم طحينية 800 غم  1*12,2/5/2026,960,26000321,1181037,مرتبان الموسم طحينية 800 غم,960,0.099,95.04,PKGWH
26000336,Closed (مغلق),1011087,تمور البركة طحينية 400 غم *12,2/5/2026,2568,26000322,1171015,طحينية بلك شيخ الكار حجر,1027.2,1.519,1560.317,WIP
26000336,Closed (مغلق),1011087,تمور البركة طحينية 400 غم *12,2/5/2026,2568,26000322,1181039,مرتبان تمور البركة طحينية 400 غم,2568,0.13,333.84,PKGWH
26000336,Closed (مغلق),1011087,تمور البركة طحينية 400 غم *12,2/5/2026,2568,26000322,1181370,كرتون اكسترا فاخرة طحينية 400 غم,214,0.165,35.31,WIP
26000337,Closed (مغلق),1011095,الافندي طحينية 500 غم 1*12,2/5/2026,600,26000328,1171017,طحينية بلك ميار - موسم  كروما,300,1.457,437.1,WIP
26000337,Closed (مغلق),1011095,الافندي طحينية 500 غم 1*12,2/5/2026,600,26000328,1181488,مرتبان الأفندي طحينية 550 غم,600,0.16,96,PKGWH
26000337,Closed (مغلق),1011095,الافندي طحينية 500 غم 1*12,2/5/2026,600,26000328,1181009,كرتون ميار طحينية 550 غم صواني,50,0.184,9.2,PKGWH
26000338,Closed (مغلق),1171022,حلاوة بلك سادة شيخ الكار,2/6/2026,3895,26000332,1171010,جلوكوز,675,0.36,243,RMWH
26000338,Closed (مغلق),1171022,حلاوة بلك سادة شيخ الكار,2/6/2026,3895,26000332,1171014,عرق حلاوة,18,1.503,27.054,RMWH
26000338,Closed (مغلق),1171022,حلاوة بلك سادة شيخ الكار,2/6/2026,3895,26000332,1081001,سكر 50 كعم 20*50,1.325,390.048,516.814,RMWH
26000338,Closed (مغلق),1171022,حلاوة بلك سادة شيخ الكار,2/6/2026,3895,26000332,1171008,مثبت,72,1.473,106.056,RMWH
26000338,Closed (مغلق),1171022,حلاوة بلك سادة شيخ الكار,2/6/2026,3895,26000332,1171005,فانيلا,1.35,14.666,19.799,WIP
26000338,Closed (مغلق),1171022,حلاوة بلك سادة شيخ الكار,2/6/2026,3895,26000332,1171015,طحينية بلك شيخ الكار حجر,1907,1.519,2896.733,WIP
26000338,Closed (مغلق),1171022,حلاوة بلك سادة شيخ الكار,2/6/2026,3895,26000332,1171001,ملح ليمون,2.25,0.736,1.656,RMWH
26000339,Closed (مغلق),1171031,حلاوة بلك فستق شيخ الكار,2/6/2026,2661,26000333,1171022,حلاوة بلك سادة شيخ الكار,2694,0.984,2650.896,WIP
26000339,Closed (مغلق),1171031,حلاوة بلك فستق شيخ الكار,2/6/2026,2661,26000333,1171011,فستق حلبي,21,17.79,373.59,RMWH
26000340,Closed (مغلق),1171020,حلاوة بلك سادة ميار - موسم,2/6/2026,2694,26000334,1171010,جلوكوز,450,0.36,162,RMWH
26000340,Closed (مغلق),1171020,حلاوة بلك سادة ميار - موسم,2/6/2026,2694,26000334,1171014,عرق حلاوة,12,1.503,18.036,RMWH
26000340,Closed (مغلق),1171020,حلاوة بلك سادة ميار - موسم,2/6/2026,2694,26000334,1081001,سكر 50 كعم 20*50,0.9,390.048,351.043,RMWH
26000340,Closed (مغلق),1171020,حلاوة بلك سادة ميار - موسم,2/6/2026,2694,26000334,1171008,مثبت,48,1.473,70.704,RMWH
26000340,Closed (مغلق),1171020,حلاوة بلك سادة ميار - موسم,2/6/2026,2694,26000334,1171005,فانيلا,0.9,14.666,13.199,WIP
26000340,Closed (مغلق),1171020,حلاوة بلك سادة ميار - موسم,2/6/2026,2694,26000334,1171015,طحينية بلك شيخ الكار حجر,1341,1.519,2036.979,WIP
26000340,Closed (مغلق),1171020,حلاوة بلك سادة ميار - موسم,2/6/2026,2694,26000334,1171001,ملح ليمون,1.5,0.736,1.104,RMWH
26000341,Closed (مغلق),1171028,حلاوة بلك فستق ميار,2/6/2026,2715,26000336,1171020,حلاوة بلك سادة ميار - موسم,2673,1.001,2675.673,WIP
26000341,Closed (مغلق),1171028,حلاوة بلك فستق ميار,2/6/2026,2715,26000336,1171011,فستق حلبي,21,17.79,373.59,WIP
26000342,Closed (مغلق),1171031,حلاوة بلك فستق شيخ الكار,2/6/2026,2661,26000335,1171031,حلاوة بلك فستق شيخ الكار,2661,1.164,3097.404,WIP
26000343,Closed (مغلق),1171031,حلاوة بلك فستق شيخ الكار,2/6/2026,2661,26000337,1171022,حلاوة بلك سادة شيخ الكار,2628,0.984,2585.952,WIP
26000343,Closed (مغلق),1171031,حلاوة بلك فستق شيخ الكار,2/6/2026,2661,26000337,1171011,فستق حلبي,33,17.79,587.07,WIP
26000344,Closed (مغلق),1021050,شيخ الكار حلاوة 800 غم سادة 1*12,2/5/2026,1200,26000338,1181113,"كرتون شيخ الكار حلاوة 700/800 غم (فستق،سادة،شوكولاتة،ملوكي) دمعة",100,0.197,19.7,PKGWH
26000344,Closed (مغلق),1021050,شيخ الكار حلاوة 800 غم سادة 1*12,2/5/2026,1200,26000338,1171022,حلاوة بلك سادة شيخ الكار,960,0.984,944.64,WIP
26000344,Closed (مغلق),1021050,شيخ الكار حلاوة 800 غم سادة 1*12,2/5/2026,1200,26000338,1181462,علب شيخ الكار حلاوة 800 غم سادة,1200,0.15,180,PKGWH
26000345,Closed (مغلق),1021041,شيخ الكار حلاوة 700 غم سادة 1*12,2/5/2026,504,26000339,1181113,"كرتون شيخ الكار حلاوة 700/800 غم (فستق،سادة،شوكولاتة،ملوكي) دمعة",42,0.197,8.274,PKGWH
26000345,Closed (مغلق),1021041,شيخ الكار حلاوة 700 غم سادة 1*12,2/5/2026,504,26000339,1171022,حلاوة بلك سادة شيخ الكار,322.56,0.984,317.399,WIP
26000345,Closed (مغلق),1021041,شيخ الكار حلاوة 700 غم سادة 1*12,2/5/2026,504,26000339,1181425,علب شيخ الكار حلاوة 700 غم سادة,504,0.15,75.6,PKGWH
26000346,Closed (مغلق),1021052,شيخ الكار حلاوة 4 كغم سادة تنك 1*1,2/5/2026,116,26000340,1171022,حلاوة بلك سادة شيخ الكار,92.8,0.984,91.315,WIP
26000346,Closed (مغلق),1021052,شيخ الكار حلاوة 4 كغم سادة تنك 1*1,2/5/2026,116,26000340,1181305,تنك شيخ الكار حلاوة 4 كغم سادة نصاصي,116,1.108,128.528,PKGWH
26000347,Closed (مغلق),1021060,شيخ الكار حلاوة 1300 غم فستق 1*6,2/5/2026,476,26000341,1181067,كرتون شيخ الكار حلاوة 1300 غم فستق,80,0.201,16.08,PKGWH
26000347,Closed (مغلق),1021060,شيخ الكار حلاوة 1300 غم فستق 1*6,2/5/2026,476,26000341,1171031,حلاوة بلك فستق شيخ الكار,575.96,1.179,679.057,WIP
26000347,Closed (مغلق),1021060,شيخ الكار حلاوة 1300 غم فستق 1*6,2/5/2026,476,26000341,1181280,علب شيخ الكار حلاوة 1300 غم فستق,476,0.28,133.28,PKGWH
26000348,Closed (مغلق),1021020,ميار حلاوة 2200 غم برش فستق 1*4,2/5/2026,120,26000342,1171028,حلاوة بلك فستق ميار,249,1.141,284.109,WIP
26000348,Closed (مغلق),1021020,ميار حلاوة 2200 غم برش فستق 1*4,2/5/2026,120,26000342,1181375,علب ميار حلاوة 2300 غم رشة فستق,120,0.306,36.72,PKGWH
26000348,Closed (مغلق),1021020,ميار حلاوة 2200 غم برش فستق 1*4,2/5/2026,120,26000342,1181015,كرتون ميار حلاوة 2300 غم رشة فستق قديم,30,0.183,5.49,PKGWH
26000349,Closed (مغلق),1021039,شيخ الكار حلاوة 700 غم فستق 1*12,2/7/2026,2052,26000343,1181113,"كرتون شيخ الكار حلاوة 700/800 غم (فستق،سادة،شوكولاتة،ملوكي) دمعة",171,0.197,33.687,PKGWH
26000349,Closed (مغلق),1021039,شيخ الكار حلاوة 700 غم فستق 1*12,2/7/2026,2052,26000343,1171031,حلاوة بلك فستق شيخ الكار,1313.28,1.179,1548.357,WIP
26000349,Closed (مغلق),1021039,شيخ الكار حلاوة 700 غم فستق 1*12,2/7/2026,2052,26000343,1181423,علب شيخ الكار حلاوة 700 غم فستق,2052,0.15,307.8,PKGWH
26000350,Closed (مغلق),1021063,شيخ الكار حلاوة 2300 غم فستق 1*4,2/7/2026,400,26000344,1181065,كرتون شيخ الكار حلاوة 2300 غم فستق,100,0.166,16.6,PKGWH
26000350,Closed (مغلق),1021063,شيخ الكار حلاوة 2300 غم فستق 1*4,2/7/2026,400,26000344,1171031,حلاوة بلك فستق شيخ الكار,870,1.179,1025.73,WIP
26000350,Closed (مغلق),1021063,شيخ الكار حلاوة 2300 غم فستق 1*4,2/7/2026,400,26000344,1181435,علب شيخ الكار حلاوة 2300 غم فستق,400,0.32,128,PKGWH
26000351,Closed (مغلق),1021041,شيخ الكار حلاوة 700 غم سادة 1*12,2/7/2026,1440,26000345,1181113,"كرتون شيخ الكار حلاوة 700/800 غم (فستق،سادة،شوكولاتة،ملوكي) دمعة",120,0.197,23.64,PKGWH
26000351,Closed (مغلق),1021041,شيخ الكار حلاوة 700 غم سادة 1*12,2/7/2026,1440,26000345,1171022,حلاوة بلك سادة شيخ الكار,921.6,0.984,906.854,WIP
26000351,Closed (مغلق),1021041,شيخ الكار حلاوة 700 غم سادة 1*12,2/7/2026,1440,26000345,1181425,علب شيخ الكار حلاوة 700 غم سادة,1440,0.15,216,PKGWH
26000352,Closed (مغلق),1021038,شيخ الكار حلاوة 700 غم شوكولاته 1*12,2/7/2026,468,26000346,1181113,"كرتون شيخ الكار حلاوة 700/800 غم (فستق،سادة،شوكولاتة،ملوكي) دمعة",39,0.197,7.683,PKGWH
26000352,Closed (مغلق),1021038,شيخ الكار حلاوة 700 غم شوكولاته 1*12,2/7/2026,468,26000346,1171026,حلاوة بلك شوكولاته شيخ الكار,299.52,1.135,339.955,WIP
26000352,Closed (مغلق),1021038,شيخ الكار حلاوة 700 غم شوكولاته 1*12,2/7/2026,468,26000346,1181422,علب شيخ الكار حلاوة 700 غم شوكولاتة,468,0.15,70.2,PKGWH
26000353,Closed (مغلق),1021020,ميار حلاوة 2200 غم برش فستق 1*4,2/7/2026,420,26000347,1171028,حلاوة بلك فستق ميار,871.5,1.141,994.382,WIP
26000353,Closed (مغلق),1021020,ميار حلاوة 2200 غم برش فستق 1*4,2/7/2026,420,26000347,1181375,علب ميار حلاوة 2300 غم رشة فستق,420,0.306,128.52,PKGWH
26000353,Closed (مغلق),1021020,ميار حلاوة 2200 غم برش فستق 1*4,2/7/2026,420,26000347,1181015,كرتون ميار حلاوة 2300 غم رشة فستق قديم,105,0.183,19.215,PKGWH
26000354,Closed (مغلق),1021161,الموسم حلاوة 1200 غم برش فستق 1*6,2/7/2026,1206,26000352,1171028,حلاوة بلك فستق ميار,1338.66,1.141,1527.411,WIP
26000354,Closed (مغلق),1021161,الموسم حلاوة 1200 غم برش فستق 1*6,2/7/2026,1206,26000352,1181557,علب الموسم حلاوة 1300 غم رشة فستق,1206,0.28,337.68,PKGWH
26000354,Closed (مغلق),1021161,الموسم حلاوة 1200 غم برش فستق 1*6,2/7/2026,1206,26000352,1181402,كرتون الموسم حلاوة 1300 غم رشة فستق,201,0.235,47.235,PKGWH
26000355,Closed (مغلق),1021047,شيخ الكار حلاوة 400 غم سادة دايت 1*12,2/7/2026,670,26000348,1181006,"كرتون متعدد شيخ الكار حلاوة 400 غم (فستق،سادة،شوكولاتة) دمعة",56,0.093,5.208,PKGWH
26000355,Closed (مغلق),1021047,شيخ الكار حلاوة 400 غم سادة دايت 1*12,2/7/2026,670,26000348,1171016,حلاوة بلك دايت,268,2.359,632.212,WIP
26000355,Closed (مغلق),1021047,شيخ الكار حلاوة 400 غم سادة دايت 1*12,2/7/2026,670,26000348,1181438,علب شيخ الكار حلاوة 400 غم دايت,670,0.091,60.97,PKGWH
26000356,Closed (مغلق),1011035,شيخ الكار طحينية 18 كغم سطل 1*1,2/7/2026,167,26000349,1171015,طحينية بلك شيخ الكار حجر,3006,1.519,4566.114,WIP
26000357,Closed (مغلق),1011033,شيخ الكار طحينية 15 كغم تنك 1*1,2/7/2026,160,26000351,1171015,طحينية بلك شيخ الكار حجر,2280,1.519,3463.32,WIP
26000357,Closed (مغلق),1011033,شيخ الكار طحينية 15 كغم تنك 1*1,2/7/2026,160,26000351,1181304,تنك شيخ الكار طحينية 15 كغم -فارغ,160,1.155,184.8,PKGWH
26000358,Closed (مغلق),1011090,شيخ الكار طحينية 900 غم 1*12 جديد,2/7/2026,1680,26000350,1171015,طحينية بلك شيخ الكار حجر,1428,1.519,2169.132,WIP
26000358,Closed (مغلق),1011090,شيخ الكار طحينية 900 غم 1*12 جديد,2/7/2026,1680,26000350,1181097,كرتون شيخ الكار طحينية 900 غم جديد ابيض,139.44,0.191,26.633,PKGWH
26000358,Closed (مغلق),1011090,شيخ الكار طحينية 900 غم 1*12 جديد,2/7/2026,1680,26000350,1181192,قارورة طحينية  شيخ الكار 900 غم  جديد,1680,0.124,208.32,PKGWH
26000359,Closed (مغلق),1011098,الافندي طحينية 250 غم 1*12,2/8/2026,1200,26000354,1171017,طحينية بلك ميار - موسم  كروما,258,1.457,375.906,WIP
26000359,Closed (مغلق),1011098,الافندي طحينية 250 غم 1*12,2/8/2026,1200,26000354,1181561,مرتبان الأفندي طحينية 250 غم,1200,0.09,108,PKGWH
26000359,Closed (مغلق),1011098,الافندي طحينية 250 غم 1*12,2/8/2026,1200,26000354,1181001,كرتون متعدد طحينية 300 اكسترا,99.6,0.198,19.721,PKGWH
26000360,Closed (مغلق),1021017,ميار حلاوة 2300 غم رشة فستق 1*4,2/7/2026,250,26000353,1021020,ميار حلاوة 2200 غم برش فستق 1*4,250,2.565,641.25,SAHABWH
26000361,Closed (مغلق),1171020,حلاوة بلك سادة ميار - موسم,2/7/2026,3119,26000355,1171010,جلوكوز,519.834,0.36,187.14,RMWH
26000361,Closed (مغلق),1171020,حلاوة بلك سادة ميار - موسم,2/7/2026,3119,26000355,1171014,عرق حلاوة,13.861,1.503,20.833,RMWH
26000361,Closed (مغلق),1171020,حلاوة بلك سادة ميار - موسم,2/7/2026,3119,26000355,1081001,سكر 50 كعم 20*50,1.039,390.048,405.26,RMWH
26000361,Closed (مغلق),1171020,حلاوة بلك سادة ميار - موسم,2/7/2026,3119,26000355,1171008,مثبت,55.45,1.473,81.678,RMWH
26000361,Closed (مغلق),1171020,حلاوة بلك سادة ميار - موسم,2/7/2026,3119,26000355,1171005,فانيلا,1.039,14.666,15.238,WIP
26000361,Closed (مغلق),1171020,حلاوة بلك سادة ميار - موسم,2/7/2026,3119,26000355,1171015,طحينية بلك شيخ الكار حجر,1575.095,1.519,2392.569,WIP
26000361,Closed (مغلق),1171020,حلاوة بلك سادة ميار - موسم,2/7/2026,3119,26000355,1171001,ملح ليمون,1.734,0.736,1.276,RMWH
26000362,Closed (مغلق),1171028,حلاوة بلك فستق ميار,2/7/2026,2305,26000356,1171020,حلاوة بلك سادة ميار - موسم,2288,0.996,2278.848,WIP
26000362,Closed (مغلق),1171028,حلاوة بلك فستق ميار,2/7/2026,2305,26000356,1171011,فستق حلبي,17,17.79,302.43,WIP
26000363,Closed (مغلق),1141003,سمسم محمص 50 كغم,2/8/2026,1000,26000359,1141002,سمسم خام,1.16,1299.991,1507.99,RMWH
26000363,Closed (مغلق),1141003,سمسم محمص 50 كغم,2/8/2026,1000,26000359,1171006,ملح,225,0.025,5.625,RMWH
26000364,Closed (مغلق),1171022,حلاوة بلك سادة شيخ الكار,2/7/2026,2205,26000361,1171010,جلوكوز,367.334,0.36,132.24,RMWH
26000364,Closed (مغلق),1171022,حلاوة بلك سادة شيخ الكار,2/7/2026,2205,26000362,1171014,عرق حلاوة,10,1.503,15.03,RMWH
26000364,Closed (مغلق),1171022,حلاوة بلك سادة شيخ الكار,2/7/2026,2205,26000361,1171014,عرق حلاوة,9.795,1.503,14.722,RMWH
26000364,Closed (مغلق),1171022,حلاوة بلك سادة شيخ الكار,2/7/2026,2205,26000362,1081001,سكر 50 كعم 20*50,0.75,390.048,292.536,RMWH
26000364,Closed (مغلق),1171022,حلاوة بلك سادة شيخ الكار,2/7/2026,2205,26000361,1081001,سكر 50 كعم 20*50,0.734,390.048,286.295,RMWH
26000364,Closed (مغلق),1171022,حلاوة بلك سادة شيخ الكار,2/7/2026,2205,26000362,1171008,مثبت,40,1.473,58.92,RMWH
26000364,Closed (مغلق),1171022,حلاوة بلك سادة شيخ الكار,2/7/2026,2205,26000361,1171008,مثبت,39.183,1.473,57.717,RMWH
26000364,Closed (مغلق),1171022,حلاوة بلك سادة شيخ الكار,2/7/2026,2205,26000362,1171005,فانيلا,0.75,14.666,11,WIP
26000364,Closed (مغلق),1171022,حلاوة بلك سادة شيخ الكار,2/7/2026,2205,26000361,1171005,فانيلا,0.734,14.666,10.765,WIP
26000364,Closed (مغلق),1171022,حلاوة بلك سادة شيخ الكار,2/7/2026,2205,26000362,1171015,طحينية بلك شيخ الكار حجر,1095,1.514,1657.83,WIP
26000364,Closed (مغلق),1171022,حلاوة بلك سادة شيخ الكار,2/7/2026,2205,26000361,1171015,طحينية بلك شيخ الكار حجر,1068.94,1.514,1618.375,WIP
26000364,Closed (مغلق),1171022,حلاوة بلك سادة شيخ الكار,2/7/2026,2205,26000362,1171001,ملح ليمون,1.25,0.736,0.92,RMWH
26000364,Closed (مغلق),1171022,حلاوة بلك سادة شيخ الكار,2/7/2026,2205,26000361,1171001,ملح ليمون,1.225,0.736,0.902,RMWH
26000364,Closed (مغلق),1171022,حلاوة بلك سادة شيخ الكار,2/7/2026,2205,26000362,1171010,جلوكوز,375,0.36,135,RMWH
26000365,Closed (مغلق),1021053,شيخ الكار حلاوة 3 كغم شوكولاته 1*6,2/8/2026,1,26000357,1171026,حلاوة بلك شوكولاته شيخ الكار,3,1.135,3.405,WIP
26000365,Closed (مغلق),1021053,شيخ الكار حلاوة 3 كغم شوكولاته 1*6,2/8/2026,1,26000357,1181310,جاط شيخ الكار حلاوة 3 كغم شوكولاتة,1,0.338,0.338,PKGWH
26000366,Closed (مغلق),1021063,شيخ الكار حلاوة 2300 غم فستق 1*4,2/8/2026,429,26000358,1181065,كرتون شيخ الكار حلاوة 2300 غم فستق,107,0.166,17.762,PKGWH
26000366,Closed (مغلق),1021063,شيخ الكار حلاوة 2300 غم فستق 1*4,2/8/2026,429,26000358,1171031,حلاوة بلك فستق شيخ الكار,933.075,1.179,1100.095,WIP
26000366,Closed (مغلق),1021063,شيخ الكار حلاوة 2300 غم فستق 1*4,2/8/2026,429,26000358,1181435,علب شيخ الكار حلاوة 2300 غم فستق,429,0.32,137.28,PKGWH
26000367,Closed (مغلق),1021005,ميار حلاوة 300 غم رشة فستق 1*12,2/8/2026,3108,26000365,1171013,حلاوة بلك رشة فستق ميار,839.16,1.166,978.461,WIP
26000367,Closed (مغلق),1021005,ميار حلاوة 300 غم رشة فستق 1*12,2/8/2026,3108,26000365,1181019,"كرتون متعدد حلاوة 300 غم (ميار،شتلة،فاخرة) أمنية",259,0.106,27.454,PKGWH
26000367,Closed (مغلق),1021005,ميار حلاوة 300 غم رشة فستق 1*12,2/8/2026,3108,26000365,1181373,علب ميار حلاوة 300 غم رشة فستق أمنية,3108,0.089,276.612,PKGWH
26000368,Closed (مغلق),1021050,شيخ الكار حلاوة 800 غم سادة 1*12,2/8/2026,960,26000363,1181113,"كرتون شيخ الكار حلاوة 700/800 غم (فستق،سادة،شوكولاتة،ملوكي) دمعة",80,0.197,15.76,PKGWH
26000368,Closed (مغلق),1021050,شيخ الكار حلاوة 800 غم سادة 1*12,2/8/2026,960,26000363,1171022,حلاوة بلك سادة شيخ الكار,768,0.984,755.712,WIP
26000368,Closed (مغلق),1021050,شيخ الكار حلاوة 800 غم سادة 1*12,2/8/2026,960,26000363,1181462,علب شيخ الكار حلاوة 800 غم سادة,960,0.15,144,PKGWH
26000369,Closed (مغلق),1171015,طحينية بلك شيخ الكار حجر,2/7/2026,20000,26000360,1141002,سمسم خام,23.2,1299.991,30159.791,RMWH
26000369,Closed (مغلق),1171015,طحينية بلك شيخ الكار حجر,2/7/2026,20000,26000360,1171006,ملح,4500,0.025,112.5,RMWH
26000370,Closed (مغلق),1171013,حلاوة بلك رشة فستق ميار,2/7/2026,839,26000364,1171020,حلاوة بلك سادة ميار - موسم,830.5,0.996,827.178,WIP
26000370,Closed (مغلق),1171013,حلاوة بلك رشة فستق ميار,2/7/2026,839,26000364,1171011,فستق حلبي,8.5,17.79,151.215,WIP
26000371,Closed (مغلق),1011090,شيخ الكار طحينية 900 غم 1*12 جديد,2/8/2026,3132,26000366,1171015,طحينية بلك شيخ الكار حجر,2662.2,1.514,4030.571,WIP
26000371,Closed (مغلق),1011090,شيخ الكار طحينية 900 غم 1*12 جديد,2/8/2026,3132,26000366,1181097,كرتون شيخ الكار طحينية 900 غم جديد ابيض,261,0.191,49.851,PKGWH
26000371,Closed (مغلق),1011090,شيخ الكار طحينية 900 غم 1*12 جديد,2/8/2026,3132,26000366,1181192,قارورة طحينية  شيخ الكار 900 غم  جديد,3132,0.124,388.368,PKGWH
26000372,Closed (مغلق),1011007,ميار طحينية 900 غم مطرة 1*12,2/8/2026,0,26000368,1181221,مطرة ميار طحينية 900 غم,2400,0.105,252,PKGWH
26000372,Closed (مغلق),1011007,ميار طحينية 900 غم مطرة 1*12,2/8/2026,0,26000368,1181013,كرتون متعدد طحينية 900 غم مطرة,200,0.207,41.4,PKGWH
26000372,Closed (مغلق),1011007,ميار طحينية 900 غم مطرة 1*12,2/8/2026,0,26000368,1171017,طحينية بلك ميار - موسم  كروما,2040,1.495,3049.8,WIP
26000373,Closed (مغلق),1011008,ميار طحينية 550 غم 1*12,2/8/2026,0,26000369,1181237,مرتبان ميار طحينية 550 غم,1200,0.13,156,PKGWH
26000373,Closed (مغلق),1011008,ميار طحينية 550 غم 1*12,2/8/2026,0,26000369,1181370,كرتون اكسترا فاخرة طحينية 400 غم,100,0.165,16.5,WIP
26000373,Closed (مغلق),1011008,ميار طحينية 550 غم 1*12,2/8/2026,0,26000369,1171017,طحينية بلك ميار - موسم  كروما,576,1.495,861.12,WIP
26000374,Closed (مغلق),1011035,شيخ الكار طحينية 18 كغم سطل 1*1,2/8/2026,167,26000370,1171015,طحينية بلك شيخ الكار حجر,3006,1.514,4551.084,WIP
26000375,Closed (مغلق),1011021,شيخ الكار طحينية 5 كغم 1*4,2/8/2026,1,26000371,1181185,مرتبان شيخ الكار طحينية 5 كغم,1,0.565,0.565,PKGWH
26000375,Closed (مغلق),1011021,شيخ الكار طحينية 5 كغم 1*4,2/8/2026,1,26000371,1171015,طحينية بلك شيخ الكار حجر,5,1.514,7.57,WIP
26000376,Closed (مغلق),1011035,شيخ الكار طحينية 18 كغم سطل 1*1,2/8/2026,2,26000372,1181355,سطل شيخ الكار طحينية 18 كغم,2,1.334,2.668,PKGWH
26000376,Closed (مغلق),1011035,شيخ الكار طحينية 18 كغم سطل 1*1,2/8/2026,2,26000372,1171015,طحينية بلك شيخ الكار حجر,18,1.514,27.252,WIP
26000376,Closed (مغلق),1011035,شيخ الكار طحينية 18 كغم سطل 1*1,2/8/2026,2,26000372,1171017,طحينية بلك ميار - موسم  كروما,18,1.495,26.91,WIP
26000377,Closed (مغلق),1171031,حلاوة بلك فستق شيخ الكار,2/7/2026,913,26000373,1171022,حلاوة بلك سادة شيخ الكار,899,0.984,884.616,WIP
26000377,Closed (مغلق),1171031,حلاوة بلك فستق شيخ الكار,2/7/2026,913,26000373,1171011,فستق حلبي,14,17.79,249.06,WIP
26000378,Closed (مغلق),1171026,حلاوة بلك شوكولاته شيخ الكار,2/7/2026,934,26000374,1171022,حلاوة بلك سادة شيخ الكار,886,0.984,871.824,WIP
26000378,Closed (مغلق),1171026,حلاوة بلك شوكولاته شيخ الكار,2/7/2026,934,26000374,1171003,كاكاو,28.954,6,173.724,RMWH
26000378,Closed (مغلق),1171026,حلاوة بلك شوكولاته شيخ الكار,2/7/2026,934,26000374,1171015,طحينية بلك شيخ الكار حجر,24.284,1.514,36.766,WIP
26000379,Closed (مغلق),1011027,شيخ الكار طحينية 18 كغم تنك 1*1,2/9/2026,150,26000375,1181301,تنك شيخ الكار طحينية 18 كغم -فارغ,98,1.271,124.558,PKGWH
26000379,Closed (مغلق),1011027,شيخ الكار طحينية 18 كغم تنك 1*1,2/9/2026,150,26000375,1171015,طحينية بلك شيخ الكار حجر,2700,1.514,4087.8,WIP
26000379,Closed (مغلق),1011027,شيخ الكار طحينية 18 كغم تنك 1*1,2/9/2026,150,26000375,1181487,تنك شيخ الكار طحينية 18 كغم -جديد (برتقالي),52,1.292,67.184,PKGWH
26000382,Closed (مغلق),1011007,ميار طحينية 900 غم مطرة 1*12,2/8/2026,2400,26000376,1181221,مطرة ميار طحينية 900 غم,2400,0.105,252,WIP
26000382,Closed (مغلق),1011007,ميار طحينية 900 غم مطرة 1*12,2/8/2026,2400,26000376,1181013,كرتون متعدد طحينية 900 غم مطرة,200,0.207,41.4,WIP
26000382,Closed (مغلق),1011007,ميار طحينية 900 غم مطرة 1*12,2/8/2026,2400,26000376,1171017,طحينية بلك ميار - موسم  كروما,2040,1.495,3049.8,WIP
26000383,Closed (مغلق),1011008,ميار طحينية 550 غم 1*12,2/8/2026,1200,26000377,1181237,مرتبان ميار طحينية 550 غم,1200,0.13,156,WIP
26000383,Closed (مغلق),1011008,ميار طحينية 550 غم 1*12,2/8/2026,1200,26000377,1181370,كرتون اكسترا فاخرة طحينية 400 غم,100,0.165,16.5,WIP
26000383,Closed (مغلق),1011008,ميار طحينية 550 غم 1*12,2/8/2026,1200,26000377,1171017,طحينية بلك ميار - موسم  كروما,576,1.495,861.12,WIP
26000384,Closed (مغلق),1011003,الموسم طحينية 18 كغم تنك 1*1,1/12/2026,15,26000378,1171017,طحينية بلك ميار - موسم  كروما,270,1.495,403.65,WIP
26000384,Closed (مغلق),1011003,الموسم طحينية 18 كغم تنك 1*1,1/12/2026,15,26000378,1181327,تنك الموسم طحينية 18 كغم -فارغ,15,1.334,20.01,PKGWH
26000385,Closed (مغلق),1021050,شيخ الكار حلاوة 800 غم سادة 1*12,2/9/2026,1920,26000390,1181113,"كرتون شيخ الكار حلاوة 700/800 غم (فستق،سادة،شوكولاتة،ملوكي) دمعة",160,0.197,31.52,PKGWH
26000385,Closed (مغلق),1021050,شيخ الكار حلاوة 800 غم سادة 1*12,2/9/2026,1920,26000390,1171022,حلاوة بلك سادة شيخ الكار,1536,0.984,1511.424,WIP
26000385,Closed (مغلق),1021050,شيخ الكار حلاوة 800 غم سادة 1*12,2/9/2026,1920,26000390,1181462,علب شيخ الكار حلاوة 800 غم سادة,1920,0.15,288,PKGWH
26000386,Closed (مغلق),1021062,شيخ الكار حلاوة 800 غم فستق 1*12,2/9/2026,960,26000389,1181113,"كرتون شيخ الكار حلاوة 700/800 غم (فستق،سادة،شوكولاتة،ملوكي) دمعة",80,0.197,15.76,PKGWH
26000386,Closed (مغلق),1021062,شيخ الكار حلاوة 800 غم فستق 1*12,2/9/2026,960,26000389,1171031,حلاوة بلك فستق شيخ الكار,768,1.205,925.44,WIP
26000386,Closed (مغلق),1021062,شيخ الكار حلاوة 800 غم فستق 1*12,2/9/2026,960,26000389,1181458,علب شيخ الكار حلاوة 800 غم فستق,960,0.15,144,PKGWH
26000387,Closed (مغلق),1021020,ميار حلاوة 2200 غم برش فستق 1*4,2/9/2026,540,26000428,1171028,حلاوة بلك فستق ميار,1120.5,0.877,982.679,WIP
26000387,Closed (مغلق),1021020,ميار حلاوة 2200 غم برش فستق 1*4,2/9/2026,540,26000428,1181375,علب ميار حلاوة 2300 غم رشة فستق,540,0.306,165.24,PKGWH
26000387,Closed (مغلق),1021020,ميار حلاوة 2200 غم برش فستق 1*4,2/9/2026,540,26000428,1181015,كرتون ميار حلاوة 2300 غم رشة فستق قديم,135,0.183,24.705,PKGWH
26000388,Closed (مغلق),1021137,الموسم حلاوة 800 غم فستق دمعة 1*12,2/9/2026,960,26000388,1171028,حلاوة بلك فستق ميار,768,1.129,867.072,WIP
26000388,Closed (مغلق),1021137,الموسم حلاوة 800 غم فستق دمعة 1*12,2/9/2026,960,26000388,1181265,علب الموسم حلاوة 800 غم فستق دمعة,960,0.13,124.8,PKGWH
26000388,Closed (مغلق),1021137,الموسم حلاوة 800 غم فستق دمعة 1*12,2/9/2026,960,26000388,1181024,كرتون متعدد حلاوة 800 غم دمعة,80,0.203,16.24,PKGWH
26000389,Closed (مغلق),1021052,شيخ الكار حلاوة 4 كغم سادة تنك 1*1,2/9/2026,210,26000387,1171022,حلاوة بلك سادة شيخ الكار,168,0.984,165.312,WIP
26000389,Closed (مغلق),1021052,شيخ الكار حلاوة 4 كغم سادة تنك 1*1,2/9/2026,210,26000387,1181305,تنك شيخ الكار حلاوة 4 كغم سادة نصاصي,210,1.108,232.68,PKGWH
26000390,Closed (مغلق),1011036,قاسيون طحينية 1كغم مطرة 1*12,2/9/2026,1200,26000379,1181224,مطرة قاسيون طحينية 1 كغم,1200,0.105,126,PKGWH
26000390,Closed (مغلق),1011036,قاسيون طحينية 1كغم مطرة 1*12,2/9/2026,1200,26000379,1181007,كرتون متعدد طحينية 1 كغم مطرة,100,0.284,28.4,PKGWH
26000390,Closed (مغلق),1011036,قاسيون طحينية 1كغم مطرة 1*12,2/9/2026,1200,26000379,1171015,طحينية بلك شيخ الكار حجر,1200,1.514,1816.8,WIP
26000391,Closed (مغلق),1021044,شيخ الكار حلاوة 200 غم فستق 1*12,2/9/2026,2160,26000386,1181069,كرتون شيخ الكار حلاوة 250 غم مثلث,90,0.169,15.21,PKGWH
26000391,Closed (مغلق),1021044,شيخ الكار حلاوة 200 غم فستق 1*12,2/9/2026,2160,26000386,1171031,حلاوة بلك فستق شيخ الكار,432,1.205,520.56,WIP
26000391,Closed (مغلق),1021044,شيخ الكار حلاوة 200 غم فستق 1*12,2/9/2026,2160,26000386,1181430,علب شيخ الكار حلاوة 200 غم فستق هرمي,2160,0.11,237.6,PKGWH
26000392,Closed (مغلق),1021038,شيخ الكار حلاوة 700 غم شوكولاته 1*12,2/9/2026,1884,26000381,1181113,"كرتون شيخ الكار حلاوة 700/800 غم (فستق،سادة،شوكولاتة،ملوكي) دمعة",157,0.197,30.929,PKGWH
26000392,Closed (مغلق),1021038,شيخ الكار حلاوة 700 غم شوكولاته 1*12,2/9/2026,1884,26000381,1171026,حلاوة بلك شوكولاته شيخ الكار,1205.76,1.146,1381.801,WIP
26000392,Closed (مغلق),1021038,شيخ الكار حلاوة 700 غم شوكولاته 1*12,2/9/2026,1884,26000381,1181422,علب شيخ الكار حلاوة 700 غم شوكولاتة,1884,0.15,282.6,PKGWH
26000393,Closed (مغلق),1021041,شيخ الكار حلاوة 700 غم سادة 1*12,2/9/2026,588,26000380,1181113,"كرتون شيخ الكار حلاوة 700/800 غم (فستق،سادة،شوكولاتة،ملوكي) دمعة",49,0.197,9.653,PKGWH
26000393,Closed (مغلق),1021041,شيخ الكار حلاوة 700 غم سادة 1*12,2/9/2026,588,26000380,1171022,حلاوة بلك سادة شيخ الكار,376.32,0.984,370.299,WIP
26000393,Closed (مغلق),1021041,شيخ الكار حلاوة 700 غم سادة 1*12,2/9/2026,588,26000380,1181425,علب شيخ الكار حلاوة 700 غم سادة,588,0.15,88.2,PKGWH
26000394,Closed (مغلق),1011027,شيخ الكار طحينية 18 كغم تنك 1*1,2/9/2026,100,26000382,1181301,تنك شيخ الكار طحينية 18 كغم -فارغ,100,1.271,127.1,PKGWH
26000394,Closed (مغلق),1011027,شيخ الكار طحينية 18 كغم تنك 1*1,2/9/2026,100,26000382,1171015,طحينية بلك شيخ الكار حجر,1800,1.514,2725.2,WIP
26000395,Closed (مغلق),1011007,ميار طحينية 900 غم مطرة 1*12,2/9/2026,1800,26000383,1181221,مطرة ميار طحينية 900 غم,1800,0.105,189,PKGWH
26000395,Closed (مغلق),1011007,ميار طحينية 900 غم مطرة 1*12,2/9/2026,1800,26000383,1181013,كرتون متعدد طحينية 900 غم مطرة,150,0.207,31.05,PKGWH
26000395,Closed (مغلق),1011007,ميار طحينية 900 غم مطرة 1*12,2/9/2026,1800,26000383,1171017,طحينية بلك ميار - موسم  كروما,1530,1.495,2287.35,WIP
26000396,Closed (مغلق),1011035,شيخ الكار طحينية 18 كغم سطل 1*1,2/9/2026,192,26000384,1181355,سطل شيخ الكار طحينية 18 كغم,192,1.334,256.128,PKGWH
26000396,Closed (مغلق),1011035,شيخ الكار طحينية 18 كغم سطل 1*1,2/9/2026,192,26000384,1181004,كرتون متعدد طحينية 18 كغم متعدد,192,0.372,71.424,PKGWH
26000396,Closed (مغلق),1011035,شيخ الكار طحينية 18 كغم سطل 1*1,2/9/2026,192,26000384,1171015,طحينية بلك شيخ الكار حجر,3456,1.514,5232.384,WIP
26000397,Closed (مغلق),1021043,شيخ الكار حلاوة 300 غم رشة فستق 1*12,1/22/2026,550,26000385,1181022,"كرتون متعدد حلاوة 300 غم (فستق،سادة،شوكولاتة) مستطيل",46,0.157,7.222,PKGWH
26000397,Closed (مغلق),1021043,شيخ الكار حلاوة 300 غم رشة فستق 1*12,1/22/2026,550,26000385,1171029,حلاوة بلك رشة شيخ الكار,144.66,1.067,154.352,WIP
26000397,Closed (مغلق),1021043,شيخ الكار حلاوة 300 غم رشة فستق 1*12,1/22/2026,550,26000385,1181431,علب شيخ الكار حلاوة 300 غم رشة فستق,550,0.098,53.9,PKGWH
26000398,Closed (مغلق),1021054,شيخ الكار حلاوة 3 كغم فستق 1*6,2/9/2026,2,26000391,1171031,حلاوة بلك فستق شيخ الكار,6,1.205,7.23,WIP
26000398,Closed (مغلق),1021054,شيخ الكار حلاوة 3 كغم فستق 1*6,2/9/2026,2,26000391,1181329,جاط شيخ الكار حلاوة 3 كغم فستق,2,0.55,1.1,PKGWH
26000399,Closed (مغلق),1011028,شيخ الكار طحينية 9 كغم تنك 1*1,2/9/2026,1,26000392,1181312,تنك شيخ الكار طحينية 9 كغم -فارغ,1,0.912,0.912,PKGWH
26000399,Closed (مغلق),1011028,شيخ الكار طحينية 9 كغم تنك 1*1,2/9/2026,1,26000392,1171015,طحينية بلك شيخ الكار حجر,8.3,1.514,12.566,WIP
26000400,Closed (مغلق),1011027,شيخ الكار طحينية 18 كغم تنك 1*1,2/9/2026,135,26000393,1181301,تنك شيخ الكار طحينية 18 كغم -فارغ,135,1.271,171.585,PKGWH
26000400,Closed (مغلق),1011027,شيخ الكار طحينية 18 كغم تنك 1*1,2/9/2026,135,26000393,1171015,طحينية بلك شيخ الكار حجر,2430,1.514,3679.02,WIP
26000401,Closed (مغلق),1011015,الموسم طحينية 9 كغم تنك 1*1,2/9/2026,240,26000394,1171017,طحينية بلك ميار - موسم  كروما,1992,1.495,2978.04,WIP
26000401,Closed (مغلق),1011015,الموسم طحينية 9 كغم تنك 1*1,2/9/2026,240,26000394,1181328,تنك الموسم طحينية 9 كغم -فارغ,240,1.15,276,PKGWH
26000402,Closed (مغلق),1011005,ميار طحينية 250 غم 1*12,2/9/2026,2800,26000395,1181236,مرتبان ميار طحينية 250 غم,2800,0.088,246.4,PKGWH
26000402,Closed (مغلق),1011005,ميار طحينية 250 غم 1*12,2/9/2026,2800,26000395,1181012,كرتون ميار طحينية 250 غم صواني,232.4,0.09,20.916,PKGWH
26000402,Closed (مغلق),1011005,ميار طحينية 250 غم 1*12,2/9/2026,2800,26000395,1171017,طحينية بلك ميار - موسم  كروما,616,1.495,920.92,WIP
26000403,Closed (مغلق),1171020,حلاوة بلك سادة ميار - موسم,2/8/2026,1735.5,26000396,1171010,جلوكوز,300,0.36,108,RMWH
26000403,Closed (مغلق),1171020,حلاوة بلك سادة ميار - موسم,2/8/2026,1735.5,26000396,1171014,عرق حلاوة,8,1.503,12.024,RMWH
26000403,Closed (مغلق),1171020,حلاوة بلك سادة ميار - موسم,2/8/2026,1735.5,26000396,1081001,سكر 50 كعم 20*50,0.6,390.048,234.029,RMWH
26000403,Closed (مغلق),1171020,حلاوة بلك سادة ميار - موسم,2/8/2026,1735.5,26000396,1171008,مثبت,32,1.473,47.136,RMWH
26000403,Closed (مغلق),1171020,حلاوة بلك سادة ميار - موسم,2/8/2026,1735.5,26000396,1171005,فانيلا,0.6,14.666,8.8,WIP
26000403,Closed (مغلق),1171020,حلاوة بلك سادة ميار - موسم,2/8/2026,1735.5,26000396,1171015,طحينية بلك شيخ الكار حجر,884,1.514,1338.376,WIP
26000403,Closed (مغلق),1171020,حلاوة بلك سادة ميار - موسم,2/8/2026,1735.5,26000396,1171001,ملح ليمون,1,0.736,0.736,RMWH
26000404,Closed (مغلق),1011007,ميار طحينية 900 غم مطرة 1*12,2/10/2026,600,26000397,1181221,مطرة ميار طحينية 900 غم,600,0.105,63,PKGWH
26000404,Closed (مغلق),1011007,ميار طحينية 900 غم مطرة 1*12,2/10/2026,600,26000397,1181013,كرتون متعدد طحينية 900 غم مطرة,50,0.207,10.35,PKGWH
26000404,Closed (مغلق),1011007,ميار طحينية 900 غم مطرة 1*12,2/10/2026,600,26000397,1171017,طحينية بلك ميار - موسم  كروما,510,1.495,762.45,WIP
26000405,Closed (مغلق),1011027,شيخ الكار طحينية 18 كغم تنك 1*1,2/10/2026,250,26000399,1181301,تنك شيخ الكار طحينية 18 كغم -فارغ,250,1.271,317.75,PKGWH
26000405,Closed (مغلق),1011027,شيخ الكار طحينية 18 كغم تنك 1*1,2/10/2026,250,26000399,1171015,طحينية بلك شيخ الكار حجر,4500,0.147,661.5,WIP
26000406,Closed (مغلق),1011035,شيخ الكار طحينية 18 كغم سطل 1*1,2/10/2026,48,26000401,1181355,سطل شيخ الكار طحينية 18 كغم,48,1.334,64.032,PKGWH
26000406,Closed (مغلق),1011035,شيخ الكار طحينية 18 كغم سطل 1*1,2/10/2026,48,26000401,1181004,كرتون متعدد طحينية 18 كغم متعدد,48,0.372,17.856,PKGWH
26000406,Closed (مغلق),1011035,شيخ الكار طحينية 18 كغم سطل 1*1,2/10/2026,48,26000401,1171015,طحينية بلك شيخ الكار حجر,864,0.147,127.008,WIP
26000407,Closed (مغلق),1011022,شيخ الكار طحينية 3500 غم 1*4,2/10/2026,3,26000400,1171015,طحينية بلك شيخ الكار حجر,10.5,0.147,1.544,WIP
26000407,Closed (مغلق),1011022,شيخ الكار طحينية 3500 غم 1*4,2/10/2026,3,26000400,1181241,مرتبان متعدد طحينية 3500 غم,3,0.389,1.167,PKGWH
26000407,Closed (مغلق),1011022,شيخ الكار طحينية 3500 غم 1*4,2/10/2026,3,26000400,1181119,كرتون شيخ الكار طحينية 3500 غم,1,1.578,1.578,PKGWH
26000408,Closed (مغلق),1171015,طحينية بلك شيخ الكار حجر,2/10/2026,15000,26000398,1141002,سمسم خام,17.4,4.93,85.782,RMWH
26000408,Closed (مغلق),1171015,طحينية بلك شيخ الكار حجر,2/10/2026,15000,26000398,1171006,ملح,2.625,0.025,0.066,RMWH
26000409,Closed (مغلق),1011123,الفاخرة طحينية  900 غ 1*12,2/10/2026,4032,26000409,1171015,طحينية بلك شيخ الكار حجر,3427.2,0.147,503.798,WIP
26000409,Closed (مغلق),1011123,الفاخرة طحينية  900 غ 1*12,2/10/2026,4032,26000409,1181216,مطرة الفاخرة طحينية 900 غم,4032,0.481,1939.392,PKGWH
26000409,Closed (مغلق),1011123,الفاخرة طحينية  900 غ 1*12,2/10/2026,4032,26000409,1181562,كرتون متعدد قارورة طحينية 900 غم جديد ابيض,336,0.191,64.176,PKGWH
26000410,Closed (مغلق),1021161,الموسم حلاوة 1200 غم برش فستق 1*6,2/10/2026,1896,26000405,1171028,حلاوة بلك فستق ميار,2104.56,1.01,2125.606,WIP
26000410,Closed (مغلق),1021161,الموسم حلاوة 1200 غم برش فستق 1*6,2/10/2026,1896,26000405,1181557,علب الموسم حلاوة 1300 غم رشة فستق,1896,0.28,530.88,PKGWH
26000410,Closed (مغلق),1021161,الموسم حلاوة 1200 غم برش فستق 1*6,2/10/2026,1896,26000405,1181402,كرتون الموسم حلاوة 1300 غم رشة فستق,316,0.235,74.26,PKGWH
26000411,Closed (مغلق),1021005,ميار حلاوة 300 غم رشة فستق 1*12,2/10/2026,3012,26000406,1171013,حلاوة بلك رشة فستق ميار,813.24,0.733,596.105,WIP
26000411,Closed (مغلق),1021005,ميار حلاوة 300 غم رشة فستق 1*12,2/10/2026,3012,26000406,1181019,"كرتون متعدد حلاوة 300 غم (ميار،شتلة،فاخرة) أمنية",251,0.106,26.606,PKGWH
26000411,Closed (مغلق),1021005,ميار حلاوة 300 غم رشة فستق 1*12,2/10/2026,3012,26000406,1181373,علب ميار حلاوة 300 غم رشة فستق أمنية,3012,0.088,265.056,PKGWH
26000412,Closed (مغلق),1021030,ميار حلاوة 550 غم رشة فستق 1*12,2/11/2026,1200,26000407,1171013,حلاوة بلك رشة فستق ميار,598.12,0.733,438.422,WIP
26000412,Closed (مغلق),1021030,ميار حلاوة 550 غم رشة فستق 1*12,2/11/2026,1200,26000407,1181379,علب ميار حلاوة 550 غم رشة فستق أمنية,1200,0.127,152.4,PKGWH
26000412,Closed (مغلق),1021030,ميار حلاوة 550 غم رشة فستق 1*12,2/11/2026,1200,26000407,1181027,"كرتون متعدد حلاوة 550 غم (ميار،فاخرة) أمنية",100,0.228,22.8,PKGWH
26000413,Closed (مغلق),1171020,حلاوة بلك سادة ميار - موسم,2/10/2026,3101,26000402,1171010,جلوكوز,525,0.36,189,RMWH
26000413,Closed (مغلق),1171020,حلاوة بلك سادة ميار - موسم,2/10/2026,3101,26000402,1171014,عرق حلاوة,14,1.503,21.042,RMWH
26000413,Closed (مغلق),1171020,حلاوة بلك سادة ميار - موسم,2/10/2026,3101,26000402,1081001,سكر 50 كعم 20*50,1.05,390.048,409.55,RMWH
26000413,Closed (مغلق),1171020,حلاوة بلك سادة ميار - موسم,2/10/2026,3101,26000402,1171008,مثبت,56,1.473,82.488,RMWH
26000413,Closed (مغلق),1171020,حلاوة بلك سادة ميار - موسم,2/10/2026,3101,26000402,1171005,فانيلا,1.05,14.666,15.399,RMWH
26000413,Closed (مغلق),1171020,حلاوة بلك سادة ميار - موسم,2/10/2026,3101,26000402,1171015,طحينية بلك شيخ الكار حجر,1566,0.147,230.203,WIP
26000413,Closed (مغلق),1171020,حلاوة بلك سادة ميار - موسم,2/10/2026,3101,26000402,1171001,ملح ليمون,1.75,0.736,1.288,RMWH
26000414,Closed (مغلق),1171013,حلاوة بلك رشة فستق ميار,2/10/2026,1411,26000403,1171020,حلاوة بلك سادة ميار - موسم,1400,0.599,838.6,WIP
26000414,Closed (مغلق),1171013,حلاوة بلك رشة فستق ميار,2/10/2026,1411,26000403,1171011,فستق حلبي,11,17.79,195.69,WIP
26000415,Closed (مغلق),1171028,حلاوة بلك فستق ميار,2/10/2026,1718,26000404,1171020,حلاوة بلك سادة ميار - موسم,1701,0.599,1018.899,WIP
26000415,Closed (مغلق),1171028,حلاوة بلك فستق ميار,2/10/2026,1718,26000404,1171011,فستق حلبي,17,17.79,302.43,WIP
26000416,Closed (مغلق),1171022,حلاوة بلك سادة شيخ الكار,2/8/2026,2172,26000408,1171010,جلوكوز,375,0.36,135,RMWH
26000416,Closed (مغلق),1171022,حلاوة بلك سادة شيخ الكار,2/8/2026,2172,26000408,1171014,عرق حلاوة,10,1.503,15.03,RMWH
26000416,Closed (مغلق),1171022,حلاوة بلك سادة شيخ الكار,2/8/2026,2172,26000408,1081001,سكر 50 كعم 20*50,0.75,390.048,292.536,RMWH
26000416,Closed (مغلق),1171022,حلاوة بلك سادة شيخ الكار,2/8/2026,2172,26000408,1171008,مثبت,40,1.473,58.92,RMWH
26000416,Closed (مغلق),1171022,حلاوة بلك سادة شيخ الكار,2/8/2026,2172,26000408,1171005,فانيلا,0.75,14.666,11,RMWH
26000416,Closed (مغلق),1171022,حلاوة بلك سادة شيخ الكار,2/8/2026,2172,26000408,1171015,طحينية بلك شيخ الكار حجر,1073,0.147,157.731,WIP
26000416,Closed (مغلق),1171022,حلاوة بلك سادة شيخ الكار,2/8/2026,2172,26000408,1171001,ملح ليمون,1.25,0.736,0.92,RMWH
26000417,Closed (مغلق),1171031,حلاوة بلك فستق شيخ الكار,2/10/2026,1807,26000410,1171022,حلاوة بلك سادة شيخ الكار,1774,0.642,1138.908,WIP
26000417,Closed (مغلق),1171031,حلاوة بلك فستق شيخ الكار,2/10/2026,1807,26000410,1171011,فستق حلبي,33,17.79,587.07,WIP
26000418,Closed (مغلق),1171026,حلاوة بلك شوكولاته شيخ الكار,2/10/2026,423,26000411,1171022,حلاوة بلك سادة شيخ الكار,398,0.642,255.516,WIP
26000418,Closed (مغلق),1171026,حلاوة بلك شوكولاته شيخ الكار,2/10/2026,423,26000411,1171003,كاكاو,14,6,84,RMWH
26000418,Closed (مغلق),1171026,حلاوة بلك شوكولاته شيخ الكار,2/10/2026,423,26000411,1171015,طحينية بلك شيخ الكار حجر,11,0.147,1.617,WIP
26000419,Closed (مغلق),1171022,حلاوة بلك سادة شيخ الكار,2/9/2026,5695,26000412,1171010,جلوكوز,975,0.36,351,RMWH
26000419,Closed (مغلق),1171022,حلاوة بلك سادة شيخ الكار,2/9/2026,5695,26000412,1171014,عرق حلاوة,26,1.503,39.078,RMWH
26000419,Closed (مغلق),1171022,حلاوة بلك سادة شيخ الكار,2/9/2026,5695,26000412,1081001,سكر 50 كعم 20*50,1.95,390.048,760.594,RMWH
26000419,Closed (مغلق),1171022,حلاوة بلك سادة شيخ الكار,2/9/2026,5695,26000412,1171008,مثبت,104,1.473,153.192,RMWH
26000419,Closed (مغلق),1171022,حلاوة بلك سادة شيخ الكار,2/9/2026,5695,26000412,1171005,فانيلا,1.95,14.666,28.599,RMWH
26000419,Closed (مغلق),1171022,حلاوة بلك سادة شيخ الكار,2/9/2026,5695,26000412,1171015,طحينية بلك شيخ الكار حجر,2791,0.147,410.277,WIP
26000419,Closed (مغلق),1171022,حلاوة بلك سادة شيخ الكار,2/9/2026,5695,26000412,1171001,ملح ليمون,3.25,0.736,2.392,RMWH
26000420,Closed (مغلق),1171031,حلاوة بلك فستق شيخ الكار,2/9/2026,3960,26000413,1171022,حلاوة بلك سادة شيخ الكار,3916,0.397,1554.652,WIP
26000420,Closed (مغلق),1171031,حلاوة بلك فستق شيخ الكار,2/9/2026,3960,26000413,1171011,فستق حلبي,44,17.79,782.76,WIP
26000421,Closed (مغلق),1171026,حلاوة بلك شوكولاته شيخ الكار,2/9/2026,474,26000414,1171022,حلاوة بلك سادة شيخ الكار,449,0.397,178.253,WIP
26000421,Closed (مغلق),1171026,حلاوة بلك شوكولاته شيخ الكار,2/9/2026,474,26000414,1171003,كاكاو,14,6,84,RMWH
26000421,Closed (مغلق),1171026,حلاوة بلك شوكولاته شيخ الكار,2/9/2026,474,26000414,1171015,طحينية بلك شيخ الكار حجر,11,0.147,1.617,WIP
26000422,Closed (مغلق),1171029,حلاوة بلك رشة شيخ الكار,2/9/2026,486,26000415,1171022,حلاوة بلك سادة شيخ الكار,482,0.397,191.354,WIP
26000422,Closed (مغلق),1171029,حلاوة بلك رشة شيخ الكار,2/9/2026,486,26000415,1171011,فستق حلبي,4,17.79,71.16,WIP
26000423,Closed (مغلق),1171020,حلاوة بلك سادة ميار - موسم,2/9/2026,2162,26000416,1171010,جلوكوز,375,0.36,135,RMWH
26000423,Closed (مغلق),1171020,حلاوة بلك سادة ميار - موسم,2/9/2026,2162,26000416,1171014,عرق حلاوة,10,1.503,15.03,RMWH
26000423,Closed (مغلق),1171020,حلاوة بلك سادة ميار - موسم,2/9/2026,2162,26000416,1081001,سكر 50 كعم 20*50,0.75,390.048,292.536,RMWH
26000423,Closed (مغلق),1171020,حلاوة بلك سادة ميار - موسم,2/9/2026,2162,26000416,1171008,مثبت,40,1.473,58.92,RMWH
26000423,Closed (مغلق),1171020,حلاوة بلك سادة ميار - موسم,2/9/2026,2162,26000416,1171005,فانيلا,0.75,14.666,11,RMWH
26000423,Closed (مغلق),1171020,حلاوة بلك سادة ميار - موسم,2/9/2026,2162,26000416,1171015,طحينية بلك شيخ الكار حجر,1124,0.147,165.228,WIP
26000423,Closed (مغلق),1171020,حلاوة بلك سادة ميار - موسم,2/9/2026,2162,26000416,1171001,ملح ليمون,1.25,0.736,0.92,RMWH
26000424,Closed (مغلق),1171013,حلاوة بلك رشة فستق ميار,2/9/2026,706,26000418,1171020,حلاوة بلك سادة ميار - موسم,698,0.459,320.382,WIP
26000424,Closed (مغلق),1171013,حلاوة بلك رشة فستق ميار,2/9/2026,706,26000418,1171011,فستق حلبي,8,17.79,142.32,RMWH
26000425,Closed (مغلق),1171028,حلاوة بلك فستق ميار,2/9/2026,1476,26000417,1171020,حلاوة بلك سادة ميار - موسم,1464,0.459,671.976,WIP
26000425,Closed (مغلق),1171028,حلاوة بلك فستق ميار,2/9/2026,1476,26000417,1171011,فستق حلبي,12,17.79,213.48,WIP
26000426,Closed (مغلق),1021039,شيخ الكار حلاوة 700 غم فستق 1*12,2/11/2026,3528,26000419,1181113,"كرتون شيخ الكار حلاوة 700/800 غم (فستق،سادة،شوكولاتة،ملوكي) دمعة",294,0.197,57.918,PKGWH
26000426,Closed (مغلق),1021039,شيخ الكار حلاوة 700 غم فستق 1*12,2/11/2026,3528,26000419,1171031,حلاوة بلك فستق شيخ الكار,2257.92,0.777,1754.404,WIP
26000426,Closed (مغلق),1021039,شيخ الكار حلاوة 700 غم فستق 1*12,2/11/2026,3528,26000419,1181423,علب شيخ الكار حلاوة 700 غم فستق,3528,0.15,529.2,PKGWH
26000427,Closed (مغلق),1021041,شيخ الكار حلاوة 700 غم سادة 1*12,2/11/2026,660,26000420,1181113,"كرتون شيخ الكار حلاوة 700/800 غم (فستق،سادة،شوكولاتة،ملوكي) دمعة",55,0.197,10.835,PKGWH
26000427,Closed (مغلق),1021041,شيخ الكار حلاوة 700 غم سادة 1*12,2/11/2026,660,26000420,1171022,حلاوة بلك سادة شيخ الكار,422.4,0.397,167.693,WIP
26000427,Closed (مغلق),1021041,شيخ الكار حلاوة 700 غم سادة 1*12,2/11/2026,660,26000420,1181425,علب شيخ الكار حلاوة 700 غم سادة,660,0.15,99,PKGWH
26000428,Closed (مغلق),1021024,الموسم حلاوة 6 كغم فستق 1*4,2/11/2026,388,26000423,1171031,حلاوة بلك فستق شيخ الكار,2328,0.777,1808.856,WIP
26000428,Closed (مغلق),1021024,الموسم حلاوة 6 كغم فستق 1*4,2/11/2026,388,26000423,1181344,جاط مربع حلاوة 5 كغم شفاف متعدد,388,0.551,213.788,PKGWH
26000428,Closed (مغلق),1021024,الموسم حلاوة 6 كغم فستق 1*4,2/11/2026,388,26000423,1181030,كرتون متعدد حلاوة 5 كغم مربع قديم,97,0.48,46.56,PKGWH
26000429,Closed (مغلق),1021043,شيخ الكار حلاوة 300 غم رشة فستق 1*12,2/11/2026,1800,26000421,1181022,"كرتون متعدد حلاوة 300 غم (فستق،سادة،شوكولاتة) مستطيل",150,0.157,23.55,PKGWH
26000429,Closed (مغلق),1021043,شيخ الكار حلاوة 300 غم رشة فستق 1*12,2/11/2026,1800,26000421,1171029,حلاوة بلك رشة شيخ الكار,486,0.54,262.44,WIP
26000429,Closed (مغلق),1021043,شيخ الكار حلاوة 300 غم رشة فستق 1*12,2/11/2026,1800,26000421,1181431,علب شيخ الكار حلاوة 300 غم رشة فستق,1800,0.098,176.4,PKGWH
26000430,Closed (مغلق),1021005,ميار حلاوة 300 غم رشة فستق 1*12,2/11/2026,2904,26000424,1171013,حلاوة بلك رشة فستق ميار,784.08,0.646,506.516,WIP
26000430,Closed (مغلق),1021005,ميار حلاوة 300 غم رشة فستق 1*12,2/11/2026,2904,26000424,1181019,"كرتون متعدد حلاوة 300 غم (ميار،شتلة،فاخرة) أمنية",242,0.106,25.652,PKGWH
26000430,Closed (مغلق),1021005,ميار حلاوة 300 غم رشة فستق 1*12,2/11/2026,2904,26000424,1181373,علب ميار حلاوة 300 غم رشة فستق أمنية,2904,0.088,255.552,PKGWH
26000431,Closed (مغلق),1171013,حلاوة بلك رشة فستق ميار,2/10/2026,80,26000422,1171020,حلاوة بلك سادة ميار - موسم,79.5,0.459,36.491,WIP
26000431,Closed (مغلق),1171013,حلاوة بلك رشة فستق ميار,2/10/2026,80,26000422,1171011,فستق حلبي,0.5,17.79,8.895,WIP
26000432,Closed (مغلق),1011007,ميار طحينية 900 غم مطرة 1*12,2/11/2026,984,26000452,1181221,مطرة ميار طحينية 900 غم,984,0.105,103.32,PKGWH
26000432,Closed (مغلق),1011007,ميار طحينية 900 غم مطرة 1*12,2/11/2026,984,26000452,1181013,كرتون متعدد طحينية 900 غم مطرة,82,0.207,16.974,PKGWH
26000432,Closed (مغلق),1011007,ميار طحينية 900 غم مطرة 1*12,2/11/2026,984,26000452,1171017,طحينية بلك ميار - موسم  كروما,836.4,1.495,1250.418,WIP
26000433,Closed (مغلق),1011008,ميار طحينية 550 غم 1*12,2/11/2026,2448,26000427,1181237,مرتبان ميار طحينية 550 غم,2448,0.13,318.24,PKGWH
26000433,Closed (مغلق),1011008,ميار طحينية 550 غم 1*12,2/11/2026,2448,26000427,1181370,كرتون اكسترا فاخرة طحينية 400 غم,204,0.165,33.66,WIP
26000433,Closed (مغلق),1011008,ميار طحينية 550 غم 1*12,2/11/2026,2448,26000427,1171017,طحينية بلك ميار - موسم  كروما,1175.04,1.495,1756.685,WIP
26000434,Closed (مغلق),1011024,شيخ الكار طحينية 250 غم 1*12,2/11/2026,2148,26000432,1181188,مرتبان شيخ الكار طحينية 250 غم,2148,0.1,214.8,PKGWH
26000434,Closed (مغلق),1011024,شيخ الكار طحينية 250 غم 1*12,2/11/2026,2148,26000432,1181114,كرتون شيخ الكار طحينية 250 غم,179,0.121,21.659,PKGWH
26000434,Closed (مغلق),1011024,شيخ الكار طحينية 250 غم 1*12,2/11/2026,2148,26000432,1171015,طحينية بلك شيخ الكار حجر,537,0.147,78.939,WIP
26000435,Closed (مغلق),1011094,شيخ الكار طحينية 500 غم 1*12,2/11/2026,8,26000426,1171015,طحينية بلك شيخ الكار حجر,3.6,0.147,0.529,WIP
26000435,Closed (مغلق),1011094,شيخ الكار طحينية 500 غم 1*12,2/11/2026,8,26000426,1181194,مرتبان طحينية  شيخ الكار 500 غم  جديد قاروره,8,0.079,0.632,PKGWH
26000435,Closed (مغلق),1011094,شيخ الكار طحينية 500 غم 1*12,2/11/2026,8,26000426,1181087,كرتون شيخ الكار 500 غم قارورة  أبيض جديد,1,0.164,0.164,PKGWH
26000436,Closed (مغلق),1021161,الموسم حلاوة 1200 غم برش فستق 1*6,2/11/2026,480,26000430,1171028,حلاوة بلك فستق ميار,532.8,0.877,467.266,WIP
26000436,Closed (مغلق),1021161,الموسم حلاوة 1200 غم برش فستق 1*6,2/11/2026,480,26000430,1181557,علب الموسم حلاوة 1300 غم رشة فستق,480,0.28,134.4,PKGWH
26000436,Closed (مغلق),1021161,الموسم حلاوة 1200 غم برش فستق 1*6,2/11/2026,480,26000430,1181402,كرتون الموسم حلاوة 1300 غم رشة فستق,23,0.235,5.405,PKGWH
26000436,Closed (مغلق),1021161,الموسم حلاوة 1200 غم برش فستق 1*6,2/11/2026,480,26000430,1181068,كرتون شيخ الكار حلاوة 1500 غم قديم,57,0.24,13.68,PKGWH
26000437,Closed (مغلق),1021011,شيخ الكار حلاوة 6 كغم فستق 1*4,2/11/2026,336,26000429,1171031,حلاوة بلك فستق شيخ الكار,2016,0.777,1566.432,WIP
26000437,Closed (مغلق),1021011,شيخ الكار حلاوة 6 كغم فستق 1*4,2/11/2026,336,26000429,1181311,"جاط متعدد حلاوة 6 كغم (فستق،سادة،شوكولاتة) شفاف",336,0.534,179.424,PKGWH
26000437,Closed (مغلق),1021011,شيخ الكار حلاوة 6 كغم فستق 1*4,2/11/2026,336,26000429,1181111,"كرتون شيخ الكار حلاوة 6 كغم (فستق،سادة،شوكولاتة)",84,0.514,43.176,PKGWH
26000438,Closed (مغلق),1021036,شيخ الكار حلاوة 400 غم شوكولاته 1*12,2/11/2026,3348,26000431,1181006,"كرتون متعدد شيخ الكار حلاوة 400 غم (فستق،سادة،شوكولاتة) دمعة",279,0.093,25.947,PKGWH
26000438,Closed (مغلق),1021036,شيخ الكار حلاوة 400 غم شوكولاته 1*12,2/11/2026,3348,26000431,1171026,حلاوة بلك شوكولاته شيخ الكار,1339.2,0.909,1217.333,WIP
26000438,Closed (مغلق),1021036,شيخ الكار حلاوة 400 غم شوكولاته 1*12,2/11/2026,3348,26000431,1181421,علب شيخ الكار حلاوة 400 غم شوكولاتة,3348,0.094,314.712,PKGWH
26000439,Closed (مغلق),1021038,شيخ الكار حلاوة 700 غم شوكولاته 1*12,2/11/2026,540,26000433,1181113,"كرتون شيخ الكار حلاوة 700/800 غم (فستق،سادة،شوكولاتة،ملوكي) دمعة",45,0.197,8.865,PKGWH
26000439,Closed (مغلق),1021038,شيخ الكار حلاوة 700 غم شوكولاته 1*12,2/11/2026,540,26000433,1171026,حلاوة بلك شوكولاته شيخ الكار,345.6,0.909,314.15,WIP
26000439,Closed (مغلق),1021038,شيخ الكار حلاوة 700 غم شوكولاته 1*12,2/11/2026,540,26000433,1181422,علب شيخ الكار حلاوة 700 غم شوكولاتة,540,0.15,81,PKGWH
26000440,Closed (مغلق),1171017,طحينية بلك ميار - موسم  كروما,2/8/2026,20000,26000556,1171025,سمسم خام برازيلي اناهي,23200,1.282,29742.4,RMWH
26000440,Closed (مغلق),1171017,طحينية بلك ميار - موسم  كروما,2/8/2026,20000,26000556,1171006,ملح,7000,0.025,175,RMWH
26000441,Closed (مغلق),1011024,شيخ الكار طحينية 250 غم 1*12,2/11/2026,852,26000434,1181188,مرتبان شيخ الكار طحينية 250 غم,852,0.1,85.2,PKGWH
26000441,Closed (مغلق),1011024,شيخ الكار طحينية 250 غم 1*12,2/11/2026,852,26000434,1181114,كرتون شيخ الكار طحينية 250 غم,71,0.121,8.591,PKGWH
26000441,Closed (مغلق),1011024,شيخ الكار طحينية 250 غم 1*12,2/11/2026,852,26000434,1171015,طحينية بلك شيخ الكار حجر,213,1.51,321.63,WIP
26000442,Closed (مغلق),1021030,ميار حلاوة 550 غم رشة فستق 1*12,2/11/2026,5136,26000448,1171013,حلاوة بلك رشة فستق ميار,2568,0.854,2193.072,WIP
26000442,Closed (مغلق),1021030,ميار حلاوة 550 غم رشة فستق 1*12,2/11/2026,5136,26000448,1181379,علب ميار حلاوة 550 غم رشة فستق أمنية,5136,0.127,652.272,PKGWH
26000442,Closed (مغلق),1021030,ميار حلاوة 550 غم رشة فستق 1*12,2/11/2026,5136,26000448,1181027,"كرتون متعدد حلاوة 550 غم (ميار،فاخرة) أمنية",428,0.228,97.584,PKGWH
26000443,Closed (مغلق),1021060,شيخ الكار حلاوة 1300 غم فستق 1*6,2/11/2026,282,26000447,1181067,كرتون شيخ الكار حلاوة 1300 غم فستق,48,0.201,9.648,PKGWH
26000443,Closed (مغلق),1021060,شيخ الكار حلاوة 1300 غم فستق 1*6,2/11/2026,282,26000447,1171031,حلاوة بلك فستق شيخ الكار,341.22,1.183,403.663,WIP
26000443,Closed (مغلق),1021060,شيخ الكار حلاوة 1300 غم فستق 1*6,2/11/2026,282,26000447,1181280,علب شيخ الكار حلاوة 1300 غم فستق,282,0.28,78.96,PKGWH
26000444,Closed (مغلق),1021020,ميار حلاوة 2200 غم برش فستق 1*4,2/11/2026,1240,26000449,1171028,حلاوة بلك فستق ميار,2573,0.88,2264.24,WIP
26000444,Closed (مغلق),1021020,ميار حلاوة 2200 غم برش فستق 1*4,2/11/2026,1240,26000449,1181375,علب ميار حلاوة 2300 غم رشة فستق,1032,0.306,315.792,PKGWH
26000444,Closed (مغلق),1021020,ميار حلاوة 2200 غم برش فستق 1*4,2/11/2026,1240,26000449,1181015,كرتون ميار حلاوة 2300 غم رشة فستق قديم,310,0.183,56.73,PKGWH
26000444,Closed (مغلق),1021020,ميار حلاوة 2200 غم برش فستق 1*4,2/11/2026,1240,26000449,1181435,علب شيخ الكار حلاوة 2300 غم فستق,208,0.32,66.56,PKGWH
26000445,Closed (مغلق),1021063,شيخ الكار حلاوة 2300 غم فستق 1*4,2/11/2026,6,26000446,1181065,كرتون شيخ الكار حلاوة 2300 غم فستق,1,0.166,0.166,PKGWH
26000445,Closed (مغلق),1021063,شيخ الكار حلاوة 2300 غم فستق 1*4,2/11/2026,6,26000446,1171031,حلاوة بلك فستق شيخ الكار,13.05,1.183,15.438,WIP
26000445,Closed (مغلق),1021063,شيخ الكار حلاوة 2300 غم فستق 1*4,2/11/2026,6,26000446,1181435,علب شيخ الكار حلاوة 2300 غم فستق,6,0.32,1.92,PKGWH
26000446,Closed (مغلق),1021060,شيخ الكار حلاوة 1300 غم فستق 1*6,2/11/2026,9,26000445,1181067,كرتون شيخ الكار حلاوة 1300 غم فستق,1.503,0.201,0.302,PKGWH
26000446,Closed (مغلق),1021060,شيخ الكار حلاوة 1300 غم فستق 1*6,2/11/2026,9,26000445,1171031,حلاوة بلك فستق شيخ الكار,10.89,1.183,12.883,WIP
26000446,Closed (مغلق),1021060,شيخ الكار حلاوة 1300 غم فستق 1*6,2/11/2026,9,26000445,1181280,علب شيخ الكار حلاوة 1300 غم فستق,9,0.28,2.52,PKGWH
26000447,Closed (مغلق),1021054,شيخ الكار حلاوة 3 كغم فستق 1*6,2/11/2026,1,26000444,1171031,حلاوة بلك فستق شيخ الكار,3,1.183,3.549,WIP
26000447,Closed (مغلق),1021054,شيخ الكار حلاوة 3 كغم فستق 1*6,2/11/2026,1,26000444,1181329,جاط شيخ الكار حلاوة 3 كغم فستق,1,0.55,0.55,PKGWH
26000448,Closed (مغلق),1021060,شيخ الكار حلاوة 1300 غم فستق 1*6,2/11/2026,84,26000443,1181067,كرتون شيخ الكار حلاوة 1300 غم فستق,14.028,0.201,2.82,PKGWH
26000448,Closed (مغلق),1021060,شيخ الكار حلاوة 1300 غم فستق 1*6,2/11/2026,84,26000443,1171029,حلاوة بلك رشة شيخ الكار,102,1.211,123.522,WIP
26000448,Closed (مغلق),1021060,شيخ الكار حلاوة 1300 غم فستق 1*6,2/11/2026,84,26000443,1181280,علب شيخ الكار حلاوة 1300 غم فستق,84,0.28,23.52,PKGWH
26000449,Closed (مغلق),1021036,شيخ الكار حلاوة 400 غم شوكولاته 1*12,2/11/2026,108,26000451,1181006,"كرتون متعدد شيخ الكار حلاوة 400 غم (فستق،سادة،شوكولاتة) دمعة",9,0.093,0.837,PKGWH
26000449,Closed (مغلق),1021036,شيخ الكار حلاوة 400 غم شوكولاته 1*12,2/11/2026,108,26000451,1171026,حلاوة بلك شوكولاته شيخ الكار,43.2,0.963,41.602,WIP
26000449,Closed (مغلق),1021036,شيخ الكار حلاوة 400 غم شوكولاته 1*12,2/11/2026,108,26000451,1181418,علب شيخ الكار حلاوة 400 غم شوكولاتة (قديم),108,0.087,9.396,PKGWH
26000450,Closed (مغلق),1171022,حلاوة بلك سادة شيخ الكار,2/11/2026,5565,26000436,1171010,جلوكوز,975,0.36,351,RMWH
26000450,Closed (مغلق),1171022,حلاوة بلك سادة شيخ الكار,2/11/2026,5565,26000436,1171014,عرق حلاوة,26,1.503,39.078,RMWH
26000450,Closed (مغلق),1171022,حلاوة بلك سادة شيخ الكار,2/11/2026,5565,26000436,1081001,سكر 50 كعم 20*50,1.95,390.048,760.594,RMWH
26000450,Closed (مغلق),1171022,حلاوة بلك سادة شيخ الكار,2/11/2026,5565,26000436,1171008,مثبت,104,1.473,153.192,RMWH
26000450,Closed (مغلق),1171022,حلاوة بلك سادة شيخ الكار,2/11/2026,5565,26000436,1171005,فانيلا,1.95,14.666,28.599,RMWH
26000450,Closed (مغلق),1171022,حلاوة بلك سادة شيخ الكار,2/11/2026,5565,26000436,1171015,طحينية بلك شيخ الكار حجر,2751,1.734,4770.234,WIP
26000450,Closed (مغلق),1171022,حلاوة بلك سادة شيخ الكار,2/11/2026,5565,26000436,1171001,ملح ليمون,3.25,0.736,2.392,RMWH
26000451,Closed (مغلق),1171031,حلاوة بلك فستق شيخ الكار,2/11/2026,5523,26000437,1171022,حلاوة بلك سادة شيخ الكار,5424,0.878,4762.272,WIP
26000451,Closed (مغلق),1171031,حلاوة بلك فستق شيخ الكار,2/11/2026,5523,26000437,1171011,فستق حلبي,99,18.52,1833.48,SAHABWH
26000452,Closed (مغلق),1171029,حلاوة بلك رشة شيخ الكار,2/11/2026,106,26000438,1171022,حلاوة بلك سادة شيخ الكار,104,0.878,91.312,WIP
26000452,Closed (مغلق),1171029,حلاوة بلك رشة شيخ الكار,2/11/2026,106,26000438,1171011,فستق حلبي,2,18.52,37.04,WIP
26000453,Closed (مغلق),1171026,حلاوة بلك شوكولاته شيخ الكار,2/11/2026,40,26000439,1171022,حلاوة بلك سادة شيخ الكار,37,0.878,32.486,WIP
26000453,Closed (مغلق),1171026,حلاوة بلك شوكولاته شيخ الكار,2/11/2026,40,26000439,1171003,كاكاو,1.5,6,9,RMWH
26000453,Closed (مغلق),1171026,حلاوة بلك شوكولاته شيخ الكار,2/11/2026,40,26000439,1171015,طحينية بلك شيخ الكار حجر,1.5,1.734,2.601,WIP
26000454,Closed (مغلق),1171020,حلاوة بلك سادة ميار - موسم,2/11/2026,2634,26000440,1171010,جلوكوز,450,0.36,162,RMWH
26000454,Closed (مغلق),1171020,حلاوة بلك سادة ميار - موسم,2/11/2026,2634,26000440,1171014,عرق حلاوة,12,1.503,18.036,RMWH
26000454,Closed (مغلق),1171020,حلاوة بلك سادة ميار - موسم,2/11/2026,2634,26000440,1081001,سكر 50 كعم 20*50,0.9,390.048,351.043,RMWH
26000454,Closed (مغلق),1171020,حلاوة بلك سادة ميار - موسم,2/11/2026,2634,26000440,1171008,مثبت,48,1.473,70.704,RMWH
26000454,Closed (مغلق),1171020,حلاوة بلك سادة ميار - موسم,2/11/2026,2634,26000440,1171005,فانيلا,0.9,14.666,13.199,RMWH
26000454,Closed (مغلق),1171020,حلاوة بلك سادة ميار - موسم,2/11/2026,2634,26000440,1171017,طحينية بلك ميار - موسم  كروما,1332,1.495,1991.34,WIP
26000454,Closed (مغلق),1171020,حلاوة بلك سادة ميار - موسم,2/11/2026,2634,26000440,1171001,ملح ليمون,1.5,0.736,1.104,RMWH
26000455,Closed (مغلق),1171028,حلاوة بلك فستق ميار,2/11/2026,79,26000441,1171020,حلاوة بلك سادة ميار - موسم,78,0.751,58.578,WIP
26000455,Closed (مغلق),1171028,حلاوة بلك فستق ميار,2/11/2026,79,26000441,1171011,فستق حلبي,1,18.52,18.52,WIP
26000456,Closed (مغلق),1171013,حلاوة بلك رشة فستق ميار,2/11/2026,2571,26000442,1171020,حلاوة بلك سادة ميار - موسم,2556,0.751,1919.556,WIP
26000456,Closed (مغلق),1171013,حلاوة بلك رشة فستق ميار,2/11/2026,2571,26000442,1171011,فستق حلبي,15,18.52,277.8,SAHABWH
26000457,Closed (مغلق),1171015,طحينية بلك شيخ الكار حجر,2/11/2026,20000,26000435,1141002,سمسم خام,23.2,1496.005,34707.316,RMWH
26000457,Closed (مغلق),1171015,طحينية بلك شيخ الكار حجر,2/11/2026,20000,26000435,1171006,ملح,2622.375,0.025,65.559,RMWH
26000458,Closed (مغلق),1011053,شتلة طحينية 800 غم 1*12,2/11/2026,300,26000454,1181206,مرتبان شتلة طحينية 800 غم,300,0.123,36.9,PKGWH
26000458,Closed (مغلق),1011053,شتلة طحينية 800 غم 1*12,2/11/2026,300,26000454,1171015,طحينية بلك شيخ الكار حجر,240,1.734,416.16,WIP
26000458,Closed (مغلق),1011053,شتلة طحينية 800 غم 1*12,2/11/2026,300,26000454,1181008,كرتون متعدد طحينية 800 غم اكسترا فاخرة,25,0.223,5.575,PKGWH
26000459,Closed (مغلق),1011054,شتلة طحينية 400 غم 1*12,2/11/2026,300,26000453,1171015,طحينية بلك شيخ الكار حجر,120,1.734,208.08,WIP
26000459,Closed (مغلق),1011054,شتلة طحينية 400 غم 1*12,2/11/2026,300,26000453,1181370,كرتون اكسترا فاخرة طحينية 400 غم,25,0.165,4.125,WIP
26000459,Closed (مغلق),1011054,شتلة طحينية 400 غم 1*12,2/11/2026,300,26000453,1181209,مرتبان شتلة طحينية 400 غم,300,0.13,39,PKGWH
26000460,Closed (مغلق),1011008,ميار طحينية 550 غم 1*12,2/14/2026,1512,26000464,1181237,مرتبان ميار طحينية 550 غم,1512,0.13,196.56,PKGWH
26000460,Closed (مغلق),1011008,ميار طحينية 550 غم 1*12,2/14/2026,1512,26000464,1181370,كرتون اكسترا فاخرة طحينية 400 غم,126,0.165,20.79,WIP
26000460,Closed (مغلق),1011008,ميار طحينية 550 غم 1*12,2/14/2026,1512,26000464,1171017,طحينية بلك ميار - موسم  كروما,725.76,1.495,1085.011,WIP
26000461,Closed (مغلق),1011005,ميار طحينية 250 غم 1*12,2/14/2026,4044,26000463,1181236,مرتبان ميار طحينية 250 غم,4044,0.422,1706.568,PKGWH
26000461,Closed (مغلق),1011005,ميار طحينية 250 غم 1*12,2/14/2026,4044,26000463,1181012,كرتون ميار طحينية 250 غم صواني,337,0.09,30.33,PKGWH
26000461,Closed (مغلق),1011005,ميار طحينية 250 غم 1*12,2/14/2026,4044,26000463,1171017,طحينية بلك ميار - موسم  كروما,889.68,1.495,1330.072,WIP
26000462,Closed (مغلق),1011123,الفاخرة طحينية  900 غ 1*12,2/14/2026,1644,26000462,1171015,طحينية بلك شيخ الكار حجر,1397.4,1.734,2423.092,WIP
26000462,Closed (مغلق),1011123,الفاخرة طحينية  900 غ 1*12,2/14/2026,1644,26000462,1181216,مطرة الفاخرة طحينية 900 غم,1644,0.264,434.016,PKGWH
26000462,Closed (مغلق),1011123,الفاخرة طحينية  900 غ 1*12,2/14/2026,1644,26000462,1181562,كرتون متعدد قارورة طحينية 900 غم جديد ابيض,137,0.191,26.167,PKGWH
26000463,Closed (مغلق),1011007,ميار طحينية 900 غم مطرة 1*12,2/14/2026,3600,26000461,1181221,مطرة ميار طحينية 900 غم,3600,0.105,378,PKGWH
26000463,Closed (مغلق),1011007,ميار طحينية 900 غم مطرة 1*12,2/14/2026,3600,26000461,1181013,كرتون متعدد طحينية 900 غم مطرة,300,0.207,62.1,PKGWH
26000463,Closed (مغلق),1011007,ميار طحينية 900 غم مطرة 1*12,2/14/2026,3600,26000461,1171017,طحينية بلك ميار - موسم  كروما,3060,1.495,4574.7,WIP
26000464,Closed (مغلق),1021060,شيخ الكار حلاوة 1300 غم فستق 1*6,2/14/2026,1200,26000460,1181067,كرتون شيخ الكار حلاوة 1300 غم فستق,200,0.201,40.2,PKGWH
26000464,Closed (مغلق),1021060,شيخ الكار حلاوة 1300 غم فستق 1*6,2/14/2026,1200,26000460,1171031,حلاوة بلك فستق شيخ الكار,1452,1.264,1835.328,WIP
26000464,Closed (مغلق),1021060,شيخ الكار حلاوة 1300 غم فستق 1*6,2/14/2026,1200,26000460,1181280,علب شيخ الكار حلاوة 1300 غم فستق,1200,0.28,336,PKGWH
26000465,Closed (مغلق),1021052,شيخ الكار حلاوة 4 كغم سادة تنك 1*1,2/14/2026,211,26000459,1171022,حلاوة بلك سادة شيخ الكار,168.8,1.014,171.163,WIP
26000465,Closed (مغلق),1021052,شيخ الكار حلاوة 4 كغم سادة تنك 1*1,2/14/2026,211,26000459,1181305,تنك شيخ الكار حلاوة 4 كغم سادة نصاصي,211,1.101,232.311,PKGWH
26000466,Closed (مغلق),1021024,الموسم حلاوة 6 كغم فستق 1*4,2/14/2026,168,26000458,1171031,حلاوة بلك فستق شيخ الكار,1008,1.264,1274.112,WIP
26000466,Closed (مغلق),1021024,الموسم حلاوة 6 كغم فستق 1*4,2/14/2026,168,26000458,1181344,جاط مربع حلاوة 5 كغم شفاف متعدد,168,0.486,81.648,WIP
26000466,Closed (مغلق),1021024,الموسم حلاوة 6 كغم فستق 1*4,2/14/2026,168,26000458,1181030,كرتون متعدد حلاوة 5 كغم مربع قديم,42,0.48,20.16,WIP
26000467,Closed (مغلق),1171022,حلاوة بلك سادة شيخ الكار,2/13/2026,11302,26000455,1171010,جلوكوز,1875,0.36,675,RMWH
26000467,Closed (مغلق),1171022,حلاوة بلك سادة شيخ الكار,2/13/2026,11302,26000455,1171014,عرق حلاوة,50,1.503,75.15,RMWH
26000467,Closed (مغلق),1171022,حلاوة بلك سادة شيخ الكار,2/13/2026,11302,26000455,1081001,سكر 50 كعم 20*50,3.75,390.048,1462.68,RMWH
26000467,Closed (مغلق),1171022,حلاوة بلك سادة شيخ الكار,2/13/2026,11302,26000455,1171008,مثبت,200,1.473,294.6,RMWH
26000467,Closed (مغلق),1171022,حلاوة بلك سادة شيخ الكار,2/13/2026,11302,26000455,1171005,فانيلا,3.75,14.666,54.998,RMWH
26000467,Closed (مغلق),1171022,حلاوة بلك سادة شيخ الكار,2/13/2026,11302,26000455,1171015,طحينية بلك شيخ الكار حجر,5356,1.734,9287.304,WIP
26000467,Closed (مغلق),1171022,حلاوة بلك سادة شيخ الكار,2/13/2026,11302,26000455,1171001,ملح ليمون,6.25,0.736,4.6,RMWH
26000468,Closed (مغلق),1171031,حلاوة بلك فستق شيخ الكار,2/13/2026,9526,26000456,1171022,حلاوة بلك سادة شيخ الكار,9376,1.034,9694.784,WIP
26000468,Closed (مغلق),1171031,حلاوة بلك فستق شيخ الكار,2/13/2026,9526,26000456,1171011,فستق حلبي,150,18.52,2778,SAHABWH
26000469,Closed (مغلق),1171029,حلاوة بلك رشة شيخ الكار,2/13/2026,1941,26000457,1171022,حلاوة بلك سادة شيخ الكار,1926,1.014,1952.964,WIP
26000469,Closed (مغلق),1171029,حلاوة بلك رشة شيخ الكار,2/13/2026,1941,26000457,1171011,فستق حلبي,15,18.52,277.8,SAHABWH
26000470,Closed (مغلق),1021159,الفاخرة حلاوة 300 غم فستق 1*12,2/14/2026,7188,26000469,1171029,حلاوة بلك رشة شيخ الكار,1940.76,1.149,2229.933,WIP
26000470,Closed (مغلق),1021159,الفاخرة حلاوة 300 غم فستق 1*12,2/14/2026,7188,26000469,1181466,علب الفاخرة حلاوة 300 غم رشة فستق أمنية,7188,0.088,632.544,PKGWH
26000470,Closed (مغلق),1021159,الفاخرة حلاوة 300 غم فستق 1*12,2/14/2026,7188,26000469,1181019,"كرتون متعدد حلاوة 300 غم (ميار،شتلة،فاخرة) أمنية",599,0.106,63.494,PKGWH
26000471,Closed (مغلق),1011089,جولدن سوان طحينية 450 غم  1*12,2/11/2026,4908,26000468,1171015,طحينية بلك شيخ الكار حجر,2208.6,1.734,3829.712,WIP
26000471,Closed (مغلق),1011089,جولدن سوان طحينية 450 غم  1*12,2/11/2026,4908,26000468,1181137,كرتون طحينية جولدن سوان 450 غ ابيض,409,0.24,98.16,PKGWH
26000471,Closed (مغلق),1011089,جولدن سوان طحينية 450 غم  1*12,2/11/2026,4908,26000468,1181491,قارورة طحينيه 450 غم /جولدن سوان,4908,0.11,539.88,PKGWH
26000472,Closed (مغلق),1011008,ميار طحينية 550 غم 1*12,2/14/2026,72,26000465,1181237,مرتبان ميار طحينية 550 غم,72,0.13,9.36,PKGWH
26000472,Closed (مغلق),1011008,ميار طحينية 550 غم 1*12,2/14/2026,72,26000465,1181370,كرتون اكسترا فاخرة طحينية 400 غم,5.976,0.165,0.986,WIP
26000472,Closed (مغلق),1011008,ميار طحينية 550 غم 1*12,2/14/2026,72,26000465,1171017,طحينية بلك ميار - موسم  كروما,34.56,1.495,51.667,WIP
26000473,Closed (مغلق),1171018,زيت سيرج بلك,2/14/2026,100,26000466,1171015,طحينية بلك شيخ الكار حجر,220,1.734,381.48,WIP
26000474,Closed (مغلق),1171018,زيت سيرج بلك,2/14/2026,73,26000467,1171025,سمسم خام برازيلي اناهي,194,1.282,248.708,RMWH
26000475,Closed (مغلق),1011021,شيخ الكار طحينية 5 كغم 1*4,2/14/2026,1,26000470,1181002,كرتون متعدد طحينية 5 كغم بدون طباعة,0.25,2.489,0.622,PKGWH
26000475,Closed (مغلق),1011021,شيخ الكار طحينية 5 كغم 1*4,2/14/2026,1,26000470,1181185,مرتبان شيخ الكار طحينية 5 كغم,1,0.565,0.565,PKGWH
26000475,Closed (مغلق),1011021,شيخ الكار طحينية 5 كغم 1*4,2/14/2026,1,26000470,1171015,طحينية بلك شيخ الكار حجر,5,1.734,8.67,WIP
26000476,Closed (مغلق),1011028,شيخ الكار طحينية 9 كغم تنك 1*1,2/15/2026,240,26000483,1181312,تنك شيخ الكار طحينية 9 كغم -فارغ,240,0.912,218.88,PKGWH
26000476,Closed (مغلق),1011028,شيخ الكار طحينية 9 كغم تنك 1*1,2/15/2026,240,26000483,1171015,طحينية بلك شيخ الكار حجر,1992,1.741,3468.072,WIP
26000477,Closed (مغلق),1011121,الفاخرة طحينية 270 غم 1*12,2/15/2026,6000,26000481,1181060,مرتبان الفاخرة طحينية 300 غم,6000,0.085,510,PKGWH
26000477,Closed (مغلق),1011121,الفاخرة طحينية 270 غم 1*12,2/15/2026,6000,26000481,1171015,طحينية بلك شيخ الكار حجر,1620,1.734,2809.08,WIP
26000477,Closed (مغلق),1011121,الفاخرة طحينية 270 غم 1*12,2/15/2026,6000,26000481,1181404,كرتون الفاخرة طحينية 300 غم,500,0.139,69.5,PKGWH
26000478,Closed (مغلق),1011020,شيخ الكار طحينية 800 غم 1*12,2/15/2026,1056,26000480,1181117,كرتون شيخ الكار طحينية 800 غم,88,0.247,21.736,PKGWH
26000478,Closed (مغلق),1011020,شيخ الكار طحينية 800 غم 1*12,2/15/2026,1056,26000480,1181196,مرتبان شيخ الكار طحينية 800 غم,1056,0.155,163.68,PKGWH
26000478,Closed (مغلق),1011020,شيخ الكار طحينية 800 غم 1*12,2/15/2026,1056,26000480,1171015,طحينية بلك شيخ الكار حجر,844.8,1.734,1464.883,WIP
26000479,Closed (مغلق),1011020,شيخ الكار طحينية 800 غم 1*12,2/15/2026,156,26000479,1181117,كرتون شيخ الكار طحينية 800 غم,13,0.247,3.211,PKGWH
26000479,Closed (مغلق),1011020,شيخ الكار طحينية 800 غم 1*12,2/15/2026,156,26000479,1181197,مرتبان شيخ الكار طحينية 900 غم قديم,156,0.155,24.18,PKGWH
26000479,Closed (مغلق),1011020,شيخ الكار طحينية 800 غم 1*12,2/15/2026,156,26000479,1171015,طحينية بلك شيخ الكار حجر,124.8,1.734,216.403,WIP
26000480,Closed (مغلق),1011026,شيخ الكار طحينية 400 غم 1*12,2/15/2026,816,26000478,1181186,مرتبان شيخ الكار طحينية 400 غم,816,0.116,94.656,PKGWH
26000480,Closed (مغلق),1011026,شيخ الكار طحينية 400 غم 1*12,2/15/2026,816,26000478,1181120,كرتون شيخ الكار طحينية 400 غم,68,0.15,10.2,PKGWH
26000480,Closed (مغلق),1011026,شيخ الكار طحينية 400 غم 1*12,2/15/2026,816,26000478,1171015,طحينية بلك شيخ الكار حجر,326.4,1.734,565.978,WIP
26000481,Closed (مغلق),1171022,حلاوة بلك سادة شيخ الكار,2/16/2026,3040,26000471,1171010,جلوكوز,525,0.36,189,RMWH
26000481,Closed (مغلق),1171022,حلاوة بلك سادة شيخ الكار,2/16/2026,3040,26000471,1171014,عرق حلاوة,14,1.503,21.042,RMWH
26000481,Closed (مغلق),1171022,حلاوة بلك سادة شيخ الكار,2/16/2026,3040,26000471,1081001,سكر 50 كعم 20*50,1.05,390.048,409.55,RMWH
26000481,Closed (مغلق),1171022,حلاوة بلك سادة شيخ الكار,2/16/2026,3040,26000471,1171008,مثبت,56,1.473,82.488,RMWH
26000481,Closed (مغلق),1171022,حلاوة بلك سادة شيخ الكار,2/16/2026,3040,26000471,1171005,فانيلا,1.05,14.666,15.399,RMWH
26000481,Closed (مغلق),1171022,حلاوة بلك سادة شيخ الكار,2/16/2026,3040,26000471,1171015,طحينية بلك شيخ الكار حجر,1505,1.734,2609.67,WIP
26000481,Closed (مغلق),1171022,حلاوة بلك سادة شيخ الكار,2/16/2026,3040,26000471,1171001,ملح ليمون,1.75,0.736,1.288,RMWH
26000482,Closed (مغلق),1171020,حلاوة بلك سادة ميار - موسم,2/15/2026,455,26000472,1171010,جلوكوز,75,0.36,27,RMWH
26000482,Closed (مغلق),1171020,حلاوة بلك سادة ميار - موسم,2/15/2026,455,26000472,1171014,عرق حلاوة,2,1.503,3.006,RMWH
26000482,Closed (مغلق),1171020,حلاوة بلك سادة ميار - موسم,2/15/2026,455,26000472,1081001,سكر 50 كعم 20*50,0.15,390.048,58.507,RMWH
26000482,Closed (مغلق),1171020,حلاوة بلك سادة ميار - موسم,2/15/2026,455,26000472,1171008,مثبت,8,1.473,11.784,RMWH
26000482,Closed (مغلق),1171020,حلاوة بلك سادة ميار - موسم,2/15/2026,455,26000472,1171005,فانيلا,0.15,14.666,2.2,RMWH
26000482,Closed (مغلق),1171020,حلاوة بلك سادة ميار - موسم,2/15/2026,455,26000472,1171017,طحينية بلك ميار - موسم  كروما,230,1.495,343.85,WIP
26000482,Closed (مغلق),1171020,حلاوة بلك سادة ميار - موسم,2/15/2026,455,26000472,1171001,ملح ليمون,0.25,0.736,0.184,RMWH
26000483,Closed (مغلق),1171013,حلاوة بلك رشة فستق ميار,2/15/2026,458,26000473,1171020,حلاوة بلك سادة ميار - موسم,455,0.791,359.905,WIP
26000483,Closed (مغلق),1171013,حلاوة بلك رشة فستق ميار,2/15/2026,458,26000473,1171011,فستق حلبي,3,18.642,55.926,WIP
26000484,Closed (مغلق),1021039,شيخ الكار حلاوة 700 غم فستق 1*12,2/15/2026,972,26000477,1181113,"كرتون شيخ الكار حلاوة 700/800 غم (فستق،سادة،شوكولاتة،ملوكي) دمعة",81,0.197,15.957,PKGWH
26000484,Closed (مغلق),1021039,شيخ الكار حلاوة 700 غم فستق 1*12,2/15/2026,972,26000477,1171031,حلاوة بلك فستق شيخ الكار,622.08,1.264,786.309,WIP
26000484,Closed (مغلق),1021039,شيخ الكار حلاوة 700 غم فستق 1*12,2/15/2026,972,26000477,1181423,علب شيخ الكار حلاوة 700 غم فستق,972,0.15,145.8,PKGWH
26000485,Closed (مغلق),1011124,جولدن سوان طحينية 900 غم مطرة 1*12 قارورة,2/15/2026,4200,26000496,1171015,طحينية بلك شيخ الكار حجر,3570,1.741,6215.37,WIP
26000485,Closed (مغلق),1011124,جولدن سوان طحينية 900 غم مطرة 1*12 قارورة,2/15/2026,4200,26000496,1181492,قارورة طحينيه 900 غم /جولدن سوان,4200,0.11,462,PKGWH
26000485,Closed (مغلق),1011124,جولدن سوان طحينية 900 غم مطرة 1*12 قارورة,2/15/2026,4200,26000496,1181562,كرتون متعدد قارورة طحينية 900 غم جديد ابيض,327,0.191,62.457,PKGWH
26000485,Closed (مغلق),1011124,جولدن سوان طحينية 900 غم مطرة 1*12 قارورة,2/15/2026,4200,26000496,1181097,كرتون شيخ الكار طحينية 900 غم جديد ابيض,23,0.191,4.393,PKGWH
26000486,Closed (مغلق),1021149,الميلاد حلاوة 700 غم فستق 1*12,2/15/2026,600,26000476,1171031,حلاوة بلك فستق شيخ الكار,420,1.264,530.88,WIP
26000486,Closed (مغلق),1021149,الميلاد حلاوة 700 غم فستق 1*12,2/15/2026,600,26000476,1181179,علب حلاوة الميلاد  700 غ فستق,600,0.15,90,PKGWH
26000486,Closed (مغلق),1021149,الميلاد حلاوة 700 غم فستق 1*12,2/15/2026,600,26000476,1181024,كرتون متعدد حلاوة 800 غم دمعة,50,0.203,10.15,PKGWH
26000487,Closed (مغلق),1021080,شتلة حلاوة 300 غم رشة فستق 1*12,2/15/2026,1692,26000475,1171013,حلاوة بلك رشة فستق ميار,457,0.907,414.499,WIP
26000487,Closed (مغلق),1021080,شتلة حلاوة 300 غم رشة فستق 1*12,2/15/2026,1692,26000475,1181019,"كرتون متعدد حلاوة 300 غم (ميار،شتلة،فاخرة) أمنية",141,0.106,14.946,PKGWH
26000487,Closed (مغلق),1021080,شتلة حلاوة 300 غم رشة فستق 1*12,2/15/2026,1692,26000475,1181300,علب شتلة حلاوة 300 غم رشة فستق امنية,1692,0.088,148.896,PKGWH
26000488,Closed (مغلق),1021121,جولدن سوان حلاوة 400 غم فستق 1*12,2/15/2026,14796,26000497,1171031,حلاوة بلك فستق شيخ الكار,5918.4,1.264,7480.858,WIP
26000488,Closed (مغلق),1021121,جولدن سوان حلاوة 400 غم فستق 1*12,2/15/2026,14796,26000497,1181026,كرتون متعدد حلاوة بيضوي صغير,1233,0.06,73.98,PKGWH
26000488,Closed (مغلق),1021121,جولدن سوان حلاوة 400 غم فستق 1*12,2/15/2026,14796,26000497,1181272,علب جولدن سوان حلاوة 400 غم فستق بيضوي,14796,0.127,1879.092,PKGWH
26000489,Closed (مغلق),1021115,جولدن سوان حلاوة 800 غم فستق 1*12,2/15/2026,5964,26000474,1171031,حلاوة بلك فستق شيخ الكار,4771.2,1.264,6030.797,WIP
26000489,Closed (مغلق),1021115,جولدن سوان حلاوة 800 غم فستق 1*12,2/15/2026,5964,26000474,1181005,كرتون متعدد حلاوة بيضوي كبير,497,0.185,91.945,PKGWH
26000489,Closed (مغلق),1021115,جولدن سوان حلاوة 800 غم فستق 1*12,2/15/2026,5964,26000474,1181292,علب جولدن سوان حلاوة 800 غم فستق بيضوي,5964,0.159,948.276,PKGWH
26000490,Closed (مغلق),1171015,طحينية بلك شيخ الكار حجر,2/14/2026,20000,26000482,1141002,سمسم خام,23.2,1496.005,34707.316,RMWH
26000490,Closed (مغلق),1171015,طحينية بلك شيخ الكار حجر,2/14/2026,20000,26000482,1171006,ملح,4500,0.025,112.5,RMWH
26000491,Closed (مغلق),1021161,الموسم حلاوة 1200 غم برش فستق 1*6,2/15/2026,72,26000485,1171028,حلاوة بلك فستق ميار,79.92,0.88,70.33,WIP
26000491,Closed (مغلق),1021161,الموسم حلاوة 1200 غم برش فستق 1*6,2/15/2026,72,26000485,1181557,علب الموسم حلاوة 1300 غم رشة فستق,72,0.28,20.16,PKGWH
26000491,Closed (مغلق),1021161,الموسم حلاوة 1200 غم برش فستق 1*6,2/15/2026,72,26000485,1181068,كرتون شيخ الكار حلاوة 1500 غم قديم,12,0.24,2.88,PKGWH
26000492,Closed (مغلق),1021024,الموسم حلاوة 6 كغم فستق 1*4,2/14/2026,52,26000486,1171031,حلاوة بلك فستق شيخ الكار,312,1.264,394.368,WIP
26000492,Closed (مغلق),1021024,الموسم حلاوة 6 كغم فستق 1*4,2/14/2026,52,26000486,1181344,جاط مربع حلاوة 5 كغم شفاف متعدد,52,0.499,25.948,WIP
26000492,Closed (مغلق),1021024,الموسم حلاوة 6 كغم فستق 1*4,2/14/2026,52,26000486,1181030,كرتون متعدد حلاوة 5 كغم مربع قديم,13,0.48,6.24,WIP
26000493,Closed (مغلق),1011026,شيخ الكار طحينية 400 غم 1*12,2/16/2026,1224,26000494,1181186,مرتبان شيخ الكار طحينية 400 غم,1224,0.116,141.984,PKGWH
26000493,Closed (مغلق),1011026,شيخ الكار طحينية 400 غم 1*12,2/16/2026,1224,26000494,1181120,كرتون شيخ الكار طحينية 400 غم,102,0.15,15.3,PKGWH
26000493,Closed (مغلق),1011026,شيخ الكار طحينية 400 غم 1*12,2/16/2026,1224,26000494,1171015,طحينية بلك شيخ الكار حجر,489.6,1.741,852.394,WIP
26000494,Closed (مغلق),1011024,شيخ الكار طحينية 250 غم 1*12,2/16/2026,1932,26000493,1181188,مرتبان شيخ الكار طحينية 250 غم,1932,0.1,193.2,PKGWH
26000494,Closed (مغلق),1011024,شيخ الكار طحينية 250 غم 1*12,2/16/2026,1932,26000493,1181114,كرتون شيخ الكار طحينية 250 غم,161,0.121,19.481,PKGWH
26000494,Closed (مغلق),1011024,شيخ الكار طحينية 250 غم 1*12,2/16/2026,1932,26000493,1171015,طحينية بلك شيخ الكار حجر,483,1.741,840.903,WIP
26000495,Closed (مغلق),1011027,شيخ الكار طحينية 18 كغم تنك 1*1,2/16/2026,300,26000492,1181301,تنك شيخ الكار طحينية 18 كغم -فارغ,300,1.271,381.3,PKGWH
26000495,Closed (مغلق),1011027,شيخ الكار طحينية 18 كغم تنك 1*1,2/16/2026,300,26000492,1171015,طحينية بلك شيخ الكار حجر,5400,1.741,9401.4,WIP
26000496,Closed (مغلق),1011006,شيخ الكار طحينية 300 غم 1*12 جديد,2/16/2026,1800,26000491,1171015,طحينية بلك شيخ الكار حجر,477,1.741,830.457,WIP
26000496,Closed (مغلق),1011006,شيخ الكار طحينية 300 غم 1*12 جديد,2/16/2026,1800,26000491,1181086,كرتون شيخ الكار طحينية 300 غم قارورة ابيض,150,0.13,19.5,PKGWH
26000496,Closed (مغلق),1011006,شيخ الكار طحينية 300 غم 1*12 جديد,2/16/2026,1800,26000491,1181189,مرتبان شيخ الكار طحينية 300 غم جديد قارورة,1800,0.051,91.8,PKGWH
26000497,Closed (مغلق),1011020,شيخ الكار طحينية 800 غم 1*12,2/16/2026,48,26000490,1181117,كرتون شيخ الكار طحينية 800 غم,4,0.247,0.988,PKGWH
26000497,Closed (مغلق),1011020,شيخ الكار طحينية 800 غم 1*12,2/16/2026,48,26000490,1181196,مرتبان شيخ الكار طحينية 800 غم,48,0.155,7.44,PKGWH
26000497,Closed (مغلق),1011020,شيخ الكار طحينية 800 غم 1*12,2/16/2026,48,26000490,1171015,طحينية بلك شيخ الكار حجر,38.4,1.741,66.854,WIP
26000498,Closed (مغلق),1011025,شيخ الكار طحينية 600 غم 1*12,2/16/2026,48,26000489,1181116,كرتون شيخ الكار طحينية 600 غم,3.984,0.199,0.793,PKGWH
26000498,Closed (مغلق),1011025,شيخ الكار طحينية 600 غم 1*12,2/16/2026,48,26000489,1181190,مرتبان شيخ الكار طحينية 600 غم,48,0.119,5.712,PKGWH
26000498,Closed (مغلق),1011025,شيخ الكار طحينية 600 غم 1*12,2/16/2026,48,26000489,1171015,طحينية بلك شيخ الكار حجر,28.8,1.741,50.141,WIP
26000499,Closed (مغلق),1011003,الموسم طحينية 18 كغم تنك 1*1,2/16/2026,200,26000488,1171017,طحينية بلك ميار - موسم  كروما,3600,1.496,5385.6,WIP
26000499,Closed (مغلق),1011003,الموسم طحينية 18 كغم تنك 1*1,2/16/2026,200,26000488,1181327,تنك الموسم طحينية 18 كغم -فارغ,200,1.334,266.8,PKGWH
26000500,Closed (مغلق),1011005,ميار طحينية 250 غم 1*12,2/16/2026,3000,26000487,1181236,مرتبان ميار طحينية 250 غم,3000,0.422,1266,PKGWH
26000500,Closed (مغلق),1011005,ميار طحينية 250 غم 1*12,2/16/2026,3000,26000487,1181012,كرتون ميار طحينية 250 غم صواني,250,0.082,20.5,PKGWH
26000500,Closed (مغلق),1011005,ميار طحينية 250 غم 1*12,2/16/2026,3000,26000487,1171017,طحينية بلك ميار - موسم  كروما,660,1.496,987.36,WIP
26000501,Closed (مغلق),1011093,الموسم طحينية 250 غم 1*12,2/16/2026,4080,26000495,1171017,طحينية بلك ميار - موسم  كروما,459,1.496,686.664,WIP
26000501,Closed (مغلق),1011093,الموسم طحينية 250 غم 1*12,2/16/2026,4080,26000510,1171017,طحينية بلك ميار - موسم  كروما,459,1.496,686.664,WIP
26000501,Closed (مغلق),1011093,الموسم طحينية 250 غم 1*12,2/16/2026,4080,26000495,1181054,مرتبان الموسم طحينية 250 غم,2040,0.09,183.6,PKGWH
26000501,Closed (مغلق),1011093,الموسم طحينية 250 غم 1*12,2/16/2026,4080,26000510,1181054,مرتبان الموسم طحينية 250 غم,2040,0.09,183.6,PKGWH
26000501,Closed (مغلق),1011093,الموسم طحينية 250 غم 1*12,2/16/2026,4080,26000495,1181001,كرتون متعدد طحينية 300 اكسترا,170,0.198,33.66,PKGWH
26000501,Closed (مغلق),1011093,الموسم طحينية 250 غم 1*12,2/16/2026,4080,26000510,1181001,كرتون متعدد طحينية 300 اكسترا,170,0.198,33.66,PKGWH
26000502,Closed (مغلق),1021038,شيخ الكار حلاوة 700 غم شوكولاته 1*12,2/17/2026,1740,26000584,1181113,"كرتون شيخ الكار حلاوة 700/800 غم (فستق،سادة،شوكولاتة،ملوكي) دمعة",145,0.197,28.565,PKGWH
26000502,Closed (مغلق),1021038,شيخ الكار حلاوة 700 غم شوكولاته 1*12,2/17/2026,1740,26000584,1171026,حلاوة بلك شوكولاته شيخ الكار,1113.6,1.226,1365.274,WIP
26000502,Closed (مغلق),1021038,شيخ الكار حلاوة 700 غم شوكولاته 1*12,2/17/2026,1740,26000584,1181422,علب شيخ الكار حلاوة 700 غم شوكولاتة,1740,0.15,261,PKGWH
26000503,Closed (مغلق),1021049,شيخ الكار حلاوة 300 غم شوكولاته 1*12,2/17/2026,1200,26000563,1181022,"كرتون متعدد حلاوة 300 غم (فستق،سادة،شوكولاتة) مستطيل",100,0.157,15.7,WIP
26000503,Closed (مغلق),1021049,شيخ الكار حلاوة 300 غم شوكولاته 1*12,2/17/2026,1200,26000563,1171026,حلاوة بلك شوكولاته شيخ الكار,324,1.226,397.224,WIP
26000503,Closed (مغلق),1021049,شيخ الكار حلاوة 300 غم شوكولاته 1*12,2/17/2026,1200,26000563,1181442,علب شيخ الكار حلاوة 300 غم شوكولاتة,1200,0.101,121.2,WIP
26000504,Closed (مغلق),1021011,شيخ الكار حلاوة 6 كغم فستق 1*4,2/17/2026,80,26000595,1171031,حلاوة بلك فستق شيخ الكار,480,1.294,621.12,WIP
26000504,Closed (مغلق),1021011,شيخ الكار حلاوة 6 كغم فستق 1*4,2/17/2026,80,26000595,1181311,"جاط متعدد حلاوة 6 كغم (فستق،سادة،شوكولاتة) شفاف",80,0.534,42.72,PKGWH
26000504,Closed (مغلق),1021011,شيخ الكار حلاوة 6 كغم فستق 1*4,2/17/2026,80,26000595,1181111,"كرتون شيخ الكار حلاوة 6 كغم (فستق،سادة،شوكولاتة)",20,0.555,11.1,PKGWH
26000505,Closed (مغلق),1021039,شيخ الكار حلاوة 700 غم فستق 1*12,2/17/2026,1020,26000544,1181113,"كرتون شيخ الكار حلاوة 700/800 غم (فستق،سادة،شوكولاتة،ملوكي) دمعة",85,0.197,16.745,WIP
26000505,Closed (مغلق),1021039,شيخ الكار حلاوة 700 غم فستق 1*12,2/17/2026,1020,26000544,1171031,حلاوة بلك فستق شيخ الكار,652.8,1.316,859.085,WIP
26000505,Closed (مغلق),1021039,شيخ الكار حلاوة 700 غم فستق 1*12,2/17/2026,1020,26000544,1181423,علب شيخ الكار حلاوة 700 غم فستق,1020,0.15,153,WIP
26000506,Closed (مغلق),1021113,عرفة حلاوة 250 غم فستق 1*12,2/17/2026,1200,26000535,1171031,حلاوة بلك فستق شيخ الكار,324,1.262,408.888,WIP
26000506,Closed (مغلق),1021113,عرفة حلاوة 250 غم فستق 1*12,2/17/2026,1200,26000535,1181019,"كرتون متعدد حلاوة 300 غم (ميار،شتلة،فاخرة) أمنية",100,0.106,10.6,WIP
26000506,Closed (مغلق),1021113,عرفة حلاوة 250 غم فستق 1*12,2/17/2026,1200,26000535,1181468,علب عرفة حلاوة 250 غم فستق حلبي امنية,1200,0.077,92.4,WIP
26000507,Closed (مغلق),1021024,الموسم حلاوة 6 كغم فستق 1*4,2/17/2026,316,26000605,1171031,حلاوة بلك فستق شيخ الكار,1896,1.272,2411.712,WIP
26000507,Closed (مغلق),1021024,الموسم حلاوة 6 كغم فستق 1*4,2/17/2026,316,26000605,1181344,جاط مربع حلاوة 5 كغم شفاف متعدد,316,0.606,191.496,PKGWH
26000507,Closed (مغلق),1021024,الموسم حلاوة 6 كغم فستق 1*4,2/17/2026,316,26000605,1181030,كرتون متعدد حلاوة 5 كغم مربع قديم,79,0.48,37.92,PKGWH
26000508,Closed (مغلق),1171031,حلاوة بلك فستق شيخ الكار,2/17/2026,271,26000653,1171022,حلاوة بلك سادة شيخ الكار,266.122,1.006,267.719,WIP
26000508,Closed (مغلق),1171031,حلاوة بلك فستق شيخ الكار,2/17/2026,271,26000653,1171011,فستق حلبي,4.878,18.844,91.921,WIP
26000509,Closed (مغلق),1011031,شيخ الكار زيت سيرج 250 ملم 1*12,2/17/2026,1,26000655,1171018,زيت سيرج بلك,0.225,6.926,1.558,WIP
26000509,Closed (مغلق),1011031,شيخ الكار زيت سيرج 250 ملم 1*12,2/17/2026,1,26000655,1181360,قارورة سيرج 250 غم زجاج,1,0.17,0.17,PKGWH
26000510,Closed (مغلق),1021039,شيخ الكار حلاوة 700 غم فستق 1*12,2/17/2026,900,26000536,1181113,"كرتون شيخ الكار حلاوة 700/800 غم (فستق،سادة،شوكولاتة،ملوكي) دمعة",75,0.197,14.775,WIP
26000510,Closed (مغلق),1021039,شيخ الكار حلاوة 700 غم فستق 1*12,2/17/2026,900,26000536,1171031,حلاوة بلك فستق شيخ الكار,576,1.262,726.912,WIP
26000510,Closed (مغلق),1021039,شيخ الكار حلاوة 700 غم فستق 1*12,2/17/2026,900,26000536,1181423,علب شيخ الكار حلاوة 700 غم فستق,900,0.15,135,WIP
26000511,Closed (مغلق),1021024,الموسم حلاوة 6 كغم فستق 1*4,2/17/2026,200,26000554,1171031,حلاوة بلك فستق شيخ الكار,1200,1.316,1579.2,WIP
26000511,Closed (مغلق),1021024,الموسم حلاوة 6 كغم فستق 1*4,2/17/2026,200,26000554,1181344,جاط مربع حلاوة 5 كغم شفاف متعدد,200,0.499,99.8,WIP
26000511,Closed (مغلق),1021024,الموسم حلاوة 6 كغم فستق 1*4,2/17/2026,200,26000554,1181030,كرتون متعدد حلاوة 5 كغم مربع قديم,50,0.48,24,WIP
26000512,Closed (مغلق),1021100,الضياء حلاوة 400 غم سادة 1*12,2/17/2026,600,26000582,1171022,حلاوة بلك سادة شيخ الكار,216,1.096,236.736,WIP
26000512,Closed (مغلق),1021100,الضياء حلاوة 400 غم سادة 1*12,2/17/2026,600,26000582,1181023,كرتون متعدد حلاوة 400 غم غير مطبوع دمعة,50,0.171,8.55,PKGWH
26000512,Closed (مغلق),1021100,الضياء حلاوة 400 غم سادة 1*12,2/17/2026,600,26000582,1181336,علب الضياء حلاوة 400 غم سادة,600,0.093,55.8,PKGWH
26000513,Closed (مغلق),1021099,الضياء حلاوة 400 غم فستق 1*12,2/17/2026,1200,26000583,1171031,حلاوة بلك فستق شيخ الكار,432,1.32,570.24,WIP
26000513,Closed (مغلق),1021099,الضياء حلاوة 400 غم فستق 1*12,2/17/2026,1200,26000583,1181023,كرتون متعدد حلاوة 400 غم غير مطبوع دمعة,100,0.171,17.1,PKGWH
26000513,Closed (مغلق),1021099,الضياء حلاوة 400 غم فستق 1*12,2/17/2026,1200,26000583,1181451,علب لاند سويت حلاوة 400 غم دايت,1200,0.13,156,PKGWH
26000514,Closed (مغلق),1011005,ميار طحينية 250 غم 1*12,2/17/2026,3000,26000530,1181236,مرتبان ميار طحينية 250 غم,2196,0.326,715.896,PKGWH
26000514,Closed (مغلق),1011005,ميار طحينية 250 غم 1*12,2/17/2026,3000,26000530,1181012,كرتون ميار طحينية 250 غم صواني,183,0.082,15.006,PKGWH
26000514,Closed (مغلق),1011005,ميار طحينية 250 غم 1*12,2/17/2026,3000,26000530,1171017,طحينية بلك ميار - موسم  كروما,660,1.496,987.36,WIP
26000514,Closed (مغلق),1011005,ميار طحينية 250 غم 1*12,2/17/2026,3000,26000530,1181236,مرتبان ميار طحينية 250 غم,804,0.326,262.104,WIP
26000514,Closed (مغلق),1011005,ميار طحينية 250 غم 1*12,2/17/2026,3000,26000530,1181012,كرتون ميار طحينية 250 غم صواني,67,0.082,5.494,WIP
26000515,Closed (مغلق),1011007,ميار طحينية 900 غم مطرة 1*12,2/17/2026,1800,26000529,1181221,مطرة ميار طحينية 900 غم,1200,0.105,126,PKGWH
26000515,Closed (مغلق),1011007,ميار طحينية 900 غم مطرة 1*12,2/17/2026,1800,26000529,1181013,كرتون متعدد طحينية 900 غم مطرة,110,0.207,22.77,PKGWH
26000515,Closed (مغلق),1011007,ميار طحينية 900 غم مطرة 1*12,2/17/2026,1800,26000529,1171017,طحينية بلك ميار - موسم  كروما,1530,1.496,2288.88,WIP
26000515,Closed (مغلق),1011007,ميار طحينية 900 غم مطرة 1*12,2/17/2026,1800,26000529,1181221,مطرة ميار طحينية 900 غم,600,0.105,63,WIP
26000515,Closed (مغلق),1011007,ميار طحينية 900 غم مطرة 1*12,2/17/2026,1800,26000529,1181013,كرتون متعدد طحينية 900 غم مطرة,40,0.207,8.28,WIP
26000516,Closed (مغلق),1011025,شيخ الكار طحينية 600 غم 1*12,2/17/2026,1200,26000528,1181116,كرتون شيخ الكار طحينية 600 غم,99.6,0.199,19.82,WIP
26000516,Closed (مغلق),1011025,شيخ الكار طحينية 600 غم 1*12,2/17/2026,1200,26000528,1181190,مرتبان شيخ الكار طحينية 600 غم,1200,0.119,142.8,WIP
26000516,Closed (مغلق),1011025,شيخ الكار طحينية 600 غم 1*12,2/17/2026,1200,26000528,1171015,طحينية بلك شيخ الكار حجر,720,1.741,1253.52,WIP
26000517,Closed (مغلق),1141003,سمسم محمص 50 كغم,2/17/2026,0,26000498,1141002,سمسم خام,0.058,1496.005,86.768,RMWH
26000517,Closed (مغلق),1141003,سمسم محمص 50 كغم,2/17/2026,0,26000498,1171006,ملح,11.25,0.025,0.281,RMWH
26000518,Closed (مغلق),1011052,القيسي طحينية 900 غم مطرة 1*12,2/17/2026,120,26000499,1181213,مطرة القيسي طحينية 900 غم,120,0.105,12.6,PKGWH
26000518,Closed (مغلق),1011052,القيسي طحينية 900 غم مطرة 1*12,2/17/2026,120,26000499,1181013,كرتون متعدد طحينية 900 غم مطرة,10,0.207,2.07,WIP
26000518,Closed (مغلق),1011052,القيسي طحينية 900 غم مطرة 1*12,2/17/2026,120,26000499,1171015,طحينية بلك شيخ الكار حجر,102,1.741,177.582,WIP
26000520,Closed (مغلق),1141003,سمسم محمص 50 كغم,2/17/2026,50,26000500,1141002,سمسم خام,0.058,1496.005,86.768,WIP
26000520,Closed (مغلق),1141003,سمسم محمص 50 كغم,2/17/2026,50,26000500,1171006,ملح,11.25,0.025,0.281,WIP
26000521,Closed (مغلق),1021116,جولدن سوان حلاوة 800 غم سادة 1*12,2/16/2026,2052,26000512,1171022,حلاوة بلك سادة شيخ الكار,1641.6,1.08,1772.928,WIP
26000521,Closed (مغلق),1021116,جولدن سوان حلاوة 800 غم سادة 1*12,2/16/2026,2052,26000512,1181005,كرتون متعدد حلاوة بيضوي كبير,170.316,0.185,31.508,PKGWH
26000521,Closed (مغلق),1021116,جولدن سوان حلاوة 800 غم سادة 1*12,2/16/2026,2052,26000512,1181291,علب جولدن سوان حلاوة 800 غم سادة بيضوي,2052,0.109,223.668,PKGWH
26000522,Closed (مغلق),1021126,جولدن سوان حلاوة 400 غم سادة 1*12,2/16/2026,2421,26000511,1171022,حلاوة بلك سادة شيخ الكار,968.4,1.08,1045.872,WIP
26000522,Closed (مغلق),1021126,جولدن سوان حلاوة 400 غم سادة 1*12,2/16/2026,2421,26000511,1181026,كرتون متعدد حلاوة بيضوي صغير,200.943,0.06,12.057,PKGWH
26000522,Closed (مغلق),1021126,جولدن سوان حلاوة 400 غم سادة 1*12,2/16/2026,2421,26000511,1181253,علب جولدن سوان حلاوة 400 غم سادة بيضوي,2421,0.121,292.941,PKGWH
26000523,Closed (مغلق),1021080,شتلة حلاوة 300 غم رشة فستق 1*12,2/16/2026,5148,26000506,1171013,حلاوة بلك رشة فستق ميار,1389.96,0.976,1356.601,WIP
26000523,Closed (مغلق),1021080,شتلة حلاوة 300 غم رشة فستق 1*12,2/16/2026,5148,26000506,1181019,"كرتون متعدد حلاوة 300 غم (ميار،شتلة،فاخرة) أمنية",427.284,0.106,45.292,PKGWH
26000523,Closed (مغلق),1021080,شتلة حلاوة 300 غم رشة فستق 1*12,2/16/2026,5148,26000506,1181300,علب شتلة حلاوة 300 غم رشة فستق امنية,5148,0.088,453.024,PKGWH
26000524,Closed (مغلق),1021060,شيخ الكار حلاوة 1300 غم فستق 1*6,2/16/2026,1452,26000503,1181067,كرتون شيخ الكار حلاوة 1300 غم فستق,242,0.201,48.642,PKGWH
26000524,Closed (مغلق),1021060,شيخ الكار حلاوة 1300 غم فستق 1*6,2/16/2026,1452,26000503,1171031,حلاوة بلك فستق شيخ الكار,1756.92,1.278,2245.344,WIP
26000524,Closed (مغلق),1021060,شيخ الكار حلاوة 1300 غم فستق 1*6,2/16/2026,1452,26000503,1181280,علب شيخ الكار حلاوة 1300 غم فستق,1452,0.28,406.56,PKGWH
26000525,Closed (مغلق),1171022,حلاوة بلك سادة شيخ الكار,2/16/2026,4441,26000501,1171010,جلوكوز,750,0.36,270,RMWH
26000525,Closed (مغلق),1171022,حلاوة بلك سادة شيخ الكار,2/16/2026,4441,26000501,1171014,عرق حلاوة,20,1.503,30.06,RMWH
26000525,Closed (مغلق),1171022,حلاوة بلك سادة شيخ الكار,2/16/2026,4441,26000501,1081001,سكر 50 كعم 20*50,1.5,390.048,585.072,RMWH
26000525,Closed (مغلق),1171022,حلاوة بلك سادة شيخ الكار,2/16/2026,4441,26000501,1171008,مثبت,80,1.473,117.84,RMWH
26000525,Closed (مغلق),1171022,حلاوة بلك سادة شيخ الكار,2/16/2026,4441,26000501,1171005,فانيلا,1.5,14.666,21.999,RMWH
26000525,Closed (مغلق),1171022,حلاوة بلك سادة شيخ الكار,2/16/2026,4441,26000501,1171015,طحينية بلك شيخ الكار حجر,2230,1.741,3882.43,WIP
26000525,Closed (مغلق),1171022,حلاوة بلك سادة شيخ الكار,2/16/2026,4441,26000501,1171001,ملح ليمون,2.5,0.736,1.84,RMWH
26000526,Closed (مغلق),1171031,حلاوة بلك فستق شيخ الكار,2/16/2026,3612,26000502,1171022,حلاوة بلك سادة شيخ الكار,3571,1.08,3856.68,WIP
26000526,Closed (مغلق),1171031,حلاوة بلك فستق شيخ الكار,2/16/2026,3612,26000502,1171011,فستق حلبي,41,18.642,764.322,RMWH
26000527,Closed (مغلق),1171020,حلاوة بلك سادة ميار - موسم,2/16/2026,1383,26000504,1171010,جلوكوز,225,0.36,81,RMWH
26000527,Closed (مغلق),1171020,حلاوة بلك سادة ميار - موسم,2/16/2026,1383,26000504,1171014,عرق حلاوة,6,1.503,9.018,RMWH
26000527,Closed (مغلق),1171020,حلاوة بلك سادة ميار - موسم,2/16/2026,1383,26000504,1081001,سكر 50 كعم 20*50,0.45,390.048,175.522,RMWH
26000527,Closed (مغلق),1171020,حلاوة بلك سادة ميار - موسم,2/16/2026,1383,26000504,1171008,مثبت,24,1.473,35.352,RMWH
26000527,Closed (مغلق),1171020,حلاوة بلك سادة ميار - موسم,2/16/2026,1383,26000504,1171005,فانيلا,0.45,14.666,6.6,RMWH
26000527,Closed (مغلق),1171020,حلاوة بلك سادة ميار - موسم,2/16/2026,1383,26000504,1171017,طحينية بلك ميار - موسم  كروما,691,1.496,1033.736,WIP
26000527,Closed (مغلق),1171020,حلاوة بلك سادة ميار - موسم,2/16/2026,1383,26000504,1171001,ملح ليمون,0.75,0.736,0.552,RMWH
26000528,Closed (مغلق),1171013,حلاوة بلك رشة فستق ميار,2/16/2026,1392,26000505,1171020,حلاوة بلك سادة ميار - موسم,1383,0.861,1190.763,WIP
26000528,Closed (مغلق),1171013,حلاوة بلك رشة فستق ميار,2/16/2026,1392,26000505,1171011,فستق حلبي,9,18.642,167.778,RMWH
26000529,Closed (مغلق),1011088,الموسم طحينية 800 غم  1*12,2/17/2026,960,26000613,1171017,طحينية بلك ميار - موسم  كروما,700.8,1.496,1048.397,WIP
26000529,Closed (مغلق),1011088,الموسم طحينية 800 غم  1*12,2/17/2026,960,26000613,1181008,كرتون متعدد طحينية 800 غم اكسترا فاخرة,80,0.223,17.84,PKGWH
26000529,Closed (مغلق),1011088,الموسم طحينية 800 غم  1*12,2/17/2026,960,26000613,1181037,مرتبان الموسم طحينية 800 غم,960,0.099,95.04,PKGWH
26000530,Closed (مغلق),1011045,عرفة طحينية 900 غم 1*12,2/17/2026,1212,26000509,1181227,مطرة عرفة طحينية 900 غم,1212,0.104,126.048,PKGWH
26000530,Closed (مغلق),1011045,عرفة طحينية 900 غم 1*12,2/17/2026,1212,26000509,1181013,كرتون متعدد طحينية 900 غم مطرة,101,0.207,20.907,PKGWH
26000530,Closed (مغلق),1011045,عرفة طحينية 900 غم 1*12,2/17/2026,1212,26000509,1171017,طحينية بلك ميار - موسم  كروما,1030.2,1.496,1541.179,WIP
26000531,Closed (مغلق),1011007,ميار طحينية 900 غم مطرة 1*12,2/17/2026,1200,26000508,1181221,مطرة ميار طحينية 900 غم,1200,0.105,126,WIP
26000531,Closed (مغلق),1011007,ميار طحينية 900 غم مطرة 1*12,2/17/2026,1200,26000508,1181013,كرتون متعدد طحينية 900 غم مطرة,99.6,0.207,20.617,WIP
26000531,Closed (مغلق),1011007,ميار طحينية 900 غم مطرة 1*12,2/17/2026,1200,26000508,1171017,طحينية بلك ميار - موسم  كروما,1020,1.496,1525.92,WIP
26000532,Closed (مغلق),1011005,ميار طحينية 250 غم 1*12,2/17/2026,2196,26000507,1181236,مرتبان ميار طحينية 250 غم,2196,0.326,715.896,WIP
26000532,Closed (مغلق),1011005,ميار طحينية 250 غم 1*12,2/17/2026,2196,26000507,1181012,كرتون ميار طحينية 250 غم صواني,183,0.082,15.006,WIP
26000532,Closed (مغلق),1011005,ميار طحينية 250 غم 1*12,2/17/2026,2196,26000507,1171017,طحينية بلك ميار - موسم  كروما,483.12,1.496,722.748,WIP
26000533,Closed (مغلق),1011077,كباتيلو طحينية 800 غم 1*12,2/17/2026,204,26000658,1171015,طحينية بلك شيخ الكار حجر,163.2,1.53,249.696,WIP
26000533,Closed (مغلق),1011077,كباتيلو طحينية 800 غم 1*12,2/17/2026,204,26000658,1181008,كرتون متعدد طحينية 800 غم اكسترا فاخرة,17,0.223,3.791,PKGWH
26000533,Closed (مغلق),1011077,كباتيلو طحينية 800 غم 1*12,2/17/2026,204,26000658,1181229,مرتبان كباتيلو طحينية 800 غم,204,0.14,28.56,PKGWH
26000534,Closed (مغلق),1021162,خير بلادنا حلاوة 300 غم سادة 1*12,2/18/2026,3600,26000579,1181288,علب خير بلادنا حلاوة 350 غم سادة  بيضوي,3600,0.089,320.4,WIP
26000534,Closed (مغلق),1021162,خير بلادنا حلاوة 300 غم سادة 1*12,2/18/2026,3600,26000579,1181026,كرتون متعدد حلاوة بيضوي صغير,298.8,0.06,17.928,WIP
26000534,Closed (مغلق),1021162,خير بلادنا حلاوة 300 غم سادة 1*12,2/18/2026,3600,26000579,1171020,حلاوة بلك سادة ميار - موسم,954,0.973,928.242,WIP
26000535,Closed (مغلق),1021063,شيخ الكار حلاوة 2300 غم فستق 1*4,2/18/2026,412,26000593,1181065,كرتون شيخ الكار حلاوة 2300 غم فستق,103,0.166,17.098,PKGWH
26000535,Closed (مغلق),1021063,شيخ الكار حلاوة 2300 غم فستق 1*4,2/18/2026,412,26000593,1171031,حلاوة بلك فستق شيخ الكار,896.1,1.294,1159.553,WIP
26000535,Closed (مغلق),1021063,شيخ الكار حلاوة 2300 غم فستق 1*4,2/18/2026,412,26000593,1181435,علب شيخ الكار حلاوة 2300 غم فستق,412,0.32,131.84,PKGWH
26000536,Closed (مغلق),1021039,شيخ الكار حلاوة 700 غم فستق 1*12,2/18/2026,1080,26000567,1181113,"كرتون شيخ الكار حلاوة 700/800 غم (فستق،سادة،شوكولاتة،ملوكي) دمعة",90,0.197,17.73,WIP
26000536,Closed (مغلق),1021039,شيخ الكار حلاوة 700 غم فستق 1*12,2/18/2026,1080,26000567,1171031,حلاوة بلك فستق شيخ الكار,691.2,1.269,877.133,WIP
26000536,Closed (مغلق),1021039,شيخ الكار حلاوة 700 غم فستق 1*12,2/18/2026,1080,26000567,1181423,علب شيخ الكار حلاوة 700 غم فستق,1080,0.15,162,WIP
26000537,Closed (مغلق),1021060,شيخ الكار حلاوة 1300 غم فستق 1*6,2/18/2026,750,26000569,1181067,كرتون شيخ الكار حلاوة 1300 غم فستق,125,0.201,25.125,WIP
26000537,Closed (مغلق),1021060,شيخ الكار حلاوة 1300 غم فستق 1*6,2/18/2026,750,26000569,1171031,حلاوة بلك فستق شيخ الكار,907.5,1.269,1151.618,WIP
26000537,Closed (مغلق),1021060,شيخ الكار حلاوة 1300 غم فستق 1*6,2/18/2026,750,26000569,1181280,علب شيخ الكار حلاوة 1300 غم فستق,750,0.28,210,WIP
26000538,Closed (مغلق),1021041,شيخ الكار حلاوة 700 غم سادة 1*12,2/18/2026,864,26000590,1181113,"كرتون شيخ الكار حلاوة 700/800 غم (فستق،سادة،شوكولاتة،ملوكي) دمعة",72,0.197,14.184,PKGWH
26000538,Closed (مغلق),1021041,شيخ الكار حلاوة 700 غم سادة 1*12,2/18/2026,864,26000590,1171022,حلاوة بلك سادة شيخ الكار,552.96,1.096,606.044,WIP
26000538,Closed (مغلق),1021041,شيخ الكار حلاوة 700 غم سادة 1*12,2/18/2026,864,26000590,1181425,علب شيخ الكار حلاوة 700 غم سادة,864,0.15,129.6,PKGWH
26000539,Closed (مغلق),1021024,الموسم حلاوة 6 كغم فستق 1*4,2/18/2026,156,26000555,1171031,حلاوة بلك فستق شيخ الكار,936,1.316,1231.776,WIP
26000539,Closed (مغلق),1021024,الموسم حلاوة 6 كغم فستق 1*4,2/18/2026,156,26000555,1181344,جاط مربع حلاوة 5 كغم شفاف متعدد,156,0.499,77.844,PKGWH
26000539,Closed (مغلق),1021024,الموسم حلاوة 6 كغم فستق 1*4,2/18/2026,156,26000555,1181030,كرتون متعدد حلاوة 5 كغم مربع قديم,39,0.48,18.72,PKGWH
26000540,Closed (مغلق),1021080,شتلة حلاوة 300 غم رشة فستق 1*12,2/18/2026,3516,26000566,1171013,حلاوة بلك رشة فستق ميار,932,1.105,1029.86,WIP
26000540,Closed (مغلق),1021080,شتلة حلاوة 300 غم رشة فستق 1*12,2/18/2026,3516,26000566,1181019,"كرتون متعدد حلاوة 300 غم (ميار،شتلة،فاخرة) أمنية",293,0.106,31.058,WIP
26000540,Closed (مغلق),1021080,شتلة حلاوة 300 غم رشة فستق 1*12,2/18/2026,3516,26000566,1181300,علب شتلة حلاوة 300 غم رشة فستق امنية,3408,0.088,299.904,WIP
26000540,Closed (مغلق),1021080,شتلة حلاوة 300 غم رشة فستق 1*12,2/18/2026,3516,26000566,1181300,علب شتلة حلاوة 300 غم رشة فستق امنية,108,0.088,9.504,PKGWH
26000541,Closed (مغلق),1021161,الموسم حلاوة 1200 غم برش فستق 1*6,2/18/2026,810,26000564,1171028,حلاوة بلك فستق ميار,899.1,1.05,944.055,WIP
26000541,Closed (مغلق),1021161,الموسم حلاوة 1200 غم برش فستق 1*6,2/18/2026,810,26000564,1181557,علب الموسم حلاوة 1300 غم رشة فستق,810,0.28,226.8,WIP
26000541,Closed (مغلق),1021161,الموسم حلاوة 1200 غم برش فستق 1*6,2/18/2026,810,26000564,1181068,كرتون شيخ الكار حلاوة 1500 غم قديم,135,0.24,32.4,WIP
26000542,Closed (مغلق),1011003,الموسم طحينية 18 كغم تنك 1*1,2/18/2026,38,26000553,1171017,طحينية بلك ميار - موسم  كروما,684,1.496,1023.264,WIP
26000542,Closed (مغلق),1011003,الموسم طحينية 18 كغم تنك 1*1,2/18/2026,38,26000553,1181327,تنك الموسم طحينية 18 كغم -فارغ,38,1.334,50.692,WIP
26000543,Closed (مغلق),1011090,شيخ الكار طحينية 900 غم 1*12 جديد,2/18/2026,444,26000534,1171015,طحينية بلك شيخ الكار حجر,377.4,1.741,657.053,WIP
26000543,Closed (مغلق),1011090,شيخ الكار طحينية 900 غم 1*12 جديد,2/18/2026,444,26000534,1181097,كرتون شيخ الكار طحينية 900 غم جديد ابيض,37,0.191,7.067,WIP
26000543,Closed (مغلق),1011090,شيخ الكار طحينية 900 غم 1*12 جديد,2/18/2026,444,26000534,1181192,قارورة طحينية  شيخ الكار 900 غم  جديد,444,0.124,55.056,WIP
26000544,Closed (مغلق),1011006,شيخ الكار طحينية 300 غم 1*12 جديد,2/18/2026,684,26000552,1171015,طحينية بلك شيخ الكار حجر,181,1.741,315.121,WIP
26000544,Closed (مغلق),1011006,شيخ الكار طحينية 300 غم 1*12 جديد,2/18/2026,684,26000552,1181086,كرتون شيخ الكار طحينية 300 غم قارورة ابيض,57,0.13,7.41,WIP
26000544,Closed (مغلق),1011006,شيخ الكار طحينية 300 غم 1*12 جديد,2/18/2026,684,26000552,1181189,مرتبان شيخ الكار طحينية 300 غم جديد قارورة,684,0.051,34.884,WIP
26000545,Closed (مغلق),1011004,الموسم طحينية 900 غم 1*12,2/18/2026,1200,26000532,1171017,طحينية بلك ميار - موسم  كروما,1020,1.496,1525.92,WIP
26000545,Closed (مغلق),1011004,الموسم طحينية 900 غم 1*12,2/18/2026,1200,26000532,1181037,مرتبان الموسم طحينية 800 غم,1200,0.099,118.8,WIP
26000545,Closed (مغلق),1011004,الموسم طحينية 900 غم 1*12,2/18/2026,1200,26000532,1181008,كرتون متعدد طحينية 800 غم اكسترا فاخرة,100,0.223,22.3,WIP
26000546,Closed (مغلق),1011051,سيلك رود طحينية 650 غم 1*12,2/18/2026,2400,26000550,1181091,كرتون سيلك رود طحينية 650 غم قديم,200,0.282,56.4,WIP
26000546,Closed (مغلق),1011051,سيلك رود طحينية 650 غم 1*12,2/18/2026,2400,26000550,1181211,مرتبان سيلك رود طحينية 650 غم,2400,0.119,285.6,WIP
26000546,Closed (مغلق),1011051,سيلك رود طحينية 650 غم 1*12,2/18/2026,2400,26000550,1171015,طحينية بلك شيخ الكار حجر,1560,1.741,2715.96,WIP
26000547,Closed (مغلق),1021063,شيخ الكار حلاوة 2300 غم فستق 1*4,2/18/2026,557,26000513,1181065,كرتون شيخ الكار حلاوة 2300 غم فستق,139,0.166,23.074,PKGWH
26000547,Closed (مغلق),1021063,شيخ الكار حلاوة 2300 غم فستق 1*4,2/18/2026,557,26000513,1171031,حلاوة بلك فستق شيخ الكار,1211.475,1.278,1548.265,WIP
26000547,Closed (مغلق),1021063,شيخ الكار حلاوة 2300 غم فستق 1*4,2/18/2026,557,26000513,1181435,علب شيخ الكار حلاوة 2300 غم فستق,557,0.32,178.24,PKGWH
26000548,Closed (مغلق),1021047,شيخ الكار حلاوة 400 غم سادة دايت 1*12,2/16/2026,699,26000515,1181006,"كرتون متعدد شيخ الكار حلاوة 400 غم (فستق،سادة،شوكولاتة) دمعة",58,0.093,5.394,PKGWH
26000548,Closed (مغلق),1021047,شيخ الكار حلاوة 400 غم سادة دايت 1*12,2/16/2026,699,26000515,1171016,حلاوة بلك دايت,11.6,2.272,26.355,WIP
26000548,Closed (مغلق),1021047,شيخ الكار حلاوة 400 غم سادة دايت 1*12,2/16/2026,699,26000515,1181438,علب شيخ الكار حلاوة 400 غم دايت,699,0.089,62.211,PKGWH
26000548,Closed (مغلق),1021047,شيخ الكار حلاوة 400 غم سادة دايت 1*12,2/16/2026,699,26000515,1171016,حلاوة بلك دايت,268,2.272,608.896,FGWH
26000549,Closed (مغلق),1171016,حلاوة بلك دايت,2/16/2026,268,26000514,1171008,مثبت,4.733,1.473,6.972,WIP
26000549,Closed (مغلق),1171016,حلاوة بلك دايت,2/16/2026,268,26000514,1171005,فانيلا,0.095,14.666,1.393,RMWH
26000549,Closed (مغلق),1171016,حلاوة بلك دايت,2/16/2026,268,26000514,1171014,عرق حلاوة,1.42,1.503,2.134,RMWH
26000549,Closed (مغلق),1171016,حلاوة بلك دايت,2/16/2026,268,26000514,1171015,طحينية بلك شيخ الكار حجر,113.9,1.741,198.3,WIP
26000549,Closed (مغلق),1171016,حلاوة بلك دايت,2/16/2026,268,26000514,1171007,قطر دايت,8.522,1.428,12.169,RMWH
26000549,Closed (مغلق),1171016,حلاوة بلك دايت,2/16/2026,268,26000514,1171009,بديل السكر,139.36,2.776,386.863,RMWH
26000550,Closed (مغلق),1021043,شيخ الكار حلاوة 300 غم رشة فستق 1*12,2/18/2026,2460,26000517,1181022,"كرتون متعدد حلاوة 300 غم (فستق،سادة،شوكولاتة) مستطيل",205,0.157,32.185,PKGWH
26000550,Closed (مغلق),1021043,شيخ الكار حلاوة 300 غم رشة فستق 1*12,2/18/2026,2460,26000517,1171029,حلاوة بلك رشة شيخ الكار,664.2,1.239,822.944,WIP
26000550,Closed (مغلق),1021043,شيخ الكار حلاوة 300 غم رشة فستق 1*12,2/18/2026,2460,26000517,1181431,علب شيخ الكار حلاوة 300 غم رشة فستق,2460,0.099,243.54,PKGWH
26000551,Closed (مغلق),1171029,حلاوة بلك رشة شيخ الكار,2/18/2026,660,26000516,1171022,حلاوة بلك سادة شيخ الكار,654,1.08,706.32,WIP
26000551,Closed (مغلق),1171029,حلاوة بلك رشة شيخ الكار,2/18/2026,660,26000516,1171011,فستق حلبي,6,18.642,111.852,RMWH
26000552,Closed (مغلق),1171022,حلاوة بلك سادة شيخ الكار,2/17/2026,5366,26000518,1171010,جلوكوز,894.335,0.36,321.961,RMWH
26000552,Closed (مغلق),1171022,حلاوة بلك سادة شيخ الكار,2/17/2026,5366,26000518,1171014,عرق حلاوة,23.847,1.503,35.842,RMWH
26000552,Closed (مغلق),1171022,حلاوة بلك سادة شيخ الكار,2/17/2026,5366,26000518,1081001,سكر 50 كعم 20*50,1.787,373.98,668.302,RMWH
26000552,Closed (مغلق),1171022,حلاوة بلك سادة شيخ الكار,2/17/2026,5366,26000518,1171008,مثبت,95.397,1.473,140.52,RMWH
26000552,Closed (مغلق),1171022,حلاوة بلك سادة شيخ الكار,2/17/2026,5366,26000518,1171005,فانيلا,1.787,14.666,26.208,RMWH
26000552,Closed (مغلق),1171022,حلاوة بلك سادة شيخ الكار,2/17/2026,5366,26000518,1171015,طحينية بلك شيخ الكار حجر,2602.51,1.741,4530.97,WIP
26000552,Closed (مغلق),1171022,حلاوة بلك سادة شيخ الكار,2/17/2026,5366,26000518,1171001,ملح ليمون,2.983,0.736,2.195,RMWH
26000553,Closed (مغلق),1171031,حلاوة بلك فستق شيخ الكار,2/17/2026,2750,26000519,1171022,حلاوة بلك سادة شيخ الكار,2721,1.072,2916.912,WIP
26000553,Closed (مغلق),1171031,حلاوة بلك فستق شيخ الكار,2/17/2026,2750,26000519,1171011,فستق حلبي,29,18.642,540.618,RMWH
26000554,Closed (مغلق),1171030,حلاوة بلك ملوكي شيخ الكار,2/17/2026,13.5,26000520,1171022,حلاوة بلك سادة شيخ الكار,11,1.072,11.792,WIP
26000554,Closed (مغلق),1171030,حلاوة بلك ملوكي شيخ الكار,2/17/2026,13.5,26000520,1171012,مكسرات مشكلة,2,5.5,11,RMWH
26000555,Closed (مغلق),1021007,شيخ الكار حلاوة 1 كغم ملوكية بالمكسرات 1*8,2/17/2026,8,26000521,1171030,حلاوة بلك ملوكي شيخ الكار,8,1.688,13.504,WIP
26000555,Closed (مغلق),1021007,شيخ الكار حلاوة 1 كغم ملوكية بالمكسرات 1*8,2/17/2026,8,26000521,1181308,جاط شفاف حلاوة 1 كغم ملوكي تبروير دائري,8,0.064,0.512,PKGWH
26000555,Closed (مغلق),1021007,شيخ الكار حلاوة 1 كغم ملوكية بالمكسرات 1*8,2/17/2026,8,26000521,1181101,كرتون متعدد حلاوة 1 كغم دائري تبروي,1,0.594,0.594,PKGWH
26000556,Closed (مغلق),1021024,الموسم حلاوة 6 كغم فستق 1*4,2/17/2026,188,26000522,1171031,حلاوة بلك فستق شيخ الكار,1128,1.262,1423.536,WIP
26000556,Closed (مغلق),1021024,الموسم حلاوة 6 كغم فستق 1*4,2/17/2026,188,26000522,1181344,جاط مربع حلاوة 5 كغم شفاف متعدد,188,0.499,93.812,WIP
26000556,Closed (مغلق),1021024,الموسم حلاوة 6 كغم فستق 1*4,2/17/2026,188,26000522,1181030,كرتون متعدد حلاوة 5 كغم مربع قديم,47,0.48,22.56,WIP
26000557,Closed (مغلق),1021060,شيخ الكار حلاوة 1300 غم فستق 1*6,2/17/2026,30,26000523,1181067,كرتون شيخ الكار حلاوة 1300 غم فستق,5.01,0.201,1.007,PKGWH
26000557,Closed (مغلق),1021060,شيخ الكار حلاوة 1300 غم فستق 1*6,2/17/2026,30,26000523,1171031,حلاوة بلك فستق شيخ الكار,36.3,1.262,45.811,WIP
26000557,Closed (مغلق),1021060,شيخ الكار حلاوة 1300 غم فستق 1*6,2/17/2026,30,26000523,1181280,علب شيخ الكار حلاوة 1300 غم فستق,30,0.28,8.4,PKGWH
26000558,Closed (مغلق),1021050,شيخ الكار حلاوة 800 غم سادة 1*12,2/18/2026,1920,26000524,1181113,"كرتون شيخ الكار حلاوة 700/800 غم (فستق،سادة،شوكولاتة،ملوكي) دمعة",160,0.197,31.52,PKGWH
26000558,Closed (مغلق),1021050,شيخ الكار حلاوة 800 غم سادة 1*12,2/18/2026,1920,26000524,1171022,حلاوة بلك سادة شيخ الكار,1536,1.072,1646.592,WIP
26000558,Closed (مغلق),1021050,شيخ الكار حلاوة 800 غم سادة 1*12,2/18/2026,1920,26000524,1181462,علب شيخ الكار حلاوة 800 غم سادة,1920,0.15,288,PKGWH
26000559,Closed (مغلق),1021062,شيخ الكار حلاوة 800 غم فستق 1*12,2/18/2026,1920,26000525,1181113,"كرتون شيخ الكار حلاوة 700/800 غم (فستق،سادة،شوكولاتة،ملوكي) دمعة",160,0.197,31.52,PKGWH
26000559,Closed (مغلق),1021062,شيخ الكار حلاوة 800 غم فستق 1*12,2/18/2026,1920,26000525,1171031,حلاوة بلك فستق شيخ الكار,1536,1.262,1938.432,WIP
26000559,Closed (مغلق),1021062,شيخ الكار حلاوة 800 غم فستق 1*12,2/18/2026,1920,26000525,1181458,علب شيخ الكار حلاوة 800 غم فستق,1920,0.15,288,PKGWH
26000560,Closed (مغلق),1171032,حلاوة بلك دايت فستق شيخ الكار,2/17/2026,4.8,26000527,1171016,حلاوة بلك دايت,4.7,2.269,10.664,WIP
26000560,Closed (مغلق),1171032,حلاوة بلك دايت فستق شيخ الكار,2/17/2026,4.8,26000527,1171011,فستق حلبي,0.1,18.642,1.864,WIP
26000561,Closed (مغلق),1171016,حلاوة بلك دايت,2/18/2026,4.7,26000526,1171008,مثبت,0.083,1.473,0.122,WIP
26000561,Closed (مغلق),1171016,حلاوة بلك دايت,2/18/2026,4.7,26000526,1171005,فانيلا,0.002,14.666,0.029,WIP
26000561,Closed (مغلق),1171016,حلاوة بلك دايت,2/18/2026,4.7,26000526,1171014,عرق حلاوة,0.025,1.503,0.038,WIP
26000561,Closed (مغلق),1171016,حلاوة بلك دايت,2/18/2026,4.7,26000526,1171015,طحينية بلك شيخ الكار حجر,1.998,1.741,3.479,WIP
26000561,Closed (مغلق),1171016,حلاوة بلك دايت,2/18/2026,4.7,26000526,1171007,قطر دايت,0.149,1.428,0.213,RMWH
26000561,Closed (مغلق),1171016,حلاوة بلك دايت,2/18/2026,4.7,26000526,1171009,بديل السكر,2.444,2.776,6.785,RMWH
26000562,Closed (مغلق),1021163,شيخ الكار حلاوة 400 غم فستق دايت 1*12,2/19/2026,12,26000551,1171032,حلاوة بلك دايت فستق شيخ الكار,4.8,2.61,12.528,WIP
26000562,Closed (مغلق),1021163,شيخ الكار حلاوة 400 غم فستق دايت 1*12,2/19/2026,12,26000551,1181438,علب شيخ الكار حلاوة 400 غم دايت,12,0.089,1.068,PKGWH
26000562,Closed (مغلق),1021163,شيخ الكار حلاوة 400 غم فستق دايت 1*12,2/19/2026,12,26000551,1181006,"كرتون متعدد شيخ الكار حلاوة 400 غم (فستق،سادة،شوكولاتة) دمعة",1,0.093,0.093,PKGWH
26000563,Closed (مغلق),1011050,سيلك رود طحينية 1 كغم مطرة 1*12,2/18/2026,1200,26000533,1181225,مطرة سيلك رود طحينية 1 كغم,1200,0.105,126,WIP
26000563,Closed (مغلق),1011050,سيلك رود طحينية 1 كغم مطرة 1*12,2/18/2026,1200,26000533,1181007,كرتون متعدد طحينية 1 كغم مطرة,100,0.284,28.4,WIP
26000563,Closed (مغلق),1011050,سيلك رود طحينية 1 كغم مطرة 1*12,2/18/2026,1200,26000533,1171015,طحينية بلك شيخ الكار حجر,1200,1.741,2089.2,WIP
26000564,Closed (مغلق),1011018,زيت سيرج 1000 مل 1*1,2/19/2026,12,26000531,1171018,زيت سيرج بلك,10.8,7.109,76.777,WIP
26000564,Closed (مغلق),1011018,زيت سيرج 1000 مل 1*1,2/19/2026,12,26000531,1181225,مطرة سيلك رود طحينية 1 كغم,12,0.105,1.26,WIP
26000564,Closed (مغلق),1011018,زيت سيرج 1000 مل 1*1,2/19/2026,12,26000531,1181007,كرتون متعدد طحينية 1 كغم مطرة,1,0.284,0.284,WIP
26000565,Closed (مغلق),1021005,ميار حلاوة 300 غم رشة فستق 1*12,2/19/2026,3420,26000589,1171013,حلاوة بلك رشة فستق ميار,923.4,1.123,1036.978,WIP
26000565,Closed (مغلق),1021005,ميار حلاوة 300 غم رشة فستق 1*12,2/19/2026,3420,26000589,1181019,"كرتون متعدد حلاوة 300 غم (ميار،شتلة،فاخرة) أمنية",285,0.106,30.21,PKGWH
26000565,Closed (مغلق),1021005,ميار حلاوة 300 غم رشة فستق 1*12,2/19/2026,3420,26000589,1181373,علب ميار حلاوة 300 غم رشة فستق أمنية,3420,0.088,300.96,WIP
26000566,Closed (مغلق),1021161,الموسم حلاوة 1200 غم برش فستق 1*6,2/19/2026,252,26000565,1171028,حلاوة بلك فستق ميار,279.72,1.05,293.706,WIP
26000566,Closed (مغلق),1021161,الموسم حلاوة 1200 غم برش فستق 1*6,2/19/2026,252,26000565,1181557,علب الموسم حلاوة 1300 غم رشة فستق,252,0.28,70.56,WIP
26000566,Closed (مغلق),1021161,الموسم حلاوة 1200 غم برش فستق 1*6,2/19/2026,252,26000565,1181068,كرتون شيخ الكار حلاوة 1500 غم قديم,42,0.24,10.08,WIP
26000567,Closed (مغلق),1021149,الميلاد حلاوة 700 غم فستق 1*12,2/19/2026,1800,26000620,1171031,حلاوة بلك فستق شيخ الكار,1260,1.238,1559.88,WIP
26000567,Closed (مغلق),1021149,الميلاد حلاوة 700 غم فستق 1*12,2/19/2026,1800,26000620,1181179,علب حلاوة الميلاد  700 غ فستق,1800,0.15,270,WIP
26000567,Closed (مغلق),1021149,الميلاد حلاوة 700 غم فستق 1*12,2/19/2026,1800,26000620,1181024,كرتون متعدد حلاوة 800 غم دمعة,150,0.203,30.45,WIP
26000568,Closed (مغلق),1021039,شيخ الكار حلاوة 700 غم فستق 1*12,2/19/2026,1400,26000596,1181113,"كرتون شيخ الكار حلاوة 700/800 غم (فستق،سادة،شوكولاتة،ملوكي) دمعة",117,0.197,23.049,WIP
26000568,Closed (مغلق),1021039,شيخ الكار حلاوة 700 غم فستق 1*12,2/19/2026,1400,26000596,1171031,حلاوة بلك فستق شيخ الكار,896,1.294,1159.424,WIP
26000568,Closed (مغلق),1021039,شيخ الكار حلاوة 700 غم فستق 1*12,2/19/2026,1400,26000596,1181423,علب شيخ الكار حلاوة 700 غم فستق,1400,0.15,210,WIP
26000569,Closed (مغلق),1021060,شيخ الكار حلاوة 1300 غم فستق 1*6,2/19/2026,366,26000591,1181067,كرتون شيخ الكار حلاوة 1300 غم فستق,61,0.201,12.261,PKGWH
26000569,Closed (مغلق),1021060,شيخ الكار حلاوة 1300 غم فستق 1*6,2/19/2026,366,26000591,1171031,حلاوة بلك فستق شيخ الكار,442.86,1.32,584.575,WIP
26000569,Closed (مغلق),1021060,شيخ الكار حلاوة 1300 غم فستق 1*6,2/19/2026,366,26000591,1181280,علب شيخ الكار حلاوة 1300 غم فستق,366,0.28,102.48,PKGWH
26000570,Closed (مغلق),1021011,شيخ الكار حلاوة 6 كغم فستق 1*4,2/19/2026,80,26000594,1171031,حلاوة بلك فستق شيخ الكار,480,1.294,621.12,WIP
26000570,Closed (مغلق),1021011,شيخ الكار حلاوة 6 كغم فستق 1*4,2/19/2026,80,26000594,1181311,"جاط متعدد حلاوة 6 كغم (فستق،سادة،شوكولاتة) شفاف",80,0.534,42.72,PKGWH
26000570,Closed (مغلق),1021011,شيخ الكار حلاوة 6 كغم فستق 1*4,2/19/2026,80,26000594,1181111,"كرتون شيخ الكار حلاوة 6 كغم (فستق،سادة،شوكولاتة)",20,0.555,11.1,PKGWH
26000571,Closed (مغلق),1011090,شيخ الكار طحينية 900 غم 1*12 جديد,2/19/2026,12,26000659,1171015,طحينية بلك شيخ الكار حجر,10.2,1.53,15.606,WIP
26000571,Closed (مغلق),1011090,شيخ الكار طحينية 900 غم 1*12 جديد,2/19/2026,12,26000659,1181097,كرتون شيخ الكار طحينية 900 غم جديد ابيض,1,0.191,0.191,WIP
26000571,Closed (مغلق),1011090,شيخ الكار طحينية 900 غم 1*12 جديد,2/19/2026,12,26000659,1181192,قارورة طحينية  شيخ الكار 900 غم  جديد,12,0.124,1.488,WIP
26000572,Closed (مغلق),1011024,شيخ الكار طحينية 250 غم 1*12,2/19/2026,4020,26000681,1181188,مرتبان شيخ الكار طحينية 250 غم,4020,0.1,402,WIP
26000572,Closed (مغلق),1011024,شيخ الكار طحينية 250 غم 1*12,2/19/2026,4020,26000681,1181114,كرتون شيخ الكار طحينية 250 غم,335,0.121,40.535,WIP
26000572,Closed (مغلق),1011024,شيخ الكار طحينية 250 غم 1*12,2/19/2026,4020,26000681,1171015,طحينية بلك شيخ الكار حجر,1005,1.53,1537.65,WIP
26000573,Closed (مغلق),1011005,ميار طحينية 250 غم 1*12,2/19/2026,1560,26000575,1181236,مرتبان ميار طحينية 250 غم,1560,0.326,508.56,PKGWH
26000573,Closed (مغلق),1011005,ميار طحينية 250 غم 1*12,2/19/2026,1560,26000575,1181012,كرتون ميار طحينية 250 غم صواني,130,0.078,10.14,PKGWH
26000573,Closed (مغلق),1011005,ميار طحينية 250 غم 1*12,2/19/2026,1560,26000575,1171017,طحينية بلك ميار - موسم  كروما,343.2,1.496,513.427,WIP
26000574,Closed (مغلق),1171022,حلاوة بلك سادة شيخ الكار,2/19/2026,5325,26000538,1171010,جلوكوز,900,0.36,324,WIP
26000574,Closed (مغلق),1171022,حلاوة بلك سادة شيخ الكار,2/19/2026,5325,26000538,1171014,عرق حلاوة,24,1.503,36.072,WIP
26000574,Closed (مغلق),1171022,حلاوة بلك سادة شيخ الكار,2/19/2026,5325,26000538,1081001,سكر 50 كعم 20*50,1.8,373.98,673.164,WIP
26000574,Closed (مغلق),1171022,حلاوة بلك سادة شيخ الكار,2/19/2026,5325,26000538,1171008,مثبت,96,1.473,141.408,WIP
26000574,Closed (مغلق),1171022,حلاوة بلك سادة شيخ الكار,2/19/2026,5325,26000538,1171005,فانيلا,1.8,14.666,26.399,RMWH
26000574,Closed (مغلق),1171022,حلاوة بلك سادة شيخ الكار,2/19/2026,5325,26000538,1171015,طحينية بلك شيخ الكار حجر,2653,1.741,4618.873,WIP
26000574,Closed (مغلق),1171022,حلاوة بلك سادة شيخ الكار,2/19/2026,5325,26000538,1171001,ملح ليمون,3,0.736,2.208,WIP
26000575,Closed (مغلق),1171015,طحينية بلك شيخ الكار حجر,2/18/2026,15000,26000537,1141002,سمسم خام,17.4,1496.005,26030.487,RMWH
26000575,Closed (مغلق),1171015,طحينية بلك شيخ الكار حجر,2/18/2026,15000,26000537,1171006,ملح,3375,0.025,84.375,RMWH
26000576,Closed (مغلق),1171031,حلاوة بلك فستق شيخ الكار,2/18/2026,4062,26000539,1171022,حلاوة بلك سادة شيخ الكار,4008,1.084,4344.672,WIP
26000576,Closed (مغلق),1171031,حلاوة بلك فستق شيخ الكار,2/18/2026,4062,26000539,1171011,فستق حلبي,54,18.642,1006.668,RMWH
26000577,Closed (مغلق),1171026,حلاوة بلك شوكولاته شيخ الكار,2/18/2026,945,26000540,1171022,حلاوة بلك سادة شيخ الكار,881,1.084,955.004,WIP
26000577,Closed (مغلق),1171026,حلاوة بلك شوكولاته شيخ الكار,2/18/2026,945,26000540,1171003,كاكاو,24,6,144,WIP
26000577,Closed (مغلق),1171026,حلاوة بلك شوكولاته شيخ الكار,2/18/2026,945,26000540,1171015,طحينية بلك شيخ الكار حجر,40,1.741,69.64,WIP
26000578,Closed (مغلق),1171020,حلاوة بلك سادة ميار - موسم,2/18/2026,484,26000541,1171010,جلوكوز,75,0.36,27,WIP
26000578,Closed (مغلق),1171020,حلاوة بلك سادة ميار - موسم,2/18/2026,484,26000541,1171014,عرق حلاوة,2,1.503,3.006,WIP
26000578,Closed (مغلق),1171020,حلاوة بلك سادة ميار - موسم,2/18/2026,484,26000541,1081001,سكر 50 كعم 20*50,0.15,373.98,56.097,WIP
26000578,Closed (مغلق),1171020,حلاوة بلك سادة ميار - موسم,2/18/2026,484,26000541,1171008,مثبت,8,1.473,11.784,WIP
26000578,Closed (مغلق),1171020,حلاوة بلك سادة ميار - موسم,2/18/2026,484,26000541,1171005,فانيلا,0.15,14.666,2.2,WIP
26000578,Closed (مغلق),1171020,حلاوة بلك سادة ميار - موسم,2/18/2026,484,26000541,1171017,طحينية بلك ميار - موسم  كروما,230,1.496,344.08,WIP
26000578,Closed (مغلق),1171020,حلاوة بلك سادة ميار - موسم,2/18/2026,484,26000541,1171001,ملح ليمون,0.25,0.736,0.184,WIP
26000579,Closed (مغلق),1171028,حلاوة بلك فستق ميار,2/18/2026,188,26000543,1171020,حلاوة بلك سادة ميار - موسم,186,0.871,162.006,WIP
26000579,Closed (مغلق),1171028,حلاوة بلك فستق ميار,2/18/2026,188,26000543,1171011,فستق حلبي,2,18.642,37.284,RMWH
26000580,Closed (مغلق),1171013,حلاوة بلك رشة فستق ميار,2/18/2026,300,26000542,1171020,حلاوة بلك سادة ميار - موسم,298,0.871,259.558,WIP
26000580,Closed (مغلق),1171013,حلاوة بلك رشة فستق ميار,2/18/2026,300,26000542,1171011,فستق حلبي,2,18.642,37.284,RMWH
26000581,Closed (مغلق),1021037,شيخ الكار حلاوة 400 غم فستق 1*12,2/18/2026,1728,26000545,1181006,"كرتون متعدد شيخ الكار حلاوة 400 غم (فستق،سادة،شوكولاتة) دمعة",144,0.093,13.392,PKGWH
26000581,Closed (مغلق),1021037,شيخ الكار حلاوة 400 غم فستق 1*12,2/18/2026,1728,26000545,1171031,حلاوة بلك فستق شيخ الكار,691.2,1.316,909.619,WIP
26000581,Closed (مغلق),1021037,شيخ الكار حلاوة 400 غم فستق 1*12,2/18/2026,1728,26000545,1181359,علبة حلاوة شيخ الكار 400 غ فستق دمعة,1728,0.088,152.064,PKGWH
26000582,Closed (مغلق),1021050,شيخ الكار حلاوة 800 غم سادة 1*12,2/18/2026,2184,26000546,1181113,"كرتون شيخ الكار حلاوة 700/800 غم (فستق،سادة،شوكولاتة،ملوكي) دمعة",182,0.197,35.854,WIP
26000582,Closed (مغلق),1021050,شيخ الكار حلاوة 800 غم سادة 1*12,2/18/2026,2184,26000546,1171022,حلاوة بلك سادة شيخ الكار,1747.2,1.084,1893.965,WIP
26000582,Closed (مغلق),1021050,شيخ الكار حلاوة 800 غم سادة 1*12,2/18/2026,2184,26000546,1181462,علب شيخ الكار حلاوة 800 غم سادة,2184,0.15,327.6,PKGWH
26000583,Closed (مغلق),1021039,شيخ الكار حلاوة 700 غم فستق 1*12,2/19/2026,12,26000547,1181113,"كرتون شيخ الكار حلاوة 700/800 غم (فستق،سادة،شوكولاتة،ملوكي) دمعة",1,0.197,0.197,WIP
26000583,Closed (مغلق),1021039,شيخ الكار حلاوة 700 غم فستق 1*12,2/19/2026,12,26000547,1171031,حلاوة بلك فستق شيخ الكار,7.68,1.316,10.107,WIP
26000583,Closed (مغلق),1021039,شيخ الكار حلاوة 700 غم فستق 1*12,2/19/2026,12,26000547,1181423,علب شيخ الكار حلاوة 700 غم فستق,12,0.15,1.8,WIP
26000584,Closed (مغلق),1021030,ميار حلاوة 550 غم رشة فستق 1*12,2/19/2026,12,26000548,1171013,حلاوة بلك رشة فستق ميار,6,0.99,5.94,WIP
26000584,Closed (مغلق),1021030,ميار حلاوة 550 غم رشة فستق 1*12,2/19/2026,12,26000548,1181379,علب ميار حلاوة 550 غم رشة فستق أمنية,12,0.127,1.524,PKGWH
26000584,Closed (مغلق),1021030,ميار حلاوة 550 غم رشة فستق 1*12,2/19/2026,12,26000548,1181027,"كرتون متعدد حلاوة 550 غم (ميار،فاخرة) أمنية",1,0.233,0.233,PKGWH
26000585,Closed (مغلق),1021080,شتلة حلاوة 300 غم رشة فستق 1*12,2/19/2026,12,26000549,1171013,حلاوة بلك رشة فستق ميار,12,0.99,11.88,WIP
26000585,Closed (مغلق),1021080,شتلة حلاوة 300 غم رشة فستق 1*12,2/19/2026,12,26000549,1181019,"كرتون متعدد حلاوة 300 غم (ميار،شتلة،فاخرة) أمنية",1,0.106,0.106,WIP
26000585,Closed (مغلق),1021080,شتلة حلاوة 300 غم رشة فستق 1*12,2/19/2026,12,26000549,1181300,علب شتلة حلاوة 300 غم رشة فستق امنية,12,0.088,1.056,WIP
26000586,Closed (مغلق),1021039,شيخ الكار حلاوة 700 غم فستق 1*12,2/19/2026,280,26000597,1181113,"كرتون شيخ الكار حلاوة 700/800 غم (فستق،سادة،شوكولاتة،ملوكي) دمعة",23,0.197,4.531,WIP
26000586,Closed (مغلق),1021039,شيخ الكار حلاوة 700 غم فستق 1*12,2/19/2026,280,26000597,1171031,حلاوة بلك فستق شيخ الكار,179.2,1.294,231.885,WIP
26000586,Closed (مغلق),1021039,شيخ الكار حلاوة 700 غم فستق 1*12,2/19/2026,280,26000597,1181423,علب شيخ الكار حلاوة 700 غم فستق,280,0.15,42,WIP
26000587,Closed (مغلق),1171020,حلاوة بلك سادة ميار - موسم,2/21/2026,3074.5,26000557,1171010,جلوكوز,525,0.36,189,WIP
26000587,Closed (مغلق),1171020,حلاوة بلك سادة ميار - موسم,2/21/2026,3074.5,26000557,1171014,عرق حلاوة,14,1.503,21.042,WIP
26000587,Closed (مغلق),1171020,حلاوة بلك سادة ميار - موسم,2/21/2026,3074.5,26000557,1081001,سكر 50 كعم 20*50,1.5,373.98,560.97,WIP
26000587,Closed (مغلق),1171020,حلاوة بلك سادة ميار - موسم,2/21/2026,3074.5,26000557,1171008,مثبت,56,1.473,82.488,WIP
26000587,Closed (مغلق),1171020,حلاوة بلك سادة ميار - موسم,2/21/2026,3074.5,26000557,1171005,فانيلا,1.5,14.666,21.999,RMWH
26000587,Closed (مغلق),1171020,حلاوة بلك سادة ميار - موسم,2/21/2026,3074.5,26000557,1171017,طحينية بلك ميار - موسم  كروما,1551,1.496,2320.296,WIP
26000587,Closed (مغلق),1171020,حلاوة بلك سادة ميار - موسم,2/21/2026,3074.5,26000557,1171001,ملح ليمون,1.75,0.736,1.288,WIP
26000588,Closed (مغلق),1171022,حلاوة بلك سادة شيخ الكار,2/19/2026,4419,26000558,1171010,جلوكوز,750,0.36,270,WIP
26000588,Closed (مغلق),1171022,حلاوة بلك سادة شيخ الكار,2/19/2026,4419,26000558,1171014,عرق حلاوة,20,1.503,30.06,WIP
26000588,Closed (مغلق),1171022,حلاوة بلك سادة شيخ الكار,2/19/2026,4419,26000558,1081001,سكر 50 كعم 20*50,1.5,373.98,560.97,WIP
26000588,Closed (مغلق),1171022,حلاوة بلك سادة شيخ الكار,2/19/2026,4419,26000558,1171008,مثبت,80,1.473,117.84,WIP
26000588,Closed (مغلق),1171022,حلاوة بلك سادة شيخ الكار,2/19/2026,4419,26000558,1171005,فانيلا,1.5,14.666,21.999,RMWH
26000588,Closed (مغلق),1171022,حلاوة بلك سادة شيخ الكار,2/19/2026,4419,26000558,1171015,طحينية بلك شيخ الكار حجر,2214,1.741,3854.574,WIP
26000588,Closed (مغلق),1171022,حلاوة بلك سادة شيخ الكار,2/19/2026,4419,26000558,1171001,ملح ليمون,2.5,0.736,1.84,WIP
26000589,Closed (مغلق),1171013,حلاوة بلك رشة فستق ميار,2/19/2026,933,26000559,1171020,حلاوة بلك سادة ميار - موسم,924,0.97,896.28,WIP
26000589,Closed (مغلق),1171013,حلاوة بلك رشة فستق ميار,2/19/2026,933,26000559,1171011,فستق حلبي,9,18.642,167.778,RMWH
26000590,Closed (مغلق),1171028,حلاوة بلك فستق ميار,2/19/2026,871,26000560,1171020,حلاوة بلك سادة ميار - موسم,864,0.97,838.08,WIP
26000590,Closed (مغلق),1171028,حلاوة بلك فستق ميار,2/19/2026,871,26000560,1171011,فستق حلبي,7,18.642,130.494,RMWH
26000591,Closed (مغلق),1171031,حلاوة بلك فستق شيخ الكار,2/19/2026,936,26000561,1171022,حلاوة بلك سادة شيخ الكار,928.5,1.093,1014.851,WIP
26000591,Closed (مغلق),1171031,حلاوة بلك فستق شيخ الكار,2/19/2026,936,26000561,1171011,فستق حلبي,7.5,18.642,139.815,RMWH
26000592,Closed (مغلق),1171026,حلاوة بلك شوكولاته شيخ الكار,2/19/2026,483,26000562,1171022,حلاوة بلك سادة شيخ الكار,449,1.093,490.757,WIP
26000592,Closed (مغلق),1171026,حلاوة بلك شوكولاته شيخ الكار,2/19/2026,483,26000562,1171003,كاكاو,14,6,84,WIP
26000592,Closed (مغلق),1171026,حلاوة بلك شوكولاته شيخ الكار,2/19/2026,483,26000562,1171015,طحينية بلك شيخ الكار حجر,20,1.741,34.82,WIP
26000593,Closed (مغلق),1141004,سمسم جاهز كعك 50 كغم,2/21/2026,89,26000568,1171025,سمسم خام برازيلي اناهي,5162,1.282,6617.684,RMWH
26000593,Closed (مغلق),1141004,سمسم جاهز كعك 50 كغم,2/21/2026,89,26000568,1171006,ملح,1001.25,0.025,25.031,RMWH
26000594,Closed (مغلق),1011020,شيخ الكار طحينية 800 غم 1*12,2/21/2026,1200,26000570,1181117,كرتون شيخ الكار طحينية 800 غم,100,0.247,24.7,PKGWH
26000594,Closed (مغلق),1011020,شيخ الكار طحينية 800 غم 1*12,2/21/2026,1200,26000570,1181196,مرتبان شيخ الكار طحينية 800 غم,1200,0.155,186,PKGWH
26000594,Closed (مغلق),1011020,شيخ الكار طحينية 800 غم 1*12,2/21/2026,1200,26000570,1171015,طحينية بلك شيخ الكار حجر,960,1.741,1671.36,WIP
26000595,Closed (مغلق),1011025,شيخ الكار طحينية 600 غم 1*12,2/21/2026,1200,26000571,1181116,كرتون شيخ الكار طحينية 600 غم,100,0.199,19.9,PKGWH
26000595,Closed (مغلق),1011025,شيخ الكار طحينية 600 غم 1*12,2/21/2026,1200,26000571,1181190,مرتبان شيخ الكار طحينية 600 غم,1200,0.119,142.8,PKGWH
26000595,Closed (مغلق),1011025,شيخ الكار طحينية 600 غم 1*12,2/21/2026,1200,26000571,1171015,طحينية بلك شيخ الكار حجر,720,1.741,1253.52,WIP
26000596,Closed (مغلق),1011027,شيخ الكار طحينية 18 كغم تنك 1*1,2/21/2026,100,26000572,1181301,تنك شيخ الكار طحينية 18 كغم -فارغ,100,1.271,127.1,PKGWH
26000596,Closed (مغلق),1011027,شيخ الكار طحينية 18 كغم تنك 1*1,2/21/2026,100,26000572,1171015,طحينية بلك شيخ الكار حجر,1800,1.741,3133.8,WIP
26000597,Closed (مغلق),1021024,الموسم حلاوة 6 كغم فستق 1*4,2/21/2026,124,26000654,1171031,حلاوة بلك فستق شيخ الكار,744,1.284,955.296,WIP
26000597,Closed (مغلق),1021024,الموسم حلاوة 6 كغم فستق 1*4,2/21/2026,124,26000654,1181344,جاط مربع حلاوة 5 كغم شفاف متعدد,124,0.606,75.144,WIP
26000597,Closed (مغلق),1021024,الموسم حلاوة 6 كغم فستق 1*4,2/21/2026,124,26000654,1181030,كرتون متعدد حلاوة 5 كغم مربع قديم,31,0.48,14.88,WIP
26000598,Closed (مغلق),1021043,شيخ الكار حلاوة 300 غم رشة فستق 1*12,2/21/2026,1800,26000607,1181022,"كرتون متعدد حلاوة 300 غم (فستق،سادة،شوكولاتة) مستطيل",150,0.157,23.55,WIP
26000598,Closed (مغلق),1021043,شيخ الكار حلاوة 300 غم رشة فستق 1*12,2/21/2026,1800,26000607,1171029,حلاوة بلك رشة شيخ الكار,484,1.24,600.16,WIP
26000598,Closed (مغلق),1021043,شيخ الكار حلاوة 300 غم رشة فستق 1*12,2/21/2026,1800,26000607,1181431,علب شيخ الكار حلاوة 300 غم رشة فستق,1800,0.099,178.2,WIP
26000599,Closed (مغلق),1021048,شيخ الكار حلاوة 300 غم سادة 1*12,2/21/2026,1200,26000606,1181022,"كرتون متعدد حلاوة 300 غم (فستق،سادة،شوكولاتة) مستطيل",100,0.157,15.7,WIP
26000599,Closed (مغلق),1021048,شيخ الكار حلاوة 300 غم سادة 1*12,2/21/2026,1200,26000606,1171022,حلاوة بلك سادة شيخ الكار,324,1.094,354.456,WIP
26000599,Closed (مغلق),1021048,شيخ الكار حلاوة 300 غم سادة 1*12,2/21/2026,1200,26000606,1181440,علب شيخ الكار حلاوة 300 غم سادة,1200,0.098,117.6,WIP
26000600,Closed (مغلق),1171028,حلاوة بلك فستق ميار,2/21/2026,453,26000652,1171020,حلاوة بلك سادة ميار - موسم,446,0.972,433.512,WIP
26000600,Closed (مغلق),1171028,حلاوة بلك فستق ميار,2/21/2026,453,26000652,1171011,فستق حلبي,7,18.844,131.908,WIP
26000601,Closed (مغلق),1021060,شيخ الكار حلاوة 1300 غم فستق 1*6,2/21/2026,750,26000581,1181067,كرتون شيخ الكار حلاوة 1300 غم فستق,125,0.201,25.125,PKGWH
26000601,Closed (مغلق),1021060,شيخ الكار حلاوة 1300 غم فستق 1*6,2/21/2026,750,26000581,1171031,حلاوة بلك فستق شيخ الكار,907.5,1.32,1197.9,WIP
26000601,Closed (مغلق),1021060,شيخ الكار حلاوة 1300 غم فستق 1*6,2/21/2026,750,26000581,1181280,علب شيخ الكار حلاوة 1300 غم فستق,750,0.28,210,PKGWH
26000602,Closed (مغلق),1011027,شيخ الكار طحينية 18 كغم تنك 1*1,2/21/2026,100,26000573,1181301,تنك شيخ الكار طحينية 18 كغم -فارغ,100,1.271,127.1,PKGWH
26000602,Closed (مغلق),1011027,شيخ الكار طحينية 18 كغم تنك 1*1,2/21/2026,100,26000573,1171015,طحينية بلك شيخ الكار حجر,1800,1.741,3133.8,WIP
26000603,Closed (مغلق),1141004,سمسم جاهز كعك 50 كغم,2/21/2026,2,26000574,1171025,سمسم خام برازيلي اناهي,116,1.282,148.712,RMWH
26000603,Closed (مغلق),1141004,سمسم جاهز كعك 50 كغم,2/21/2026,2,26000574,1171006,ملح,22.5,0.025,0.563,RMWH
26000604,Closed (مغلق),1021090,الميلاد حلاوة 300 غم 1*12  فستق,2/21/2026,2400,26000622,1171031,حلاوة بلك فستق شيخ الكار,162,1.238,200.556,WIP
26000604,Closed (مغلق),1021090,الميلاد حلاوة 300 غم 1*12  فستق,2/21/2026,2400,26000797,1171031,حلاوة بلك فستق شيخ الكار,558,1.174,655.092,WIP
26000604,Closed (مغلق),1021090,الميلاد حلاوة 300 غم 1*12  فستق,2/21/2026,2400,26000622,1181022,"كرتون متعدد حلاوة 300 غم (فستق،سادة،شوكولاتة) مستطيل",45,0.157,7.065,WIP
26000604,Closed (مغلق),1021090,الميلاد حلاوة 300 غم 1*12  فستق,2/21/2026,2400,26000797,1181022,"كرتون متعدد حلاوة 300 غم (فستق،سادة،شوكولاتة) مستطيل",155,0.157,24.335,WIP
26000604,Closed (مغلق),1021090,الميلاد حلاوة 300 غم 1*12  فستق,2/21/2026,2400,26000622,1181266,علب الميلاد 300 غم حلاوة بالفستق الحلبي,540,0.106,57.24,WIP
26000604,Closed (مغلق),1021090,الميلاد حلاوة 300 غم 1*12  فستق,2/21/2026,2400,26000797,1181266,علب الميلاد 300 غم حلاوة بالفستق الحلبي,1860,0.1,186,WIP
26000605,Closed (مغلق),1011008,ميار طحينية 550 غم 1*12,2/21/2026,1800,26000576,1181237,مرتبان ميار طحينية 550 غم,1800,0.13,234,PKGWH
26000605,Closed (مغلق),1011008,ميار طحينية 550 غم 1*12,2/21/2026,1800,26000576,1181370,كرتون اكسترا فاخرة طحينية 400 غم,150,0.165,24.75,WIP
26000605,Closed (مغلق),1011008,ميار طحينية 550 غم 1*12,2/21/2026,1800,26000576,1171017,طحينية بلك ميار - موسم  كروما,864,1.496,1292.544,WIP
26000606,Closed (مغلق),1171022,حلاوة بلك سادة شيخ الكار,2/22/2026,2167,26000577,1171010,جلوكوز,375,0.36,135,RMWH
26000606,Closed (مغلق),1171022,حلاوة بلك سادة شيخ الكار,2/22/2026,2167,26000577,1171014,عرق حلاوة,10,1.503,15.03,RMWH
26000606,Closed (مغلق),1171022,حلاوة بلك سادة شيخ الكار,2/22/2026,2167,26000577,1081001,سكر 50 كعم 20*50,0.75,373.98,280.485,RMWH
26000606,Closed (مغلق),1171022,حلاوة بلك سادة شيخ الكار,2/22/2026,2167,26000577,1171008,مثبت,40,1.473,58.92,RMWH
26000606,Closed (مغلق),1171022,حلاوة بلك سادة شيخ الكار,2/22/2026,2167,26000577,1171005,فانيلا,0.75,14.666,11,RMWH
26000606,Closed (مغلق),1171022,حلاوة بلك سادة شيخ الكار,2/22/2026,2167,26000577,1171015,طحينية بلك شيخ الكار حجر,1086,1.741,1890.726,WIP
26000606,Closed (مغلق),1171022,حلاوة بلك سادة شيخ الكار,2/22/2026,2167,26000577,1171001,ملح ليمون,1.25,0.736,0.92,RMWH
26000607,Closed (مغلق),1171020,حلاوة بلك سادة ميار - موسم,2/22/2026,1357.5,26000578,1171010,جلوكوز,225,0.36,81,RMWH
26000607,Closed (مغلق),1171020,حلاوة بلك سادة ميار - موسم,2/22/2026,1357.5,26000578,1171014,عرق حلاوة,6,1.503,9.018,RMWH
26000607,Closed (مغلق),1171020,حلاوة بلك سادة ميار - موسم,2/22/2026,1357.5,26000578,1081001,سكر 50 كعم 20*50,0.45,373.98,168.291,RMWH
26000607,Closed (مغلق),1171020,حلاوة بلك سادة ميار - موسم,2/22/2026,1357.5,26000578,1171008,مثبت,24,1.473,35.352,RMWH
26000607,Closed (مغلق),1171020,حلاوة بلك سادة ميار - موسم,2/22/2026,1357.5,26000578,1171005,فانيلا,0.45,14.666,6.6,RMWH
26000607,Closed (مغلق),1171020,حلاوة بلك سادة ميار - موسم,2/22/2026,1357.5,26000578,1171017,طحينية بلك ميار - موسم  كروما,687,1.496,1027.752,WIP
26000607,Closed (مغلق),1171020,حلاوة بلك سادة ميار - موسم,2/22/2026,1357.5,26000578,1171001,ملح ليمون,0.75,0.736,0.552,RMWH
26000608,Closed (مغلق),1171031,حلاوة بلك فستق شيخ الكار,2/22/2026,2195,26000580,1171022,حلاوة بلك سادة شيخ الكار,2167,1.096,2375.032,WIP
26000608,Closed (مغلق),1171031,حلاوة بلك فستق شيخ الكار,2/22/2026,2195,26000580,1171011,فستق حلبي,28,18.682,523.096,WIP
26000609,Closed (مغلق),1011008,ميار طحينية 550 غم 1*12,2/22/2026,12,26000585,1181237,مرتبان ميار طحينية 550 غم,12,0.13,1.56,PKGWH
26000609,Closed (مغلق),1011008,ميار طحينية 550 غم 1*12,2/22/2026,12,26000585,1181370,كرتون اكسترا فاخرة طحينية 400 غم,1,0.165,0.165,WIP
26000609,Closed (مغلق),1011008,ميار طحينية 550 غم 1*12,2/22/2026,12,26000585,1171017,طحينية بلك ميار - موسم  كروما,5.76,1.496,8.617,WIP
26000610,Closed (مغلق),1171028,حلاوة بلك فستق ميار,2/22/2026,460,26000586,1171020,حلاوة بلك سادة ميار - موسم,455.5,0.973,443.202,WIP
26000610,Closed (مغلق),1171028,حلاوة بلك فستق ميار,2/22/2026,460,26000586,1171011,فستق حلبي,4.5,18.682,84.069,WIP
26000611,Closed (مغلق),1171013,حلاوة بلك رشة فستق ميار,2/22/2026,910,26000587,1171020,حلاوة بلك سادة ميار - موسم,902,0.973,877.646,WIP
26000611,Closed (مغلق),1171013,حلاوة بلك رشة فستق ميار,2/22/2026,910,26000587,1171011,فستق حلبي,8,18.682,149.456,WIP
26000612,Closed (مغلق),1171018,زيت سيرج بلك,2/22/2026,128,26000588,1171025,سمسم خام برازيلي اناهي,333.5,1.282,427.547,RMWH
26000613,Closed (مغلق),1011020,شيخ الكار طحينية 800 غم 1*12,2/22/2026,12,26000660,1181117,كرتون شيخ الكار طحينية 800 غم,1,0.247,0.247,WIP
26000613,Closed (مغلق),1011020,شيخ الكار طحينية 800 غم 1*12,2/22/2026,12,26000660,1181196,مرتبان شيخ الكار طحينية 800 غم,12,0.155,1.86,WIP
26000613,Closed (مغلق),1011020,شيخ الكار طحينية 800 غم 1*12,2/22/2026,12,26000660,1171015,طحينية بلك شيخ الكار حجر,9.6,1.53,14.688,WIP
26000614,Closed (مغلق),1011088,الموسم طحينية 800 غم  1*12,2/22/2026,12,26000661,1171017,طحينية بلك ميار - موسم  كروما,8.76,1.496,13.105,WIP
26000614,Closed (مغلق),1011088,الموسم طحينية 800 غم  1*12,2/22/2026,12,26000661,1181008,كرتون متعدد طحينية 800 غم اكسترا فاخرة,0.996,0.223,0.222,PKGWH
26000614,Closed (مغلق),1011088,الموسم طحينية 800 غم  1*12,2/22/2026,12,26000661,1181037,مرتبان الموسم طحينية 800 غم,12,0.099,1.188,PKGWH
26000615,Closed (مغلق),1021054,شيخ الكار حلاوة 3 كغم فستق 1*6,2/22/2026,180,26000630,1181156,"كرتون متعدد 3 كغم (فستق،سادة،شوكولاتة)",30,0.5,15,WIP
26000615,Closed (مغلق),1021054,شيخ الكار حلاوة 3 كغم فستق 1*6,2/22/2026,180,26000630,1171031,حلاوة بلك فستق شيخ الكار,540,1.27,685.8,WIP
26000615,Closed (مغلق),1021054,شيخ الكار حلاوة 3 كغم فستق 1*6,2/22/2026,180,26000630,1181329,جاط شيخ الكار حلاوة 3 كغم فستق,180,0.55,99,WIP
26000616,Closed (مغلق),1021064,شيخ الكار حلاوة 3 كغم سادة 1*6,2/22/2026,120,26000626,1181156,"كرتون متعدد 3 كغم (فستق،سادة،شوكولاتة)",20,0.5,10,WIP
26000616,Closed (مغلق),1021064,شيخ الكار حلاوة 3 كغم سادة 1*6,2/22/2026,120,26000626,1171022,حلاوة بلك سادة شيخ الكار,360,1.022,367.92,WIP
26000616,Closed (مغلق),1021064,شيخ الكار حلاوة 3 كغم سادة 1*6,2/22/2026,120,26000626,1181309,جاط شيخ الكار حلاوة 3 كغم سادة,120,0.534,64.08,WIP
26000617,Closed (مغلق),1011033,شيخ الكار طحينية 15 كغم تنك 1*1,2/22/2026,160,26000616,1171015,طحينية بلك شيخ الكار حجر,2280,1.53,3488.4,WIP
26000617,Closed (مغلق),1011033,شيخ الكار طحينية 15 كغم تنك 1*1,2/22/2026,160,26000616,1181304,تنك شيخ الكار طحينية 15 كغم -فارغ,160,1.155,184.8,PKGWH
26000618,Closed (مغلق),1011035,شيخ الكار طحينية 18 كغم سطل 1*1,2/22/2026,240,26000617,1181355,سطل شيخ الكار طحينية 18 كغم,240,1.334,320.16,PKGWH
26000618,Closed (مغلق),1011035,شيخ الكار طحينية 18 كغم سطل 1*1,2/22/2026,240,26000617,1171015,طحينية بلك شيخ الكار حجر,4320,1.53,6609.6,WIP
26000619,Closed (مغلق),1011028,شيخ الكار طحينية 9 كغم تنك 1*1,2/22/2026,360,26000611,1181312,تنك شيخ الكار طحينية 9 كغم -فارغ,360,0.912,328.32,PKGWH
26000619,Closed (مغلق),1011028,شيخ الكار طحينية 9 كغم تنك 1*1,2/22/2026,360,26000611,1171015,طحينية بلك شيخ الكار حجر,2988,1.53,4571.64,WIP
26000620,Closed (مغلق),1011101,الموسم طحينية 400 غم 1*12,2/22/2026,5400,26000612,1181056,مرتبان الموسم طحينية 400 غم,5400,0.13,702,PKGWH
26000620,Closed (مغلق),1011101,الموسم طحينية 400 غم 1*12,2/22/2026,5400,26000612,1181370,كرتون اكسترا فاخرة طحينية 400 غم,450,0.165,74.25,PKGWH
26000620,Closed (مغلق),1011101,الموسم طحينية 400 غم 1*12,2/22/2026,5400,26000612,1171017,طحينية بلك ميار - موسم  كروما,1890,1.496,2827.44,WIP
26000621,Closed (مغلق),1011020,شيخ الكار طحينية 800 غم 1*12,2/22/2026,1056,26000604,1181117,كرتون شيخ الكار طحينية 800 غم,88,0.247,21.736,PKGWH
26000621,Closed (مغلق),1011020,شيخ الكار طحينية 800 غم 1*12,2/22/2026,1056,26000604,1181196,مرتبان شيخ الكار طحينية 800 غم,1056,0.155,163.68,PKGWH
26000621,Closed (مغلق),1011020,شيخ الكار طحينية 800 غم 1*12,2/22/2026,1056,26000604,1171015,طحينية بلك شيخ الكار حجر,844.8,1.741,1470.797,WIP
26000622,Closed (مغلق),1171031,حلاوة بلك فستق شيخ الكار,2/19/2026,2720,26000592,1171022,حلاوة بلك سادة شيخ الكار,2690,1.096,2948.24,WIP
26000622,Closed (مغلق),1171031,حلاوة بلك فستق شيخ الكار,2/19/2026,2720,26000592,1171011,فستق حلبي,30,18.682,560.46,RMWH
26000623,Closed (مغلق),1021031,ميار حلاوة 1200 غم برش فستق 1*6,2/22/2026,528,26000598,1171028,حلاوة بلك فستق ميار,586.08,1.116,654.065,WIP
26000623,Closed (مغلق),1021031,ميار حلاوة 1200 غم برش فستق 1*6,2/22/2026,528,26000598,1181378,علب ميار حلاوة 1300 غم رشة فستق,528,0.28,147.84,WIP
26000623,Closed (مغلق),1021031,ميار حلاوة 1200 غم برش فستق 1*6,2/22/2026,528,26000598,1181014,كرتون ميار حلاوة 1300 غم رشة فستق,88,0.223,19.624,WIP
26000624,Closed (مغلق),1171016,حلاوة بلك دايت,2/22/2026,282,26000599,1171008,مثبت,5,1.473,7.365,WIP
26000624,Closed (مغلق),1171016,حلاوة بلك دايت,2/22/2026,282,26000599,1171005,فانيلا,0.1,14.666,1.467,WIP
26000624,Closed (مغلق),1171016,حلاوة بلك دايت,2/22/2026,282,26000599,1171014,عرق حلاوة,1.5,1.503,2.255,WIP
26000624,Closed (مغلق),1171016,حلاوة بلك دايت,2/22/2026,282,26000599,1171015,طحينية بلك شيخ الكار حجر,142,1.741,247.222,WIP
26000624,Closed (مغلق),1171016,حلاوة بلك دايت,2/22/2026,282,26000599,1171007,قطر دايت,9,1.428,12.852,RMWH
26000624,Closed (مغلق),1171016,حلاوة بلك دايت,2/22/2026,282,26000599,1171009,بديل السكر,150,2.776,416.4,WIP
26000625,Closed (مغلق),1021047,شيخ الكار حلاوة 400 غم سادة دايت 1*12,2/22/2026,24,26000600,1181006,"كرتون متعدد شيخ الكار حلاوة 400 غم (فستق،سادة،شوكولاتة) دمعة",2,0.093,0.186,PKGWH
26000625,Closed (مغلق),1021047,شيخ الكار حلاوة 400 غم سادة دايت 1*12,2/22/2026,24,26000600,1171016,حلاوة بلك دايت,9.6,2.438,23.405,WIP
26000625,Closed (مغلق),1021047,شيخ الكار حلاوة 400 غم سادة دايت 1*12,2/22/2026,24,26000600,1181438,علب شيخ الكار حلاوة 400 غم دايت,24,0.089,2.136,PKGWH
26000626,Closed (مغلق),1171022,حلاوة بلك سادة شيخ الكار,2/22/2026,3082,26000601,1171010,جلوكوز,525,0.36,189,WIP
26000626,Closed (مغلق),1171022,حلاوة بلك سادة شيخ الكار,2/22/2026,3082,26000601,1171014,عرق حلاوة,14,1.503,21.042,WIP
26000626,Closed (مغلق),1171022,حلاوة بلك سادة شيخ الكار,2/22/2026,3082,26000601,1081001,سكر 50 كعم 20*50,1.05,373.98,392.679,WIP
26000626,Closed (مغلق),1171022,حلاوة بلك سادة شيخ الكار,2/22/2026,3082,26000601,1171008,مثبت,56,1.473,82.488,WIP
26000626,Closed (مغلق),1171022,حلاوة بلك سادة شيخ الكار,2/22/2026,3082,26000601,1171005,فانيلا,1.05,14.666,15.399,RMWH
26000626,Closed (مغلق),1171022,حلاوة بلك سادة شيخ الكار,2/22/2026,3082,26000601,1171015,طحينية بلك شيخ الكار حجر,1532,1.741,2667.212,WIP
26000626,Closed (مغلق),1171022,حلاوة بلك سادة شيخ الكار,2/22/2026,3082,26000601,1171001,ملح ليمون,1.75,0.736,1.288,WIP
26000627,Closed (مغلق),1171029,حلاوة بلك رشة شيخ الكار,2/22/2026,484,26000602,1171022,حلاوة بلك سادة شيخ الكار,480,1.094,525.12,WIP
26000627,Closed (مغلق),1171029,حلاوة بلك رشة شيخ الكار,2/22/2026,484,26000602,1171011,فستق حلبي,4,18.721,74.884,RMWH
26000628,Closed (مغلق),1171031,حلاوة بلك فستق شيخ الكار,2/22/2026,2307,26000603,1171022,حلاوة بلك سادة شيخ الكار,2284,1.094,2498.696,WIP
26000628,Closed (مغلق),1171031,حلاوة بلك فستق شيخ الكار,2/22/2026,2307,26000603,1171011,فستق حلبي,23,18.721,430.583,RMWH
26000629,Closed (مغلق),1021045,شيخ الكار حلاوة 200 غم سادة 1*12,2/23/2026,2160,26000640,1181069,كرتون شيخ الكار حلاوة 250 غم مثلث,90.72,0.169,15.332,WIP
26000629,Closed (مغلق),1021045,شيخ الكار حلاوة 200 غم سادة 1*12,2/23/2026,2160,26000640,1171022,حلاوة بلك سادة شيخ الكار,432,1.009,435.888,WIP
26000629,Closed (مغلق),1021045,شيخ الكار حلاوة 200 غم سادة 1*12,2/23/2026,2160,26000640,1181568,علب شيخ الكار حلاوة 200 غم سادة,2160,0.088,190.08,WIP
26000630,Closed (مغلق),1021044,شيخ الكار حلاوة 200 غم فستق 1*12,2/23/2026,2160,26000641,1181069,كرتون شيخ الكار حلاوة 250 غم مثلث,89.28,0.169,15.088,WIP
26000630,Closed (مغلق),1021044,شيخ الكار حلاوة 200 غم فستق 1*12,2/23/2026,2160,26000641,1171031,حلاوة بلك فستق شيخ الكار,432,1.388,599.616,WIP
26000630,Closed (مغلق),1021044,شيخ الكار حلاوة 200 غم فستق 1*12,2/23/2026,2160,26000641,1181569,علب شيخ الكار حلاوة 200 غم فستق,2160,0.088,190.08,WIP
26000631,Closed (مغلق),1021050,شيخ الكار حلاوة 800 غم سادة 1*12,2/23/2026,960,26000636,1181113,"كرتون شيخ الكار حلاوة 700/800 غم (فستق،سادة،شوكولاتة،ملوكي) دمعة",80,0.197,15.76,WIP
26000631,Closed (مغلق),1021050,شيخ الكار حلاوة 800 غم سادة 1*12,2/23/2026,960,26000636,1171022,حلاوة بلك سادة شيخ الكار,768,1.009,774.912,WIP
26000631,Closed (مغلق),1021050,شيخ الكار حلاوة 800 غم سادة 1*12,2/23/2026,960,26000636,1181462,علب شيخ الكار حلاوة 800 غم سادة,960,0.15,144,WIP
26000632,Closed (مغلق),1021062,شيخ الكار حلاوة 800 غم فستق 1*12,2/23/2026,960,26000637,1181113,"كرتون شيخ الكار حلاوة 700/800 غم (فستق،سادة،شوكولاتة،ملوكي) دمعة",80,0.197,15.76,WIP
26000632,Closed (مغلق),1021062,شيخ الكار حلاوة 800 غم فستق 1*12,2/23/2026,960,26000637,1171031,حلاوة بلك فستق شيخ الكار,768,1.388,1065.984,WIP
26000632,Closed (مغلق),1021062,شيخ الكار حلاوة 800 غم فستق 1*12,2/23/2026,960,26000637,1181458,علب شيخ الكار حلاوة 800 غم فستق,960,0.15,144,WIP
26000633,Closed (مغلق),1021052,شيخ الكار حلاوة 4 كغم سادة تنك 1*1,2/23/2026,420,26000639,1171022,حلاوة بلك سادة شيخ الكار,336,1.009,339.024,WIP
26000633,Closed (مغلق),1021052,شيخ الكار حلاوة 4 كغم سادة تنك 1*1,2/23/2026,420,26000639,1181305,تنك شيخ الكار حلاوة 4 كغم سادة نصاصي,420,1.101,462.42,WIP
26000634,Closed (مغلق),1021037,شيخ الكار حلاوة 400 غم فستق 1*12,2/23/2026,1728,26000638,1181006,"كرتون متعدد شيخ الكار حلاوة 400 غم (فستق،سادة،شوكولاتة) دمعة",144,0.093,13.392,WIP
26000634,Closed (مغلق),1021037,شيخ الكار حلاوة 400 غم فستق 1*12,2/23/2026,1728,26000638,1171031,حلاوة بلك فستق شيخ الكار,691.2,1.388,959.386,WIP
26000634,Closed (مغلق),1021037,شيخ الكار حلاوة 400 غم فستق 1*12,2/23/2026,1728,26000638,1181359,علبة حلاوة شيخ الكار 400 غ فستق دمعة,1728,0.088,152.064,WIP
26000635,Closed (مغلق),1021137,الموسم حلاوة 800 غم فستق دمعة 1*12,2/23/2026,960,26000642,1171028,حلاوة بلك فستق ميار,768,1.209,928.512,WIP
26000635,Closed (مغلق),1021137,الموسم حلاوة 800 غم فستق دمعة 1*12,2/23/2026,960,26000642,1181265,علب الموسم حلاوة 800 غم فستق دمعة,960,0.13,124.8,WIP
26000635,Closed (مغلق),1021137,الموسم حلاوة 800 غم فستق دمعة 1*12,2/23/2026,960,26000642,1181024,كرتون متعدد حلاوة 800 غم دمعة,80,0.203,16.24,WIP
26000636,Closed (مغلق),1021137,الموسم حلاوة 800 غم فستق دمعة 1*12,2/23/2026,569,26000657,1171028,حلاوة بلك فستق ميار,455.2,1.238,563.538,WIP
26000636,Closed (مغلق),1021137,الموسم حلاوة 800 غم فستق دمعة 1*12,2/23/2026,569,26000657,1181265,علب الموسم حلاوة 800 غم فستق دمعة,569,0.13,73.97,PKGWH
26000636,Closed (مغلق),1021137,الموسم حلاوة 800 غم فستق دمعة 1*12,2/23/2026,569,26000657,1181024,كرتون متعدد حلاوة 800 غم دمعة,47.227,0.203,9.587,PKGWH
26000637,Closed (مغلق),1021085,الميلاد حلاوة 1300 غم فستق 1*6,2/23/2026,600,26000621,1171031,حلاوة بلك فستق شيخ الكار,726,1.238,898.788,WIP
26000637,Closed (مغلق),1021085,الميلاد حلاوة 1300 غم فستق 1*6,2/23/2026,600,26000621,1181067,كرتون شيخ الكار حلاوة 1300 غم فستق,100,0.201,20.1,WIP
26000637,Closed (مغلق),1021085,الميلاد حلاوة 1300 غم فستق 1*6,2/23/2026,600,26000621,1181175,علب حلاوة الميلاد 1300 غ فستق,600,0.151,90.6,WIP
26000638,Closed (مغلق),1011116,الميلاد طحينية 300 غم مطرة 1*12 قارورة,2/23/2026,840,26000615,1171015,طحينية بلك شيخ الكار حجر,226.8,1.53,347.004,WIP
26000638,Closed (مغلق),1011116,الميلاد طحينية 300 غم مطرة 1*12 قارورة,2/23/2026,840,26000615,1181086,كرتون شيخ الكار طحينية 300 غم قارورة ابيض,70,0.13,9.1,PKGWH
26000638,Closed (مغلق),1011116,الميلاد طحينية 300 غم مطرة 1*12 قارورة,2/23/2026,840,26000615,1181490,قارورة الميلاد طحينية 300 غم /جديد,840,0.11,92.4,PKGWH
26000639,Closed (مغلق),1011109,الميلاد طحينية 500 غم مطرة 1*12 قارورة,2/23/2026,516,26000614,1171015,طحينية بلك شيخ الكار حجر,232.2,1.53,355.266,WIP
26000639,Closed (مغلق),1011109,الميلاد طحينية 500 غم مطرة 1*12 قارورة,2/23/2026,516,26000614,1181495,قارورة الميلاد طحينية 500 غم,516,0.11,56.76,PKGWH
26000639,Closed (مغلق),1011109,الميلاد طحينية 500 غم مطرة 1*12 قارورة,2/23/2026,516,26000614,1181087,كرتون شيخ الكار 500 غم قارورة  أبيض جديد,43,0.164,7.052,PKGWH
26000640,Closed (مغلق),1171015,طحينية بلك شيخ الكار حجر,2/23/2026,20000,26000610,1141002,سمسم خام,23.2,1302.258,30212.386,RMWH
26000640,Closed (مغلق),1171015,طحينية بلك شيخ الكار حجر,2/23/2026,20000,26000610,1171006,ملح,4500,0.025,112.5,RMWH
26000641,Closed (مغلق),1021039,شيخ الكار حلاوة 700 غم فستق 1*12,2/23/2026,1152,26000609,1181113,"كرتون شيخ الكار حلاوة 700/800 غم (فستق،سادة،شوكولاتة،ملوكي) دمعة",96,0.197,18.912,PKGWH
26000641,Closed (مغلق),1021039,شيخ الكار حلاوة 700 غم فستق 1*12,2/23/2026,1152,26000609,1171031,حلاوة بلك فستق شيخ الكار,642,1.274,817.908,WIP
26000641,Closed (مغلق),1021039,شيخ الكار حلاوة 700 غم فستق 1*12,2/23/2026,1152,26000609,1181423,علب شيخ الكار حلاوة 700 غم فستق,1152,0.15,172.8,PKGWH
26000641,Closed (مغلق),1021039,شيخ الكار حلاوة 700 غم فستق 1*12,2/23/2026,1152,26000609,1171031,حلاوة بلك فستق شيخ الكار,95,1.274,121.03,RMWH
26000642,Closed (مغلق),1171031,حلاوة بلك فستق شيخ الكار,2/23/2026,95,26000608,1171022,حلاوة بلك سادة شيخ الكار,94,1.094,102.836,WIP
26000642,Closed (مغلق),1171031,حلاوة بلك فستق شيخ الكار,2/23/2026,95,26000608,1171011,فستق حلبي,1,18.844,18.844,RMWH
26000643,Closed (مغلق),1021030,ميار حلاوة 550 غم رشة فستق 1*12,2/24/2026,1800,26000692,1171013,حلاوة بلك رشة فستق ميار,900,1.1,990,WIP
26000643,Closed (مغلق),1021030,ميار حلاوة 550 غم رشة فستق 1*12,2/24/2026,1800,26000692,1181379,علب ميار حلاوة 550 غم رشة فستق أمنية,1800,0.147,264.6,WIP
26000643,Closed (مغلق),1021030,ميار حلاوة 550 غم رشة فستق 1*12,2/24/2026,1800,26000692,1181027,"كرتون متعدد حلاوة 550 غم (ميار،فاخرة) أمنية",150,0.233,34.95,WIP
26000644,Closed (مغلق),1021031,ميار حلاوة 1200 غم برش فستق 1*6,2/24/2026,126,26000656,1171028,حلاوة بلك فستق ميار,139.86,1.238,173.147,WIP
26000644,Closed (مغلق),1021031,ميار حلاوة 1200 غم برش فستق 1*6,2/24/2026,126,26000656,1181378,علب ميار حلاوة 1300 غم رشة فستق,126,0.28,35.28,WIP
26000644,Closed (مغلق),1021031,ميار حلاوة 1200 غم برش فستق 1*6,2/24/2026,126,26000656,1181014,كرتون ميار حلاوة 1300 غم رشة فستق,21,0.223,4.683,WIP
26000645,Closed (مغلق),1021041,شيخ الكار حلاوة 700 غم سادة 1*12,2/24/2026,420,26000670,1181113,"كرتون شيخ الكار حلاوة 700/800 غم (فستق،سادة،شوكولاتة،ملوكي) دمعة",35,0.197,6.895,WIP
26000645,Closed (مغلق),1021041,شيخ الكار حلاوة 700 غم سادة 1*12,2/24/2026,420,26000670,1171022,حلاوة بلك سادة شيخ الكار,268.8,1.001,269.069,WIP
26000645,Closed (مغلق),1021041,شيخ الكار حلاوة 700 غم سادة 1*12,2/24/2026,420,26000670,1181425,علب شيخ الكار حلاوة 700 غم سادة,420,0.15,63,WIP
26000646,Closed (مغلق),1021043,شيخ الكار حلاوة 300 غم رشة فستق 1*12,2/24/2026,1200,26000671,1181022,"كرتون متعدد حلاوة 300 غم (فستق،سادة،شوكولاتة) مستطيل",100,0.157,15.7,WIP
26000646,Closed (مغلق),1021043,شيخ الكار حلاوة 300 غم رشة فستق 1*12,2/24/2026,1200,26000671,1171029,حلاوة بلك رشة شيخ الكار,318,1.141,362.838,WIP
26000646,Closed (مغلق),1021043,شيخ الكار حلاوة 300 غم رشة فستق 1*12,2/24/2026,1200,26000671,1181431,علب شيخ الكار حلاوة 300 غم رشة فستق,1200,0.099,118.8,WIP
26000647,Closed (مغلق),1021048,شيخ الكار حلاوة 300 غم سادة 1*12,2/24/2026,1200,26000672,1181022,"كرتون متعدد حلاوة 300 غم (فستق،سادة،شوكولاتة) مستطيل",100,0.157,15.7,WIP
26000647,Closed (مغلق),1021048,شيخ الكار حلاوة 300 غم سادة 1*12,2/24/2026,1200,26000672,1171022,حلاوة بلك سادة شيخ الكار,318,1.001,318.318,WIP
26000647,Closed (مغلق),1021048,شيخ الكار حلاوة 300 غم سادة 1*12,2/24/2026,1200,26000672,1181440,علب شيخ الكار حلاوة 300 غم سادة,1200,0.098,117.6,PKGWH
26000648,Closed (مغلق),1171022,حلاوة بلك سادة شيخ الكار,2/24/2026,363,26000649,1171010,جلوكوز,75,0.36,27,WIP
26000648,Closed (مغلق),1171022,حلاوة بلك سادة شيخ الكار,2/24/2026,363,26000649,1171014,عرق حلاوة,2,1.503,3.006,WIP
26000648,Closed (مغلق),1171022,حلاوة بلك سادة شيخ الكار,2/24/2026,363,26000649,1081001,سكر 50 كعم 20*50,0.1,373.649,37.365,WIP
26000648,Closed (مغلق),1171022,حلاوة بلك سادة شيخ الكار,2/24/2026,363,26000649,1171008,مثبت,8,1.473,11.784,WIP
26000648,Closed (مغلق),1171022,حلاوة بلك سادة شيخ الكار,2/24/2026,363,26000649,1171005,فانيلا,0.15,14.666,2.2,RMWH
26000648,Closed (مغلق),1171022,حلاوة بلك سادة شيخ الكار,2/24/2026,363,26000649,1171015,طحينية بلك شيخ الكار حجر,180,1.53,275.4,WIP
26000648,Closed (مغلق),1171022,حلاوة بلك سادة شيخ الكار,2/24/2026,363,26000649,1171001,ملح ليمون,0.25,0.736,0.184,WIP
26000649,Closed (مغلق),1171031,حلاوة بلك فستق شيخ الكار,2/24/2026,276,26000650,1171022,حلاوة بلك سادة شيخ الكار,273.5,1.006,275.141,WIP
26000649,Closed (مغلق),1171031,حلاوة بلك فستق شيخ الكار,2/24/2026,276,26000650,1171011,فستق حلبي,2.5,18.844,47.11,WIP
26000650,Closed (مغلق),1171020,حلاوة بلك سادة ميار - موسم,2/24/2026,446,26000651,1171010,جلوكوز,75,0.36,27,WIP
26000650,Closed (مغلق),1171020,حلاوة بلك سادة ميار - موسم,2/24/2026,446,26000651,1171014,عرق حلاوة,2,1.503,3.006,WIP
26000650,Closed (مغلق),1171020,حلاوة بلك سادة ميار - موسم,2/24/2026,446,26000651,1081001,سكر 50 كعم 20*50,0.15,373.649,56.047,WIP
26000650,Closed (مغلق),1171020,حلاوة بلك سادة ميار - موسم,2/24/2026,446,26000651,1171008,مثبت,8,1.473,11.784,WIP
26000650,Closed (مغلق),1171020,حلاوة بلك سادة ميار - موسم,2/24/2026,446,26000651,1171005,فانيلا,0.15,14.666,2.2,RMWH
26000650,Closed (مغلق),1171020,حلاوة بلك سادة ميار - موسم,2/24/2026,446,26000651,1171017,طحينية بلك ميار - موسم  كروما,220,1.496,329.12,WIP
26000650,Closed (مغلق),1171020,حلاوة بلك سادة ميار - موسم,2/24/2026,446,26000651,1171001,ملح ليمون,0.25,0.736,0.184,WIP
26000651,Closed (مغلق),1171022,حلاوة بلك سادة شيخ الكار,2/23/2026,4446,26000618,1171010,جلوكوز,750,0.36,270,WIP
26000651,Closed (مغلق),1171022,حلاوة بلك سادة شيخ الكار,2/23/2026,4446,26000618,1171014,عرق حلاوة,20,1.503,30.06,WIP
26000651,Closed (مغلق),1171022,حلاوة بلك سادة شيخ الكار,2/23/2026,4446,26000618,1081001,سكر 50 كعم 20*50,1.5,373.649,560.474,WIP
26000651,Closed (مغلق),1171022,حلاوة بلك سادة شيخ الكار,2/23/2026,4446,26000618,1171008,مثبت,80,1.473,117.84,WIP
26000651,Closed (مغلق),1171022,حلاوة بلك سادة شيخ الكار,2/23/2026,4446,26000618,1171005,فانيلا,1.5,14.666,21.999,RMWH
26000651,Closed (مغلق),1171022,حلاوة بلك سادة شيخ الكار,2/23/2026,4446,26000618,1171015,طحينية بلك شيخ الكار حجر,2208,1.53,3378.24,WIP
26000651,Closed (مغلق),1171022,حلاوة بلك سادة شيخ الكار,2/23/2026,4446,26000618,1171001,ملح ليمون,2.5,0.736,1.84,WIP
26000652,Closed (مغلق),1171031,حلاوة بلك فستق شيخ الكار,2/23/2026,4136,26000619,1171022,حلاوة بلك سادة شيخ الكار,4086,1.022,4175.892,WIP
26000652,Closed (مغلق),1171031,حلاوة بلك فستق شيخ الكار,2/23/2026,4136,26000619,1171011,فستق حلبي,50,18.844,942.2,RMWH
26000653,Closed (مغلق),1021060,شيخ الكار حلاوة 1300 غم فستق 1*6,2/24/2026,522,26000623,1181067,كرتون شيخ الكار حلاوة 1300 غم فستق,87,0.201,17.487,WIP
26000653,Closed (مغلق),1021060,شيخ الكار حلاوة 1300 غم فستق 1*6,2/24/2026,522,26000623,1171031,حلاوة بلك فستق شيخ الكار,631.62,1.238,781.946,WIP
26000653,Closed (مغلق),1021060,شيخ الكار حلاوة 1300 غم فستق 1*6,2/24/2026,522,26000623,1181280,علب شيخ الكار حلاوة 1300 غم فستق,522,0.28,146.16,WIP
26000654,Closed (مغلق),1021063,شيخ الكار حلاوة 2300 غم فستق 1*4,2/24/2026,440,26000624,1181065,كرتون شيخ الكار حلاوة 2300 غم فستق,110,0.166,18.26,WIP
26000654,Closed (مغلق),1021063,شيخ الكار حلاوة 2300 غم فستق 1*4,2/24/2026,440,26000624,1171031,حلاوة بلك فستق شيخ الكار,957,1.238,1184.766,WIP
26000654,Closed (مغلق),1021063,شيخ الكار حلاوة 2300 غم فستق 1*4,2/24/2026,440,26000624,1181435,علب شيخ الكار حلاوة 2300 غم فستق,440,0.32,140.8,WIP
26000655,Closed (مغلق),1021063,شيخ الكار حلاوة 2300 غم فستق 1*4,2/25/2026,52,26000625,1181065,كرتون شيخ الكار حلاوة 2300 غم فستق,13,0.166,2.158,WIP
26000655,Closed (مغلق),1021063,شيخ الكار حلاوة 2300 غم فستق 1*4,2/25/2026,52,26000625,1171031,حلاوة بلك فستق شيخ الكار,113.1,1.238,140.018,WIP
26000655,Closed (مغلق),1021063,شيخ الكار حلاوة 2300 غم فستق 1*4,2/25/2026,52,26000625,1181435,علب شيخ الكار حلاوة 2300 غم فستق,52,0.32,16.64,WIP
26000656,Closed (مغلق),1021161,الموسم حلاوة 1200 غم برش فستق 1*6,2/25/2026,54,26000627,1171028,حلاوة بلك فستق ميار,59.94,1.116,66.893,WIP
26000656,Closed (مغلق),1021161,الموسم حلاوة 1200 غم برش فستق 1*6,2/25/2026,54,26000627,1181557,علب الموسم حلاوة 1300 غم رشة فستق,54,0.28,15.12,WIP
26000656,Closed (مغلق),1021161,الموسم حلاوة 1200 غم برش فستق 1*6,2/25/2026,54,26000627,1181068,كرتون شيخ الكار حلاوة 1500 غم قديم,9,0.24,2.16,WIP
26000657,Closed (مغلق),1021048,شيخ الكار حلاوة 300 غم سادة 1*12,2/25/2026,24,26000628,1181022,"كرتون متعدد حلاوة 300 غم (فستق،سادة،شوكولاتة) مستطيل",2,0.157,0.314,WIP
26000657,Closed (مغلق),1021048,شيخ الكار حلاوة 300 غم سادة 1*12,2/25/2026,24,26000628,1171022,حلاوة بلك سادة شيخ الكار,6.48,1.022,6.623,WIP
26000657,Closed (مغلق),1021048,شيخ الكار حلاوة 300 غم سادة 1*12,2/25/2026,24,26000628,1181440,علب شيخ الكار حلاوة 300 غم سادة,24,0.098,2.352,WIP
26000658,Closed (مغلق),1171031,حلاوة بلك فستق شيخ الكار,2/22/2026,287,26000629,1171022,حلاوة بلك سادة شيخ الكار,282.5,1.022,288.715,WIP
26000658,Closed (مغلق),1171031,حلاوة بلك فستق شيخ الكار,2/22/2026,287,26000629,1171011,فستق حلبي,4.5,18.844,84.798,RMWH
26000659,Closed (مغلق),1171022,حلاوة بلك سادة شيخ الكار,2/24/2026,4797,26000631,1171010,جلوكوز,825,0.36,297,WIP
26000659,Closed (مغلق),1171022,حلاوة بلك سادة شيخ الكار,2/24/2026,4797,26000631,1171014,عرق حلاوة,22,1.503,33.066,WIP
26000659,Closed (مغلق),1171022,حلاوة بلك سادة شيخ الكار,2/24/2026,4797,26000631,1081001,سكر 50 كعم 20*50,1.65,373.649,616.521,WIP
26000659,Closed (مغلق),1171022,حلاوة بلك سادة شيخ الكار,2/24/2026,4797,26000631,1171008,مثبت,88,1.473,129.624,WIP
26000659,Closed (مغلق),1171022,حلاوة بلك سادة شيخ الكار,2/24/2026,4797,26000631,1171005,فانيلا,1.65,14.666,24.199,RMWH
26000659,Closed (مغلق),1171022,حلاوة بلك سادة شيخ الكار,2/24/2026,4797,26000631,1171015,طحينية بلك شيخ الكار حجر,2423,1.53,3707.19,WIP
26000659,Closed (مغلق),1171022,حلاوة بلك سادة شيخ الكار,2/24/2026,4797,26000631,1171001,ملح ليمون,2.75,0.736,2.024,WIP
26000660,Closed (مغلق),1171031,حلاوة بلك فستق شيخ الكار,2/24/2026,2055,26000632,1171022,حلاوة بلك سادة شيخ الكار,2011,1.009,2029.099,WIP
26000660,Closed (مغلق),1171031,حلاوة بلك فستق شيخ الكار,2/24/2026,2055,26000632,1171011,فستق حلبي,44,18.844,829.136,RMWH
26000661,Closed (مغلق),1171020,حلاوة بلك سادة ميار - موسم,2/24/2026,895,26000633,1171010,جلوكوز,150,0.36,54,WIP
26000661,Closed (مغلق),1171020,حلاوة بلك سادة ميار - موسم,2/24/2026,895,26000633,1171014,عرق حلاوة,4,1.503,6.012,WIP
26000661,Closed (مغلق),1171020,حلاوة بلك سادة ميار - موسم,2/24/2026,895,26000633,1081001,سكر 50 كعم 20*50,0.3,373.649,112.095,WIP
26000661,Closed (مغلق),1171020,حلاوة بلك سادة ميار - موسم,2/24/2026,895,26000633,1171008,مثبت,16,1.473,23.568,WIP
26000661,Closed (مغلق),1171020,حلاوة بلك سادة ميار - موسم,2/24/2026,895,26000633,1171005,فانيلا,0.3,14.666,4.4,RMWH
26000661,Closed (مغلق),1171020,حلاوة بلك سادة ميار - موسم,2/24/2026,895,26000633,1171017,طحينية بلك ميار - موسم  كروما,451.975,1.496,676.155,WIP
26000661,Closed (مغلق),1171020,حلاوة بلك سادة ميار - موسم,2/24/2026,895,26000633,1171001,ملح ليمون,0.5,0.736,0.368,WIP
26000662,Closed (مغلق),1171028,حلاوة بلك فستق ميار,2/24/2026,907,26000634,1171020,حلاوة بلك سادة ميار - موسم,895,0.975,872.625,WIP
26000662,Closed (مغلق),1171028,حلاوة بلك فستق ميار,2/24/2026,907,26000634,1171011,فستق حلبي,12,18.844,226.128,RMWH
26000663,Closed (مغلق),1011006,شيخ الكار طحينية 300 غم 1*12 جديد,2/19/2026,1068,26000635,1171015,طحينية بلك شيخ الكار حجر,283.02,1.53,433.021,WIP
26000663,Closed (مغلق),1011006,شيخ الكار طحينية 300 غم 1*12 جديد,2/19/2026,1068,26000635,1181086,كرتون شيخ الكار طحينية 300 غم قارورة ابيض,89,0.13,11.57,WIP
26000663,Closed (مغلق),1011006,شيخ الكار طحينية 300 غم 1*12 جديد,2/19/2026,1068,26000635,1181189,مرتبان شيخ الكار طحينية 300 غم جديد قارورة,1068,0.08,85.44,WIP
26000664,Closed (مغلق),1021129,الموسم حلاوة 400 غم سادة دمعة 1*12,2/5/2026,1728,26000643,1171020,حلاوة بلك سادة ميار - موسم,691.2,0.975,673.92,WIP
26000664,Closed (مغلق),1021129,الموسم حلاوة 400 غم سادة دمعة 1*12,2/5/2026,1728,26000643,1181261,علب الموسم حلاوة 400 غم سادة دمعة,1728,0.088,152.064,PKGWH
26000664,Closed (مغلق),1021129,الموسم حلاوة 400 غم سادة دمعة 1*12,2/5/2026,1728,26000643,1181023,كرتون متعدد حلاوة 400 غم غير مطبوع دمعة,144,0.171,24.624,PKGWH
26000665,Closed (مغلق),1171016,حلاوة بلك دايت,2/25/2026,536,26000644,1171008,مثبت,9.466,1.473,13.943,WIP
26000665,Closed (مغلق),1171016,حلاوة بلك دايت,2/25/2026,536,26000644,1171005,فانيلا,0.189,14.666,2.772,RMWH
26000665,Closed (مغلق),1171016,حلاوة بلك دايت,2/25/2026,536,26000644,1171014,عرق حلاوة,2.841,1.503,4.27,WIP
26000665,Closed (مغلق),1171016,حلاوة بلك دايت,2/25/2026,536,26000644,1171015,طحينية بلك شيخ الكار حجر,227.8,1.53,348.534,WIP
26000665,Closed (مغلق),1171016,حلاوة بلك دايت,2/25/2026,536,26000644,1171007,قطر دايت,17.045,1.428,24.34,WIP
26000665,Closed (مغلق),1171016,حلاوة بلك دايت,2/25/2026,536,26000644,1171009,بديل السكر,278.72,2.776,773.727,RMWH
26000666,Closed (مغلق),1021097,لايت أند سويت حلاوة 400 غم دايت فستق 1*24,2/26/2026,808,26000645,1171016,حلاوة بلك دايت,316.2,2.266,716.509,WIP
26000666,Closed (مغلق),1021097,لايت أند سويت حلاوة 400 غم دايت فستق 1*24,2/26/2026,808,26000645,1171011,فستق حلبي,7,18.844,131.908,WIP
26000666,Closed (مغلق),1021097,لايت أند سويت حلاوة 400 غم دايت فستق 1*24,2/26/2026,808,26000645,1181486,علب حلاوة شفاف 400 غم /العيدي,808,0.14,113.12,WIP
26000666,Closed (مغلق),1021097,لايت أند سويت حلاوة 400 غم دايت فستق 1*24,2/26/2026,808,26000645,1181398,كرتون تكية حلاوة غير مطبوع,34,0.4,13.6,PKGWH
26000667,Closed (مغلق),1021095,لايت أند سويت حلاوة 400 غم دايت سادة 1*24,2/26/2026,200,26000646,1171016,حلاوة بلك دايت,80,2.266,181.28,WIP
26000667,Closed (مغلق),1021095,لايت أند سويت حلاوة 400 غم دايت سادة 1*24,2/26/2026,200,26000646,1181486,علب حلاوة شفاف 400 غم /العيدي,200,0.14,28,WIP
26000667,Closed (مغلق),1021095,لايت أند سويت حلاوة 400 غم دايت سادة 1*24,2/26/2026,200,26000646,1181398,كرتون تكية حلاوة غير مطبوع,8,0.4,3.2,WIP
26000668,Closed (مغلق),1021096,لايت أند سويت حلاوة 400 غم دايت شوكولاته 1*24,2/26/2026,192,26000647,1171016,حلاوة بلك دايت,73.8,2.266,167.231,WIP
26000668,Closed (مغلق),1021096,لايت أند سويت حلاوة 400 غم دايت شوكولاته 1*24,2/26/2026,192,26000647,1171003,كاكاو,1.5,6,9,WIP
26000668,Closed (مغلق),1021096,لايت أند سويت حلاوة 400 غم دايت شوكولاته 1*24,2/26/2026,192,26000647,1171015,طحينية بلك شيخ الكار حجر,1.5,1.53,2.295,WIP
26000668,Closed (مغلق),1021096,لايت أند سويت حلاوة 400 غم دايت شوكولاته 1*24,2/26/2026,192,26000647,1181486,علب حلاوة شفاف 400 غم /العيدي,192,0.14,26.88,WIP
26000668,Closed (مغلق),1021096,لايت أند سويت حلاوة 400 غم دايت شوكولاته 1*24,2/26/2026,192,26000647,1181398,كرتون تكية حلاوة غير مطبوع,8,0.4,3.2,WIP
26000669,Closed (مغلق),1021047,شيخ الكار حلاوة 400 غم سادة دايت 1*12,2/26/2026,837,26000648,1181006,"كرتون متعدد شيخ الكار حلاوة 400 غم (فستق،سادة،شوكولاتة) دمعة",70,0.093,6.51,PKGWH
26000669,Closed (مغلق),1021047,شيخ الكار حلاوة 400 غم سادة دايت 1*12,2/26/2026,837,26000648,1171016,حلاوة بلك دايت,334.8,2.266,758.657,WIP
26000669,Closed (مغلق),1021047,شيخ الكار حلاوة 400 غم سادة دايت 1*12,2/26/2026,837,26000648,1181438,علب شيخ الكار حلاوة 400 غم دايت,837,0.089,74.493,PKGWH
26000670,Closed (مغلق),1011006,شيخ الكار طحينية 300 غم 1*12 جديد,3/1/2026,12,26000662,1171015,طحينية بلك شيخ الكار حجر,3.18,1.53,4.865,WIP
26000670,Closed (مغلق),1011006,شيخ الكار طحينية 300 غم 1*12 جديد,3/1/2026,12,26000662,1181086,كرتون شيخ الكار طحينية 300 غم قارورة ابيض,0.996,0.13,0.129,WIP
26000670,Closed (مغلق),1011006,شيخ الكار طحينية 300 غم 1*12 جديد,3/1/2026,12,26000662,1181189,مرتبان شيخ الكار طحينية 300 غم جديد قارورة,12,0.08,0.96,WIP
26000671,Closed (مغلق),1011093,الموسم طحينية 250 غم 1*12,3/1/2026,12,26000663,1171017,طحينية بلك ميار - موسم  كروما,2.7,1.496,4.039,WIP
26000671,Closed (مغلق),1011093,الموسم طحينية 250 غم 1*12,3/1/2026,12,26000663,1181054,مرتبان الموسم طحينية 250 غم,12,0.09,1.08,PKGWH
26000671,Closed (مغلق),1011093,الموسم طحينية 250 غم 1*12,3/1/2026,12,26000663,1181001,كرتون متعدد طحينية 300 اكسترا,1,0.198,0.198,PKGWH
26000672,Closed (مغلق),1011121,الفاخرة طحينية 270 غم 1*12,3/1/2026,6000,26000679,1181060,مرتبان الفاخرة طحينية 300 غم,6000,0.085,510,WIP
26000672,Closed (مغلق),1011121,الفاخرة طحينية 270 غم 1*12,3/1/2026,6000,26000679,1171015,طحينية بلك شيخ الكار حجر,1620,1.53,2478.6,WIP
26000672,Closed (مغلق),1011121,الفاخرة طحينية 270 غم 1*12,3/1/2026,6000,26000679,1181404,كرتون الفاخرة طحينية 300 غم,500,0.139,69.5,WIP
26000673,Closed (مغلق),1011044,لوكسر طحينية 450 غم 1*12 اصفر,3/1/2026,40800,26000732,1181106,كرتون لوكسر طحينية 450 غم أصفر,1960,0.187,366.52,PKGWH
26000673,Closed (مغلق),1011044,لوكسر طحينية 450 غم 1*12 اصفر,3/1/2026,40800,26000712,1181106,كرتون لوكسر طحينية 450 غم أصفر,1440,0.178,256.32,WIP
26000673,Closed (مغلق),1011044,لوكسر طحينية 450 غم 1*12 اصفر,3/1/2026,40800,26000732,1181235,مرتبان لوكسر طحينية 450 غم أصفر,23520,0.115,2704.8,PKGWH
26000673,Closed (مغلق),1011044,لوكسر طحينية 450 غم 1*12 اصفر,3/1/2026,40800,26000712,1181235,مرتبان لوكسر طحينية 450 غم أصفر,17280,0.115,1987.2,WIP
26000673,Closed (مغلق),1011044,لوكسر طحينية 450 غم 1*12 اصفر,3/1/2026,40800,26000712,1171017,طحينية بلك ميار - موسم  كروما,7776,1.496,11632.896,WIP
26000673,Closed (مغلق),1011044,لوكسر طحينية 450 غم 1*12 اصفر,3/1/2026,40800,26000732,1171017,طحينية بلك ميار - موسم  كروما,10584,1.496,15833.664,WIP
26000674,Closed (مغلق),1011043,لوكسر طحينية 450 غم 1*12,3/1/2026,2400,26000721,1181103,كرتون لوكسر طحينية 450 غم بني,200,0.188,37.6,WIP
26000674,Closed (مغلق),1011043,لوكسر طحينية 450 غم 1*12,3/1/2026,2400,26000721,1181240,مرتبان لوكسر طحينية 450 غم بني,2400,0.13,312,WIP
26000674,Closed (مغلق),1011043,لوكسر طحينية 450 غم 1*12,3/1/2026,2400,26000721,1171019,طحينية سودا بلك حبة كاملة,1080,1.487,1605.96,WIP
26000675,Closed (مغلق),1171022,حلاوة بلك سادة شيخ الكار,3/1/2026,1313,26000664,1171010,جلوكوز,225,0.36,81,WIP
26000675,Closed (مغلق),1171022,حلاوة بلك سادة شيخ الكار,3/1/2026,1313,26000664,1171014,عرق حلاوة,6,1.503,9.018,RMWH
26000675,Closed (مغلق),1171022,حلاوة بلك سادة شيخ الكار,3/1/2026,1313,26000664,1081001,سكر 50 كعم 20*50,0.45,373.272,167.972,WIP
26000675,Closed (مغلق),1171022,حلاوة بلك سادة شيخ الكار,3/1/2026,1313,26000664,1171008,مثبت,24,1.473,35.352,WIP
26000675,Closed (مغلق),1171022,حلاوة بلك سادة شيخ الكار,3/1/2026,1313,26000664,1171005,فانيلا,0.45,14.666,6.6,RMWH
26000675,Closed (مغلق),1171022,حلاوة بلك سادة شيخ الكار,3/1/2026,1313,26000664,1171015,طحينية بلك شيخ الكار حجر,652,1.53,997.56,WIP
26000675,Closed (مغلق),1171022,حلاوة بلك سادة شيخ الكار,3/1/2026,1313,26000664,1171001,ملح ليمون,0.75,0.736,0.552,WIP
26000676,Closed (مغلق),1171029,حلاوة بلك رشة شيخ الكار,2/26/2026,318,26000665,1171022,حلاوة بلك سادة شيخ الكار,315.5,1.001,315.816,WIP
26000676,Closed (مغلق),1171029,حلاوة بلك رشة شيخ الكار,2/26/2026,318,26000665,1171011,فستق حلبي,2.5,18.844,47.11,WIP
26000677,Closed (مغلق),1171031,حلاوة بلك فستق شيخ الكار,2/26/2026,414,26000666,1171022,حلاوة بلك سادة شيخ الكار,410.5,1.001,410.911,WIP
26000677,Closed (مغلق),1171031,حلاوة بلك فستق شيخ الكار,2/26/2026,414,26000666,1171011,فستق حلبي,3.5,18.844,65.954,WIP
26000678,Closed (مغلق),1171020,حلاوة بلك سادة ميار - موسم,3/1/2026,261.5,26000667,1171010,جلوكوز,44,0.36,15.84,WIP
26000678,Closed (مغلق),1171020,حلاوة بلك سادة ميار - موسم,3/1/2026,261.5,26000667,1171014,عرق حلاوة,1.2,1.503,1.804,WIP
26000678,Closed (مغلق),1171020,حلاوة بلك سادة ميار - موسم,3/1/2026,261.5,26000667,1081001,سكر 50 كعم 20*50,0.09,373.272,33.594,WIP
26000678,Closed (مغلق),1171020,حلاوة بلك سادة ميار - موسم,3/1/2026,261.5,26000667,1171008,مثبت,8,1.473,11.784,WIP
26000678,Closed (مغلق),1171020,حلاوة بلك سادة ميار - موسم,3/1/2026,261.5,26000667,1171005,فانيلا,0.15,14.666,2.2,RMWH
26000678,Closed (مغلق),1171020,حلاوة بلك سادة ميار - موسم,3/1/2026,261.5,26000667,1171017,طحينية بلك ميار - موسم  كروما,142,1.496,212.432,WIP
26000678,Closed (مغلق),1171020,حلاوة بلك سادة ميار - موسم,3/1/2026,261.5,26000667,1171001,ملح ليمون,0.25,0.736,0.184,WIP
26000679,Closed (مغلق),1171013,حلاوة بلك رشة فستق ميار,3/1/2026,264,26000668,1171020,حلاوة بلك سادة ميار - موسم,261.5,0.984,257.316,WIP
26000679,Closed (مغلق),1171013,حلاوة بلك رشة فستق ميار,3/1/2026,264,26000668,1171011,فستق حلبي,1.5,18.844,28.266,WIP
26000680,Closed (مغلق),1011091,شيخ الكار طحينية 700 غم 1*12,2/26/2026,1200,26000669,1171015,طحينية بلك شيخ الكار حجر,780,1.53,1193.4,WIP
26000680,Closed (مغلق),1011091,شيخ الكار طحينية 700 غم 1*12,2/26/2026,1200,26000669,1181191,مرتبان طحينية  شيخ الكار 700 غم  جديد قارورة,1200,0.094,112.8,PKGWH
26000680,Closed (مغلق),1011091,شيخ الكار طحينية 700 غم 1*12,2/26/2026,1200,26000669,1181066,كرتون شيخ الكار 700 غم قاروة أبيض جديد,100,0.19,19,PKGWH
26000683,Closed (مغلق),1021060,شيخ الكار حلاوة 1300 غم فستق 1*6,3/1/2026,840,26000693,1181067,كرتون شيخ الكار حلاوة 1300 غم فستق,140,0.201,28.14,WIP
26000683,Closed (مغلق),1021060,شيخ الكار حلاوة 1300 غم فستق 1*6,3/1/2026,840,26000693,1171031,حلاوة بلك فستق شيخ الكار,1016.4,1.15,1168.86,WIP
26000683,Closed (مغلق),1021060,شيخ الكار حلاوة 1300 غم فستق 1*6,3/1/2026,840,26000693,1181280,علب شيخ الكار حلاوة 1300 غم فستق,840,0.28,235.2,WIP
26000684,Closed (مغلق),1021159,الفاخرة حلاوة 300 غم فستق 1*12,3/1/2026,2400,26000690,1171029,حلاوة بلك رشة شيخ الكار,636,1.116,709.776,WIP
26000684,Closed (مغلق),1021159,الفاخرة حلاوة 300 غم فستق 1*12,3/1/2026,2400,26000690,1181466,علب الفاخرة حلاوة 300 غم رشة فستق أمنية,2400,0.088,211.2,WIP
26000684,Closed (مغلق),1021159,الفاخرة حلاوة 300 غم فستق 1*12,3/1/2026,2400,26000690,1181019,"كرتون متعدد حلاوة 300 غم (ميار،شتلة،فاخرة) أمنية",199.2,0.106,21.115,WIP
26000685,Closed (مغلق),1021039,شيخ الكار حلاوة 700 غم فستق 1*12,3/1/2026,1380,26000701,1181113,"كرتون شيخ الكار حلاوة 700/800 غم (فستق،سادة،شوكولاتة،ملوكي) دمعة",115,0.197,22.655,WIP
26000685,Closed (مغلق),1021039,شيخ الكار حلاوة 700 غم فستق 1*12,3/1/2026,1380,26000701,1171031,حلاوة بلك فستق شيخ الكار,883.2,1.19,1051.008,WIP
26000685,Closed (مغلق),1021039,شيخ الكار حلاوة 700 غم فستق 1*12,3/1/2026,1380,26000701,1181423,علب شيخ الكار حلاوة 700 غم فستق,1380,0.15,207,WIP
26000686,Closed (مغلق),1021041,شيخ الكار حلاوة 700 غم سادة 1*12,3/1/2026,1404,26000710,1181113,"كرتون شيخ الكار حلاوة 700/800 غم (فستق،سادة،شوكولاتة،ملوكي) دمعة",117,0.197,23.049,WIP
26000686,Closed (مغلق),1021041,شيخ الكار حلاوة 700 غم سادة 1*12,3/1/2026,1404,26000710,1171022,حلاوة بلك سادة شيخ الكار,898.56,0.97,871.603,WIP
26000686,Closed (مغلق),1021041,شيخ الكار حلاوة 700 غم سادة 1*12,3/1/2026,1404,26000710,1181425,علب شيخ الكار حلاوة 700 غم سادة,1404,0.15,210.6,WIP
26000687,Closed (مغلق),1021038,شيخ الكار حلاوة 700 غم شوكولاته 1*12,3/1/2026,1008,26000711,1181113,"كرتون شيخ الكار حلاوة 700/800 غم (فستق،سادة،شوكولاتة،ملوكي) دمعة",84,0.197,16.548,WIP
26000687,Closed (مغلق),1021038,شيخ الكار حلاوة 700 غم شوكولاته 1*12,3/1/2026,1008,26000711,1171026,حلاوة بلك شوكولاته شيخ الكار,645.12,1.148,740.598,WIP
26000687,Closed (مغلق),1021038,شيخ الكار حلاوة 700 غم شوكولاته 1*12,3/1/2026,1008,26000711,1181422,علب شيخ الكار حلاوة 700 غم شوكولاتة,1008,0.15,151.2,WIP
26000688,Closed (مغلق),1021049,شيخ الكار حلاوة 300 غم شوكولاته 1*12,3/1/2026,1200,26000700,1181022,"كرتون متعدد حلاوة 300 غم (فستق،سادة،شوكولاتة) مستطيل",100,0.157,15.7,WIP
26000688,Closed (مغلق),1021049,شيخ الكار حلاوة 300 غم شوكولاته 1*12,3/1/2026,1200,26000700,1171026,حلاوة بلك شوكولاته شيخ الكار,324,1.148,371.952,WIP
26000688,Closed (مغلق),1021049,شيخ الكار حلاوة 300 غم شوكولاته 1*12,3/1/2026,1200,26000700,1181442,علب شيخ الكار حلاوة 300 غم شوكولاتة,1200,0.101,121.2,WIP
26000689,Closed (مغلق),1021063,شيخ الكار حلاوة 2300 غم فستق 1*4,3/1/2026,390,26000699,1181065,كرتون شيخ الكار حلاوة 2300 غم فستق,97.5,0.166,16.185,WIP
26000689,Closed (مغلق),1021063,شيخ الكار حلاوة 2300 غم فستق 1*4,3/1/2026,390,26000699,1171031,حلاوة بلك فستق شيخ الكار,848.25,1.19,1009.418,WIP
26000689,Closed (مغلق),1021063,شيخ الكار حلاوة 2300 غم فستق 1*4,3/1/2026,390,26000699,1181435,علب شيخ الكار حلاوة 2300 غم فستق,390,0.32,124.8,WIP
26000690,Closed (مغلق),1021024,الموسم حلاوة 6 كغم فستق 1*4,2/26/2026,75,26000674,1171031,حلاوة بلك فستق شيخ الكار,450,1.165,524.25,WIP
26000690,Closed (مغلق),1021024,الموسم حلاوة 6 كغم فستق 1*4,2/26/2026,75,26000674,1181344,جاط مربع حلاوة 5 كغم شفاف متعدد,75,0.606,45.45,WIP
26000690,Closed (مغلق),1021024,الموسم حلاوة 6 كغم فستق 1*4,2/26/2026,75,26000674,1181030,كرتون متعدد حلاوة 5 كغم مربع قديم,19,0.48,9.12,WIP
26000691,Closed (مغلق),1171031,حلاوة بلك فستق شيخ الكار,2/26/2026,36,26000673,1171022,حلاوة بلك سادة شيخ الكار,35.352,1.001,35.387,WIP
26000691,Closed (مغلق),1171031,حلاوة بلك فستق شيخ الكار,2/26/2026,36,26000673,1171011,فستق حلبي,0.648,18.844,12.211,WIP
26000692,Closed (مغلق),1011022,شيخ الكار طحينية 3500 غم 1*4,3/1/2026,1,26000676,1171015,طحينية بلك شيخ الكار حجر,3.5,1.53,5.355,WIP
26000692,Closed (مغلق),1011022,شيخ الكار طحينية 3500 غم 1*4,3/1/2026,1,26000676,1181241,مرتبان متعدد طحينية 3500 غم,1,0.389,0.389,PKGWH
26000693,Closed (مغلق),1021054,شيخ الكار حلاوة 3 كغم فستق 1*6,3/1/2026,1,26000678,1171031,حلاوة بلك فستق شيخ الكار,3,1.356,4.068,WIP
26000693,Closed (مغلق),1021054,شيخ الكار حلاوة 3 كغم فستق 1*6,3/1/2026,1,26000678,1181329,جاط شيخ الكار حلاوة 3 كغم فستق,1,0.55,0.55,PKGWH
26000694,Closed (مغلق),1021055,شيخ الكار حلاوة 6 كغم سادة 1*4,3/1/2026,1,26000675,1171022,حلاوة بلك سادة شيخ الكار,6,1.001,6.006,WIP
26000694,Closed (مغلق),1021055,شيخ الكار حلاوة 6 كغم سادة 1*4,3/1/2026,1,26000675,1181311,"جاط متعدد حلاوة 6 كغم (فستق،سادة،شوكولاتة) شفاف",1,0.534,0.534,WIP
26000695,Closed (مغلق),1171031,حلاوة بلك فستق شيخ الكار,3/1/2026,50,26000677,1171022,حلاوة بلك سادة شيخ الكار,49,1.001,49.049,WIP
26000695,Closed (مغلق),1171031,حلاوة بلك فستق شيخ الكار,3/1/2026,50,26000677,1171011,فستق حلبي,1,18.844,18.844,WIP
26000696,Closed (مغلق),1011022,شيخ الكار طحينية 3500 غم 1*4,3/1/2026,60,26000696,1171015,طحينية بلك شيخ الكار حجر,210,1.466,307.86,WIP
26000696,Closed (مغلق),1011022,شيخ الكار طحينية 3500 غم 1*4,3/1/2026,60,26000696,1181241,مرتبان متعدد طحينية 3500 غم,60,0.389,23.34,WIP
26000696,Closed (مغلق),1011022,شيخ الكار طحينية 3500 غم 1*4,3/1/2026,60,26000696,1181119,كرتون شيخ الكار طحينية 3500 غم,15,1.578,23.67,WIP
26000697,Closed (مغلق),1011091,شيخ الكار طحينية 700 غم 1*12,3/2/2026,1200,26000680,1171015,طحينية بلك شيخ الكار حجر,780,1.53,1193.4,WIP
26000697,Closed (مغلق),1011091,شيخ الكار طحينية 700 غم 1*12,3/2/2026,1200,26000680,1181191,مرتبان طحينية  شيخ الكار 700 غم  جديد قارورة,1200,0.094,112.8,PKGWH
26000697,Closed (مغلق),1011091,شيخ الكار طحينية 700 غم 1*12,3/2/2026,1200,26000680,1181066,كرتون شيخ الكار 700 غم قاروة أبيض جديد,100,0.19,19,PKGWH
26000698,Closed (مغلق),1011025,شيخ الكار طحينية 600 غم 1*12,3/2/2026,13,26000682,1181116,كرتون شيخ الكار طحينية 600 غم,0.996,0.199,0.198,PKGWH
26000698,Closed (مغلق),1011025,شيخ الكار طحينية 600 غم 1*12,3/2/2026,13,26000682,1181190,مرتبان شيخ الكار طحينية 600 غم,12,0.119,1.428,PKGWH
26000698,Closed (مغلق),1011025,شيخ الكار طحينية 600 غم 1*12,3/2/2026,13,26000682,1171015,طحينية بلك شيخ الكار حجر,7.2,1.53,11.016,WIP
26000699,Closed (مغلق),1171020,حلاوة بلك سادة ميار - موسم,3/2/2026,1329,26000683,1171010,جلوكوز,225,0.36,81,RMWH
26000699,Closed (مغلق),1171020,حلاوة بلك سادة ميار - موسم,3/2/2026,1329,26000683,1171014,عرق حلاوة,6,1.503,9.018,RMWH
26000699,Closed (مغلق),1171020,حلاوة بلك سادة ميار - موسم,3/2/2026,1329,26000683,1081001,سكر 50 كعم 20*50,0.45,373.272,167.972,RMWH
26000699,Closed (مغلق),1171020,حلاوة بلك سادة ميار - موسم,3/2/2026,1329,26000683,1171008,مثبت,24,1.473,35.352,RMWH
26000699,Closed (مغلق),1171020,حلاوة بلك سادة ميار - موسم,3/2/2026,1329,26000683,1171005,فانيلا,0.45,14.666,6.6,RMWH
26000699,Closed (مغلق),1171020,حلاوة بلك سادة ميار - موسم,3/2/2026,1329,26000683,1171017,طحينية بلك ميار - موسم  كروما,669,1.496,1000.824,WIP
26000699,Closed (مغلق),1171020,حلاوة بلك سادة ميار - موسم,3/2/2026,1329,26000683,1171001,ملح ليمون,0.75,0.736,0.552,RMWH
26000700,Closed (مغلق),1171013,حلاوة بلك رشة فستق ميار,3/1/2026,612,26000684,1171020,حلاوة بلك سادة ميار - موسم,608,0.982,597.056,WIP
26000700,Closed (مغلق),1171013,حلاوة بلك رشة فستق ميار,3/1/2026,612,26000684,1171011,فستق حلبي,4,18.844,75.376,WIP
26000701,Closed (مغلق),1171028,حلاوة بلك فستق ميار,3/1/2026,728,26000685,1171020,حلاوة بلك سادة ميار - موسم,721,0.982,708.022,WIP
26000701,Closed (مغلق),1171028,حلاوة بلك فستق ميار,3/1/2026,728,26000685,1171011,فستق حلبي,7,18.844,131.908,WIP
26000702,Closed (مغلق),1171022,حلاوة بلك سادة شيخ الكار,3/1/2026,2323,26000687,1171010,جلوكوز,375,0.36,135,RMWH
26000702,Closed (مغلق),1171022,حلاوة بلك سادة شيخ الكار,3/1/2026,2323,26000687,1171014,عرق حلاوة,10,1.503,15.03,RMWH
26000702,Closed (مغلق),1171022,حلاوة بلك سادة شيخ الكار,3/1/2026,2323,26000687,1081001,سكر 50 كعم 20*50,0.765,373.272,285.553,RMWH
26000702,Closed (مغلق),1171022,حلاوة بلك سادة شيخ الكار,3/1/2026,2323,26000687,1171008,مثبت,40,1.473,58.92,RMWH
26000702,Closed (مغلق),1171022,حلاوة بلك سادة شيخ الكار,3/1/2026,2323,26000687,1171005,فانيلا,0.75,14.666,11,RMWH
26000702,Closed (مغلق),1171022,حلاوة بلك سادة شيخ الكار,3/1/2026,2323,26000687,1171015,طحينية بلك شيخ الكار حجر,1145,1.466,1678.57,WIP
26000702,Closed (مغلق),1171022,حلاوة بلك سادة شيخ الكار,3/1/2026,2323,26000687,1171001,ملح ليمون,1.25,0.736,0.92,RMWH
26000703,Closed (مغلق),1171015,طحينية بلك شيخ الكار حجر,3/1/2026,20000,26000686,1141002,سمسم خام,23.2,1256.287,29145.858,RMWH
26000703,Closed (مغلق),1171015,طحينية بلك شيخ الكار حجر,3/1/2026,20000,26000686,1171006,ملح,4500,0.025,112.5,RMWH
26000704,Closed (مغلق),1171029,حلاوة بلك رشة شيخ الكار,3/1/2026,636,26000688,1171022,حلاوة بلك سادة شيخ الكار,631,0.974,614.594,WIP
26000704,Closed (مغلق),1171029,حلاوة بلك رشة شيخ الكار,3/1/2026,636,26000688,1171011,فستق حلبي,5,18.942,94.71,WIP
26000705,Closed (مغلق),1171031,حلاوة بلك فستق شيخ الكار,3/1/2026,1638,26000689,1171022,حلاوة بلك سادة شيخ الكار,1622.5,0.974,1580.315,WIP
26000705,Closed (مغلق),1171031,حلاوة بلك فستق شيخ الكار,3/1/2026,1638,26000689,1171011,فستق حلبي,15.5,18.942,293.601,WIP
26000706,Closed (مغلق),1021037,شيخ الكار حلاوة 400 غم فستق 1*12,3/1/2026,360,26000691,1181006,"كرتون متعدد شيخ الكار حلاوة 400 غم (فستق،سادة،شوكولاتة) دمعة",30,0.093,2.79,WIP
26000706,Closed (مغلق),1021037,شيخ الكار حلاوة 400 غم فستق 1*12,3/1/2026,360,26000691,1171031,حلاوة بلك فستق شيخ الكار,144,1.15,165.6,WIP
26000706,Closed (مغلق),1021037,شيخ الكار حلاوة 400 غم فستق 1*12,3/1/2026,360,26000691,1181359,علبة حلاوة شيخ الكار 400 غ فستق دمعة,360,0.088,31.68,PKGWH
26000707,Closed (مغلق),1021005,ميار حلاوة 300 غم رشة فستق 1*12,3/2/2026,1380,26000723,1171013,حلاوة بلك رشة فستق ميار,372.6,1.111,413.959,WIP
26000707,Closed (مغلق),1021005,ميار حلاوة 300 غم رشة فستق 1*12,3/2/2026,1380,26000723,1181019,"كرتون متعدد حلاوة 300 غم (ميار،شتلة،فاخرة) أمنية",115,0.106,12.19,WIP
26000707,Closed (مغلق),1021005,ميار حلاوة 300 غم رشة فستق 1*12,3/2/2026,1380,26000723,1181373,علب ميار حلاوة 300 غم رشة فستق أمنية,1380,0.088,121.44,WIP
26000708,Closed (مغلق),1021050,شيخ الكار حلاوة 800 غم سادة 1*12,3/2/2026,1572,26000714,1181113,"كرتون شيخ الكار حلاوة 700/800 غم (فستق،سادة،شوكولاتة،ملوكي) دمعة",131,0.197,25.807,WIP
26000708,Closed (مغلق),1021050,شيخ الكار حلاوة 800 غم سادة 1*12,3/2/2026,1572,26000714,1171022,حلاوة بلك سادة شيخ الكار,1257.6,0.97,1219.872,WIP
26000708,Closed (مغلق),1021050,شيخ الكار حلاوة 800 غم سادة 1*12,3/2/2026,1572,26000714,1181462,علب شيخ الكار حلاوة 800 غم سادة,1572,0.15,235.8,PKGWH
26000709,Closed (مغلق),1021031,ميار حلاوة 1200 غم برش فستق 1*6,3/2/2026,648,26000694,1171028,حلاوة بلك فستق ميار,719.28,1.156,831.488,WIP
26000709,Closed (مغلق),1021031,ميار حلاوة 1200 غم برش فستق 1*6,3/2/2026,648,26000694,1181378,علب ميار حلاوة 1300 غم رشة فستق,648,0.28,181.44,PKGWH
26000709,Closed (مغلق),1021031,ميار حلاوة 1200 غم برش فستق 1*6,3/2/2026,648,26000694,1181014,كرتون ميار حلاوة 1300 غم رشة فستق,108,0.223,24.084,PKGWH
26000710,Closed (مغلق),1021024,الموسم حلاوة 6 كغم فستق 1*4,3/1/2026,86,26000695,1171031,حلاوة بلك فستق شيخ الكار,516,1.15,593.4,WIP
26000710,Closed (مغلق),1021024,الموسم حلاوة 6 كغم فستق 1*4,3/1/2026,86,26000695,1181344,جاط مربع حلاوة 5 كغم شفاف متعدد,86,0.606,52.116,WIP
26000710,Closed (مغلق),1021024,الموسم حلاوة 6 كغم فستق 1*4,3/1/2026,86,26000695,1181030,كرتون متعدد حلاوة 5 كغم مربع قديم,22,0.48,10.56,WIP
26000711,Closed (مغلق),1021031,ميار حلاوة 1200 غم برش فستق 1*6,3/2/2026,804,26000722,1171028,حلاوة بلك فستق ميار,892.44,1.118,997.748,WIP
26000711,Closed (مغلق),1021031,ميار حلاوة 1200 غم برش فستق 1*6,3/2/2026,804,26000722,1181378,علب ميار حلاوة 1300 غم رشة فستق,804,0.28,225.12,PKGWH
26000711,Closed (مغلق),1021031,ميار حلاوة 1200 غم برش فستق 1*6,3/2/2026,804,26000722,1181014,كرتون ميار حلاوة 1300 غم رشة فستق,134,0.223,29.882,PKGWH
26000712,Closed (مغلق),1021003,شيخ الكار حلاوة 5 كغم سادة (الولاء) 1*1,3/3/2026,2200,26000728,1171020,حلاوة بلك سادة ميار - موسم,2870,0.963,2763.81,WIP
26000712,Closed (مغلق),1021003,شيخ الكار حلاوة 5 كغم سادة (الولاء) 1*1,3/3/2026,2200,26000785,1171020,حلاوة بلك سادة ميار - موسم,5000,0.972,4860,WIP
26000712,Closed (مغلق),1021003,شيخ الكار حلاوة 5 كغم سادة (الولاء) 1*1,3/3/2026,2200,26000728,1181349,جاط شيخ الكار حلاوة 5 كغم سادة (الولاء) غطاء احمر,1200,0.645,774,PKGWH
26000712,Closed (مغلق),1021003,شيخ الكار حلاوة 5 كغم سادة (الولاء) 1*1,3/3/2026,2200,26000785,1181349,جاط شيخ الكار حلاوة 5 كغم سادة (الولاء) غطاء احمر,1000,0.645,645,PKGWH
26000712,Closed (مغلق),1021003,شيخ الكار حلاوة 5 كغم سادة (الولاء) 1*1,3/3/2026,2200,26000728,1181029,كرتون متعدد حلاوة 5 كغم تبروير ولاء,300,0.36,108,PKGWH
26000712,Closed (مغلق),1021003,شيخ الكار حلاوة 5 كغم سادة (الولاء) 1*1,3/3/2026,2200,26000785,1181029,كرتون متعدد حلاوة 5 كغم تبروير ولاء,250,0.36,90,PKGWH
26000712,Closed (مغلق),1021003,شيخ الكار حلاوة 5 كغم سادة (الولاء) 1*1,3/3/2026,2200,26000728,1171022,حلاوة بلك سادة شيخ الكار,3130,0.965,3020.45,WIP
26000713,Closed (مغلق),1021052,شيخ الكار حلاوة 4 كغم سادة تنك 1*1,3/3/2026,112,26000746,1171022,حلاوة بلك سادة شيخ الكار,89.6,0.967,86.643,WIP
26000713,Closed (مغلق),1021052,شيخ الكار حلاوة 4 كغم سادة تنك 1*1,3/3/2026,112,26000746,1181305,تنك شيخ الكار حلاوة 4 كغم سادة نصاصي,112,1.101,123.312,PKGWH
26000714,Closed (مغلق),1021037,شيخ الكار حلاوة 400 غم فستق 1*12,3/3/2026,52,26000815,1181006,"كرتون متعدد شيخ الكار حلاوة 400 غم (فستق،سادة،شوكولاتة) دمعة",4,0.093,0.372,WIP
26000714,Closed (مغلق),1021037,شيخ الكار حلاوة 400 غم فستق 1*12,3/3/2026,52,26000815,1171031,حلاوة بلك فستق شيخ الكار,20.8,1.2,24.96,WIP
26000714,Closed (مغلق),1021037,شيخ الكار حلاوة 400 غم فستق 1*12,3/3/2026,52,26000815,1181359,علبة حلاوة شيخ الكار 400 غ فستق دمعة,52,0.088,4.576,PKGWH
26000715,Closed (مغلق),1171026,حلاوة بلك شوكولاته شيخ الكار,3/2/2026,966,26000697,1171022,حلاوة بلك سادة شيخ الكار,898,0.974,874.652,WIP
26000715,Closed (مغلق),1171026,حلاوة بلك شوكولاته شيخ الكار,3/2/2026,966,26000697,1171003,كاكاو,28,6,168,RMWH
26000715,Closed (مغلق),1171026,حلاوة بلك شوكولاته شيخ الكار,3/2/2026,966,26000697,1171015,طحينية بلك شيخ الكار حجر,40,1.466,58.64,WIP
26000716,Closed (مغلق),1171031,حلاوة بلك فستق شيخ الكار,3/2/2026,1748,26000698,1171022,حلاوة بلك سادة شيخ الكار,1727,0.974,1682.098,WIP
26000716,Closed (مغلق),1171031,حلاوة بلك فستق شيخ الكار,3/2/2026,1748,26000698,1171011,فستق حلبي,21,18.942,397.782,WIP
26000717,Closed (مغلق),1011036,قاسيون طحينية 1كغم مطرة 1*12,3/4/2026,300,26000702,1181224,مطرة قاسيون طحينية 1 كغم,300,0.105,31.5,PKGWH
26000717,Closed (مغلق),1011036,قاسيون طحينية 1كغم مطرة 1*12,3/4/2026,300,26000702,1181007,كرتون متعدد طحينية 1 كغم مطرة,24.9,0.284,7.072,PKGWH
26000717,Closed (مغلق),1011036,قاسيون طحينية 1كغم مطرة 1*12,3/4/2026,300,26000702,1171015,طحينية بلك شيخ الكار حجر,300,1.466,439.8,WIP
26000718,Closed (مغلق),1171018,زيت سيرج بلك,3/4/2026,84,26000703,1171025,سمسم خام برازيلي اناهي,206,1.282,264.092,RMWH
26000719,Closed (مغلق),1171022,حلاوة بلك سادة شيخ الكار,3/2/2026,3971,26000704,1171010,جلوكوز,675,0.36,243,WIP
26000719,Closed (مغلق),1171022,حلاوة بلك سادة شيخ الكار,3/2/2026,3971,26000704,1171014,عرق حلاوة,18,1.503,27.054,WIP
26000719,Closed (مغلق),1171022,حلاوة بلك سادة شيخ الكار,3/2/2026,3971,26000704,1081001,سكر 50 كعم 20*50,1.35,373.077,503.654,WIP
26000719,Closed (مغلق),1171022,حلاوة بلك سادة شيخ الكار,3/2/2026,3971,26000704,1171008,مثبت,72,1.473,106.056,WIP
26000719,Closed (مغلق),1171022,حلاوة بلك سادة شيخ الكار,3/2/2026,3971,26000704,1171005,فانيلا,1.35,14.666,19.799,RMWH
26000719,Closed (مغلق),1171022,حلاوة بلك سادة شيخ الكار,3/2/2026,3971,26000704,1171015,طحينية بلك شيخ الكار حجر,2019,1.466,2959.854,WIP
26000719,Closed (مغلق),1171022,حلاوة بلك سادة شيخ الكار,3/2/2026,3971,26000704,1171001,ملح ليمون,2.25,0.736,1.656,WIP
26000720,Closed (مغلق),1171022,حلاوة بلك سادة شيخ الكار,3/3/2026,1743,26000705,1171010,جلوكوز,300,0.36,108,WIP
26000720,Closed (مغلق),1171022,حلاوة بلك سادة شيخ الكار,3/3/2026,1743,26000705,1171014,عرق حلاوة,8,1.503,12.024,WIP
26000720,Closed (مغلق),1171022,حلاوة بلك سادة شيخ الكار,3/3/2026,1743,26000705,1081001,سكر 50 كعم 20*50,0.6,373.077,223.846,WIP
26000720,Closed (مغلق),1171022,حلاوة بلك سادة شيخ الكار,3/3/2026,1743,26000705,1171008,مثبت,32,1.473,47.136,WIP
26000720,Closed (مغلق),1171022,حلاوة بلك سادة شيخ الكار,3/3/2026,1743,26000705,1171005,فانيلا,0.6,14.666,8.8,RMWH
26000720,Closed (مغلق),1171022,حلاوة بلك سادة شيخ الكار,3/3/2026,1743,26000705,1171015,طحينية بلك شيخ الكار حجر,872,1.466,1278.352,WIP
26000720,Closed (مغلق),1171022,حلاوة بلك سادة شيخ الكار,3/3/2026,1743,26000705,1171001,ملح ليمون,1,0.736,0.736,WIP
26000721,Closed (مغلق),1171020,حلاوة بلك سادة ميار - موسم,3/3/2026,1426,26000706,1171010,جلوكوز,225,0.36,81,WIP
26000721,Closed (مغلق),1171020,حلاوة بلك سادة ميار - موسم,3/3/2026,1426,26000706,1171014,عرق حلاوة,6,1.503,9.018,WIP
26000721,Closed (مغلق),1171020,حلاوة بلك سادة ميار - موسم,3/3/2026,1426,26000706,1081001,سكر 50 كعم 20*50,0.45,373.077,167.885,WIP
26000721,Closed (مغلق),1171020,حلاوة بلك سادة ميار - موسم,3/3/2026,1426,26000706,1171008,مثبت,24,1.473,35.352,WIP
26000721,Closed (مغلق),1171020,حلاوة بلك سادة ميار - موسم,3/3/2026,1426,26000706,1171005,فانيلا,0.45,14.666,6.6,RMWH
26000721,Closed (مغلق),1171020,حلاوة بلك سادة ميار - موسم,3/3/2026,1426,26000706,1171017,طحينية بلك ميار - موسم  كروما,674,1.496,1008.304,WIP
26000721,Closed (مغلق),1171020,حلاوة بلك سادة ميار - موسم,3/3/2026,1426,26000706,1171001,ملح ليمون,0.75,0.736,0.552,WIP
26000722,Closed (مغلق),1171013,حلاوة بلك رشة فستق ميار,3/3/2026,556,26000707,1171020,حلاوة بلك سادة ميار - موسم,551,0.953,525.103,WIP
26000722,Closed (مغلق),1171013,حلاوة بلك رشة فستق ميار,3/3/2026,556,26000707,1171011,فستق حلبي,5,19.008,95.04,WIP
26000723,Closed (مغلق),1171028,حلاوة بلك فستق ميار,3/4/2026,883,26000708,1171020,حلاوة بلك سادة ميار - موسم,875,0.953,833.875,WIP
26000723,Closed (مغلق),1171028,حلاوة بلك فستق ميار,3/4/2026,883,26000708,1171011,فستق حلبي,8,19.008,152.064,WIP
26000724,Closed (مغلق),1011027,شيخ الكار طحينية 18 كغم تنك 1*1,3/4/2026,500,26000719,1181301,تنك شيخ الكار طحينية 18 كغم -فارغ,350,1.271,444.85,PKGWH
26000724,Closed (مغلق),1011027,شيخ الكار طحينية 18 كغم تنك 1*1,3/4/2026,500,26000715,1181301,تنك شيخ الكار طحينية 18 كغم -فارغ,150,1.271,190.65,PKGWH
26000724,Closed (مغلق),1011027,شيخ الكار طحينية 18 كغم تنك 1*1,3/4/2026,500,26000719,1171015,طحينية بلك شيخ الكار حجر,6300,1.466,9235.8,WIP
26000724,Closed (مغلق),1011027,شيخ الكار طحينية 18 كغم تنك 1*1,3/4/2026,500,26000715,1171015,طحينية بلك شيخ الكار حجر,2700,1.466,3958.2,WIP
26000725,Closed (مغلق),1021059,شيخ الكار حلاوة 800 غم ملوكية بالمكسرات 1*12,3/4/2026,120,26000729,1171030,حلاوة بلك ملوكي شيخ الكار,96,1.272,122.112,WIP
26000725,Closed (مغلق),1021059,شيخ الكار حلاوة 800 غم ملوكية بالمكسرات 1*12,3/4/2026,120,26000729,1181460,علب شيخ الكار حلاوة 800 غم ملوكي,120,0.15,18,PKGWH
26000725,Closed (مغلق),1021059,شيخ الكار حلاوة 800 غم ملوكية بالمكسرات 1*12,3/4/2026,120,26000729,1181109,كرتون شيخ الكار حلاوة 900 غم ملوكي قديم,10,0.673,6.73,PKGWH
26000726,Closed (مغلق),1021013,شيخ الكار حلاوة 400 غم سادة 1*12,3/4/2026,96,26000709,1171022,حلاوة بلك سادة شيخ الكار,38.4,0.97,37.248,WIP
26000726,Closed (مغلق),1021013,شيخ الكار حلاوة 400 غم سادة 1*12,3/4/2026,96,26000709,1181419,علب شيخ الكار حلاوة 400 غم سادة,96,0.149,14.304,WIP
26000726,Closed (مغلق),1021013,شيخ الكار حلاوة 400 غم سادة 1*12,3/4/2026,96,26000709,1181006,"كرتون متعدد شيخ الكار حلاوة 400 غم (فستق،سادة،شوكولاتة) دمعة",8,0.093,0.744,WIP
26000727,Closed (مغلق),1011105,زيت سيرج 16.5 كغم تنك 1*1,3/4/2026,157,26000713,1171018,زيت سيرج بلك,2590.5,6.81,17641.305,WIP
26000727,Closed (مغلق),1011105,زيت سيرج 16.5 كغم تنك 1*1,3/4/2026,157,26000713,1181322,تنك سادة طحينية 18 كغم,157,1.35,211.95,PKGWH
26000728,Closed (مغلق),1171016,حلاوة بلك دايت,3/5/2026,275,26000716,1171008,مثبت,5,1.473,7.365,WIP
26000728,Closed (مغلق),1171016,حلاوة بلك دايت,3/5/2026,275,26000716,1171005,فانيلا,0.1,14.666,1.467,RMWH
26000728,Closed (مغلق),1171016,حلاوة بلك دايت,3/5/2026,275,26000716,1171014,عرق حلاوة,0.15,1.503,0.225,WIP
26000728,Closed (مغلق),1171016,حلاوة بلك دايت,3/5/2026,275,26000716,1171015,طحينية بلك شيخ الكار حجر,134,1.466,196.444,WIP
26000728,Closed (مغلق),1171016,حلاوة بلك دايت,3/5/2026,275,26000716,1171007,قطر دايت,9,1.428,12.852,WIP
26000728,Closed (مغلق),1171016,حلاوة بلك دايت,3/5/2026,275,26000716,1171009,بديل السكر,150,2.737,410.55,RMWH
26000729,Closed (مغلق),1171022,حلاوة بلك سادة شيخ الكار,3/5/2026,3567,26000717,1171010,جلوكوز,600,0.36,216,RMWH
26000729,Closed (مغلق),1171022,حلاوة بلك سادة شيخ الكار,3/5/2026,3567,26000717,1171014,عرق حلاوة,16,1.503,24.048,WIP
26000729,Closed (مغلق),1171022,حلاوة بلك سادة شيخ الكار,3/5/2026,3567,26000717,1081001,سكر 50 كعم 20*50,1.2,372.958,447.55,WIP
26000729,Closed (مغلق),1171022,حلاوة بلك سادة شيخ الكار,3/5/2026,3567,26000717,1171008,مثبت,64,1.473,94.272,WIP
26000729,Closed (مغلق),1171022,حلاوة بلك سادة شيخ الكار,3/5/2026,3567,26000717,1171005,فانيلا,1.2,14.666,17.599,RMWH
26000729,Closed (مغلق),1171022,حلاوة بلك سادة شيخ الكار,3/5/2026,3567,26000717,1171015,طحينية بلك شيخ الكار حجر,1790,1.466,2624.14,WIP
26000729,Closed (مغلق),1171022,حلاوة بلك سادة شيخ الكار,3/5/2026,3567,26000717,1171001,ملح ليمون,2,0.736,1.472,WIP
26000730,Closed (مغلق),1171030,حلاوة بلك ملوكي شيخ الكار,3/5/2026,96,26000718,1171022,حلاوة بلك سادة شيخ الكار,90,0.965,86.85,WIP
26000730,Closed (مغلق),1171030,حلاوة بلك ملوكي شيخ الكار,3/5/2026,96,26000718,1171012,مكسرات مشكلة,6,5.5,33,RMWH
26000731,Closed (مغلق),1171019,طحينية سودا بلك حبة كاملة,3/5/2026,1500,26000720,1171025,سمسم خام برازيلي اناهي,1740,1.282,2230.68,RMWH
26000732,Closed (مغلق),1021080,شتلة حلاوة 300 غم رشة فستق 1*12,3/3/2026,708,26000724,1171013,حلاوة بلك رشة فستق ميار,187.62,1.111,208.446,WIP
26000732,Closed (مغلق),1021080,شتلة حلاوة 300 غم رشة فستق 1*12,3/3/2026,708,26000724,1181019,"كرتون متعدد حلاوة 300 غم (ميار،شتلة،فاخرة) أمنية",59,0.106,6.254,WIP
26000732,Closed (مغلق),1021080,شتلة حلاوة 300 غم رشة فستق 1*12,3/3/2026,708,26000724,1181300,علب شتلة حلاوة 300 غم رشة فستق امنية,708,0.088,62.304,PKGWH
26000733,Closed (مغلق),1011035,شيخ الكار طحينية 18 كغم سطل 1*1,3/8/2026,288,26000782,1181357,"سطل متعدد طحينية 18 كغم سادة (زيدان،الوادي،نابت)",288,0.639,184.032,WIP
26000733,Closed (مغلق),1011035,شيخ الكار طحينية 18 كغم سطل 1*1,3/8/2026,288,26000782,1171015,طحينية بلك شيخ الكار حجر,5184,1.475,7646.4,WIP
26000734,Closed (مغلق),1011033,شيخ الكار طحينية 15 كغم تنك 1*1,3/8/2026,640,26000744,1171015,طحينية بلك شيخ الكار حجر,9120,1.475,13452,WIP
26000734,Closed (مغلق),1011033,شيخ الكار طحينية 15 كغم تنك 1*1,3/8/2026,640,26000744,1181304,تنك شيخ الكار طحينية 15 كغم -فارغ,480,1.155,554.4,PKGWH
26000734,Closed (مغلق),1011033,شيخ الكار طحينية 15 كغم تنك 1*1,3/8/2026,640,26000744,1181304,تنك شيخ الكار طحينية 15 كغم -فارغ,160,1.155,184.8,WIP
26000735,Closed (مغلق),1011028,شيخ الكار طحينية 9 كغم تنك 1*1,3/8/2026,720,26000757,1181312,تنك شيخ الكار طحينية 9 كغم -فارغ,720,0.912,656.64,WIP
26000735,Closed (مغلق),1011028,شيخ الكار طحينية 9 كغم تنك 1*1,3/8/2026,720,26000757,1171015,طحينية بلك شيخ الكار حجر,5976,1.475,8814.6,WIP
26000736,Closed (مغلق),1021060,شيخ الكار حلاوة 1300 غم فستق 1*6,3/8/2026,672,26000743,1181067,كرتون شيخ الكار حلاوة 1300 غم فستق,112,0.201,22.512,PKGWH
26000736,Closed (مغلق),1021060,شيخ الكار حلاوة 1300 غم فستق 1*6,3/8/2026,672,26000743,1171031,حلاوة بلك فستق شيخ الكار,813.12,1.144,930.209,WIP
26000736,Closed (مغلق),1021060,شيخ الكار حلاوة 1300 غم فستق 1*6,3/8/2026,672,26000743,1181280,علب شيخ الكار حلاوة 1300 غم فستق,672,0.28,188.16,PKGWH
26000737,Closed (مغلق),1021063,شيخ الكار حلاوة 2300 غم فستق 1*4,3/8/2026,394,26000754,1181065,كرتون شيخ الكار حلاوة 2300 غم فستق,99,0.166,16.434,WIP
26000737,Closed (مغلق),1021063,شيخ الكار حلاوة 2300 غم فستق 1*4,3/8/2026,394,26000754,1171031,حلاوة بلك فستق شيخ الكار,856.95,1.184,1014.629,WIP
26000737,Closed (مغلق),1021063,شيخ الكار حلاوة 2300 غم فستق 1*4,3/8/2026,394,26000754,1181435,علب شيخ الكار حلاوة 2300 غم فستق,394,0.32,126.08,WIP
26000738,Closed (مغلق),1011007,ميار طحينية 900 غم مطرة 1*12,3/8/2026,1164,26000758,1181221,مطرة ميار طحينية 900 غم,1164,0.105,122.22,WIP
26000738,Closed (مغلق),1011007,ميار طحينية 900 غم مطرة 1*12,3/8/2026,1164,26000758,1181013,كرتون متعدد طحينية 900 غم مطرة,97,0.207,20.079,WIP
26000738,Closed (مغلق),1011007,ميار طحينية 900 غم مطرة 1*12,3/8/2026,1164,26000758,1171017,طحينية بلك ميار - موسم  كروما,989.4,1.496,1480.142,WIP
26000739,Closed (مغلق),1011005,ميار طحينية 250 غم 1*12,3/8/2026,1656,26000781,1181236,مرتبان ميار طحينية 250 غم,1656,0.194,321.264,WIP
26000739,Closed (مغلق),1011005,ميار طحينية 250 غم 1*12,3/8/2026,1656,26000781,1181012,كرتون ميار طحينية 250 غم صواني,138,0.078,10.764,WIP
26000739,Closed (مغلق),1011005,ميار طحينية 250 غم 1*12,3/8/2026,1656,26000781,1171017,طحينية بلك ميار - موسم  كروما,368,1.496,550.528,WIP
26000740,Closed (مغلق),1011003,الموسم طحينية 18 كغم تنك 1*1,3/8/2026,100,26000751,1171017,طحينية بلك ميار - موسم  كروما,1800,1.496,2692.8,WIP
26000740,Closed (مغلق),1011003,الموسم طحينية 18 كغم تنك 1*1,3/8/2026,100,26000751,1181327,تنك الموسم طحينية 18 كغم -فارغ,100,1.25,125,WIP
26000741,Closed (مغلق),1141004,سمسم جاهز كعك 50 كغم,3/8/2026,40,26000752,1141002,سمسم خام,2.32,1266.456,2938.178,RMWH
26000741,Closed (مغلق),1141004,سمسم جاهز كعك 50 كغم,3/8/2026,40,26000752,1171006,ملح,450,0.025,11.25,RMWH
26000742,Closed (مغلق),1011026,شيخ الكار طحينية 400 غم 1*12,3/8/2026,2400,26000798,1181186,مرتبان شيخ الكار طحينية 400 غم,1200,0.116,139.2,WIP
26000742,Closed (مغلق),1011026,شيخ الكار طحينية 400 غم 1*12,3/8/2026,2400,26000822,1181186,مرتبان شيخ الكار طحينية 400 غم,1200,0.116,139.2,PKGWH
26000742,Closed (مغلق),1011026,شيخ الكار طحينية 400 غم 1*12,3/8/2026,2400,26000798,1181120,كرتون شيخ الكار طحينية 400 غم,100,0.15,15,WIP
26000742,Closed (مغلق),1011026,شيخ الكار طحينية 400 غم 1*12,3/8/2026,2400,26000822,1181120,كرتون شيخ الكار طحينية 400 غم,100,0.15,15,PKGWH
26000742,Closed (مغلق),1011026,شيخ الكار طحينية 400 غم 1*12,3/8/2026,2400,26000798,1171015,طحينية بلك شيخ الكار حجر,480,1.475,708,WIP
26000742,Closed (مغلق),1011026,شيخ الكار طحينية 400 غم 1*12,3/8/2026,2400,26000822,1171015,طحينية بلك شيخ الكار حجر,480,1.475,708,WIP
26000743,Closed (مغلق),1021060,شيخ الكار حلاوة 1300 غم فستق 1*6,3/8/2026,82,26001029,1181067,كرتون شيخ الكار حلاوة 1300 غم فستق,14,0.201,2.814,WIP
26000743,Closed (مغلق),1021060,شيخ الكار حلاوة 1300 غم فستق 1*6,3/8/2026,82,26001029,1171031,حلاوة بلك فستق شيخ الكار,99.22,1.216,120.652,WIP
26000743,Closed (مغلق),1021060,شيخ الكار حلاوة 1300 غم فستق 1*6,3/8/2026,82,26001029,1181280,علب شيخ الكار حلاوة 1300 غم فستق,82,0.28,22.96,PKGWH
26000744,Closed (مغلق),1021039,شيخ الكار حلاوة 700 غم فستق 1*12,3/8/2026,1428,26000756,1181113,"كرتون شيخ الكار حلاوة 700/800 غم (فستق،سادة،شوكولاتة،ملوكي) دمعة",119,0.197,23.443,WIP
26000744,Closed (مغلق),1021039,شيخ الكار حلاوة 700 غم فستق 1*12,3/8/2026,1428,26000756,1171031,حلاوة بلك فستق شيخ الكار,913.92,1.184,1082.081,WIP
26000744,Closed (مغلق),1021039,شيخ الكار حلاوة 700 غم فستق 1*12,3/8/2026,1428,26000756,1181423,علب شيخ الكار حلاوة 700 غم فستق,1428,0.15,214.2,PKGWH
26000745,Closed (مغلق),1021043,شيخ الكار حلاوة 300 غم رشة فستق 1*12,3/8/2026,1200,26000755,1181022,"كرتون متعدد حلاوة 300 غم (فستق،سادة،شوكولاتة) مستطيل",100,0.157,15.7,WIP
26000745,Closed (مغلق),1021043,شيخ الكار حلاوة 300 غم رشة فستق 1*12,3/8/2026,1200,26000755,1171029,حلاوة بلك رشة شيخ الكار,318,1.112,353.616,WIP
26000745,Closed (مغلق),1021043,شيخ الكار حلاوة 300 غم رشة فستق 1*12,3/8/2026,1200,26000755,1181431,علب شيخ الكار حلاوة 300 غم رشة فستق,1200,0.099,118.8,PKGWH
26000746,Closed (مغلق),1021024,الموسم حلاوة 6 كغم فستق 1*4,3/8/2026,296,26000789,1171031,حلاوة بلك فستق شيخ الكار,1775.945,1.113,1976.688,WIP
26000746,Closed (مغلق),1021024,الموسم حلاوة 6 كغم فستق 1*4,3/8/2026,296,26000789,1181344,جاط مربع حلاوة 5 كغم شفاف متعدد,296,0.606,179.376,WIP
26000746,Closed (مغلق),1021024,الموسم حلاوة 6 كغم فستق 1*4,3/8/2026,296,26000789,1181030,كرتون متعدد حلاوة 5 كغم مربع قديم,74,0.48,35.52,WIP
26000747,Closed (مغلق),1011090,شيخ الكار طحينية 900 غم 1*12 جديد,3/8/2026,6336,26000725,1171015,طحينية بلك شيخ الكار حجر,5385.6,1.466,7895.29,WIP
26000747,Closed (مغلق),1011090,شيخ الكار طحينية 900 غم 1*12 جديد,3/8/2026,6336,26000725,1181097,كرتون شيخ الكار طحينية 900 غم جديد ابيض,528,0.191,100.848,PKGWH
26000747,Closed (مغلق),1011090,شيخ الكار طحينية 900 غم 1*12 جديد,3/8/2026,6336,26000725,1181192,قارورة طحينية  شيخ الكار 900 غم  جديد,6336,0.124,785.664,WIP
26000748,Closed (مغلق),1011035,شيخ الكار طحينية 18 كغم سطل 1*1,3/8/2026,1,26000726,1181355,سطل شيخ الكار طحينية 18 كغم,1,1.334,1.334,WIP
26000748,Closed (مغلق),1011035,شيخ الكار طحينية 18 كغم سطل 1*1,3/8/2026,1,26000726,1181004,كرتون متعدد طحينية 18 كغم متعدد,1,0.372,0.372,PKGWH
26000748,Closed (مغلق),1011035,شيخ الكار طحينية 18 كغم سطل 1*1,3/8/2026,1,26000726,1171015,طحينية بلك شيخ الكار حجر,18,1.466,26.388,WIP
26000749,Closed (مغلق),1171020,حلاوة بلك سادة ميار - موسم,3/4/2026,4485,26000727,1171010,جلوكوز,750,0.36,270,RMWH
26000749,Closed (مغلق),1171020,حلاوة بلك سادة ميار - موسم,3/4/2026,4485,26000727,1171014,عرق حلاوة,20,1.503,30.06,WIP
26000749,Closed (مغلق),1171020,حلاوة بلك سادة ميار - موسم,3/4/2026,4485,26000727,1081001,سكر 50 كعم 20*50,1.5,372.958,559.437,RMWH
26000749,Closed (مغلق),1171020,حلاوة بلك سادة ميار - موسم,3/4/2026,4485,26000727,1171008,مثبت,80,1.473,117.84,WIP
26000749,Closed (مغلق),1171020,حلاوة بلك سادة ميار - موسم,3/4/2026,4485,26000727,1171005,فانيلا,1.5,14.666,21.999,RMWH
26000749,Closed (مغلق),1171020,حلاوة بلك سادة ميار - موسم,3/4/2026,4485,26000727,1171017,طحينية بلك ميار - موسم  كروما,2229,1.496,3334.584,WIP
26000749,Closed (مغلق),1171020,حلاوة بلك سادة ميار - موسم,3/4/2026,4485,26000727,1171001,ملح ليمون,2.5,0.736,1.84,WIP
26000750,Closed (مغلق),1021063,شيخ الكار حلاوة 2300 غم فستق 1*4,3/9/2026,2,26000730,1171031,حلاوة بلك فستق شيخ الكار,4.35,1.19,5.177,WIP
26000750,Closed (مغلق),1021063,شيخ الكار حلاوة 2300 غم فستق 1*4,3/9/2026,2,26000730,1181435,علب شيخ الكار حلاوة 2300 غم فستق,2,0.32,0.64,WIP
26000751,Closed (مغلق),1171017,طحينية بلك ميار - موسم  كروما,3/5/2026,20000,26000731,1171025,سمسم خام برازيلي اناهي,23200,1.282,29742.4,RMWH
26000751,Closed (مغلق),1171017,طحينية بلك ميار - موسم  كروما,3/5/2026,20000,26000731,1171006,ملح,7000,0.025,175,RMWH
26000752,Closed (مغلق),1021096,لايت أند سويت حلاوة 400 غم دايت شوكولاته 1*24,3/9/2026,18,26000733,1171016,حلاوة بلك دايت,6.696,2.287,15.314,WIP
26000752,Closed (مغلق),1021096,لايت أند سويت حلاوة 400 غم دايت شوكولاته 1*24,3/9/2026,18,26000733,1171003,كاكاو,0.216,6,1.296,WIP
26000752,Closed (مغلق),1021096,لايت أند سويت حلاوة 400 غم دايت شوكولاته 1*24,3/9/2026,18,26000733,1171015,طحينية بلك شيخ الكار حجر,0.288,1.466,0.422,WIP
26000752,Closed (مغلق),1021096,لايت أند سويت حلاوة 400 غم دايت شوكولاته 1*24,3/9/2026,18,26000733,1181486,علب حلاوة شفاف 400 غم /العيدي,18,0.14,2.52,PKGWH
26000752,Closed (مغلق),1021096,لايت أند سويت حلاوة 400 غم دايت شوكولاته 1*24,3/9/2026,18,26000733,1181398,كرتون تكية حلاوة غير مطبوع,1,0.4,0.4,WIP
26000753,Closed (مغلق),1021050,شيخ الكار حلاوة 800 غم سادة 1*12,3/9/2026,432,26000734,1181113,"كرتون شيخ الكار حلاوة 700/800 غم (فستق،سادة،شوكولاتة،ملوكي) دمعة",36,0.197,7.092,WIP
26000753,Closed (مغلق),1021050,شيخ الكار حلاوة 800 غم سادة 1*12,3/9/2026,432,26000734,1171022,حلاوة بلك سادة شيخ الكار,345.6,0.965,333.504,WIP
26000753,Closed (مغلق),1021050,شيخ الكار حلاوة 800 غم سادة 1*12,3/9/2026,432,26000734,1181462,علب شيخ الكار حلاوة 800 غم سادة,432,0.15,64.8,WIP
26000754,Closed (مغلق),1171022,حلاوة بلك سادة شيخ الكار,3/8/2026,904,26000736,1171010,جلوكوز,150,0.36,54,RMWH
26000754,Closed (مغلق),1171022,حلاوة بلك سادة شيخ الكار,3/8/2026,904,26000736,1171014,عرق حلاوة,4,1.503,6.012,WIP
26000754,Closed (مغلق),1171022,حلاوة بلك سادة شيخ الكار,3/8/2026,904,26000736,1081001,سكر 50 كعم 20*50,0.3,372.958,111.887,WIP
26000754,Closed (مغلق),1171022,حلاوة بلك سادة شيخ الكار,3/8/2026,904,26000736,1171008,مثبت,16,1.473,23.568,WIP
26000754,Closed (مغلق),1171022,حلاوة بلك سادة شيخ الكار,3/8/2026,904,26000736,1171005,فانيلا,0.3,14.666,4.4,RMWH
26000754,Closed (مغلق),1171022,حلاوة بلك سادة شيخ الكار,3/8/2026,904,26000736,1171015,طحينية بلك شيخ الكار حجر,462,1.475,681.45,WIP
26000754,Closed (مغلق),1171022,حلاوة بلك سادة شيخ الكار,3/8/2026,904,26000736,1171001,ملح ليمون,0.5,0.736,0.368,WIP
26000755,Closed (مغلق),1171015,طحينية بلك شيخ الكار حجر,3/5/2026,30000,26000735,1141002,سمسم خام,34.8,1266.456,44072.669,RMWH
26000755,Closed (مغلق),1171015,طحينية بلك شيخ الكار حجر,3/5/2026,30000,26000735,1171006,ملح,6750,0.025,168.75,RMWH
26000756,Closed (مغلق),1171020,حلاوة بلك سادة ميار - موسم,3/8/2026,2710,26000739,1171014,عرق حلاوة,12,1.503,18.036,WIP
26000756,Closed (مغلق),1171020,حلاوة بلك سادة ميار - موسم,3/8/2026,2710,26000738,1171010,جلوكوز,449.55,0.36,161.838,RMWH
26000756,Closed (مغلق),1171020,حلاوة بلك سادة ميار - موسم,3/8/2026,2710,26000737,1171010,جلوكوز,0.45,0.36,0.162,WIP
26000756,Closed (مغلق),1171020,حلاوة بلك سادة ميار - موسم,3/8/2026,2710,26000739,1081001,سكر 50 كعم 20*50,0.9,372.958,335.662,WIP
26000756,Closed (مغلق),1171020,حلاوة بلك سادة ميار - موسم,3/8/2026,2710,26000737,1171014,عرق حلاوة,12,1.503,18.036,WIP
26000756,Closed (مغلق),1171020,حلاوة بلك سادة ميار - موسم,3/8/2026,2710,26000739,1171008,مثبت,48,1.473,70.704,WIP
26000756,Closed (مغلق),1171020,حلاوة بلك سادة ميار - موسم,3/8/2026,2710,26000737,1081001,سكر 50 كعم 20*50,0.9,372.958,335.662,RMWH
26000756,Closed (مغلق),1171020,حلاوة بلك سادة ميار - موسم,3/8/2026,2710,26000739,1171005,فانيلا,0.9,14.666,13.199,WIP
26000756,Closed (مغلق),1171020,حلاوة بلك سادة ميار - موسم,3/8/2026,2710,26000737,1171008,مثبت,48,1.473,70.704,WIP
26000756,Closed (مغلق),1171020,حلاوة بلك سادة ميار - موسم,3/8/2026,2710,26000739,1171017,طحينية بلك ميار - موسم  كروما,1366,1.496,2043.536,WIP
26000756,Closed (مغلق),1171020,حلاوة بلك سادة ميار - موسم,3/8/2026,2710,26000737,1171005,فانيلا,0.9,14.666,13.199,RMWH
26000756,Closed (مغلق),1171020,حلاوة بلك سادة ميار - موسم,3/8/2026,2710,26000739,1171001,ملح ليمون,1.5,0.736,1.104,WIP
26000756,Closed (مغلق),1171020,حلاوة بلك سادة ميار - موسم,3/8/2026,2710,26000737,1171017,طحينية بلك ميار - موسم  كروما,1818,1.496,2719.728,WIP
26000756,Closed (مغلق),1171020,حلاوة بلك سادة ميار - موسم,3/8/2026,2710,26000739,1171010,جلوكوز,450,0.36,162,WIP
26000756,Closed (مغلق),1171020,حلاوة بلك سادة ميار - موسم,3/8/2026,2710,26000737,1171001,ملح ليمون,1.5,0.736,1.104,WIP
26000757,Closed (مغلق),1171031,حلاوة بلك فستق شيخ الكار,3/9/2026,822,26000740,1171022,حلاوة بلك سادة شيخ الكار,814,0.967,787.138,WIP
26000757,Closed (مغلق),1171031,حلاوة بلك فستق شيخ الكار,3/9/2026,822,26000740,1171011,فستق حلبي,8,19.008,152.064,WIP
26000758,Closed (مغلق),1171030,حلاوة بلك ملوكي شيخ الكار,3/8/2026,100,26000741,1171022,حلاوة بلك سادة شيخ الكار,90,0.967,87.03,WIP
26000758,Closed (مغلق),1171030,حلاوة بلك ملوكي شيخ الكار,3/8/2026,100,26000741,1171012,مكسرات مشكلة,6.5,5.5,35.75,RMWH
26000758,Closed (مغلق),1171030,حلاوة بلك ملوكي شيخ الكار,3/8/2026,100,26000741,1171011,فستق حلبي,3.5,19.008,66.528,RMWH
26000759,Closed (مغلق),1021011,شيخ الكار حلاوة 6 كغم فستق 1*4,3/9/2026,1,26000742,1171031,حلاوة بلك فستق شيخ الكار,6,1.144,6.864,WIP
26000759,Closed (مغلق),1021011,شيخ الكار حلاوة 6 كغم فستق 1*4,3/9/2026,1,26000742,1181311,"جاط متعدد حلاوة 6 كغم (فستق،سادة،شوكولاتة) شفاف",1,0.534,0.534,WIP
26000759,Closed (مغلق),1021011,شيخ الكار حلاوة 6 كغم فستق 1*4,3/9/2026,1,26000742,1181111,"كرتون شيخ الكار حلاوة 6 كغم (فستق،سادة،شوكولاتة)",0.25,0.555,0.139,WIP
26000760,Closed (مغلق),1021007,شيخ الكار حلاوة 1 كغم ملوكية بالمكسرات 1*8,3/9/2026,100,26000745,1171030,حلاوة بلك ملوكي شيخ الكار,100,1.861,186.1,WIP
26000760,Closed (مغلق),1021007,شيخ الكار حلاوة 1 كغم ملوكية بالمكسرات 1*8,3/9/2026,100,26000745,1181308,جاط شفاف حلاوة 1 كغم ملوكي تبروير دائري,100,0.064,6.4,PKGWH
26000760,Closed (مغلق),1021007,شيخ الكار حلاوة 1 كغم ملوكية بالمكسرات 1*8,3/9/2026,100,26000745,1181101,كرتون متعدد حلاوة 1 كغم دائري تبروي,13,0.594,7.722,PKGWH
26000761,Closed (مغلق),1171022,حلاوة بلك سادة شيخ الكار,3/9/2026,2163,26000747,1171010,جلوكوز,375,0.36,135,RMWH
26000761,Closed (مغلق),1171022,حلاوة بلك سادة شيخ الكار,3/9/2026,2163,26000747,1171014,عرق حلاوة,10,1.503,15.03,RMWH
26000761,Closed (مغلق),1171022,حلاوة بلك سادة شيخ الكار,3/9/2026,2163,26000747,1081001,سكر 50 كعم 20*50,0.75,372.958,279.719,WIP
26000761,Closed (مغلق),1171022,حلاوة بلك سادة شيخ الكار,3/9/2026,2163,26000747,1171008,مثبت,40,1.473,58.92,WIP
26000761,Closed (مغلق),1171022,حلاوة بلك سادة شيخ الكار,3/9/2026,2163,26000747,1171005,فانيلا,0.75,14.666,11,RMWH
26000761,Closed (مغلق),1171022,حلاوة بلك سادة شيخ الكار,3/9/2026,2163,26000747,1171015,طحينية بلك شيخ الكار حجر,1082,1.475,1595.95,WIP
26000761,Closed (مغلق),1171022,حلاوة بلك سادة شيخ الكار,3/9/2026,2163,26000747,1171001,ملح ليمون,1.25,0.736,0.92,WIP
26000762,Closed (مغلق),1171029,حلاوة بلك رشة شيخ الكار,3/9/2026,439,26000748,1171022,حلاوة بلك سادة شيخ الكار,435.5,0.968,421.564,WIP
26000762,Closed (مغلق),1171029,حلاوة بلك رشة شيخ الكار,3/9/2026,439,26000748,1171011,فستق حلبي,3.5,19.008,66.528,WIP
26000763,Closed (مغلق),1171031,حلاوة بلك فستق شيخ الكار,3/9/2026,1748,26000749,1171022,حلاوة بلك سادة شيخ الكار,1727,0.968,1671.736,WIP
26000763,Closed (مغلق),1171031,حلاوة بلك فستق شيخ الكار,3/9/2026,1748,26000749,1171011,فستق حلبي,21,19.008,399.168,WIP
26000764,Closed (مغلق),1021060,شيخ الكار حلاوة 1300 غم فستق 1*6,3/9/2026,100,26000750,1171029,حلاوة بلك رشة شيخ الكار,121,1.112,134.552,WIP
26000764,Closed (مغلق),1021060,شيخ الكار حلاوة 1300 غم فستق 1*6,3/9/2026,100,26000750,1181280,علب شيخ الكار حلاوة 1300 غم فستق,100,0.28,28,WIP
26000765,Closed (مغلق),1141004,سمسم جاهز كعك 50 كغم,3/9/2026,41,26000753,1141002,سمسم خام,2.378,1266.456,3011.632,RMWH
26000765,Closed (مغلق),1141004,سمسم جاهز كعك 50 كغم,3/9/2026,41,26000753,1171006,ملح,440,0.025,11,RMWH
26000766,Closed (مغلق),1021060,شيخ الكار حلاوة 1300 غم فستق 1*6,3/10/2026,762,26000778,1181067,كرتون شيخ الكار حلاوة 1300 غم فستق,62,0.201,12.462,WIP
26000766,Closed (مغلق),1021060,شيخ الكار حلاوة 1300 غم فستق 1*6,3/10/2026,762,26000803,1181067,كرتون شيخ الكار حلاوة 1300 غم فستق,65,0.201,13.065,WIP
26000766,Closed (مغلق),1021060,شيخ الكار حلاوة 1300 غم فستق 1*6,3/10/2026,762,26000778,1171031,حلاوة بلك فستق شيخ الكار,450,1.117,502.65,WIP
26000766,Closed (مغلق),1021060,شيخ الكار حلاوة 1300 غم فستق 1*6,3/10/2026,762,26000803,1171031,حلاوة بلك فستق شيخ الكار,472.02,1.174,554.151,WIP
26000766,Closed (مغلق),1021060,شيخ الكار حلاوة 1300 غم فستق 1*6,3/10/2026,762,26000778,1181280,علب شيخ الكار حلاوة 1300 غم فستق,372,0.28,104.16,WIP
26000766,Closed (مغلق),1021060,شيخ الكار حلاوة 1300 غم فستق 1*6,3/10/2026,762,26000803,1181280,علب شيخ الكار حلاوة 1300 غم فستق,390,0.28,109.2,PKGWH
26000767,Closed (مغلق),1021031,ميار حلاوة 1200 غم برش فستق 1*6,3/10/2026,702,26000779,1171028,حلاوة بلك فستق ميار,779.22,1.134,883.635,WIP
26000767,Closed (مغلق),1021031,ميار حلاوة 1200 غم برش فستق 1*6,3/10/2026,702,26000779,1181378,علب ميار حلاوة 1300 غم رشة فستق,702,0.28,196.56,WIP
26000767,Closed (مغلق),1021031,ميار حلاوة 1200 غم برش فستق 1*6,3/10/2026,702,26000779,1181014,كرتون ميار حلاوة 1300 غم رشة فستق,117,0.223,26.091,WIP
26000768,Closed (مغلق),1021005,ميار حلاوة 300 غم رشة فستق 1*12,3/10/2026,2412,26000824,1171013,حلاوة بلك رشة فستق ميار,651.24,1.098,715.062,WIP
26000768,Closed (مغلق),1021005,ميار حلاوة 300 غم رشة فستق 1*12,3/10/2026,2412,26000824,1181019,"كرتون متعدد حلاوة 300 غم (ميار،شتلة،فاخرة) أمنية",201,0.106,21.306,PKGWH
26000768,Closed (مغلق),1021005,ميار حلاوة 300 غم رشة فستق 1*12,3/10/2026,2412,26000824,1181373,علب ميار حلاوة 300 غم رشة فستق أمنية,2412,0.088,212.256,PKGWH
26000769,Closed (مغلق),1021063,شيخ الكار حلاوة 2300 غم فستق 1*4,3/10/2026,320,26000802,1181065,كرتون شيخ الكار حلاوة 2300 غم فستق,80,0.166,13.28,PKGWH
26000769,Closed (مغلق),1021063,شيخ الكار حلاوة 2300 غم فستق 1*4,3/10/2026,320,26000802,1171031,حلاوة بلك فستق شيخ الكار,696,1.174,817.104,WIP
26000769,Closed (مغلق),1021063,شيخ الكار حلاوة 2300 غم فستق 1*4,3/10/2026,320,26000802,1181435,علب شيخ الكار حلاوة 2300 غم فستق,320,0.32,102.4,PKGWH
26000770,Closed (مغلق),1021024,الموسم حلاوة 6 كغم فستق 1*4,3/10/2026,224,26000832,1171031,حلاوة بلك فستق شيخ الكار,432,1.107,478.224,WIP
26000770,Closed (مغلق),1021024,الموسم حلاوة 6 كغم فستق 1*4,3/10/2026,224,26000821,1171031,حلاوة بلك فستق شيخ الكار,456,1.199,546.744,WIP
26000770,Closed (مغلق),1021024,الموسم حلاوة 6 كغم فستق 1*4,3/10/2026,224,26000801,1171031,حلاوة بلك فستق شيخ الكار,456,1.174,535.344,WIP
26000770,Closed (مغلق),1021024,الموسم حلاوة 6 كغم فستق 1*4,3/10/2026,224,26000832,1181344,جاط مربع حلاوة 5 كغم شفاف متعدد,72,0.606,43.632,WIP
26000770,Closed (مغلق),1021024,الموسم حلاوة 6 كغم فستق 1*4,3/10/2026,224,26000821,1181344,جاط مربع حلاوة 5 كغم شفاف متعدد,76,0.606,46.056,WIP
26000770,Closed (مغلق),1021024,الموسم حلاوة 6 كغم فستق 1*4,3/10/2026,224,26000801,1181344,جاط مربع حلاوة 5 كغم شفاف متعدد,76,0.606,46.056,WIP
26000770,Closed (مغلق),1021024,الموسم حلاوة 6 كغم فستق 1*4,3/10/2026,224,26000821,1181030,كرتون متعدد حلاوة 5 كغم مربع قديم,19,0.48,9.12,WIP
26000770,Closed (مغلق),1021024,الموسم حلاوة 6 كغم فستق 1*4,3/10/2026,224,26000832,1181030,كرتون متعدد حلاوة 5 كغم مربع قديم,18,0.48,8.64,WIP
26000770,Closed (مغلق),1021024,الموسم حلاوة 6 كغم فستق 1*4,3/10/2026,224,26000801,1181030,كرتون متعدد حلاوة 5 كغم مربع قديم,19,0.48,9.12,WIP
26000771,Closed (مغلق),1011125,شيخ الكار طحينية 16 كغم سطل 1*1,3/10/2026,50,26000784,1171015,طحينية بلك شيخ الكار حجر,800,1.475,1180,WIP
26000771,Closed (مغلق),1011125,شيخ الكار طحينية 16 كغم سطل 1*1,3/10/2026,50,26000784,1181357,"سطل متعدد طحينية 18 كغم سادة (زيدان،الوادي،نابت)",50,0.639,31.95,WIP
26000771,Closed (مغلق),1011125,شيخ الكار طحينية 16 كغم سطل 1*1,3/10/2026,50,26000784,1181004,كرتون متعدد طحينية 18 كغم متعدد,50,0.372,18.6,WIP
26000772,Closed (مغلق),1011027,شيخ الكار طحينية 18 كغم تنك 1*1,3/10/2026,278,26000791,1181301,تنك شيخ الكار طحينية 18 كغم -فارغ,278,1.271,353.338,PKGWH
26000772,Closed (مغلق),1011027,شيخ الكار طحينية 18 كغم تنك 1*1,3/10/2026,278,26000791,1171017,طحينية بلك ميار - موسم  كروما,5004,1.496,7485.984,WIP
26000773,Closed (مغلق),1021162,خير بلادنا حلاوة 300 غم سادة 1*12,3/10/2026,672,26000777,1181288,علب خير بلادنا حلاوة 350 غم سادة  بيضوي,672,0.089,59.808,WIP
26000773,Closed (مغلق),1021162,خير بلادنا حلاوة 300 غم سادة 1*12,3/10/2026,672,26000777,1181026,كرتون متعدد حلاوة بيضوي صغير,56,0.06,3.36,WIP
26000773,Closed (مغلق),1021162,خير بلادنا حلاوة 300 غم سادة 1*12,3/10/2026,672,26000777,1171020,حلاوة بلك سادة ميار - موسم,178.08,0.972,173.094,WIP
26000774,Closed (مغلق),1021164,خير بلادنا حلاوة 300 غم رشة فستق 1*12,3/10/2026,6900,26000776,1171013,حلاوة بلك رشة فستق ميار,1446.9,1.038,1501.882,WIP
26000774,Closed (مغلق),1021164,خير بلادنا حلاوة 300 غم رشة فستق 1*12,3/10/2026,6900,26000764,1171013,حلاوة بلك رشة فستق ميار,381.6,1.051,401.062,WIP
26000774,Closed (مغلق),1021164,خير بلادنا حلاوة 300 غم رشة فستق 1*12,3/10/2026,6900,26000776,1181287,علب خير بلادنا حلاوة 350 غم فستق بيضوي,5460,0.088,480.48,WIP
26000774,Closed (مغلق),1021164,خير بلادنا حلاوة 300 غم رشة فستق 1*12,3/10/2026,6900,26000764,1181287,علب خير بلادنا حلاوة 350 غم فستق بيضوي,1440,0.088,126.72,WIP
26000774,Closed (مغلق),1021164,خير بلادنا حلاوة 300 غم رشة فستق 1*12,3/10/2026,6900,26000776,1181026,كرتون متعدد حلاوة بيضوي صغير,455,0.06,27.3,WIP
26000774,Closed (مغلق),1021164,خير بلادنا حلاوة 300 غم رشة فستق 1*12,3/10/2026,6900,26000764,1181026,كرتون متعدد حلاوة بيضوي صغير,120,0.06,7.2,WIP
26000775,Closed (مغلق),1171016,حلاوة بلك دايت,3/10/2026,288,26000759,1171008,مثبت,5,1.473,7.365,WIP
26000775,Closed (مغلق),1171016,حلاوة بلك دايت,3/10/2026,288,26000759,1171005,فانيلا,0.1,14.666,1.467,RMWH
26000775,Closed (مغلق),1171016,حلاوة بلك دايت,3/10/2026,288,26000759,1171014,عرق حلاوة,1.5,1.503,2.255,WIP
26000775,Closed (مغلق),1171016,حلاوة بلك دايت,3/10/2026,288,26000759,1171015,طحينية بلك شيخ الكار حجر,144,1.475,212.4,WIP
26000775,Closed (مغلق),1171016,حلاوة بلك دايت,3/10/2026,288,26000759,1171007,قطر دايت,9,1.43,12.87,RMWH
26000775,Closed (مغلق),1171016,حلاوة بلك دايت,3/10/2026,288,26000759,1171009,بديل السكر,150,2.737,410.55,RMWH
26000776,Closed (مغلق),1171022,حلاوة بلك سادة شيخ الكار,3/10/2026,2651,26000760,1171010,جلوكوز,450,0.36,162,WIP
26000776,Closed (مغلق),1171022,حلاوة بلك سادة شيخ الكار,3/10/2026,2651,26000760,1171014,عرق حلاوة,12,1.503,18.036,RMWH
26000776,Closed (مغلق),1171022,حلاوة بلك سادة شيخ الكار,3/10/2026,2651,26000760,1081001,سكر 50 كعم 20*50,0.9,372.876,335.588,WIP
26000776,Closed (مغلق),1171022,حلاوة بلك سادة شيخ الكار,3/10/2026,2651,26000760,1171008,مثبت,48,1.473,70.704,WIP
26000776,Closed (مغلق),1171022,حلاوة بلك سادة شيخ الكار,3/10/2026,2651,26000760,1171005,فانيلا,0.9,14.666,13.199,RMWH
26000776,Closed (مغلق),1171022,حلاوة بلك سادة شيخ الكار,3/10/2026,2651,26000760,1171015,طحينية بلك شيخ الكار حجر,1328,1.475,1958.8,WIP
26000776,Closed (مغلق),1171022,حلاوة بلك سادة شيخ الكار,3/10/2026,2651,26000760,1171001,ملح ليمون,1.5,0.736,1.104,WIP
26000777,Closed (مغلق),1171031,حلاوة بلك فستق شيخ الكار,3/10/2026,1794,26000761,1171022,حلاوة بلك سادة شيخ الكار,1772,0.967,1713.524,WIP
26000777,Closed (مغلق),1171031,حلاوة بلك فستق شيخ الكار,3/10/2026,1794,26000761,1171011,فستق حلبي,22,19.008,418.176,WIP
26000778,Closed (مغلق),1171020,حلاوة بلك سادة ميار - موسم,3/10/2026,484.5,26000762,1171010,جلوكوز,75,0.36,27,WIP
26000778,Closed (مغلق),1171020,حلاوة بلك سادة ميار - موسم,3/10/2026,484.5,26000762,1171014,عرق حلاوة,2,1.503,3.006,WIP
26000778,Closed (مغلق),1171020,حلاوة بلك سادة ميار - موسم,3/10/2026,484.5,26000762,1081001,سكر 50 كعم 20*50,0.15,372.876,55.931,WIP
26000778,Closed (مغلق),1171020,حلاوة بلك سادة ميار - موسم,3/10/2026,484.5,26000762,1171008,مثبت,8,1.473,11.784,WIP
26000778,Closed (مغلق),1171020,حلاوة بلك سادة ميار - موسم,3/10/2026,484.5,26000762,1171005,فانيلا,0.1,14.666,1.467,RMWH
26000778,Closed (مغلق),1171020,حلاوة بلك سادة ميار - موسم,3/10/2026,484.5,26000762,1171017,طحينية بلك ميار - موسم  كروما,232,1.496,347.072,WIP
26000778,Closed (مغلق),1171020,حلاوة بلك سادة ميار - موسم,3/10/2026,484.5,26000762,1171001,ملح ليمون,0.25,0.736,0.184,WIP
26000779,Closed (مغلق),1171013,حلاوة بلك رشة فستق ميار,3/10/2026,486,26000763,1171020,حلاوة بلك سادة ميار - موسم,484.5,0.965,467.543,WIP
26000779,Closed (مغلق),1171013,حلاوة بلك رشة فستق ميار,3/10/2026,486,26000763,1171011,فستق حلبي,1.5,19.008,28.512,WIP
26000780,Closed (مغلق),1011036,قاسيون طحينية 1كغم مطرة 1*12,3/11/2026,1200,26000816,1181224,مطرة قاسيون طحينية 1 كغم,1200,0.105,126,PKGWH
26000780,Closed (مغلق),1011036,قاسيون طحينية 1كغم مطرة 1*12,3/11/2026,1200,26000816,1181007,كرتون متعدد طحينية 1 كغم مطرة,100,0.284,28.4,PKGWH
26000780,Closed (مغلق),1011036,قاسيون طحينية 1كغم مطرة 1*12,3/11/2026,1200,26000816,1171015,طحينية بلك شيخ الكار حجر,1200,1.475,1770,WIP
26000781,Closed (مغلق),1021037,شيخ الكار حلاوة 400 غم فستق 1*12,1/15/2026,1584,26000765,1181006,"كرتون متعدد شيخ الكار حلاوة 400 غم (فستق،سادة،شوكولاتة) دمعة",132,0.093,12.276,PKGWH
26000781,Closed (مغلق),1021037,شيخ الكار حلاوة 400 غم فستق 1*12,1/15/2026,1584,26000765,1171031,حلاوة بلك فستق شيخ الكار,633.6,1.188,752.717,WIP
26000781,Closed (مغلق),1021037,شيخ الكار حلاوة 400 غم فستق 1*12,1/15/2026,1584,26000765,1181359,علبة حلاوة شيخ الكار 400 غ فستق دمعة,1584,0.088,139.392,PKGWH
26000782,Closed (مغلق),1011088,الموسم طحينية 800 غم  1*12,2/17/2026,2880,26000766,1171017,طحينية بلك ميار - موسم  كروما,2102.4,1.496,3145.19,WIP
26000782,Closed (مغلق),1011088,الموسم طحينية 800 غم  1*12,2/17/2026,2880,26000766,1181008,كرتون متعدد طحينية 800 غم اكسترا فاخرة,240,0.223,53.52,PKGWH
26000782,Closed (مغلق),1011088,الموسم طحينية 800 غم  1*12,2/17/2026,2880,26000766,1181037,مرتبان الموسم طحينية 800 غم,2880,0.118,339.84,PKGWH
26000783,Closed (مغلق),1011026,شيخ الكار طحينية 400 غم 1*12,2/15/2026,2040,26000767,1181186,مرتبان شيخ الكار طحينية 400 غم,2040,0.116,236.64,PKGWH
26000783,Closed (مغلق),1011026,شيخ الكار طحينية 400 غم 1*12,2/15/2026,2040,26000767,1181120,كرتون شيخ الكار طحينية 400 غم,170,0.15,25.5,PKGWH
26000783,Closed (مغلق),1011026,شيخ الكار طحينية 400 غم 1*12,2/15/2026,2040,26000767,1171015,طحينية بلك شيخ الكار حجر,816,1.475,1203.6,WIP
26000784,Closed (مغلق),1021062,شيخ الكار حلاوة 800 غم فستق 1*12,3/11/2026,240,26000768,1181113,"كرتون شيخ الكار حلاوة 700/800 غم (فستق،سادة،شوكولاتة،ملوكي) دمعة",20,0.197,3.94,WIP
26000784,Closed (مغلق),1021062,شيخ الكار حلاوة 800 غم فستق 1*12,3/11/2026,240,26000768,1171031,حلاوة بلك فستق شيخ الكار,192,1.188,228.096,WIP
26000784,Closed (مغلق),1021062,شيخ الكار حلاوة 800 غم فستق 1*12,3/11/2026,240,26000768,1181458,علب شيخ الكار حلاوة 800 غم فستق,240,0.15,36,PKGWH
26000785,Closed (مغلق),1021037,شيخ الكار حلاوة 400 غم فستق 1*12,1/15/2026,1728,26000769,1181006,"كرتون متعدد شيخ الكار حلاوة 400 غم (فستق،سادة،شوكولاتة) دمعة",144,0.093,13.392,PKGWH
26000785,Closed (مغلق),1021037,شيخ الكار حلاوة 400 غم فستق 1*12,1/15/2026,1728,26000769,1171031,حلاوة بلك فستق شيخ الكار,691.2,1.188,821.146,WIP
26000785,Closed (مغلق),1021037,شيخ الكار حلاوة 400 غم فستق 1*12,1/15/2026,1728,26000769,1181359,علبة حلاوة شيخ الكار 400 غ فستق دمعة,1728,0.088,152.064,PKGWH
26000786,Closed (مغلق),1171020,حلاوة بلك سادة ميار - موسم,3/12/2026,2164,26000770,1171010,جلوكوز,375,0.36,135,WIP
26000786,Closed (مغلق),1171020,حلاوة بلك سادة ميار - موسم,3/12/2026,2164,26000770,1171014,عرق حلاوة,10,1.503,15.03,RMWH
26000786,Closed (مغلق),1171020,حلاوة بلك سادة ميار - موسم,3/12/2026,2164,26000770,1081001,سكر 50 كعم 20*50,0.75,372.876,279.657,WIP
26000786,Closed (مغلق),1171020,حلاوة بلك سادة ميار - موسم,3/12/2026,2164,26000770,1171008,مثبت,40,1.473,58.92,WIP
26000786,Closed (مغلق),1171020,حلاوة بلك سادة ميار - موسم,3/12/2026,2164,26000770,1171005,فانيلا,0.75,14.666,11,RMWH
26000786,Closed (مغلق),1171020,حلاوة بلك سادة ميار - موسم,3/12/2026,2164,26000770,1171017,طحينية بلك ميار - موسم  كروما,1101,1.496,1647.096,WIP
26000786,Closed (مغلق),1171020,حلاوة بلك سادة ميار - موسم,3/12/2026,2164,26000770,1171001,ملح ليمون,1.25,0.736,0.92,WIP
26000787,Closed (مغلق),1021003,شيخ الكار حلاوة 5 كغم سادة (الولاء) 1*1,3/12/2026,19,26000771,1021003,شيخ الكار حلاوة 5 كغم سادة (الولاء) 1*1,19,5.618,106.742,FGWH
26000788,Closed (مغلق),1171013,حلاوة بلك رشة فستق ميار,3/12/2026,1310,26000775,1171020,حلاوة بلك سادة ميار - موسم,1305.5,0.972,1268.946,WIP
26000788,Closed (مغلق),1171013,حلاوة بلك رشة فستق ميار,3/12/2026,1310,26000775,1171011,فستق حلبي,4.5,19.008,85.536,WIP
26000789,Closed (مغلق),1171028,حلاوة بلك فستق ميار,3/12/2026,780,26000774,1171020,حلاوة بلك سادة ميار - موسم,773,0.972,751.356,WIP
26000789,Closed (مغلق),1171028,حلاوة بلك فستق ميار,3/12/2026,780,26000774,1171011,فستق حلبي,7,19.008,133.056,WIP
26000790,Closed (مغلق),1171022,حلاوة بلك سادة شيخ الكار,3/12/2026,1358,26000772,1171010,جلوكوز,225,0.36,81,WIP
26000790,Closed (مغلق),1171022,حلاوة بلك سادة شيخ الكار,3/12/2026,1358,26000772,1171014,عرق حلاوة,6,1.503,9.018,RMWH
26000790,Closed (مغلق),1171022,حلاوة بلك سادة شيخ الكار,3/12/2026,1358,26000772,1081001,سكر 50 كعم 20*50,0.45,372.876,167.794,RMWH
26000790,Closed (مغلق),1171022,حلاوة بلك سادة شيخ الكار,3/12/2026,1358,26000772,1171008,مثبت,24,1.473,35.352,WIP
26000790,Closed (مغلق),1171022,حلاوة بلك سادة شيخ الكار,3/12/2026,1358,26000772,1171005,فانيلا,0.45,14.666,6.6,RMWH
26000790,Closed (مغلق),1171022,حلاوة بلك سادة شيخ الكار,3/12/2026,1358,26000772,1171015,طحينية بلك شيخ الكار حجر,677,1.475,998.575,WIP
26000790,Closed (مغلق),1171022,حلاوة بلك سادة شيخ الكار,3/12/2026,1358,26000772,1171001,ملح ليمون,0.75,0.736,0.552,WIP
26000791,Closed (مغلق),1171031,حلاوة بلك فستق شيخ الكار,3/12/2026,1368,26000773,1171022,حلاوة بلك سادة شيخ الكار,1357.5,0.965,1309.988,WIP
26000791,Closed (مغلق),1171031,حلاوة بلك فستق شيخ الكار,3/12/2026,1368,26000773,1171011,فستق حلبي,10.5,19.008,199.584,WIP
26000792,Closed (مغلق),1021039,شيخ الكار حلاوة 700 غم فستق 1*12,3/12/2026,720,26000780,1181113,"كرتون شيخ الكار حلاوة 700/800 غم (فستق،سادة،شوكولاتة،ملوكي) دمعة",59.76,0.197,11.773,WIP
26000792,Closed (مغلق),1021039,شيخ الكار حلاوة 700 غم فستق 1*12,3/12/2026,720,26000780,1171031,حلاوة بلك فستق شيخ الكار,460.8,1.117,514.714,WIP
26000792,Closed (مغلق),1021039,شيخ الكار حلاوة 700 غم فستق 1*12,3/12/2026,720,26000780,1181423,علب شيخ الكار حلاوة 700 غم فستق,720,0.15,108,WIP
26000793,Closed (مغلق),1011027,شيخ الكار طحينية 18 كغم تنك 1*1,3/12/2026,500,26000792,1181301,تنك شيخ الكار طحينية 18 كغم -فارغ,100,1.271,127.1,PKGWH
26000793,Closed (مغلق),1011027,شيخ الكار طحينية 18 كغم تنك 1*1,3/12/2026,500,26000800,1181301,تنك شيخ الكار طحينية 18 كغم -فارغ,200,1.271,254.2,PKGWH
26000793,Closed (مغلق),1011027,شيخ الكار طحينية 18 كغم تنك 1*1,3/12/2026,500,26000817,1181301,تنك شيخ الكار طحينية 18 كغم -فارغ,100,1.271,127.1,WIP
26000793,Closed (مغلق),1011027,شيخ الكار طحينية 18 كغم تنك 1*1,3/12/2026,500,26000830,1181301,تنك شيخ الكار طحينية 18 كغم -فارغ,100,1.271,127.1,WIP
26000793,Closed (مغلق),1011027,شيخ الكار طحينية 18 كغم تنك 1*1,3/12/2026,500,26000800,1171015,طحينية بلك شيخ الكار حجر,3600,1.475,5310,WIP
26000793,Closed (مغلق),1011027,شيخ الكار طحينية 18 كغم تنك 1*1,3/12/2026,500,26000792,1171015,طحينية بلك شيخ الكار حجر,1800,1.475,2655,WIP
26000793,Closed (مغلق),1011027,شيخ الكار طحينية 18 كغم تنك 1*1,3/12/2026,500,26000817,1171015,طحينية بلك شيخ الكار حجر,1800,1.475,2655,WIP
26000793,Closed (مغلق),1011027,شيخ الكار طحينية 18 كغم تنك 1*1,3/12/2026,500,26000830,1171015,طحينية بلك شيخ الكار حجر,1800,1.475,2655,WIP
26000794,Closed (مغلق),1011024,شيخ الكار طحينية 250 غم 1*12,3/12/2026,3600,26000831,1181188,مرتبان شيخ الكار طحينية 250 غم,3600,0.1,360,PKGWH
26000794,Closed (مغلق),1011024,شيخ الكار طحينية 250 غم 1*12,3/12/2026,3600,26000831,1181114,كرتون شيخ الكار طحينية 250 غم,300,0.121,36.3,PKGWH
26000794,Closed (مغلق),1011024,شيخ الكار طحينية 250 غم 1*12,3/12/2026,3600,26000831,1171015,طحينية بلك شيخ الكار حجر,900,1.475,1327.5,WIP
26000795,Closed (مغلق),1021020,ميار حلاوة 2200 غم برش فستق 1*4,3/12/2026,632,26000837,1171028,حلاوة بلك فستق ميار,1311.4,1.116,1463.522,WIP
26000795,Closed (مغلق),1021020,ميار حلاوة 2200 غم برش فستق 1*4,3/12/2026,632,26000837,1181375,علب ميار حلاوة 2300 غم رشة فستق,632,0.306,193.392,PKGWH
26000796,Closed (مغلق),1021031,ميار حلاوة 1200 غم برش فستق 1*6,3/12/2026,300,26000805,1171028,حلاوة بلك فستق ميار,333,1.126,374.958,WIP
26000796,Closed (مغلق),1021031,ميار حلاوة 1200 غم برش فستق 1*6,3/12/2026,300,26000805,1181378,علب ميار حلاوة 1300 غم رشة فستق,300,0.28,84,WIP
26000796,Closed (مغلق),1021031,ميار حلاوة 1200 غم برش فستق 1*6,3/12/2026,300,26000805,1181014,كرتون ميار حلاوة 1300 غم رشة فستق,50,0.223,11.15,PKGWH
26000797,Closed (مغلق),1011005,ميار طحينية 250 غم 1*12,3/12/2026,5496,26000840,1181236,مرتبان ميار طحينية 250 غم,5496,0.194,1066.224,PKGWH
26000797,Closed (مغلق),1011005,ميار طحينية 250 غم 1*12,3/12/2026,5496,26000840,1181012,كرتون ميار طحينية 250 غم صواني,456.168,0.078,35.581,PKGWH
26000797,Closed (مغلق),1011005,ميار طحينية 250 غم 1*12,3/12/2026,5496,26000840,1171017,طحينية بلك ميار - موسم  كروما,1209.12,1.496,1808.844,WIP
26000798,Closed (مغلق),1141004,سمسم جاهز كعك 50 كغم,3/12/2026,56,26000783,1141002,سمسم خام,3.248,1266.456,4113.449,RMWH
26000798,Closed (مغلق),1141004,سمسم جاهز كعك 50 كغم,3/12/2026,56,26000783,1171006,ملح,630,0.025,15.75,RMWH
26000799,Closed (مغلق),1021039,شيخ الكار حلاوة 700 غم فستق 1*12,3/11/2026,684,26000787,1181113,"كرتون شيخ الكار حلاوة 700/800 غم (فستق،سادة،شوكولاتة،ملوكي) دمعة",57,0.197,11.229,WIP
26000799,Closed (مغلق),1021039,شيخ الكار حلاوة 700 غم فستق 1*12,3/11/2026,684,26000787,1171031,حلاوة بلك فستق شيخ الكار,437.76,1.117,488.978,WIP
26000799,Closed (مغلق),1021039,شيخ الكار حلاوة 700 غم فستق 1*12,3/11/2026,684,26000787,1181423,علب شيخ الكار حلاوة 700 غم فستق,684,0.15,102.6,WIP
26000800,Closed (مغلق),1021041,شيخ الكار حلاوة 700 غم سادة 1*12,3/11/2026,1368,26000786,1181113,"كرتون شيخ الكار حلاوة 700/800 غم (فستق،سادة،شوكولاتة،ملوكي) دمعة",114,0.197,22.458,PKGWH
26000800,Closed (مغلق),1021041,شيخ الكار حلاوة 700 غم سادة 1*12,3/11/2026,1368,26000786,1171022,حلاوة بلك سادة شيخ الكار,875.52,0.965,844.877,WIP
26000800,Closed (مغلق),1021041,شيخ الكار حلاوة 700 غم سادة 1*12,3/11/2026,1368,26000786,1181425,علب شيخ الكار حلاوة 700 غم سادة,1368,0.15,205.2,WIP
26000801,Closed (مغلق),1171031,حلاوة بلك فستق شيخ الكار,3/11/2026,1478,26000788,1171022,حلاوة بلك سادة شيخ الكار,1466,0.965,1414.69,WIP
26000801,Closed (مغلق),1171031,حلاوة بلك فستق شيخ الكار,3/11/2026,1478,26000788,1171011,فستق حلبي,12,19.096,229.152,WIP
26000802,Closed (مغلق),1171017,طحينية بلك ميار - موسم  كروما,3/10/2026,20000,26000790,1171025,سمسم خام برازيلي اناهي,23200,1.282,29742.4,RMWH
26000802,Closed (مغلق),1171017,طحينية بلك ميار - موسم  كروما,3/10/2026,20000,26000790,1171006,ملح,7000,0.025,175,RMWH
26000803,Closed (مغلق),1171020,حلاوة بلك سادة ميار - موسم,3/15/2026,441,26000793,1171010,جلوكوز,75,0.36,27,WIP
26000803,Closed (مغلق),1171020,حلاوة بلك سادة ميار - موسم,3/15/2026,441,26000793,1171014,عرق حلاوة,2,1.503,3.006,WIP
26000803,Closed (مغلق),1171020,حلاوة بلك سادة ميار - موسم,3/15/2026,441,26000793,1081001,سكر 50 كعم 20*50,0.15,372.73,55.91,WIP
26000803,Closed (مغلق),1171020,حلاوة بلك سادة ميار - موسم,3/15/2026,441,26000793,1171008,مثبت,8,1.473,11.784,WIP
26000803,Closed (مغلق),1171020,حلاوة بلك سادة ميار - موسم,3/15/2026,441,26000793,1171005,فانيلا,0.15,14.666,2.2,RMWH
26000803,Closed (مغلق),1171020,حلاوة بلك سادة ميار - موسم,3/15/2026,441,26000793,1171017,طحينية بلك ميار - موسم  كروما,210,1.496,314.16,WIP
26000803,Closed (مغلق),1171020,حلاوة بلك سادة ميار - موسم,3/15/2026,441,26000793,1171001,ملح ليمون,0.25,0.736,0.184,WIP
26000804,Closed (مغلق),1171031,حلاوة بلك فستق شيخ الكار,3/15/2026,334,26000794,1171022,حلاوة بلك سادة شيخ الكار,331,0.965,319.415,WIP
26000804,Closed (مغلق),1171031,حلاوة بلك فستق شيخ الكار,3/15/2026,334,26000794,1171011,فستق حلبي,3,19.096,57.288,WIP
26000805,Closed (مغلق),1171022,حلاوة بلك سادة شيخ الكار,3/15/2026,2167,26000795,1171010,جلوكوز,375,0.36,135,RMWH
26000805,Closed (مغلق),1171022,حلاوة بلك سادة شيخ الكار,3/15/2026,2167,26000795,1171014,عرق حلاوة,10,1.503,15.03,RMWH
26000805,Closed (مغلق),1171022,حلاوة بلك سادة شيخ الكار,3/15/2026,2167,26000795,1081001,سكر 50 كعم 20*50,0.75,372.73,279.548,RMWH
26000805,Closed (مغلق),1171022,حلاوة بلك سادة شيخ الكار,3/15/2026,2167,26000795,1171008,مثبت,40,1.473,58.92,WIP
26000805,Closed (مغلق),1171022,حلاوة بلك سادة شيخ الكار,3/15/2026,2167,26000795,1171005,فانيلا,0.75,14.666,11,RMWH
26000805,Closed (مغلق),1171022,حلاوة بلك سادة شيخ الكار,3/15/2026,2167,26000795,1171015,طحينية بلك شيخ الكار حجر,1103,1.475,1626.925,WIP
26000805,Closed (مغلق),1171022,حلاوة بلك سادة شيخ الكار,3/15/2026,2167,26000795,1171001,ملح ليمون,1.25,0.736,0.92,WIP
26000806,Closed (مغلق),1171031,حلاوة بلك فستق شيخ الكار,3/15/2026,2177,26000796,1171022,حلاوة بلك سادة شيخ الكار,2152,0.973,2093.896,WIP
26000806,Closed (مغلق),1171031,حلاوة بلك فستق شيخ الكار,3/15/2026,2177,26000796,1171011,فستق حلبي,25,19.096,477.4,WIP
26000807,Closed (مغلق),1171015,طحينية بلك شيخ الكار حجر,3/16/2026,20000,26000799,1141002,سمسم خام,23.2,1266.456,29381.779,RMWH
26000807,Closed (مغلق),1171015,طحينية بلك شيخ الكار حجر,3/16/2026,20000,26000799,1171006,ملح,4500,0.025,112.5,RMWH
26000808,Closed (مغلق),1171028,حلاوة بلك فستق ميار,3/15/2026,334,26000804,1171020,حلاوة بلك سادة ميار - موسم,331,0.963,318.753,WIP
26000808,Closed (مغلق),1171028,حلاوة بلك فستق ميار,3/15/2026,334,26000804,1171011,فستق حلبي,3,19.096,57.288,WIP
26000809,Closed (مغلق),1021115,جولدن سوان حلاوة 800 غم فستق 1*12,2/5/2026,36,26000806,1171031,حلاوة بلك فستق شيخ الكار,28.8,1.174,33.811,WIP
26000809,Closed (مغلق),1021115,جولدن سوان حلاوة 800 غم فستق 1*12,2/5/2026,36,26000806,1181005,كرتون متعدد حلاوة بيضوي كبير,3,0.185,0.555,PKGWH
26000809,Closed (مغلق),1021115,جولدن سوان حلاوة 800 غم فستق 1*12,2/5/2026,36,26000806,1181292,علب جولدن سوان حلاوة 800 غم فستق بيضوي,36,0.159,5.724,PKGWH
26000810,Closed (مغلق),1171022,حلاوة بلك سادة شيخ الكار,3/16/2026,1385,26000807,1171010,جلوكوز,225,0.36,81,RMWH
26000810,Closed (مغلق),1171022,حلاوة بلك سادة شيخ الكار,3/16/2026,1385,26000807,1171014,عرق حلاوة,6,1.503,9.018,RMWH
26000810,Closed (مغلق),1171022,حلاوة بلك سادة شيخ الكار,3/16/2026,1385,26000807,1081001,سكر 50 كعم 20*50,0.45,372.73,167.729,RMWH
26000810,Closed (مغلق),1171022,حلاوة بلك سادة شيخ الكار,3/16/2026,1385,26000807,1171008,مثبت,24,1.473,35.352,WIP
26000810,Closed (مغلق),1171022,حلاوة بلك سادة شيخ الكار,3/16/2026,1385,26000807,1171005,فانيلا,0.45,14.666,6.6,RMWH
26000810,Closed (مغلق),1171022,حلاوة بلك سادة شيخ الكار,3/16/2026,1385,26000807,1171015,طحينية بلك شيخ الكار حجر,682,1.475,1005.95,WIP
26000810,Closed (مغلق),1171022,حلاوة بلك سادة شيخ الكار,3/16/2026,1385,26000807,1171001,ملح ليمون,0.75,0.736,0.552,WIP
26000811,Closed (مغلق),1171031,حلاوة بلك فستق شيخ الكار,3/16/2026,1068.5,26000808,1171022,حلاوة بلك سادة شيخ الكار,1054,0.961,1012.894,WIP
26000811,Closed (مغلق),1171031,حلاوة بلك فستق شيخ الكار,3/16/2026,1068.5,26000808,1171011,فستق حلبي,14.5,19.096,276.892,WIP
26000812,Closed (مغلق),1171020,حلاوة بلك سادة ميار - موسم,3/16/2026,1786.5,26000809,1171010,جلوكوز,300,0.36,108,RMWH
26000812,Closed (مغلق),1171020,حلاوة بلك سادة ميار - موسم,3/16/2026,1786.5,26000809,1171014,عرق حلاوة,8,1.503,12.024,RMWH
26000812,Closed (مغلق),1171020,حلاوة بلك سادة ميار - موسم,3/16/2026,1786.5,26000809,1081001,سكر 50 كعم 20*50,0.6,372.73,223.638,RMWH
26000812,Closed (مغلق),1171020,حلاوة بلك سادة ميار - موسم,3/16/2026,1786.5,26000809,1171008,مثبت,32,1.473,47.136,WIP
26000812,Closed (مغلق),1171020,حلاوة بلك سادة ميار - موسم,3/16/2026,1786.5,26000809,1171005,فانيلا,0.6,14.666,8.8,RMWH
26000812,Closed (مغلق),1171020,حلاوة بلك سادة ميار - موسم,3/16/2026,1786.5,26000809,1171017,طحينية بلك ميار - موسم  كروما,880,1.496,1316.48,WIP
26000812,Closed (مغلق),1171020,حلاوة بلك سادة ميار - موسم,3/16/2026,1786.5,26000809,1171001,ملح ليمون,1,0.736,0.736,WIP
26000813,Closed (مغلق),1171028,حلاوة بلك فستق ميار,3/16/2026,1166,26000810,1171020,حلاوة بلك سادة ميار - موسم,1156,0.962,1112.072,WIP
26000813,Closed (مغلق),1171028,حلاوة بلك فستق ميار,3/16/2026,1166,26000810,1171011,فستق حلبي,10,19.096,190.96,WIP
26000814,Closed (مغلق),1171013,حلاوة بلك رشة فستق ميار,3/16/2026,636,26000811,1171020,حلاوة بلك سادة ميار - موسم,630.5,0.962,606.541,WIP
26000814,Closed (مغلق),1171013,حلاوة بلك رشة فستق ميار,3/16/2026,636,26000811,1171011,فستق حلبي,5.5,19.096,105.028,WIP
26000815,Closed (مغلق),1021031,ميار حلاوة 1200 غم برش فستق 1*6,3/16/2026,300,26000814,1171028,حلاوة بلك فستق ميار,333,1.117,371.961,WIP
26000815,Closed (مغلق),1021031,ميار حلاوة 1200 غم برش فستق 1*6,3/16/2026,300,26000814,1181378,علب ميار حلاوة 1300 غم رشة فستق,300,0.28,84,PKGWH
26000815,Closed (مغلق),1021031,ميار حلاوة 1200 غم برش فستق 1*6,3/16/2026,300,26000814,1181014,كرتون ميار حلاوة 1300 غم رشة فستق,50,0.223,11.15,PKGWH
26000816,Closed (مغلق),1021039,شيخ الكار حلاوة 700 غم فستق 1*12,3/16/2026,1435,26000812,1181113,"كرتون شيخ الكار حلاوة 700/800 غم (فستق،سادة،شوكولاتة،ملوكي) دمعة",120,0.197,23.64,PKGWH
26000816,Closed (مغلق),1021039,شيخ الكار حلاوة 700 غم فستق 1*12,3/16/2026,1435,26000812,1171031,حلاوة بلك فستق شيخ الكار,918.4,1.2,1102.08,WIP
26000816,Closed (مغلق),1021039,شيخ الكار حلاوة 700 غم فستق 1*12,3/16/2026,1435,26000812,1181423,علب شيخ الكار حلاوة 700 غم فستق,1435,0.15,215.25,WIP
26000817,Closed (مغلق),1021054,شيخ الكار حلاوة 3 كغم فستق 1*6,3/16/2026,2,26000813,1171031,حلاوة بلك فستق شيخ الكار,6,1.2,7.2,WIP
26000817,Closed (مغلق),1021054,شيخ الكار حلاوة 3 كغم فستق 1*6,3/16/2026,2,26000813,1181329,جاط شيخ الكار حلاوة 3 كغم فستق,2,0.55,1.1,PKGWH
26000818,Closed (مغلق),1021063,شيخ الكار حلاوة 2300 غم فستق 1*4,3/16/2026,3,26000818,1181065,كرتون شيخ الكار حلاوة 2300 غم فستق,1,0.166,0.166,WIP
26000818,Closed (مغلق),1021063,شيخ الكار حلاوة 2300 غم فستق 1*4,3/16/2026,3,26000818,1171031,حلاوة بلك فستق شيخ الكار,6.525,1.2,7.83,WIP
26000818,Closed (مغلق),1021063,شيخ الكار حلاوة 2300 غم فستق 1*4,3/16/2026,3,26000818,1181435,علب شيخ الكار حلاوة 2300 غم فستق,3,0.32,0.96,WIP
26000819,Closed (مغلق),1011022,شيخ الكار طحينية 3500 غم 1*4,3/16/2026,1,26000819,1171015,طحينية بلك شيخ الكار حجر,3.5,1.475,5.163,WIP
26000819,Closed (مغلق),1011022,شيخ الكار طحينية 3500 غم 1*4,3/16/2026,1,26000819,1181241,مرتبان متعدد طحينية 3500 غم,1,0.389,0.389,PKGWH
26000820,Closed (مغلق),1171031,حلاوة بلك فستق شيخ الكار,3/16/2026,39.045,26000820,1171022,حلاوة بلك سادة شيخ الكار,38.545,0.961,37.042,WIP
26000820,Closed (مغلق),1171031,حلاوة بلك فستق شيخ الكار,3/16/2026,39.045,26000820,1171011,فستق حلبي,0.5,19.096,9.548,WIP
26000821,Closed (مغلق),1021034,شيخ الكار حلاوة 600 غم سادة 1*12,3/16/2026,24,26000823,1171022,حلاوة بلك سادة شيخ الكار,14.4,0.961,13.838,WIP
26000821,Closed (مغلق),1021034,شيخ الكار حلاوة 600 غم سادة 1*12,3/16/2026,24,26000823,1181157,علب شيخ الكار حلاوة 700 غم سادة قديم,24,0.18,4.32,PKGWH
26000821,Closed (مغلق),1021034,شيخ الكار حلاوة 600 غم سادة 1*12,3/16/2026,24,26000823,1181112,"كرتون شيخ الكار حلاوة 600 غم (فستق،سادة،شوكولاتة،ملوكي) قديم",1.992,0.4,0.797,PKGWH
26000822,Closed (مغلق),1171020,حلاوة بلك سادة ميار - موسم,3/17/2026,861,26000826,1171010,جلوكوز,150,0.36,54,RMWH
26000822,Closed (مغلق),1171020,حلاوة بلك سادة ميار - موسم,3/17/2026,861,26000826,1171014,عرق حلاوة,4,1.503,6.012,RMWH
26000822,Closed (مغلق),1171020,حلاوة بلك سادة ميار - موسم,3/17/2026,861,26000826,1081001,سكر 50 كعم 20*50,0.3,372.73,111.819,RMWH
26000822,Closed (مغلق),1171020,حلاوة بلك سادة ميار - موسم,3/17/2026,861,26000826,1171008,مثبت,16,1.473,23.568,WIP
26000822,Closed (مغلق),1171020,حلاوة بلك سادة ميار - موسم,3/17/2026,861,26000826,1171005,فانيلا,0.3,14.666,4.4,RMWH
26000822,Closed (مغلق),1171020,حلاوة بلك سادة ميار - موسم,3/17/2026,861,26000826,1171017,طحينية بلك ميار - موسم  كروما,439,1.496,656.744,WIP
26000822,Closed (مغلق),1171020,حلاوة بلك سادة ميار - موسم,3/17/2026,861,26000826,1171001,ملح ليمون,0.5,0.736,0.368,WIP
26000823,Closed (مغلق),1171022,حلاوة بلك سادة شيخ الكار,3/17/2026,1800,26000825,1171010,جلوكوز,300,0.36,108,RMWH
26000823,Closed (مغلق),1171022,حلاوة بلك سادة شيخ الكار,3/17/2026,1800,26000825,1171014,عرق حلاوة,8,1.503,12.024,RMWH
26000823,Closed (مغلق),1171022,حلاوة بلك سادة شيخ الكار,3/17/2026,1800,26000825,1081001,سكر 50 كعم 20*50,0.6,372.73,223.638,RMWH
26000823,Closed (مغلق),1171022,حلاوة بلك سادة شيخ الكار,3/17/2026,1800,26000825,1171008,مثبت,32,1.473,47.136,WIP
26000823,Closed (مغلق),1171022,حلاوة بلك سادة شيخ الكار,3/17/2026,1800,26000825,1171005,فانيلا,0.6,14.666,8.8,RMWH
26000823,Closed (مغلق),1171022,حلاوة بلك سادة شيخ الكار,3/17/2026,1800,26000825,1171015,طحينية بلك شيخ الكار حجر,890,1.475,1312.75,WIP
26000823,Closed (مغلق),1171022,حلاوة بلك سادة شيخ الكار,3/17/2026,1800,26000825,1171001,ملح ليمون,1,0.736,0.736,WIP
26000824,Closed (مغلق),1021003,شيخ الكار حلاوة 5 كغم سادة (الولاء) 1*1,3/17/2026,10,26000827,1021003,شيخ الكار حلاوة 5 كغم سادة (الولاء) 1*1,10,5.612,56.12,FGWH
26000825,Closed (مغلق),1171031,حلاوة بلك فستق شيخ الكار,3/17/2026,1331,26000828,1171022,حلاوة بلك سادة شيخ الكار,1320,0.957,1263.24,WIP
26000825,Closed (مغلق),1171031,حلاوة بلك فستق شيخ الكار,3/17/2026,1331,26000828,1171011,فستق حلبي,11,19.096,210.056,RMWH
26000826,Closed (مغلق),1171028,حلاوة بلك فستق ميار,3/17/2026,918,26000829,1171020,حلاوة بلك سادة ميار - موسم,911,0.976,889.136,WIP
26000826,Closed (مغلق),1171028,حلاوة بلك فستق ميار,3/17/2026,918,26000829,1171011,فستق حلبي,7,19.096,133.672,WIP
26000827,Closed (مغلق),1021024,الموسم حلاوة 6 كغم فستق 1*4,3/17/2026,36,26000833,1171031,حلاوة بلك فستق شيخ الكار,216,1.107,239.112,WIP
26000827,Closed (مغلق),1021024,الموسم حلاوة 6 كغم فستق 1*4,3/17/2026,36,26000833,1181344,جاط مربع حلاوة 5 كغم شفاف متعدد,36,0.606,21.816,PKGWH
26000827,Closed (مغلق),1021024,الموسم حلاوة 6 كغم فستق 1*4,3/17/2026,36,26000833,1181030,كرتون متعدد حلاوة 5 كغم مربع قديم,9,0.48,4.32,PKGWH
26000828,Closed (مغلق),1021055,شيخ الكار حلاوة 6 كغم سادة 1*4,3/17/2026,40,26000834,1181111,"كرتون شيخ الكار حلاوة 6 كغم (فستق،سادة،شوكولاتة)",10,0.555,5.55,WIP
26000828,Closed (مغلق),1021055,شيخ الكار حلاوة 6 كغم سادة 1*4,3/17/2026,40,26000834,1171022,حلاوة بلك سادة شيخ الكار,240,0.957,229.68,WIP
26000828,Closed (مغلق),1021055,شيخ الكار حلاوة 6 كغم سادة 1*4,3/17/2026,40,26000834,1181311,"جاط متعدد حلاوة 6 كغم (فستق،سادة،شوكولاتة) شفاف",40,0.487,19.48,WIP
26000829,Closed (مغلق),1021060,شيخ الكار حلاوة 1300 غم فستق 1*6,3/17/2026,366,26000835,1181067,كرتون شيخ الكار حلاوة 1300 غم فستق,61,0.201,12.261,WIP
26000829,Closed (مغلق),1021060,شيخ الكار حلاوة 1300 غم فستق 1*6,3/17/2026,366,26000835,1171031,حلاوة بلك فستق شيخ الكار,442.86,1.107,490.246,WIP
26000829,Closed (مغلق),1021060,شيخ الكار حلاوة 1300 غم فستق 1*6,3/17/2026,366,26000835,1181280,علب شيخ الكار حلاوة 1300 غم فستق,366,0.28,102.48,PKGWH
26000830,Closed (مغلق),1021031,ميار حلاوة 1200 غم برش فستق 1*6,3/17/2026,396,26000836,1171028,حلاوة بلك فستق ميار,439.56,1.116,490.549,WIP
26000830,Closed (مغلق),1021031,ميار حلاوة 1200 غم برش فستق 1*6,3/17/2026,396,26000836,1181378,علب ميار حلاوة 1300 غم رشة فستق,396,0.28,110.88,PKGWH
26000830,Closed (مغلق),1021031,ميار حلاوة 1200 غم برش فستق 1*6,3/17/2026,396,26000836,1181014,كرتون ميار حلاوة 1300 غم رشة فستق,66,0.223,14.718,PKGWH
26000831,Closed (مغلق),1021166,الموسم حلاوة 5 كغم سادة 1*4,3/17/2026,48,26000838,1171022,حلاوة بلك سادة شيخ الكار,240,0.957,229.68,WIP
26000831,Closed (مغلق),1021166,الموسم حلاوة 5 كغم سادة 1*4,3/17/2026,48,26000838,1181344,جاط مربع حلاوة 5 كغم شفاف متعدد,48,0.606,29.088,PKGWH
26000831,Closed (مغلق),1021166,الموسم حلاوة 5 كغم سادة 1*4,3/17/2026,48,26000838,1181030,كرتون متعدد حلاوة 5 كغم مربع قديم,12,0.48,5.76,PKGWH
26000832,Closed (مغلق),1021141,الموسم حلاوة 5 كغم فستق 1*4,3/17/2026,48,26000839,1171031,حلاوة بلك فستق شيخ الكار,240,1.107,265.68,WIP
26000832,Closed (مغلق),1021141,الموسم حلاوة 5 كغم فستق 1*4,3/17/2026,48,26000839,1181344,جاط مربع حلاوة 5 كغم شفاف متعدد,48,0.606,29.088,PKGWH
26000832,Closed (مغلق),1021141,الموسم حلاوة 5 كغم فستق 1*4,3/17/2026,48,26000839,1181030,كرتون متعدد حلاوة 5 كغم مربع قديم,12,0.48,5.76,PKGWH
26000833,Closed (مغلق),1011008,ميار طحينية 550 غم 1*12,3/17/2026,1200,26000841,1181237,مرتبان ميار طحينية 550 غم,1200,0.13,156,PKGWH
26000833,Closed (مغلق),1011008,ميار طحينية 550 غم 1*12,3/17/2026,1200,26000841,1181009,كرتون ميار طحينية 550 غم صواني,99.6,0.184,18.326,PKGWH
26000833,Closed (مغلق),1011008,ميار طحينية 550 غم 1*12,3/17/2026,1200,26000841,1171017,طحينية بلك ميار - موسم  كروما,600,1.496,897.6,WIP
26000834,Closed (مغلق),1011017,الموسم طحينية 10 كغ تنك 1*1,3/17/2026,240,26000845,1171015,طحينية بلك شيخ الكار حجر,2232,1.475,3292.2,WIP
26000834,Closed (مغلق),1011017,الموسم طحينية 10 كغ تنك 1*1,3/17/2026,240,26000845,1181317,تنك الموسم طحينية 10 كغم -فارغ,240,1.1,264,PKGWH
26000835,Closed (مغلق),1141004,سمسم جاهز كعك 50 كغم,3/17/2026,100,26000842,1141002,سمسم خام,5.8,1266.456,7345.445,RMWH
26000835,Closed (مغلق),1141004,سمسم جاهز كعك 50 كغم,3/17/2026,100,26000842,1171006,ملح,1125,0.025,28.125,RMWH
26000836,Closed (مغلق),1141004,سمسم جاهز كعك 50 كغم,3/17/2026,65,26000844,1141002,سمسم خام,3.77,1266.456,4774.539,RMWH
26000836,Closed (مغلق),1141004,سمسم جاهز كعك 50 كغم,3/17/2026,65,26000844,1171006,ملح,731.25,0.025,18.281,RMWH
26000837,Closed (مغلق),1141004,سمسم جاهز كعك 50 كغم,3/17/2026,20,26000843,1171021,سمسم نيجيري,1000,1.282,1282,RMWH
26000838,Closed (مغلق),1011005,ميار طحينية 250 غم 1*12,3/24/2026,2400,26001027,1181236,مرتبان ميار طحينية 250 غم,2400,0.148,355.2,PKGWH
26000838,Closed (مغلق),1011005,ميار طحينية 250 غم 1*12,3/24/2026,2400,26001027,1181012,كرتون ميار طحينية 250 غم صواني,199.2,0.078,15.538,PKGWH
26000838,Closed (مغلق),1011005,ميار طحينية 250 غم 1*12,3/24/2026,2400,26001027,1171017,طحينية بلك ميار - موسم  كروما,528,1.496,789.888,WIP
26000839,Closed (مغلق),1011045,عرفة طحينية 900 غم 1*12,3/24/2026,1188,26001026,1181227,مطرة عرفة طحينية 900 غم,1188,0.104,123.552,PKGWH
26000839,Closed (مغلق),1011045,عرفة طحينية 900 غم 1*12,3/24/2026,1188,26001026,1181142,كرتون شيخ الكار طحينية 900 غم مطرة,99,0.109,10.791,PKGWH
26000839,Closed (مغلق),1011045,عرفة طحينية 900 غم 1*12,3/24/2026,1188,26001026,1171017,طحينية بلك ميار - موسم  كروما,1009.8,1.496,1510.661,WIP
26000840,Closed (مغلق),1021013,شيخ الكار حلاوة 400 غم سادة 1*12,3/24/2026,1200,26001025,1171022,حلاوة بلك سادة شيخ الكار,480,0.991,475.68,WIP
26000840,Closed (مغلق),1021013,شيخ الكار حلاوة 400 غم سادة 1*12,3/24/2026,1200,26001025,1181419,علب شيخ الكار حلاوة 400 غم سادة,1200,0.149,178.8,WIP
26000840,Closed (مغلق),1021013,شيخ الكار حلاوة 400 غم سادة 1*12,3/24/2026,1200,26001025,1181006,"كرتون متعدد شيخ الكار حلاوة 400 غم (فستق،سادة،شوكولاتة) دمعة",100,0.093,9.3,PKGWH
26000841,Closed (مغلق),1021037,شيخ الكار حلاوة 400 غم فستق 1*12,3/24/2026,1212,26000859,1181006,"كرتون متعدد شيخ الكار حلاوة 400 غم (فستق،سادة،شوكولاتة) دمعة",101,0.093,9.393,WIP
26000841,Closed (مغلق),1021037,شيخ الكار حلاوة 400 غم فستق 1*12,3/24/2026,1212,26000859,1171031,حلاوة بلك فستق شيخ الكار,484.8,1.154,559.459,WIP
26000841,Closed (مغلق),1021037,شيخ الكار حلاوة 400 غم فستق 1*12,3/24/2026,1212,26000859,1181359,علبة حلاوة شيخ الكار 400 غ فستق دمعة,1212,0.088,106.656,WIP
26000842,Closed (مغلق),1021014,شيخ الكار حلاوة 400 غم ملوكية بالمكسرات 1*12,3/24/2026,600,26001024,1171030,حلاوة بلك ملوكي شيخ الكار,240,1.248,299.52,WIP
26000842,Closed (مغلق),1021014,شيخ الكار حلاوة 400 غم ملوكية بالمكسرات 1*12,3/24/2026,600,26001024,1181416,علب شيخ الكار حلاوة 400 غم ملوكي,600,0.088,52.8,WIP
26000842,Closed (مغلق),1021014,شيخ الكار حلاوة 400 غم ملوكية بالمكسرات 1*12,3/24/2026,600,26001024,1181006,"كرتون متعدد شيخ الكار حلاوة 400 غم (فستق،سادة،شوكولاتة) دمعة",50,0.093,4.65,PKGWH
26000843,Closed (مغلق),1021036,شيخ الكار حلاوة 400 غم شوكولاته 1*12,3/24/2026,360,26001023,1181006,"كرتون متعدد شيخ الكار حلاوة 400 غم (فستق،سادة،شوكولاتة) دمعة",30,0.093,2.79,WIP
26000843,Closed (مغلق),1021036,شيخ الكار حلاوة 400 غم شوكولاته 1*12,3/24/2026,360,26001023,1171026,حلاوة بلك شوكولاته شيخ الكار,144,1.153,166.032,WIP
26000843,Closed (مغلق),1021036,شيخ الكار حلاوة 400 غم شوكولاته 1*12,3/24/2026,360,26001023,1181421,علب شيخ الكار حلاوة 400 غم شوكولاتة,360,0.088,31.68,WIP
26000844,Closed (مغلق),1021064,شيخ الكار حلاوة 3 كغم سادة 1*6,3/24/2026,30,26001018,1181156,"كرتون متعدد 3 كغم (فستق،سادة،شوكولاتة)",5,0.5,2.5,WIP
26000844,Closed (مغلق),1021064,شيخ الكار حلاوة 3 كغم سادة 1*6,3/24/2026,30,26001018,1171022,حلاوة بلك سادة شيخ الكار,90,0.991,89.19,WIP
26000844,Closed (مغلق),1021064,شيخ الكار حلاوة 3 كغم سادة 1*6,3/24/2026,30,26001018,1181309,جاط شيخ الكار حلاوة 3 كغم سادة,30,0.534,16.02,WIP
26000845,Closed (مغلق),1021054,شيخ الكار حلاوة 3 كغم فستق 1*6,3/24/2026,30,26001022,1181156,"كرتون متعدد 3 كغم (فستق،سادة،شوكولاتة)",5,0.5,2.5,PKGWH
26000845,Closed (مغلق),1021054,شيخ الكار حلاوة 3 كغم فستق 1*6,3/24/2026,30,26001022,1171031,حلاوة بلك فستق شيخ الكار,90,1.202,108.18,WIP
26000845,Closed (مغلق),1021054,شيخ الكار حلاوة 3 كغم فستق 1*6,3/24/2026,30,26001022,1181329,جاط شيخ الكار حلاوة 3 كغم فستق,30,0.55,16.5,WIP
26000846,Closed (مغلق),1021053,شيخ الكار حلاوة 3 كغم شوكولاته 1*6,3/24/2026,30,26001021,1181156,"كرتون متعدد 3 كغم (فستق،سادة،شوكولاتة)",5,0.5,2.5,PKGWH
26000846,Closed (مغلق),1021053,شيخ الكار حلاوة 3 كغم شوكولاته 1*6,3/24/2026,30,26001021,1171026,حلاوة بلك شوكولاته شيخ الكار,90,1.153,103.77,WIP
26000846,Closed (مغلق),1021053,شيخ الكار حلاوة 3 كغم شوكولاته 1*6,3/24/2026,30,26001021,1181310,جاط شيخ الكار حلاوة 3 كغم شوكولاتة,30,0.338,10.14,WIP
26000847,Closed (مغلق),1011007,ميار طحينية 900 غم مطرة 1*12,3/24/2026,1344,26000846,1181221,مطرة ميار طحينية 900 غم,1344,0.105,141.12,PKGWH
26000847,Closed (مغلق),1011007,ميار طحينية 900 غم مطرة 1*12,3/24/2026,1344,26000846,1181013,كرتون متعدد طحينية 900 غم مطرة,112,0.207,23.184,PKGWH
26000847,Closed (مغلق),1011007,ميار طحينية 900 غم مطرة 1*12,3/24/2026,1344,26000846,1171017,طحينية بلك ميار - موسم  كروما,1142.4,1.496,1709.03,WIP
26000848,Closed (مغلق),1011045,عرفة طحينية 900 غم 1*12,3/24/2026,1200,26000851,1181227,مطرة عرفة طحينية 900 غم,1200,0.104,124.8,PKGWH
26000848,Closed (مغلق),1011045,عرفة طحينية 900 غم 1*12,3/24/2026,1200,26000851,1181013,كرتون متعدد طحينية 900 غم مطرة,100,0.207,20.7,WIP
26000848,Closed (مغلق),1011045,عرفة طحينية 900 غم 1*12,3/24/2026,1200,26000851,1171017,طحينية بلك ميار - موسم  كروما,1020,1.496,1525.92,WIP
26000849,Closed (مغلق),1011021,شيخ الكار طحينية 5 كغم 1*4,3/24/2026,1,26000847,1181185,مرتبان شيخ الكار طحينية 5 كغم,1,0.565,0.565,PKGWH
26000849,Closed (مغلق),1011021,شيخ الكار طحينية 5 كغم 1*4,3/24/2026,1,26000847,1171015,طحينية بلك شيخ الكار حجر,5,1.475,7.375,WIP
26000850,Closed (مغلق),1171022,حلاوة بلك سادة شيخ الكار,3/25/2026,3946,26000848,1171010,جلوكوز,675,0.36,243,RMWH
26000850,Closed (مغلق),1171022,حلاوة بلك سادة شيخ الكار,3/25/2026,3946,26000848,1171014,عرق حلاوة,18,1.503,27.054,RMWH
26000850,Closed (مغلق),1171022,حلاوة بلك سادة شيخ الكار,3/25/2026,3946,26000848,1081001,سكر 50 كعم 20*50,1.35,372.65,503.078,RMWH
26000850,Closed (مغلق),1171022,حلاوة بلك سادة شيخ الكار,3/25/2026,3946,26000848,1171008,مثبت,72,1.473,106.056,WIP
26000850,Closed (مغلق),1171022,حلاوة بلك سادة شيخ الكار,3/25/2026,3946,26000848,1171005,فانيلا,1.35,14.666,19.799,RMWH
26000850,Closed (مغلق),1171022,حلاوة بلك سادة شيخ الكار,3/25/2026,3946,26000848,1171015,طحينية بلك شيخ الكار حجر,1976,1.475,2914.6,WIP
26000850,Closed (مغلق),1171022,حلاوة بلك سادة شيخ الكار,3/25/2026,3946,26000848,1171001,ملح ليمون,2.25,0.736,1.656,WIP
26000851,Closed (مغلق),1171031,حلاوة بلك فستق شيخ الكار,3/25/2026,2128,26000850,1171022,حلاوة بلك سادة شيخ الكار,2102,0.963,2024.226,WIP
26000851,Closed (مغلق),1171031,حلاوة بلك فستق شيخ الكار,3/25/2026,2128,26000850,1171011,فستق حلبي,26,19.096,496.496,RMWH
26000852,Closed (مغلق),1171026,حلاوة بلك شوكولاته شيخ الكار,3/25/2026,976,26000849,1171022,حلاوة بلك سادة شيخ الكار,908,0.963,874.404,WIP
26000852,Closed (مغلق),1171026,حلاوة بلك شوكولاته شيخ الكار,3/25/2026,976,26000849,1171003,كاكاو,28,6,168,RMWH
26000852,Closed (مغلق),1171026,حلاوة بلك شوكولاته شيخ الكار,3/25/2026,976,26000849,1171015,طحينية بلك شيخ الكار حجر,40,1.475,59,WIP
26000853,Closed (مغلق),1021039,شيخ الكار حلاوة 700 غم فستق 1*12,3/25/2026,802,26000854,1181113,"كرتون شيخ الكار حلاوة 700/800 غم (فستق،سادة،شوكولاتة،ملوكي) دمعة",67,0.197,13.199,PKGWH
26000853,Closed (مغلق),1021039,شيخ الكار حلاوة 700 غم فستق 1*12,3/25/2026,802,26000854,1171031,حلاوة بلك فستق شيخ الكار,513.28,1.185,608.237,WIP
26000853,Closed (مغلق),1021039,شيخ الكار حلاوة 700 غم فستق 1*12,3/25/2026,802,26000854,1181423,علب شيخ الكار حلاوة 700 غم فستق,802,0.15,120.3,WIP
26000854,Closed (مغلق),1011027,شيخ الكار طحينية 18 كغم تنك 1*1,3/25/2026,200,26000852,1181301,تنك شيخ الكار طحينية 18 كغم -فارغ,200,1.271,254.2,WIP
26000854,Closed (مغلق),1011027,شيخ الكار طحينية 18 كغم تنك 1*1,3/25/2026,200,26000852,1171015,طحينية بلك شيخ الكار حجر,3600,1.475,5310,WIP
26000855,Closed (مغلق),1021060,شيخ الكار حلاوة 1300 غم فستق 1*6,3/25/2026,930,26000853,1181067,كرتون شيخ الكار حلاوة 1300 غم فستق,155,0.201,31.155,PKGWH
26000855,Closed (مغلق),1021060,شيخ الكار حلاوة 1300 غم فستق 1*6,3/25/2026,930,26000853,1171031,حلاوة بلك فستق شيخ الكار,1125.3,1.185,1333.481,WIP
26000855,Closed (مغلق),1021060,شيخ الكار حلاوة 1300 غم فستق 1*6,3/25/2026,930,26000853,1181280,علب شيخ الكار حلاوة 1300 غم فستق,930,0.28,260.4,PKGWH
26000856,Closed (مغلق),1171031,حلاوة بلك فستق شيخ الكار,3/26/2026,2028,26000855,1171022,حلاوة بلك سادة شيخ الكار,2007.5,0.963,1933.223,WIP
26000856,Closed (مغلق),1171031,حلاوة بلك فستق شيخ الكار,3/26/2026,2028,26000855,1171011,فستق حلبي,20.5,19.096,391.468,RMWH
26000857,Closed (مغلق),1171029,حلاوة بلك رشة شيخ الكار,3/26/2026,398,26000856,1171022,حلاوة بلك سادة شيخ الكار,394.5,0.963,379.904,WIP
26000857,Closed (مغلق),1171029,حلاوة بلك رشة شيخ الكار,3/26/2026,398,26000856,1171011,فستق حلبي,3.5,19.096,66.836,WIP
26000858,Closed (مغلق),1171028,حلاوة بلك فستق ميار,3/26/2026,1374,26000858,1171020,حلاوة بلك سادة ميار - موسم,1363,0.973,1326.199,WIP
26000858,Closed (مغلق),1171028,حلاوة بلك فستق ميار,3/26/2026,1374,26000858,1171011,فستق حلبي,11,19.096,210.056,RMWH
26000859,Closed (مغلق),1171020,حلاوة بلك سادة ميار - موسم,3/26/2026,137.3,26000857,1171010,جلوكوز,22.243,0.36,8.007,WIP
26000859,Closed (مغلق),1171020,حلاوة بلك سادة ميار - موسم,3/26/2026,137.3,26000857,1171014,عرق حلاوة,0.593,1.503,0.891,WIP
26000859,Closed (مغلق),1171020,حلاوة بلك سادة ميار - موسم,3/26/2026,137.3,26000857,1081001,سكر 50 كعم 20*50,0.044,372.65,16.397,WIP
26000859,Closed (مغلق),1171020,حلاوة بلك سادة ميار - موسم,3/26/2026,137.3,26000857,1171008,مثبت,2.373,1.473,3.495,WIP
26000859,Closed (مغلق),1171020,حلاوة بلك سادة ميار - موسم,3/26/2026,137.3,26000857,1171005,فانيلا,0.044,14.666,0.645,WIP
26000859,Closed (مغلق),1171020,حلاوة بلك سادة ميار - موسم,3/26/2026,137.3,26000857,1171017,طحينية بلك ميار - موسم  كروما,67.442,1.496,100.893,WIP
26000859,Closed (مغلق),1171020,حلاوة بلك سادة ميار - موسم,3/26/2026,137.3,26000857,1171001,ملح ليمون,0.076,0.736,0.056,WIP
26000860,Closed (مغلق),1171017,طحينية بلك ميار - موسم  كروما,3/26/2026,17242,26000860,1171025,سمسم خام برازيلي اناهي,20000,1.282,25640,RMWH
26000860,Closed (مغلق),1171017,طحينية بلك ميار - موسم  كروما,3/26/2026,17242,26000860,1171006,ملح,6035,0.025,150.875,RMWH
26000861,Closed (مغلق),1011005,ميار طحينية 250 غم 1*12,3/26/2026,4800,26000861,1181236,مرتبان ميار طحينية 250 غم,4800,0.194,931.2,WIP
26000861,Closed (مغلق),1011005,ميار طحينية 250 غم 1*12,3/26/2026,4800,26000861,1181012,كرتون ميار طحينية 250 غم صواني,400,0.078,31.2,WIP
26000861,Closed (مغلق),1011005,ميار طحينية 250 غم 1*12,3/26/2026,4800,26000861,1171017,طحينية بلك ميار - موسم  كروما,1056,1.496,1579.776,WIP
26000862,Closed (مغلق),1021031,ميار حلاوة 1200 غم برش فستق 1*6,3/26/2026,840,26000862,1171028,حلاوة بلك فستق ميار,932.4,1.118,1042.423,WIP
26000862,Closed (مغلق),1021031,ميار حلاوة 1200 غم برش فستق 1*6,3/26/2026,840,26000862,1181378,علب ميار حلاوة 1300 غم رشة فستق,840,0.28,235.2,PKGWH
26000862,Closed (مغلق),1021031,ميار حلاوة 1200 غم برش فستق 1*6,3/26/2026,840,26000862,1181014,كرتون ميار حلاوة 1300 غم رشة فستق,140,0.223,31.22,PKGWH
26000863,Closed (مغلق),1021063,شيخ الكار حلاوة 2300 غم فستق 1*4,3/26/2026,422,26000863,1181065,كرتون شيخ الكار حلاوة 2300 غم فستق,105,0.166,17.43,PKGWH
26000863,Closed (مغلق),1021063,شيخ الكار حلاوة 2300 غم فستق 1*4,3/26/2026,422,26000863,1171031,حلاوة بلك فستق شيخ الكار,917.85,1.154,1059.199,WIP
26000863,Closed (مغلق),1021063,شيخ الكار حلاوة 2300 غم فستق 1*4,3/26/2026,422,26000863,1181435,علب شيخ الكار حلاوة 2300 غم فستق,422,0.32,135.04,PKGWH
26000864,Closed (مغلق),1021043,شيخ الكار حلاوة 300 غم رشة فستق 1*12,3/26/2026,1500,26000864,1181022,"كرتون متعدد حلاوة 300 غم (فستق،سادة،شوكولاتة) مستطيل",125,0.157,19.625,PKGWH
26000864,Closed (مغلق),1021043,شيخ الكار حلاوة 300 غم رشة فستق 1*12,3/26/2026,1500,26000864,1171029,حلاوة بلك رشة شيخ الكار,397.5,1.123,446.393,WIP
26000864,Closed (مغلق),1021043,شيخ الكار حلاوة 300 غم رشة فستق 1*12,3/26/2026,1500,26000864,1181431,علب شيخ الكار حلاوة 300 غم رشة فستق,1500,0.099,148.5,PKGWH
26000865,Closed (مغلق),1021048,شيخ الكار حلاوة 300 غم سادة 1*12,3/26/2026,900,26000865,1181022,"كرتون متعدد حلاوة 300 غم (فستق،سادة،شوكولاتة) مستطيل",75,0.157,11.775,PKGWH
26000865,Closed (مغلق),1021048,شيخ الكار حلاوة 300 غم سادة 1*12,3/26/2026,900,26000865,1171022,حلاوة بلك سادة شيخ الكار,238.5,0.963,229.676,WIP
26000865,Closed (مغلق),1021048,شيخ الكار حلاوة 300 غم سادة 1*12,3/26/2026,900,26000865,1181440,علب شيخ الكار حلاوة 300 غم سادة,900,0.098,88.2,WIP
26000866,Closed (مغلق),1021060,شيخ الكار حلاوة 1300 غم فستق 1*6,3/26/2026,269,26000866,1181067,كرتون شيخ الكار حلاوة 1300 غم فستق,45,0.201,9.045,PKGWH
26000866,Closed (مغلق),1021060,شيخ الكار حلاوة 1300 غم فستق 1*6,3/26/2026,269,26000866,1171031,حلاوة بلك فستق شيخ الكار,325.49,1.154,375.615,WIP
26000866,Closed (مغلق),1021060,شيخ الكار حلاوة 1300 غم فستق 1*6,3/26/2026,269,26000866,1181280,علب شيخ الكار حلاوة 1300 غم فستق,269,0.28,75.32,PKGWH
26000867,Closed (مغلق),1021055,شيخ الكار حلاوة 6 كغم سادة 1*4,3/26/2026,76,26000867,1181111,"كرتون شيخ الكار حلاوة 6 كغم (فستق،سادة،شوكولاتة)",19,0.555,10.545,WIP
26000867,Closed (مغلق),1021055,شيخ الكار حلاوة 6 كغم سادة 1*4,3/26/2026,76,26000867,1171022,حلاوة بلك سادة شيخ الكار,456,0.963,439.128,WIP
26000867,Closed (مغلق),1021055,شيخ الكار حلاوة 6 كغم سادة 1*4,3/26/2026,76,26000867,1181311,"جاط متعدد حلاوة 6 كغم (فستق،سادة،شوكولاتة) شفاف",76,0.487,37.012,WIP
26000868,Closed (مغلق),1021056,شيخ الكار حلاوة 6 كغم شوكولاته 1*4,3/26/2026,80,26000868,1181111,"كرتون شيخ الكار حلاوة 6 كغم (فستق،سادة،شوكولاتة)",20,0.555,11.1,PKGWH
26000868,Closed (مغلق),1021056,شيخ الكار حلاوة 6 كغم شوكولاته 1*4,3/26/2026,80,26000868,1171026,حلاوة بلك شوكولاته شيخ الكار,480,1.13,542.4,WIP
26000868,Closed (مغلق),1021056,شيخ الكار حلاوة 6 كغم شوكولاته 1*4,3/26/2026,80,26000868,1181311,"جاط متعدد حلاوة 6 كغم (فستق،سادة،شوكولاتة) شفاف",80,0.487,38.96,PKGWH
26000869,Closed (مغلق),1021054,شيخ الكار حلاوة 3 كغم فستق 1*6,3/26/2026,60,26000869,1181156,"كرتون متعدد 3 كغم (فستق،سادة،شوكولاتة)",10,0.5,5,WIP
26000869,Closed (مغلق),1021054,شيخ الكار حلاوة 3 كغم فستق 1*6,3/26/2026,60,26000869,1171031,حلاوة بلك فستق شيخ الكار,180,1.154,207.72,WIP
26000869,Closed (مغلق),1021054,شيخ الكار حلاوة 3 كغم فستق 1*6,3/26/2026,60,26000869,1181329,جاط شيخ الكار حلاوة 3 كغم فستق,60,0.55,33,PKGWH
26000870,Closed (مغلق),1021041,شيخ الكار حلاوة 700 غم سادة 1*12,3/26/2026,756,26000872,1181113,"كرتون شيخ الكار حلاوة 700/800 غم (فستق،سادة،شوكولاتة،ملوكي) دمعة",63,0.197,12.411,WIP
26000870,Closed (مغلق),1021041,شيخ الكار حلاوة 700 غم سادة 1*12,3/26/2026,756,26000872,1171022,حلاوة بلك سادة شيخ الكار,483.84,0.964,466.422,WIP
26000870,Closed (مغلق),1021041,شيخ الكار حلاوة 700 غم سادة 1*12,3/26/2026,756,26000872,1181425,علب شيخ الكار حلاوة 700 غم سادة,756,0.15,113.4,PKGWH
26000871,Closed (مغلق),1171022,حلاوة بلك سادة شيخ الكار,3/26/2026,2640,26000870,1171010,جلوكوز,450,0.36,162,WIP
26000871,Closed (مغلق),1171022,حلاوة بلك سادة شيخ الكار,3/26/2026,2640,26000870,1171014,عرق حلاوة,12,1.503,18.036,WIP
26000871,Closed (مغلق),1171022,حلاوة بلك سادة شيخ الكار,3/26/2026,2640,26000870,1081001,سكر 50 كعم 20*50,0.9,372.65,335.385,WIP
26000871,Closed (مغلق),1171022,حلاوة بلك سادة شيخ الكار,3/26/2026,2640,26000870,1171008,مثبت,46,1.473,67.758,WIP
26000871,Closed (مغلق),1171022,حلاوة بلك سادة شيخ الكار,3/26/2026,2640,26000870,1171005,فانيلا,0.9,14.666,13.199,RMWH
26000871,Closed (مغلق),1171022,حلاوة بلك سادة شيخ الكار,3/26/2026,2640,26000870,1171015,طحينية بلك شيخ الكار حجر,1320,1.475,1947,WIP
26000871,Closed (مغلق),1171022,حلاوة بلك سادة شيخ الكار,3/26/2026,2640,26000870,1171001,ملح ليمون,1.5,0.736,1.104,WIP
26000872,Closed (مغلق),1171020,حلاوة بلك سادة ميار - موسم,3/26/2026,1363,26000871,1171010,جلوكوز,225,0.36,81,WIP
26000872,Closed (مغلق),1171020,حلاوة بلك سادة ميار - موسم,3/26/2026,1363,26000871,1171014,عرق حلاوة,6,1.503,9.018,WIP
26000872,Closed (مغلق),1171020,حلاوة بلك سادة ميار - موسم,3/26/2026,1363,26000871,1081001,سكر 50 كعم 20*50,0.45,372.65,167.693,WIP
26000872,Closed (مغلق),1171020,حلاوة بلك سادة ميار - موسم,3/26/2026,1363,26000871,1171008,مثبت,24,1.473,35.352,WIP
26000872,Closed (مغلق),1171020,حلاوة بلك سادة ميار - موسم,3/26/2026,1363,26000871,1171005,فانيلا,0.45,14.666,6.6,RMWH
26000872,Closed (مغلق),1171020,حلاوة بلك سادة ميار - موسم,3/26/2026,1363,26000871,1171017,طحينية بلك ميار - موسم  كروما,671,1.496,1003.816,WIP
26000872,Closed (مغلق),1171020,حلاوة بلك سادة ميار - موسم,3/26/2026,1363,26000871,1171001,ملح ليمون,0.75,0.736,0.552,WIP
26000873,Closed (مغلق),1021038,شيخ الكار حلاوة 700 غم شوكولاته 1*12,3/26/2026,804,26000873,1181113,"كرتون شيخ الكار حلاوة 700/800 غم (فستق،سادة،شوكولاتة،ملوكي) دمعة",67,0.197,13.199,WIP
26000873,Closed (مغلق),1021038,شيخ الكار حلاوة 700 غم شوكولاته 1*12,3/26/2026,804,26000873,1171026,حلاوة بلك شوكولاته شيخ الكار,514.56,1.13,581.453,WIP
26000873,Closed (مغلق),1021038,شيخ الكار حلاوة 700 غم شوكولاته 1*12,3/26/2026,804,26000873,1181422,علب شيخ الكار حلاوة 700 غم شوكولاتة,804,0.15,120.6,WIP
26000874,Closed (مغلق),1021020,ميار حلاوة 2200 غم برش فستق 1*4,3/26/2026,219,26000874,1171028,حلاوة بلك فستق ميار,454.425,1.118,508.047,WIP
26000874,Closed (مغلق),1021020,ميار حلاوة 2200 غم برش فستق 1*4,3/26/2026,219,26000874,1181375,علب ميار حلاوة 2300 غم رشة فستق,219,0.306,67.014,WIP
26000875,Closed (مغلق),1171022,حلاوة بلك سادة شيخ الكار,3/29/2026,1280,26000876,1171010,جلوكوز,225,0.36,81,WIP
26000875,Closed (مغلق),1171022,حلاوة بلك سادة شيخ الكار,3/29/2026,1280,26000876,1171014,عرق حلاوة,6,1.503,9.018,WIP
26000875,Closed (مغلق),1171022,حلاوة بلك سادة شيخ الكار,3/29/2026,1280,26000876,1081001,سكر 50 كعم 20*50,0.45,373.622,168.13,WIP
26000875,Closed (مغلق),1171022,حلاوة بلك سادة شيخ الكار,3/29/2026,1280,26000876,1171008,مثبت,24,1.473,35.352,WIP
26000875,Closed (مغلق),1171022,حلاوة بلك سادة شيخ الكار,3/29/2026,1280,26000876,1171005,فانيلا,0.45,14.666,6.6,RMWH
26000875,Closed (مغلق),1171022,حلاوة بلك سادة شيخ الكار,3/29/2026,1280,26000876,1171015,طحينية بلك شيخ الكار حجر,650,1.475,958.75,WIP
26000875,Closed (مغلق),1171022,حلاوة بلك سادة شيخ الكار,3/29/2026,1280,26000876,1171001,ملح ليمون,0.75,0.736,0.552,WIP
26000876,Closed (مغلق),1171015,طحينية بلك شيخ الكار حجر,3/29/2026,30000,26000875,1141002,سمسم خام,34.8,1266.456,44072.669,RMWH
26000876,Closed (مغلق),1171015,طحينية بلك شيخ الكار حجر,3/29/2026,30000,26000875,1171006,ملح,6750,0.025,168.75,RMWH
26000877,Closed (مغلق),1171031,حلاوة بلك فستق شيخ الكار,3/29/2026,858,26000877,1171022,حلاوة بلك سادة شيخ الكار,548,0.971,532.108,WIP
26000877,Closed (مغلق),1171031,حلاوة بلك فستق شيخ الكار,3/29/2026,858,26000877,1171011,فستق حلبي,10,19.096,190.96,RMWH
26000878,Closed (مغلق),1171020,حلاوة بلك سادة ميار - موسم,3/29/2026,1420,26000878,1171010,جلوكوز,225,0.36,81,WIP
26000878,Closed (مغلق),1171020,حلاوة بلك سادة ميار - موسم,3/29/2026,1420,26000878,1171014,عرق حلاوة,6,1.503,9.018,WIP
26000878,Closed (مغلق),1171020,حلاوة بلك سادة ميار - موسم,3/29/2026,1420,26000878,1081001,سكر 50 كعم 20*50,0.45,373.622,168.13,RMWH
26000878,Closed (مغلق),1171020,حلاوة بلك سادة ميار - موسم,3/29/2026,1420,26000878,1171008,مثبت,24,1.473,35.352,WIP
26000878,Closed (مغلق),1171020,حلاوة بلك سادة ميار - موسم,3/29/2026,1420,26000878,1171005,فانيلا,0.45,14.666,6.6,RMWH
26000878,Closed (مغلق),1171020,حلاوة بلك سادة ميار - موسم,3/29/2026,1420,26000878,1171017,طحينية بلك ميار - موسم  كروما,684,1.496,1023.264,WIP
26000878,Closed (مغلق),1171020,حلاوة بلك سادة ميار - موسم,3/29/2026,1420,26000878,1171001,ملح ليمون,0.75,0.736,0.552,WIP
26000879,Closed (مغلق),1171028,حلاوة بلك فستق ميار,3/29/2026,745,26000879,1171020,حلاوة بلك سادة ميار - موسم,729,0.944,688.176,WIP
26000879,Closed (مغلق),1171028,حلاوة بلك فستق ميار,3/29/2026,745,26000879,1171011,فستق حلبي,16,19.096,305.536,RMWH
26000880,Closed (مغلق),1011035,شيخ الكار طحينية 18 كغم سطل 1*1,3/29/2026,576,26000886,1181357,"سطل متعدد طحينية 18 كغم سادة (زيدان،الوادي،نابت)",576,0.639,368.064,PKGWH
26000880,Closed (مغلق),1011035,شيخ الكار طحينية 18 كغم سطل 1*1,3/29/2026,576,26000886,1171015,طحينية بلك شيخ الكار حجر,10368,1.475,15292.8,WIP
26000881,Closed (مغلق),1011021,شيخ الكار طحينية 5 كغم 1*4,3/29/2026,100,26000880,1181002,كرتون متعدد طحينية 5 كغم بدون طباعة,25,2.489,62.225,PKGWH
26000881,Closed (مغلق),1011021,شيخ الكار طحينية 5 كغم 1*4,3/29/2026,100,26000880,1181185,مرتبان شيخ الكار طحينية 5 كغم,100,0.565,56.5,PKGWH
26000881,Closed (مغلق),1011021,شيخ الكار طحينية 5 كغم 1*4,3/29/2026,100,26000880,1171015,طحينية بلك شيخ الكار حجر,500,1.475,737.5,WIP
26000882,Closed (مغلق),1011035,شيخ الكار طحينية 18 كغم سطل 1*1,3/29/2026,144,26000885,1181357,"سطل متعدد طحينية 18 كغم سادة (زيدان،الوادي،نابت)",144,0.639,92.016,PKGWH
26000882,Closed (مغلق),1011035,شيخ الكار طحينية 18 كغم سطل 1*1,3/29/2026,144,26000885,1171015,طحينية بلك شيخ الكار حجر,2592,1.475,3823.2,WIP
26000883,Closed (مغلق),1011003,الموسم طحينية 18 كغم تنك 1*1,3/29/2026,50,26000881,1171017,طحينية بلك ميار - موسم  كروما,900,1.496,1346.4,WIP
26000883,Closed (مغلق),1011003,الموسم طحينية 18 كغم تنك 1*1,3/29/2026,50,26000881,1181327,تنك الموسم طحينية 18 كغم -فارغ,50,1.25,62.5,PKGWH
26000884,Closed (مغلق),1021062,شيخ الكار حلاوة 800 غم فستق 1*12,3/30/2026,960,26000882,1181113,"كرتون شيخ الكار حلاوة 700/800 غم (فستق،سادة،شوكولاتة،ملوكي) دمعة",80,0.197,15.76,PKGWH
26000884,Closed (مغلق),1021062,شيخ الكار حلاوة 800 غم فستق 1*12,3/30/2026,960,26000882,1171031,حلاوة بلك فستق شيخ الكار,768,0.972,746.496,WIP
26000884,Closed (مغلق),1021062,شيخ الكار حلاوة 800 غم فستق 1*12,3/30/2026,960,26000882,1181458,علب شيخ الكار حلاوة 800 غم فستق,960,0.15,144,PKGWH
26000885,Closed (مغلق),1021045,شيخ الكار حلاوة 200 غم سادة 1*12,3/30/2026,2160,26000883,1181069,كرتون شيخ الكار حلاوة 250 غم مثلث,90,0.169,15.21,PKGWH
26000885,Closed (مغلق),1021045,شيخ الكار حلاوة 200 غم سادة 1*12,3/30/2026,2160,26000883,1171022,حلاوة بلك سادة شيخ الكار,432,0.971,419.472,WIP
26000885,Closed (مغلق),1021045,شيخ الكار حلاوة 200 غم سادة 1*12,3/30/2026,2160,26000883,1181568,علب شيخ الكار حلاوة 200 غم سادة,2160,0.088,190.08,PKGWH
26000886,Closed (مغلق),1021011,شيخ الكار حلاوة 6 كغم فستق 1*4,3/30/2026,116,26000884,1171031,حلاوة بلك فستق شيخ الكار,696,0.972,676.512,WIP
26000886,Closed (مغلق),1021011,شيخ الكار حلاوة 6 كغم فستق 1*4,3/30/2026,116,26000884,1181311,"جاط متعدد حلاوة 6 كغم (فستق،سادة،شوكولاتة) شفاف",116,0.487,56.492,PKGWH
26000886,Closed (مغلق),1021011,شيخ الكار حلاوة 6 كغم فستق 1*4,3/30/2026,116,26000884,1181111,"كرتون شيخ الكار حلاوة 6 كغم (فستق،سادة،شوكولاتة)",29,0.555,16.095,PKGWH
26000887,Closed (مغلق),1171020,حلاوة بلك سادة ميار - موسم,3/30/2026,2730,26000887,1171010,جلوكوز,450,0.36,162,WIP
26000887,Closed (مغلق),1171020,حلاوة بلك سادة ميار - موسم,3/30/2026,2730,26000887,1171014,عرق حلاوة,12,1.503,18.036,WIP
26000887,Closed (مغلق),1171020,حلاوة بلك سادة ميار - موسم,3/30/2026,2730,26000887,1081001,سكر 50 كعم 20*50,0.9,373.622,336.26,RMWH
26000887,Closed (مغلق),1171020,حلاوة بلك سادة ميار - موسم,3/30/2026,2730,26000887,1171008,مثبت,48,1.473,70.704,WIP
26000887,Closed (مغلق),1171020,حلاوة بلك سادة ميار - موسم,3/30/2026,2730,26000887,1171005,فانيلا,0.9,14.666,13.199,RMWH
26000887,Closed (مغلق),1171020,حلاوة بلك سادة ميار - موسم,3/30/2026,2730,26000887,1171017,طحينية بلك ميار - موسم  كروما,1350,1.496,2019.6,WIP
26000887,Closed (مغلق),1171020,حلاوة بلك سادة ميار - موسم,3/30/2026,2730,26000887,1171001,ملح ليمون,1.5,0.736,1.104,WIP
26000888,Closed (مغلق),1171013,حلاوة بلك رشة فستق ميار,3/30/2026,213,26000888,1171020,حلاوة بلك سادة ميار - موسم,211,0.953,201.083,WIP
26000888,Closed (مغلق),1171013,حلاوة بلك رشة فستق ميار,3/30/2026,213,26000888,1171011,فستق حلبي,2,19.096,38.192,RMWH
26000889,Closed (مغلق),1171022,حلاوة بلك سادة شيخ الكار,3/30/2026,446,26000889,1171010,جلوكوز,75,0.36,27,WIP
26000889,Closed (مغلق),1171022,حلاوة بلك سادة شيخ الكار,3/30/2026,446,26000889,1171014,عرق حلاوة,2,1.503,3.006,WIP
26000889,Closed (مغلق),1171022,حلاوة بلك سادة شيخ الكار,3/30/2026,446,26000889,1081001,سكر 50 كعم 20*50,0.15,373.622,56.043,WIP
26000889,Closed (مغلق),1171022,حلاوة بلك سادة شيخ الكار,3/30/2026,446,26000889,1171008,مثبت,8,1.473,11.784,WIP
26000889,Closed (مغلق),1171022,حلاوة بلك سادة شيخ الكار,3/30/2026,446,26000889,1171005,فانيلا,0.15,14.666,2.2,RMWH
26000889,Closed (مغلق),1171022,حلاوة بلك سادة شيخ الكار,3/30/2026,446,26000889,1171015,طحينية بلك شيخ الكار حجر,221,1.475,325.975,WIP
26000889,Closed (مغلق),1171022,حلاوة بلك سادة شيخ الكار,3/30/2026,446,26000889,1171001,ملح ليمون,0.25,0.736,0.184,WIP
26000890,Closed (مغلق),1171031,حلاوة بلك فستق شيخ الكار,3/30/2026,453,26000890,1171022,حلاوة بلك سادة شيخ الكار,446,0.969,432.174,WIP
26000890,Closed (مغلق),1171031,حلاوة بلك فستق شيخ الكار,3/30/2026,453,26000890,1171011,فستق حلبي,7,19.096,133.672,RMWH
26000891,Closed (مغلق),1011027,شيخ الكار طحينية 18 كغم تنك 1*1,3/30/2026,100,26000891,1181301,تنك شيخ الكار طحينية 18 كغم -فارغ,100,1.271,127.1,WIP
26000891,Closed (مغلق),1011027,شيخ الكار طحينية 18 كغم تنك 1*1,3/30/2026,100,26000891,1171015,طحينية بلك شيخ الكار حجر,1800,1.475,2655,WIP
26000892,Closed (مغلق),1021032,ميار حلاوة 800غ سادة 1*12,3/30/2026,1440,26000892,1171020,حلاوة بلك سادة ميار - موسم,1152,0.953,1097.856,WIP
26000892,Closed (مغلق),1021032,ميار حلاوة 800غ سادة 1*12,3/30/2026,1440,26000892,1181380,علب ميار حلاوة 550 غم سادة  أمنية,1440,0.15,216,PKGWH
26000892,Closed (مغلق),1021032,ميار حلاوة 800غ سادة 1*12,3/30/2026,1440,26000892,1181027,"كرتون متعدد حلاوة 550 غم (ميار،فاخرة) أمنية",120,0.233,27.96,PKGWH
26000893,Closed (مغلق),1021047,شيخ الكار حلاوة 400 غم سادة دايت 1*12,3/30/2026,773,26000893,1181006,"كرتون متعدد شيخ الكار حلاوة 400 غم (فستق،سادة،شوكولاتة) دمعة",64,0.093,5.952,WIP
26000893,Closed (مغلق),1021047,شيخ الكار حلاوة 400 غم سادة دايت 1*12,3/30/2026,773,26000893,1171016,حلاوة بلك دايت,309.2,2.266,700.647,WIP
26000893,Closed (مغلق),1021047,شيخ الكار حلاوة 400 غم سادة دايت 1*12,3/30/2026,773,26000893,1181438,علب شيخ الكار حلاوة 400 غم دايت,773,0.089,68.797,PKGWH
26000894,Closed (مغلق),1021005,ميار حلاوة 300 غم رشة فستق 1*12,3/30/2026,804,26000894,1171013,حلاوة بلك رشة فستق ميار,217.08,1.111,241.176,WIP
26000894,Closed (مغلق),1021005,ميار حلاوة 300 غم رشة فستق 1*12,3/30/2026,804,26000894,1181019,"كرتون متعدد حلاوة 300 غم (ميار،شتلة،فاخرة) أمنية",67,0.106,7.102,WIP
26000894,Closed (مغلق),1021005,ميار حلاوة 300 غم رشة فستق 1*12,3/30/2026,804,26000894,1181373,علب ميار حلاوة 300 غم رشة فستق أمنية,804,0.088,70.752,WIP
26000895,Closed (مغلق),1021129,الموسم حلاوة 400 غم سادة دمعة 1*12,3/30/2026,1728,26000895,1171020,حلاوة بلك سادة ميار - موسم,691.2,0.953,658.714,WIP
26000895,Closed (مغلق),1021129,الموسم حلاوة 400 غم سادة دمعة 1*12,3/30/2026,1728,26000895,1181261,علب الموسم حلاوة 400 غم سادة دمعة,1728,0.088,152.064,PKGWH
26000895,Closed (مغلق),1021129,الموسم حلاوة 400 غم سادة دمعة 1*12,3/30/2026,1728,26000895,1181023,كرتون متعدد حلاوة 400 غم غير مطبوع دمعة,144,0.171,24.624,WIP
26000896,Closed (مغلق),1021130,الموسم حلاوة 400 غم فستق دمعة 1*12,3/30/2026,1728,26000896,1171028,حلاوة بلك فستق ميار,691.2,1.332,920.678,WIP
26000896,Closed (مغلق),1021130,الموسم حلاوة 400 غم فستق دمعة 1*12,3/30/2026,1728,26000896,1181258,علب الموسم حلاوة 400 غم فستق دمعة,1728,0.079,136.512,PKGWH
26000896,Closed (مغلق),1021130,الموسم حلاوة 400 غم فستق دمعة 1*12,3/30/2026,1728,26000896,1181023,كرتون متعدد حلاوة 400 غم غير مطبوع دمعة,144,0.171,24.624,PKGWH
26000897,Closed (مغلق),1021167,شهد حلاوة 300غم سادة 1*12,3/30/2026,4798,26000897,1171020,حلاوة بلك سادة ميار - موسم,1439.4,0.953,1371.748,WIP
26000897,Closed (مغلق),1021167,شهد حلاوة 300غم سادة 1*12,3/30/2026,4798,26000897,1181276,علب شهد حلاوة 400 غم سادة بيضوي,4771,0.091,434.161,PKGWH
26000897,Closed (مغلق),1021167,شهد حلاوة 300غم سادة 1*12,3/30/2026,4798,26000897,1181026,كرتون متعدد حلاوة بيضوي صغير,398.234,0.154,61.328,PKGWH
26000898,Closed (مغلق),1011047,الميلاد طحينية 900 غم مطرة 1*12,3/30/2026,672,26000899,1181097,كرتون شيخ الكار طحينية 900 غم جديد ابيض,56,0.191,10.696,PKGWH
26000898,Closed (مغلق),1011047,الميلاد طحينية 900 غم مطرة 1*12,3/30/2026,672,26000899,1171015,طحينية بلك شيخ الكار حجر,571.2,1.475,842.52,WIP
26000898,Closed (مغلق),1011047,الميلاد طحينية 900 غم مطرة 1*12,3/30/2026,672,26000899,1181215,مطرة الميلاد طحينية 900 غم,672,0.086,57.792,PKGWH
26000899,Closed (مغلق),1021167,شهد حلاوة 300غم سادة 1*12,3/30/2026,2,26000898,1171020,حلاوة بلك سادة ميار - موسم,0.6,0.953,0.572,WIP
26000900,Closed (مغلق),1171022,حلاوة بلك سادة شيخ الكار,3/31/2026,853,26000900,1171010,جلوكوز,150,0.36,54,WIP
26000900,Closed (مغلق),1171022,حلاوة بلك سادة شيخ الكار,3/31/2026,853,26000900,1171014,عرق حلاوة,4,1.503,6.012,WIP
26000900,Closed (مغلق),1171022,حلاوة بلك سادة شيخ الكار,3/31/2026,853,26000900,1081001,سكر 50 كعم 20*50,0.3,373.622,112.087,WIP
26000900,Closed (مغلق),1171022,حلاوة بلك سادة شيخ الكار,3/31/2026,853,26000900,1171008,مثبت,16,1.473,23.568,WIP
26000900,Closed (مغلق),1171022,حلاوة بلك سادة شيخ الكار,3/31/2026,853,26000900,1171005,فانيلا,0.3,14.666,4.4,RMWH
26000900,Closed (مغلق),1171022,حلاوة بلك سادة شيخ الكار,3/31/2026,853,26000900,1171015,طحينية بلك شيخ الكار حجر,441,1.475,650.475,WIP
26000900,Closed (مغلق),1171022,حلاوة بلك سادة شيخ الكار,3/31/2026,853,26000900,1171001,ملح ليمون,0.5,0.736,0.368,WIP
26000901,Closed (مغلق),1171020,حلاوة بلك سادة ميار - موسم,3/31/2026,2737,26000901,1171010,جلوكوز,450,0.36,162,WIP
26000901,Closed (مغلق),1171020,حلاوة بلك سادة ميار - موسم,3/31/2026,2737,26000901,1171014,عرق حلاوة,12,1.503,18.036,WIP
26000901,Closed (مغلق),1171020,حلاوة بلك سادة ميار - موسم,3/31/2026,2737,26000901,1081001,سكر 50 كعم 20*50,0.9,373.622,336.26,WIP
26000901,Closed (مغلق),1171020,حلاوة بلك سادة ميار - موسم,3/31/2026,2737,26000901,1171008,مثبت,48,1.473,70.704,WIP
26000901,Closed (مغلق),1171020,حلاوة بلك سادة ميار - موسم,3/31/2026,2737,26000901,1171005,فانيلا,0.9,14.666,13.199,RMWH
26000901,Closed (مغلق),1171020,حلاوة بلك سادة ميار - موسم,3/31/2026,2737,26000901,1171017,طحينية بلك ميار - موسم  كروما,1370,1.496,2049.52,WIP
26000901,Closed (مغلق),1171020,حلاوة بلك سادة ميار - موسم,3/31/2026,2737,26000901,1171001,ملح ليمون,1.5,0.736,1.104,WIP
26000902,Closed (مغلق),1171031,حلاوة بلك فستق شيخ الكار,3/31/2026,867,26000902,1171022,حلاوة بلك سادة شيخ الكار,853,0.976,832.528,WIP
26000902,Closed (مغلق),1171031,حلاوة بلك فستق شيخ الكار,3/31/2026,867,26000902,1171011,فستق حلبي,14,19.062,266.868,RMWH
26000903,Closed (مغلق),1171013,حلاوة بلك رشة فستق ميار,3/31/2026,465,26000903,1171020,حلاوة بلك سادة ميار - موسم,462,0.964,445.368,WIP
26000903,Closed (مغلق),1171013,حلاوة بلك رشة فستق ميار,3/31/2026,465,26000903,1171011,فستق حلبي,3,19.062,57.186,RMWH
26000904,Closed (مغلق),1021039,شيخ الكار حلاوة 700 غم فستق 1*12,3/31/2026,2063,26000905,1181113,"كرتون شيخ الكار حلاوة 700/800 غم (فستق،سادة،شوكولاتة،ملوكي) دمعة",172,0.197,33.884,PKGWH
26000904,Closed (مغلق),1021039,شيخ الكار حلاوة 700 غم فستق 1*12,3/31/2026,2063,26000905,1171031,حلاوة بلك فستق شيخ الكار,1320.32,1.26,1663.603,WIP
26000904,Closed (مغلق),1021039,شيخ الكار حلاوة 700 غم فستق 1*12,3/31/2026,2063,26000905,1181423,علب شيخ الكار حلاوة 700 غم فستق,2063,0.15,309.45,PKGWH
26000905,Closed (مغلق),1021005,ميار حلاوة 300 غم رشة فستق 1*12,3/31/2026,1752,26000904,1171013,حلاوة بلك رشة فستق ميار,473.04,1.09,515.614,WIP
26000905,Closed (مغلق),1021005,ميار حلاوة 300 غم رشة فستق 1*12,3/31/2026,1752,26000904,1181019,"كرتون متعدد حلاوة 300 غم (ميار،شتلة،فاخرة) أمنية",145.416,0.106,15.414,WIP
26000905,Closed (مغلق),1021005,ميار حلاوة 300 غم رشة فستق 1*12,3/31/2026,1752,26000904,1181373,علب ميار حلاوة 300 غم رشة فستق أمنية,1752,0.088,154.176,WIP
26000906,Closed (مغلق),1011101,الموسم طحينية 400 غم 1*12,3/31/2026,8400,26000906,1181056,مرتبان الموسم طحينية 400 غم,8400,0.13,1092,WIP
26000906,Closed (مغلق),1011101,الموسم طحينية 400 غم 1*12,3/31/2026,8400,26000906,1181370,كرتون اكسترا فاخرة طحينية 400 غم,697.2,0.192,133.862,PKGWH
26000906,Closed (مغلق),1011101,الموسم طحينية 400 غم 1*12,3/31/2026,8400,26000906,1171017,طحينية بلك ميار - موسم  كروما,3024,1.496,4523.904,WIP
26000907,Closed (مغلق),1021050,شيخ الكار حلاوة 800 غم سادة 1*12,3/31/2026,144,26000907,1181113,"كرتون شيخ الكار حلاوة 700/800 غم (فستق،سادة،شوكولاتة،ملوكي) دمعة",12,0.197,2.364,PKGWH
26000907,Closed (مغلق),1021050,شيخ الكار حلاوة 800 غم سادة 1*12,3/31/2026,144,26000907,1171022,حلاوة بلك سادة شيخ الكار,115.2,0.976,112.435,WIP
26000907,Closed (مغلق),1021050,شيخ الكار حلاوة 800 غم سادة 1*12,3/31/2026,144,26000907,1181462,علب شيخ الكار حلاوة 800 غم سادة,144,0.15,21.6,WIP
26000908,Closed (مغلق),1011088,الموسم طحينية 800 غم  1*12,3/31/2026,1920,26000908,1171017,طحينية بلك ميار - موسم  كروما,1401.6,1.496,2096.794,WIP
26000908,Closed (مغلق),1011088,الموسم طحينية 800 غم  1*12,3/31/2026,1920,26000908,1181008,كرتون متعدد طحينية 800 غم اكسترا فاخرة,159.36,0.209,33.306,PKGWH
26000908,Closed (مغلق),1011088,الموسم طحينية 800 غم  1*12,3/31/2026,1920,26000908,1181037,مرتبان الموسم طحينية 800 غم,1920,0.118,226.56,PKGWH
26000909,Closed (مغلق),1011033,شيخ الكار طحينية 15 كغم تنك 1*1,3/31/2026,160,26000909,1171015,طحينية بلك شيخ الكار حجر,2280,1.475,3363,WIP
26000909,Closed (مغلق),1011033,شيخ الكار طحينية 15 كغم تنك 1*1,3/31/2026,160,26000909,1181304,تنك شيخ الكار طحينية 15 كغم -فارغ,160,1.155,184.8,PKGWH
26000910,Closed (مغلق),1011028,شيخ الكار طحينية 9 كغم تنك 1*1,3/31/2026,240,26000910,1181312,تنك شيخ الكار طحينية 9 كغم -فارغ,240,0.912,218.88,PKGWH
26000910,Closed (مغلق),1011028,شيخ الكار طحينية 9 كغم تنك 1*1,3/31/2026,240,26000910,1171015,طحينية بلك شيخ الكار حجر,1992,1.475,2938.2,WIP
26000911,Closed (مغلق),1171022,حلاوة بلك سادة شيخ الكار,4/1/2026,860,26000911,1171010,جلوكوز,150,0.36,54,WIP
26000911,Closed (مغلق),1171022,حلاوة بلك سادة شيخ الكار,4/1/2026,860,26000911,1171014,عرق حلاوة,4,1.503,6.012,RMWH
26000911,Closed (مغلق),1171022,حلاوة بلك سادة شيخ الكار,4/1/2026,860,26000911,1081001,سكر 50 كعم 20*50,0.3,373.622,112.087,WIP
26000911,Closed (مغلق),1171022,حلاوة بلك سادة شيخ الكار,4/1/2026,860,26000911,1171008,مثبت,16,1.473,23.568,WIP
26000911,Closed (مغلق),1171022,حلاوة بلك سادة شيخ الكار,4/1/2026,860,26000911,1171005,فانيلا,0.3,14.666,4.4,RMWH
26000911,Closed (مغلق),1171022,حلاوة بلك سادة شيخ الكار,4/1/2026,860,26000911,1171015,طحينية بلك شيخ الكار حجر,424,1.475,625.4,WIP
26000911,Closed (مغلق),1171022,حلاوة بلك سادة شيخ الكار,4/1/2026,860,26000911,1171001,ملح ليمون,0.5,0.736,0.368,WIP
26000912,Closed (مغلق),1021050,شيخ الكار حلاوة 800 غم سادة 1*12,4/1/2026,918,26000912,1181113,"كرتون شيخ الكار حلاوة 700/800 غم (فستق،سادة،شوكولاتة،ملوكي) دمعة",76,0.197,14.972,PKGWH
26000912,Closed (مغلق),1021050,شيخ الكار حلاوة 800 غم سادة 1*12,4/1/2026,918,26000912,1171022,حلاوة بلك سادة شيخ الكار,734.4,0.972,713.837,WIP
26000912,Closed (مغلق),1021050,شيخ الكار حلاوة 800 غم سادة 1*12,4/1/2026,918,26000912,1181462,علب شيخ الكار حلاوة 800 غم سادة,918,0.15,137.7,WIP
26000913,Closed (مغلق),1011121,الفاخرة طحينية 270 غم 1*12,4/1/2026,12000,26000913,1181060,مرتبان الفاخرة طحينية 300 غم,12000,0.085,1020,PKGWH
26000913,Closed (مغلق),1011121,الفاخرة طحينية 270 غم 1*12,4/1/2026,12000,26000913,1171015,طحينية بلك شيخ الكار حجر,2880,1.475,4248,WIP
26000913,Closed (مغلق),1011121,الفاخرة طحينية 270 غم 1*12,4/1/2026,12000,26000913,1181404,كرتون الفاخرة طحينية 300 غم,1000,0.139,139,PKGWH
26000914,Closed (مغلق),1171020,حلاوة بلك سادة ميار - موسم,4/2/2026,4444,26000915,1171010,جلوكوز,750,0.36,270,WIP
26000914,Closed (مغلق),1171020,حلاوة بلك سادة ميار - موسم,4/2/2026,4444,26000915,1171014,عرق حلاوة,20,1.503,30.06,RMWH
26000914,Closed (مغلق),1171020,حلاوة بلك سادة ميار - موسم,4/2/2026,4444,26000915,1081001,سكر 50 كعم 20*50,1.5,373.622,560.433,RMWH
26000914,Closed (مغلق),1171020,حلاوة بلك سادة ميار - موسم,4/2/2026,4444,26000915,1171008,مثبت,80,1.473,117.84,WIP
26000914,Closed (مغلق),1171020,حلاوة بلك سادة ميار - موسم,4/2/2026,4444,26000915,1171005,فانيلا,1.5,14.666,21.999,RMWH
26000914,Closed (مغلق),1171020,حلاوة بلك سادة ميار - موسم,4/2/2026,4444,26000915,1171017,طحينية بلك ميار - موسم  كروما,2241,1.496,3352.536,WIP
26000914,Closed (مغلق),1171020,حلاوة بلك سادة ميار - موسم,4/2/2026,4444,26000915,1171001,ملح ليمون,2.5,0.736,1.84,WIP
26000915,Closed (مغلق),1171017,طحينية بلك ميار - موسم  كروما,4/2/2026,30000,26000914,1171025,سمسم خام برازيلي اناهي,34800,1.282,44613.6,RMWH
26000915,Closed (مغلق),1171017,طحينية بلك ميار - موسم  كروما,4/2/2026,30000,26000914,1171006,ملح,10500,0.025,262.5,RMWH
26000916,Closed (مغلق),1021144,ميار حلاوة 5 كغم سادة 1*4,4/2/2026,22,26000916,1021144,ميار حلاوة 5 كغم سادة 1*4,22,6.75,148.5,WIP
26000917,Closed (مغلق),1171013,حلاوة بلك رشة فستق ميار,4/2/2026,453,26000918,1171020,حلاوة بلك سادة ميار - موسم,449,0.973,436.877,WIP
26000917,Closed (مغلق),1171013,حلاوة بلك رشة فستق ميار,4/2/2026,453,26000918,1171011,فستق حلبي,4,19.062,76.248,RMWH
26000918,Closed (مغلق),1171028,حلاوة بلك فستق ميار,4/2/2026,1332,26000917,1171020,حلاوة بلك سادة ميار - موسم,1320,0.973,1284.36,WIP
26000918,Closed (مغلق),1171028,حلاوة بلك فستق ميار,4/2/2026,1332,26000917,1171011,فستق حلبي,12,19.062,228.744,RMWH
26000919,Closed (مغلق),1021031,ميار حلاوة 1200 غم برش فستق 1*6,4/2/2026,1200,26000925,1171028,حلاوة بلك فستق ميار,1332,1.144,1523.808,WIP
26000919,Closed (مغلق),1021031,ميار حلاوة 1200 غم برش فستق 1*6,4/2/2026,1200,26000925,1181378,علب ميار حلاوة 1300 غم رشة فستق,1200,0.28,336,PKGWH
26000919,Closed (مغلق),1021031,ميار حلاوة 1200 غم برش فستق 1*6,4/2/2026,1200,26000925,1181014,كرتون ميار حلاوة 1300 غم رشة فستق,200,0.223,44.6,PKGWH
26000920,Closed (مغلق),1021005,ميار حلاوة 300 غم رشة فستق 1*12,4/2/2026,1708,26000926,1171013,حلاوة بلك رشة فستق ميار,461.16,1.12,516.499,WIP
26000920,Closed (مغلق),1021005,ميار حلاوة 300 غم رشة فستق 1*12,4/2/2026,1708,26000926,1181019,"كرتون متعدد حلاوة 300 غم (ميار،شتلة،فاخرة) أمنية",142,0.106,15.052,WIP
26000920,Closed (مغلق),1021005,ميار حلاوة 300 غم رشة فستق 1*12,4/2/2026,1708,26000926,1181373,علب ميار حلاوة 300 غم رشة فستق أمنية,1708,0.088,150.304,WIP
26000921,Closed (مغلق),1021052,شيخ الكار حلاوة 4 كغم سادة تنك 1*1,4/2/2026,1,26000919,1171022,حلاوة بلك سادة شيخ الكار,0.8,0.972,0.778,WIP
26000921,Closed (مغلق),1021052,شيخ الكار حلاوة 4 كغم سادة تنك 1*1,4/2/2026,1,26000919,1181305,تنك شيخ الكار حلاوة 4 كغم سادة نصاصي,1,1.1,1.1,PKGWH
26000922,Closed (مغلق),1141004,سمسم جاهز كعك 50 كغم,4/2/2026,61,26000920,1171021,سمسم نيجيري,3050,1.282,3910.1,RMWH
26000922,Closed (مغلق),1141004,سمسم جاهز كعك 50 كغم,4/2/2026,61,26000920,1171006,ملح,686.25,0.025,17.156,RMWH
26000923,Closed (مغلق),1011027,شيخ الكار طحينية 18 كغم تنك 1*1,4/2/2026,26,26000921,1181301,تنك شيخ الكار طحينية 18 كغم -فارغ,26,1.349,35.074,PKGWH
26000923,Closed (مغلق),1011027,شيخ الكار طحينية 18 كغم تنك 1*1,4/2/2026,26,26000921,1171015,طحينية بلك شيخ الكار حجر,468,1.475,690.3,WIP
26000924,Closed (مغلق),1011027,شيخ الكار طحينية 18 كغم تنك 1*1,4/2/2026,4,26000924,1181301,تنك شيخ الكار طحينية 18 كغم -فارغ,4,1.349,5.396,WIP
26000924,Closed (مغلق),1011027,شيخ الكار طحينية 18 كغم تنك 1*1,4/2/2026,4,26000924,1171015,طحينية بلك شيخ الكار حجر,72,1.475,106.2,WIP
26000925,Closed (مغلق),1011003,الموسم طحينية 18 كغم تنك 1*1,4/2/2026,2,26000923,1171017,طحينية بلك ميار - موسم  كروما,36,1.496,53.856,WIP
26000925,Closed (مغلق),1011003,الموسم طحينية 18 كغم تنك 1*1,4/2/2026,2,26000923,1181327,تنك الموسم طحينية 18 كغم -فارغ,2,1.25,2.5,WIP
26000926,Closed (مغلق),1011021,شيخ الكار طحينية 5 كغم 1*4,4/2/2026,4,26000922,1181002,كرتون متعدد طحينية 5 كغم بدون طباعة,1,2.489,2.489,PKGWH
26000926,Closed (مغلق),1011021,شيخ الكار طحينية 5 كغم 1*4,4/2/2026,4,26000922,1181185,مرتبان شيخ الكار طحينية 5 كغم,4,0.565,2.26,PKGWH
26000926,Closed (مغلق),1011021,شيخ الكار طحينية 5 كغم 1*4,4/2/2026,4,26000922,1171015,طحينية بلك شيخ الكار حجر,20,1.475,29.5,WIP
26000927,Closed (مغلق),1011027,شيخ الكار طحينية 18 كغم تنك 1*1,4/5/2026,100,26000927,1181301,تنك شيخ الكار طحينية 18 كغم -فارغ,100,1.349,134.9,PKGWH
26000927,Closed (مغلق),1011027,شيخ الكار طحينية 18 كغم تنك 1*1,4/5/2026,100,26000927,1171015,طحينية بلك شيخ الكار حجر,1800,1.475,2655,WIP
26000928,Closed (مغلق),1171016,حلاوة بلك دايت,4/5/2026,321,26000928,1171008,مثبت,5,1.473,7.365,WIP
26000928,Closed (مغلق),1171016,حلاوة بلك دايت,4/5/2026,321,26000929,1171005,فانيلا,0.1,14.666,1.467,WIP
26000928,Closed (مغلق),1171016,حلاوة بلك دايت,4/5/2026,321,26000928,1171005,فانيلا,0.1,14.666,1.467,RMWH
26000928,Closed (مغلق),1171016,حلاوة بلك دايت,4/5/2026,321,26000929,1171014,عرق حلاوة,1.5,1.503,2.255,WIP
26000928,Closed (مغلق),1171016,حلاوة بلك دايت,4/5/2026,321,26000928,1171014,عرق حلاوة,1.5,1.503,2.255,WIP
26000928,Closed (مغلق),1171016,حلاوة بلك دايت,4/5/2026,321,26000929,1171015,طحينية بلك شيخ الكار حجر,1.36,1.475,2.006,WIP
26000928,Closed (مغلق),1171016,حلاوة بلك دايت,4/5/2026,321,26000928,1171015,طحينية بلك شيخ الكار حجر,136,1.475,200.6,WIP
26000928,Closed (مغلق),1171016,حلاوة بلك دايت,4/5/2026,321,26000929,1171007,قطر دايت,10.5,1.43,15.015,WIP
26000928,Closed (مغلق),1171016,حلاوة بلك دايت,4/5/2026,321,26000928,1171007,قطر دايت,10.5,1.43,15.015,WIP
26000928,Closed (مغلق),1171016,حلاوة بلك دايت,4/5/2026,321,26000929,1171009,بديل السكر,150,2.737,410.55,WIP
26000928,Closed (مغلق),1171016,حلاوة بلك دايت,4/5/2026,321,26000928,1171009,بديل السكر,150,2.737,410.55,WIP
26000928,Closed (مغلق),1171016,حلاوة بلك دايت,4/5/2026,321,26000929,1171008,مثبت,5,1.473,7.365,WIP
26000929,Closed (مغلق),1171022,حلاوة بلك سادة شيخ الكار,4/5/2026,2253,26000930,1171010,جلوكوز,375,0.36,135,WIP
26000929,Closed (مغلق),1171022,حلاوة بلك سادة شيخ الكار,4/5/2026,2253,26000930,1171014,عرق حلاوة,11,1.503,16.533,RMWH
26000929,Closed (مغلق),1171022,حلاوة بلك سادة شيخ الكار,4/5/2026,2253,26000930,1081001,سكر 50 كعم 20*50,0.75,373.622,280.217,RMWH
26000929,Closed (مغلق),1171022,حلاوة بلك سادة شيخ الكار,4/5/2026,2253,26000930,1171008,مثبت,40,1.473,58.92,WIP
26000929,Closed (مغلق),1171022,حلاوة بلك سادة شيخ الكار,4/5/2026,2253,26000930,1171005,فانيلا,0.75,14.666,11,RMWH
26000929,Closed (مغلق),1171022,حلاوة بلك سادة شيخ الكار,4/5/2026,2253,26000930,1171015,طحينية بلك شيخ الكار حجر,1135,1.475,1674.125,WIP
26000929,Closed (مغلق),1171022,حلاوة بلك سادة شيخ الكار,4/5/2026,2253,26000930,1171001,ملح ليمون,1.25,0.736,0.92,RMWH
26000930,Closed (مغلق),1171031,حلاوة بلك فستق شيخ الكار,4/5/2026,462,26000931,1171022,حلاوة بلك سادة شيخ الكار,456,0.969,441.864,WIP
26000930,Closed (مغلق),1171031,حلاوة بلك فستق شيخ الكار,4/5/2026,462,26000931,1171011,فستق حلبي,6,19.062,114.372,RMWH
26000931,Closed (مغلق),1021050,شيخ الكار حلاوة 800 غم سادة 1*12,4/5/2026,2251,26000932,1181113,"كرتون شيخ الكار حلاوة 700/800 غم (فستق،سادة،شوكولاتة،ملوكي) دمعة",187,0.197,36.839,PKGWH
26000931,Closed (مغلق),1021050,شيخ الكار حلاوة 800 غم سادة 1*12,4/5/2026,2251,26000932,1171022,حلاوة بلك سادة شيخ الكار,1800.8,0.969,1744.975,WIP
26000931,Closed (مغلق),1021050,شيخ الكار حلاوة 800 غم سادة 1*12,4/5/2026,2251,26000932,1181462,علب شيخ الكار حلاوة 800 غم سادة,2251,0.15,337.65,PKGWH
26000932,Closed (مغلق),1021011,شيخ الكار حلاوة 6 كغم فستق 1*4,4/5/2026,76,26000933,1171031,حلاوة بلك فستق شيخ الكار,456,1.204,549.024,WIP
26000932,Closed (مغلق),1021011,شيخ الكار حلاوة 6 كغم فستق 1*4,4/5/2026,76,26000933,1181311,"جاط متعدد حلاوة 6 كغم (فستق،سادة،شوكولاتة) شفاف",76,0.487,37.012,PKGWH
26000932,Closed (مغلق),1021011,شيخ الكار حلاوة 6 كغم فستق 1*4,4/5/2026,76,26000933,1181111,"كرتون شيخ الكار حلاوة 6 كغم (فستق،سادة،شوكولاتة)",19,0.555,10.545,PKGWH
26000933,Closed (مغلق),1011027,شيخ الكار طحينية 18 كغم تنك 1*1,4/5/2026,200,26000935,1181301,تنك شيخ الكار طحينية 18 كغم -فارغ,200,1.349,269.8,PKGWH
26000933,Closed (مغلق),1011027,شيخ الكار طحينية 18 كغم تنك 1*1,4/5/2026,200,26000935,1171015,طحينية بلك شيخ الكار حجر,3600,1.475,5310,WIP
26000934,Closed (مغلق),1171015,طحينية بلك شيخ الكار حجر,4/5/2026,30000,26000934,1141002,سمسم خام,34.8,1266.456,44072.669,RMWH
26000934,Closed (مغلق),1171015,طحينية بلك شيخ الكار حجر,4/5/2026,30000,26000934,1171006,ملح,6750,0.025,168.75,RMWH
26000935,Closed (مغلق),1021058,شيخ الكار حلاوة 5 كغم سادة 1*4,4/5/2026,1,26000937,1171022,حلاوة بلك سادة شيخ الكار,5,0.969,4.845,WIP
26000935,Closed (مغلق),1021058,شيخ الكار حلاوة 5 كغم سادة 1*4,4/5/2026,1,26000937,1181311,"جاط متعدد حلاوة 6 كغم (فستق،سادة،شوكولاتة) شفاف",1,0.487,0.487,WIP
26000936,Closed (مغلق),1021001,شيخ الكار حلاوة 5 كغم فستق 1*4,4/5/2026,1,26000936,1171031,حلاوة بلك فستق شيخ الكار,5,1.205,6.025,WIP
26000936,Closed (مغلق),1021001,شيخ الكار حلاوة 5 كغم فستق 1*4,4/5/2026,1,26000936,1181311,"جاط متعدد حلاوة 6 كغم (فستق،سادة،شوكولاتة) شفاف",1,0.487,0.487,WIP
26000937,Closed (مغلق),1021003,شيخ الكار حلاوة 5 كغم سادة (الولاء) 1*1,4/6/2026,1002,26000938,1171020,حلاوة بلك سادة ميار - موسم,5010,0.973,4874.73,WIP
26000937,Closed (مغلق),1021003,شيخ الكار حلاوة 5 كغم سادة (الولاء) 1*1,4/6/2026,1002,26000938,1181349,جاط شيخ الكار حلاوة 5 كغم سادة (الولاء) غطاء احمر,1002,0.645,646.29,WIP
26000937,Closed (مغلق),1021003,شيخ الكار حلاوة 5 كغم سادة (الولاء) 1*1,4/6/2026,1002,26000938,1181029,كرتون متعدد حلاوة 5 كغم تبروير ولاء,250,0.36,90,WIP
26000938,Closed (مغلق),1011027,شيخ الكار طحينية 18 كغم تنك 1*1,4/6/2026,450,26000939,1181301,تنك شيخ الكار طحينية 18 كغم -فارغ,450,1.386,623.7,PKGWH
26000938,Closed (مغلق),1011027,شيخ الكار طحينية 18 كغم تنك 1*1,4/6/2026,450,26000939,1171017,طحينية بلك ميار - موسم  كروما,8100,1.496,12117.6,WIP
26000939,Closed (مغلق),1141004,سمسم جاهز كعك 50 كغم,4/6/2026,163,26000945,1141002,سمسم خام,9.454,1278.024,12082.439,RMWH
26000939,Closed (مغلق),1141004,سمسم جاهز كعك 50 كغم,4/6/2026,163,26000945,1171006,ملح,1833.75,0.025,45.844,RMWH
26000940,Closed (مغلق),1011027,شيخ الكار طحينية 18 كغم تنك 1*1,4/6/2026,200,26000940,1181301,تنك شيخ الكار طحينية 18 كغم -فارغ,200,1.386,277.2,PKGWH
26000940,Closed (مغلق),1011027,شيخ الكار طحينية 18 كغم تنك 1*1,4/6/2026,200,26000940,1171015,طحينية بلك شيخ الكار حجر,3600,1.475,5310,WIP
26000941,Closed (مغلق),1011022,شيخ الكار طحينية 3500 غم 1*4,4/6/2026,1,26000941,1171015,طحينية بلك شيخ الكار حجر,3.5,1.475,5.163,WIP
26000941,Closed (مغلق),1011022,شيخ الكار طحينية 3500 غم 1*4,4/6/2026,1,26000941,1181241,مرتبان متعدد طحينية 3500 غم,1,0.389,0.389,PKGWH
26000942,Closed (مغلق),1021047,شيخ الكار حلاوة 400 غم سادة دايت 1*12,4/6/2026,807,26000942,1181006,"كرتون متعدد شيخ الكار حلاوة 400 غم (فستق،سادة،شوكولاتة) دمعة",67,0.093,6.231,WIP
26000942,Closed (مغلق),1021047,شيخ الكار حلاوة 400 غم سادة دايت 1*12,4/6/2026,807,26000942,1171016,حلاوة بلك دايت,322.8,1.761,568.451,WIP
26000942,Closed (مغلق),1021047,شيخ الكار حلاوة 400 غم سادة دايت 1*12,4/6/2026,807,26000942,1181438,علب شيخ الكار حلاوة 400 غم دايت,807,0.089,71.823,PKGWH
26000943,Closed (مغلق),1021058,شيخ الكار حلاوة 5 كغم سادة 1*4,4/6/2026,1,26000944,1171022,حلاوة بلك سادة شيخ الكار,5,0.969,4.845,WIP
26000943,Closed (مغلق),1021058,شيخ الكار حلاوة 5 كغم سادة 1*4,4/6/2026,1,26000944,1181311,"جاط متعدد حلاوة 6 كغم (فستق،سادة،شوكولاتة) شفاف",1,0.487,0.487,WIP
26000944,Closed (مغلق),1021001,شيخ الكار حلاوة 5 كغم فستق 1*4,4/6/2026,1,26000943,1171031,حلاوة بلك فستق شيخ الكار,4.1,1.204,4.936,WIP
26000944,Closed (مغلق),1021001,شيخ الكار حلاوة 5 كغم فستق 1*4,4/6/2026,1,26000943,1181311,"جاط متعدد حلاوة 6 كغم (فستق،سادة،شوكولاتة) شفاف",1,0.487,0.487,WIP
26000945,Closed (مغلق),1011027,شيخ الكار طحينية 18 كغم تنك 1*1,4/6/2026,383,26000946,1181301,تنك شيخ الكار طحينية 18 كغم -فارغ,383,1.386,530.838,PKGWH
26000945,Closed (مغلق),1011027,شيخ الكار طحينية 18 كغم تنك 1*1,4/6/2026,383,26000946,1171015,طحينية بلك شيخ الكار حجر,6894,1.475,10168.65,WIP
26000946,Closed (مغلق),1011027,شيخ الكار طحينية 18 كغم تنك 1*1,4/6/2026,250,26000947,1181301,تنك شيخ الكار طحينية 18 كغم -فارغ,250,1.386,346.5,PKGWH
26000946,Closed (مغلق),1011027,شيخ الكار طحينية 18 كغم تنك 1*1,4/6/2026,250,26000947,1171017,طحينية بلك ميار - موسم  كروما,4500,1.496,6732,WIP
26000947,Closed (مغلق),1011027,شيخ الكار طحينية 18 كغم تنك 1*1,4/8/2026,67,26000948,1181301,تنك شيخ الكار طحينية 18 كغم -فارغ,67,1.386,92.862,PKGWH
26000947,Closed (مغلق),1011027,شيخ الكار طحينية 18 كغم تنك 1*1,4/8/2026,67,26000948,1171015,طحينية بلك شيخ الكار حجر,1206,1.475,1778.85,WIP
26000948,Closed (مغلق),1011052,القيسي طحينية 900 غم مطرة 1*12,4/8/2026,204,26000949,1181213,مطرة القيسي طحينية 900 غم,204,0.105,21.42,PKGWH
26000948,Closed (مغلق),1011052,القيسي طحينية 900 غم مطرة 1*12,4/8/2026,204,26000949,1181142,كرتون شيخ الكار طحينية 900 غم مطرة,17,0.109,1.853,PKGWH
26000948,Closed (مغلق),1011052,القيسي طحينية 900 غم مطرة 1*12,4/8/2026,204,26000949,1171015,طحينية بلك شيخ الكار حجر,173.4,1.475,255.765,WIP
26000949,Closed (مغلق),1011007,ميار طحينية 900 غم مطرة 1*12,4/8/2026,3000,26000950,1181221,مطرة ميار طحينية 900 غم,3000,0.105,315,PKGWH
26000949,Closed (مغلق),1011007,ميار طحينية 900 غم مطرة 1*12,4/8/2026,3000,26000950,1181142,كرتون شيخ الكار طحينية 900 غم مطرة,250,0.109,27.25,PKGWH
26000949,Closed (مغلق),1011007,ميار طحينية 900 غم مطرة 1*12,4/8/2026,3000,26000950,1171017,طحينية بلك ميار - موسم  كروما,2550,1.496,3814.8,WIP
26000950,Closed (مغلق),1011005,ميار طحينية 250 غم 1*12,4/8/2026,1200,26000951,1181236,مرتبان ميار طحينية 250 غم,1200,0.148,177.6,WIP
26000950,Closed (مغلق),1011005,ميار طحينية 250 غم 1*12,4/8/2026,1200,26000951,1181012,كرتون ميار طحينية 250 غم صواني,99.6,0.078,7.769,WIP
26000950,Closed (مغلق),1011005,ميار طحينية 250 غم 1*12,4/8/2026,1200,26000951,1171017,طحينية بلك ميار - موسم  كروما,264,1.496,394.944,WIP
26000951,Closed (مغلق),1021034,شيخ الكار حلاوة 600 غم سادة 1*12,4/8/2026,24,26000952,1171022,حلاوة بلك سادة شيخ الكار,14.4,0.969,13.954,WIP
26000951,Closed (مغلق),1021034,شيخ الكار حلاوة 600 غم سادة 1*12,4/8/2026,24,26000952,1181157,علب شيخ الكار حلاوة 700 غم سادة قديم,24,0.18,4.32,PKGWH
26000951,Closed (مغلق),1021034,شيخ الكار حلاوة 600 غم سادة 1*12,4/8/2026,24,26000952,1181112,"كرتون شيخ الكار حلاوة 600 غم (فستق،سادة،شوكولاتة،ملوكي) قديم",2,0.4,0.8,PKGWH
26000952,Closed (مغلق),1021007,شيخ الكار حلاوة 1 كغم ملوكية بالمكسرات 1*8,4/8/2026,4,26000953,1171030,حلاوة بلك ملوكي شيخ الكار,4,1.861,7.444,WIP
26000952,Closed (مغلق),1021007,شيخ الكار حلاوة 1 كغم ملوكية بالمكسرات 1*8,4/8/2026,4,26000953,1181308,جاط شفاف حلاوة 1 كغم ملوكي تبروير دائري,4,0.064,0.256,PKGWH
26000953,Closed (مغلق),1021044,شيخ الكار حلاوة 200 غم فستق 1*12,4/8/2026,6168,26000956,1181069,كرتون شيخ الكار حلاوة 250 غم مثلث,259.056,0.169,43.78,PKGWH
26000953,Closed (مغلق),1021044,شيخ الكار حلاوة 200 غم فستق 1*12,4/8/2026,6168,26000956,1171031,حلاوة بلك فستق شيخ الكار,1233.6,1.254,1546.934,WIP
26000953,Closed (مغلق),1021044,شيخ الكار حلاوة 200 غم فستق 1*12,4/8/2026,6168,26000956,1181569,علب شيخ الكار حلاوة 200 غم فستق,6168,0.088,542.784,PKGWH
26000954,Closed (مغلق),1171022,حلاوة بلك سادة شيخ الكار,4/8/2026,3980,26000954,1171010,جلوكوز,675,0.36,243,RMWH
26000954,Closed (مغلق),1171022,حلاوة بلك سادة شيخ الكار,4/8/2026,3980,26000954,1171014,عرق حلاوة,18,1.503,27.054,RMWH
26000954,Closed (مغلق),1171022,حلاوة بلك سادة شيخ الكار,4/8/2026,3980,26000954,1081001,سكر 50 كعم 20*50,1.35,375.091,506.373,RMWH
26000954,Closed (مغلق),1171022,حلاوة بلك سادة شيخ الكار,4/8/2026,3980,26000954,1171008,مثبت,72,1.473,106.056,WIP
26000954,Closed (مغلق),1171022,حلاوة بلك سادة شيخ الكار,4/8/2026,3980,26000954,1171005,فانيلا,1.35,14.666,19.799,RMWH
26000954,Closed (مغلق),1171022,حلاوة بلك سادة شيخ الكار,4/8/2026,3980,26000954,1171015,طحينية بلك شيخ الكار حجر,2030,1.475,2994.25,WIP
26000954,Closed (مغلق),1171022,حلاوة بلك سادة شيخ الكار,4/8/2026,3980,26000954,1171001,ملح ليمون,2.25,0.736,1.656,RMWH
26000955,Closed (مغلق),1171031,حلاوة بلك فستق شيخ الكار,4/8/2026,4024,26000955,1171022,حلاوة بلك سادة شيخ الكار,3962,0.975,3862.95,WIP
26000955,Closed (مغلق),1171031,حلاوة بلك فستق شيخ الكار,4/8/2026,4024,26000955,1171011,فستق حلبي,62,19.062,1181.844,RMWH
26000956,Closed (مغلق),1171022,حلاوة بلك سادة شيخ الكار,4/8/2026,3569,26000957,1171010,جلوكوز,600,0.36,216,RMWH
26000956,Closed (مغلق),1171022,حلاوة بلك سادة شيخ الكار,4/8/2026,3569,26000957,1171014,عرق حلاوة,16,1.503,24.048,RMWH
26000956,Closed (مغلق),1171022,حلاوة بلك سادة شيخ الكار,4/8/2026,3569,26000957,1081001,سكر 50 كعم 20*50,1.2,375.091,450.109,RMWH
26000956,Closed (مغلق),1171022,حلاوة بلك سادة شيخ الكار,4/8/2026,3569,26000957,1171008,مثبت,64,1.473,94.272,WIP
26000956,Closed (مغلق),1171022,حلاوة بلك سادة شيخ الكار,4/8/2026,3569,26000957,1171005,فانيلا,1.2,14.666,17.599,RMWH
26000956,Closed (مغلق),1171022,حلاوة بلك سادة شيخ الكار,4/8/2026,3569,26000957,1171015,طحينية بلك شيخ الكار حجر,1814,1.475,2675.65,WIP
26000956,Closed (مغلق),1171022,حلاوة بلك سادة شيخ الكار,4/8/2026,3569,26000957,1171001,ملح ليمون,2,0.736,1.472,RMWH
26000957,Closed (مغلق),1171031,حلاوة بلك فستق شيخ الكار,4/8/2026,3247,26000958,1171022,حلاوة بلك سادة شيخ الكار,3205,0.975,3124.875,WIP
26000957,Closed (مغلق),1171031,حلاوة بلك فستق شيخ الكار,4/8/2026,3247,26000958,1171011,فستق حلبي,42,19.062,800.604,RMWH
26000958,Closed (مغلق),1171026,حلاوة بلك شوكولاته شيخ الكار,4/8/2026,66,26000959,1171022,حلاوة بلك سادة شيخ الكار,64,0.975,62.4,WIP
26000958,Closed (مغلق),1171026,حلاوة بلك شوكولاته شيخ الكار,4/8/2026,66,26000959,1171003,كاكاو,2,6,12,WIP
26000959,Closed (مغلق),1021044,شيخ الكار حلاوة 200 غم فستق 1*12,4/8/2026,312,26000960,1181069,كرتون شيخ الكار حلاوة 250 غم مثلث,13,0.169,2.197,PKGWH
26000959,Closed (مغلق),1021044,شيخ الكار حلاوة 200 غم فستق 1*12,4/8/2026,312,26000960,1171031,حلاوة بلك فستق شيخ الكار,62.4,1.23,76.752,WIP
26000959,Closed (مغلق),1021044,شيخ الكار حلاوة 200 غم فستق 1*12,4/8/2026,312,26000960,1181569,علب شيخ الكار حلاوة 200 غم فستق,312,0.088,27.456,PKGWH
26000960,Closed (مغلق),1021039,شيخ الكار حلاوة 700 غم فستق 1*12,4/8/2026,1680,26000961,1181113,"كرتون شيخ الكار حلاوة 700/800 غم (فستق،سادة،شوكولاتة،ملوكي) دمعة",140,0.197,27.58,PKGWH
26000960,Closed (مغلق),1021039,شيخ الكار حلاوة 700 غم فستق 1*12,4/8/2026,1680,26000961,1171031,حلاوة بلك فستق شيخ الكار,1075.2,1.23,1322.496,WIP
26000960,Closed (مغلق),1021039,شيخ الكار حلاوة 700 غم فستق 1*12,4/8/2026,1680,26000961,1181423,علب شيخ الكار حلاوة 700 غم فستق,1680,0.156,262.08,PKGWH
26000961,Closed (مغلق),1021060,شيخ الكار حلاوة 1300 غم فستق 1*6,4/8/2026,486,26000962,1181067,كرتون شيخ الكار حلاوة 1300 غم فستق,81,0.201,16.281,PKGWH
26000961,Closed (مغلق),1021060,شيخ الكار حلاوة 1300 غم فستق 1*6,4/8/2026,486,26000962,1171031,حلاوة بلك فستق شيخ الكار,588.06,1.23,723.314,WIP
26000961,Closed (مغلق),1021060,شيخ الكار حلاوة 1300 غم فستق 1*6,4/8/2026,486,26000962,1181280,علب شيخ الكار حلاوة 1300 غم فستق,486,0.28,136.08,PKGWH
26000962,Closed (مغلق),1021011,شيخ الكار حلاوة 6 كغم فستق 1*4,4/8/2026,1,26000963,1171031,حلاوة بلك فستق شيخ الكار,6,1.23,7.38,WIP
26000962,Closed (مغلق),1021011,شيخ الكار حلاوة 6 كغم فستق 1*4,4/8/2026,1,26000963,1181311,"جاط متعدد حلاوة 6 كغم (فستق،سادة،شوكولاتة) شفاف",1,0.487,0.487,WIP
26000963,Closed (مغلق),1011048,القيسي زيت سيرج 250 غم 1*12,4/8/2026,108,26000964,1181360,قارورة سيرج 250 غم زجاج,108,0.17,18.36,PKGWH
26000963,Closed (مغلق),1011048,القيسي زيت سيرج 250 غم 1*12,4/8/2026,108,26000964,1171018,زيت سيرج بلك,24.84,6.81,169.16,WIP
26000964,Closed (مغلق),1011036,قاسيون طحينية 1كغم مطرة 1*12,4/8/2026,1198,26000965,1181224,مطرة قاسيون طحينية 1 كغم,1198,0.105,125.79,WIP
26000964,Closed (مغلق),1011036,قاسيون طحينية 1كغم مطرة 1*12,4/8/2026,1198,26000965,1181007,كرتون متعدد طحينية 1 كغم مطرة,100,0.284,28.4,WIP
26000964,Closed (مغلق),1011036,قاسيون طحينية 1كغم مطرة 1*12,4/8/2026,1198,26000965,1171015,طحينية بلك شيخ الكار حجر,1198,1.475,1767.05,WIP
26000965,Closed (مغلق),1011027,شيخ الكار طحينية 18 كغم تنك 1*1,4/8/2026,200,26000966,1181301,تنك شيخ الكار طحينية 18 كغم -فارغ,200,1.386,277.2,PKGWH
26000965,Closed (مغلق),1011027,شيخ الكار طحينية 18 كغم تنك 1*1,4/8/2026,200,26000966,1171015,طحينية بلك شيخ الكار حجر,3600,1.475,5310,WIP
26000966,Closed (مغلق),1011007,ميار طحينية 900 غم مطرة 1*12,4/8/2026,408,26000967,1181221,مطرة ميار طحينية 900 غم,408,0.105,42.84,WIP
26000966,Closed (مغلق),1011007,ميار طحينية 900 غم مطرة 1*12,4/8/2026,408,26000967,1181142,كرتون شيخ الكار طحينية 900 غم مطرة,34,0.109,3.706,PKGWH
26000966,Closed (مغلق),1011007,ميار طحينية 900 غم مطرة 1*12,4/8/2026,408,26000967,1171017,طحينية بلك ميار - موسم  كروما,346.8,1.496,518.813,WIP
26000967,Closed (مغلق),1011090,شيخ الكار طحينية 900 غم 1*12 جديد,4/8/2026,2080,26000968,1171015,طحينية بلك شيخ الكار حجر,1768,1.475,2607.8,WIP
26000967,Closed (مغلق),1011090,شيخ الكار طحينية 900 غم 1*12 جديد,4/8/2026,2080,26000968,1181097,كرتون شيخ الكار طحينية 900 غم جديد ابيض,174,0.191,33.234,WIP
26000967,Closed (مغلق),1011090,شيخ الكار طحينية 900 غم 1*12 جديد,4/8/2026,2080,26000968,1181192,قارورة طحينية  شيخ الكار 900 غم  جديد,2080,0.127,264.16,PKGWH
26000968,Closed (مغلق),1011022,شيخ الكار طحينية 3500 غم 1*4,4/8/2026,100,26000969,1171015,طحينية بلك شيخ الكار حجر,350,1.475,516.25,WIP
26000968,Closed (مغلق),1011022,شيخ الكار طحينية 3500 غم 1*4,4/8/2026,100,26000969,1181241,مرتبان متعدد طحينية 3500 غم,100,0.389,38.9,PKGWH
26000968,Closed (مغلق),1011022,شيخ الكار طحينية 3500 غم 1*4,4/8/2026,100,26000969,1181119,كرتون شيخ الكار طحينية 3500 غم,25,1.578,39.45,PKGWH
26000969,Closed (مغلق),1011007,ميار طحينية 900 غم مطرة 1*12,4/8/2026,6,26000970,1181221,مطرة ميار طحينية 900 غم,6,0.105,0.63,WIP
26000969,Closed (مغلق),1011007,ميار طحينية 900 غم مطرة 1*12,4/8/2026,6,26000970,1171017,طحينية بلك ميار - موسم  كروما,5.1,1.496,7.63,WIP
26000970,Closed (مغلق),1011090,شيخ الكار طحينية 900 غم 1*12 جديد,4/8/2026,2,26000971,1171015,طحينية بلك شيخ الكار حجر,1.7,1.475,2.508,WIP
26000970,Closed (مغلق),1011090,شيخ الكار طحينية 900 غم 1*12 جديد,4/8/2026,2,26000971,1181192,قارورة طحينية  شيخ الكار 900 غم  جديد,2,0.127,0.254,WIP
26000971,Closed (مغلق),1011025,شيخ الكار طحينية 600 غم 1*12,4/8/2026,1848,26000972,1181116,كرتون شيخ الكار طحينية 600 غم,154,0.199,30.646,PKGWH
26000971,Closed (مغلق),1011025,شيخ الكار طحينية 600 غم 1*12,4/8/2026,1848,26000972,1181190,مرتبان شيخ الكار طحينية 600 غم,1848,0.119,219.912,PKGWH
26000971,Closed (مغلق),1011025,شيخ الكار طحينية 600 غم 1*12,4/8/2026,1848,26000972,1171015,طحينية بلك شيخ الكار حجر,1108.8,1.475,1635.48,WIP
26000972,Closed (مغلق),1171020,حلاوة بلك سادة ميار - موسم,4/9/2026,2263,26000973,1171010,جلوكوز,375,0.36,135,RMWH
26000972,Closed (مغلق),1171020,حلاوة بلك سادة ميار - موسم,4/9/2026,2263,26000973,1171014,عرق حلاوة,10,1.503,15.03,RMWH
26000972,Closed (مغلق),1171020,حلاوة بلك سادة ميار - موسم,4/9/2026,2263,26000973,1081001,سكر 50 كعم 20*50,0.75,375.091,281.318,RMWH
26000972,Closed (مغلق),1171020,حلاوة بلك سادة ميار - موسم,4/9/2026,2263,26000973,1171008,مثبت,40,1.473,58.92,WIP
26000972,Closed (مغلق),1171020,حلاوة بلك سادة ميار - موسم,4/9/2026,2263,26000973,1171005,فانيلا,0.75,14.666,11,RMWH
26000972,Closed (مغلق),1171020,حلاوة بلك سادة ميار - موسم,4/9/2026,2263,26000973,1171017,طحينية بلك ميار - موسم  كروما,1133,1.496,1694.968,WIP
26000972,Closed (مغلق),1171020,حلاوة بلك سادة ميار - موسم,4/9/2026,2263,26000973,1171001,ملح ليمون,1.25,0.736,0.92,RMWH
26000973,Closed (مغلق),1171022,حلاوة بلك سادة شيخ الكار,4/9/2026,2254,26000974,1171010,جلوكوز,375,0.36,135,RMWH
26000973,Closed (مغلق),1171022,حلاوة بلك سادة شيخ الكار,4/9/2026,2254,26000974,1171014,عرق حلاوة,10,1.503,15.03,RMWH
26000973,Closed (مغلق),1171022,حلاوة بلك سادة شيخ الكار,4/9/2026,2254,26000974,1081001,سكر 50 كعم 20*50,0.75,375.091,281.318,RMWH
26000973,Closed (مغلق),1171022,حلاوة بلك سادة شيخ الكار,4/9/2026,2254,26000974,1171008,مثبت,40,1.473,58.92,WIP
26000973,Closed (مغلق),1171022,حلاوة بلك سادة شيخ الكار,4/9/2026,2254,26000974,1171005,فانيلا,0.75,14.666,11,RMWH
26000973,Closed (مغلق),1171022,حلاوة بلك سادة شيخ الكار,4/9/2026,2254,26000974,1171015,طحينية بلك شيخ الكار حجر,1129,1.475,1665.275,WIP
26000973,Closed (مغلق),1171022,حلاوة بلك سادة شيخ الكار,4/9/2026,2254,26000974,1171001,ملح ليمون,1.25,0.736,0.92,RMWH
26000974,Closed (مغلق),1171031,حلاوة بلك فستق شيخ الكار,4/9/2026,1820,26000975,1171022,حلاوة بلك سادة شيخ الكار,1803.5,0.969,1747.592,WIP
26000974,Closed (مغلق),1171031,حلاوة بلك فستق شيخ الكار,4/9/2026,1820,26000975,1171011,فستق حلبي,16.5,19.239,317.444,RMWH
26000975,Closed (مغلق),1171028,حلاوة بلك فستق ميار,4/9/2026,318,26000976,1171020,حلاوة بلك سادة ميار - موسم,315.5,0.972,306.666,WIP
26000975,Closed (مغلق),1171028,حلاوة بلك فستق ميار,4/9/2026,318,26000976,1171011,فستق حلبي,2.5,19.239,48.098,RMWH
26000976,Closed (مغلق),1021024,الموسم حلاوة 6 كغم فستق 1*4,4/12/2026,632,26000988,1171031,حلاوة بلك فستق شيخ الكار,3792,1.201,4554.192,WIP
26000976,Closed (مغلق),1021024,الموسم حلاوة 6 كغم فستق 1*4,4/12/2026,632,26000988,1181344,جاط مربع حلاوة 5 كغم شفاف متعدد,632,0.606,382.992,PKGWH
26000976,Closed (مغلق),1021024,الموسم حلاوة 6 كغم فستق 1*4,4/12/2026,632,26000988,1181029,كرتون متعدد حلاوة 5 كغم تبروير ولاء,158,0.36,56.88,PKGWH
26000977,Closed (مغلق),1021060,شيخ الكار حلاوة 1300 غم فستق 1*6,4/12/2026,557,26000986,1181067,كرتون شيخ الكار حلاوة 1300 غم فستق,93,0.201,18.693,PKGWH
26000977,Closed (مغلق),1021060,شيخ الكار حلاوة 1300 غم فستق 1*6,4/12/2026,557,26000986,1171031,حلاوة بلك فستق شيخ الكار,673.97,1.202,810.112,WIP
26000977,Closed (مغلق),1021060,شيخ الكار حلاوة 1300 غم فستق 1*6,4/12/2026,557,26000986,1181280,علب شيخ الكار حلاوة 1300 غم فستق,557,0.28,155.96,PKGWH
26000978,Closed (مغلق),1021063,شيخ الكار حلاوة 2300 غم فستق 1*4,4/12/2026,428,26000985,1181065,كرتون شيخ الكار حلاوة 2300 غم فستق,107,0.166,17.762,PKGWH
26000978,Closed (مغلق),1021063,شيخ الكار حلاوة 2300 غم فستق 1*4,4/12/2026,428,26000985,1171031,حلاوة بلك فستق شيخ الكار,930.9,1.202,1118.942,WIP
26000978,Closed (مغلق),1021063,شيخ الكار حلاوة 2300 غم فستق 1*4,4/12/2026,428,26000985,1181435,علب شيخ الكار حلاوة 2300 غم فستق,428,0.32,136.96,PKGWH
26000979,Closed (مغلق),1021039,شيخ الكار حلاوة 700 غم فستق 1*12,4/12/2026,641,26000984,1181113,"كرتون شيخ الكار حلاوة 700/800 غم (فستق،سادة،شوكولاتة،ملوكي) دمعة",53,0.197,10.441,PKGWH
26000979,Closed (مغلق),1021039,شيخ الكار حلاوة 700 غم فستق 1*12,4/12/2026,641,26000984,1171031,حلاوة بلك فستق شيخ الكار,410.24,1.202,493.108,WIP
26000979,Closed (مغلق),1021039,شيخ الكار حلاوة 700 غم فستق 1*12,4/12/2026,641,26000984,1181423,علب شيخ الكار حلاوة 700 غم فستق,641,0.156,99.996,PKGWH
26000980,Closed (مغلق),1021031,ميار حلاوة 1200 غم برش فستق 1*6,4/12/2026,286,26000983,1171028,حلاوة بلك فستق ميار,317.46,1.12,355.555,WIP
26000980,Closed (مغلق),1021031,ميار حلاوة 1200 غم برش فستق 1*6,4/12/2026,286,26000983,1181378,علب ميار حلاوة 1300 غم رشة فستق,286,0.28,80.08,WIP
26000980,Closed (مغلق),1021031,ميار حلاوة 1200 غم برش فستق 1*6,4/12/2026,286,26000983,1181014,كرتون ميار حلاوة 1300 غم رشة فستق,48,0.223,10.704,WIP
26000981,Closed (مغلق),1021001,شيخ الكار حلاوة 5 كغم فستق 1*4,4/12/2026,80,26000982,1171031,حلاوة بلك فستق شيخ الكار,400,1.202,480.8,WIP
26000981,Closed (مغلق),1021001,شيخ الكار حلاوة 5 كغم فستق 1*4,4/12/2026,80,26000982,1181311,"جاط متعدد حلاوة 6 كغم (فستق،سادة،شوكولاتة) شفاف",80,0.487,38.96,PKGWH
26000981,Closed (مغلق),1021001,شيخ الكار حلاوة 5 كغم فستق 1*4,4/12/2026,80,26000982,1181111,"كرتون شيخ الكار حلاوة 6 كغم (فستق،سادة،شوكولاتة)",20,0.555,11.1,PKGWH
26000982,Closed (مغلق),1021058,شيخ الكار حلاوة 5 كغم سادة 1*4,4/12/2026,60,26000981,1181111,"كرتون شيخ الكار حلاوة 6 كغم (فستق،سادة،شوكولاتة)",15,0.555,8.325,PKGWH
26000982,Closed (مغلق),1021058,شيخ الكار حلاوة 5 كغم سادة 1*4,4/12/2026,60,26000981,1171022,حلاوة بلك سادة شيخ الكار,300,0.969,290.7,WIP
26000982,Closed (مغلق),1021058,شيخ الكار حلاوة 5 كغم سادة 1*4,4/12/2026,60,26000981,1181311,"جاط متعدد حلاوة 6 كغم (فستق،سادة،شوكولاتة) شفاف",60,0.487,29.22,PKGWH
26000983,Closed (مغلق),1021057,شيخ الكار حلاوة 5 كغم شوكولاته 1*4,4/12/2026,12,26000980,1181111,"كرتون شيخ الكار حلاوة 6 كغم (فستق،سادة،شوكولاتة)",3,0.555,1.665,WIP
26000983,Closed (مغلق),1021057,شيخ الكار حلاوة 5 كغم شوكولاته 1*4,4/12/2026,12,26000980,1171026,حلاوة بلك شوكولاته شيخ الكار,60,1.129,67.74,WIP
26000983,Closed (مغلق),1021057,شيخ الكار حلاوة 5 كغم شوكولاته 1*4,4/12/2026,12,26000980,1181311,"جاط متعدد حلاوة 6 كغم (فستق،سادة،شوكولاتة) شفاف",12,0.487,5.844,WIP
26000984,Closed (مغلق),1021064,شيخ الكار حلاوة 3 كغم سادة 1*6,4/12/2026,150,26000979,1181156,"كرتون متعدد 3 كغم (فستق،سادة،شوكولاتة)",25,0.5,12.5,PKGWH
26000984,Closed (مغلق),1021064,شيخ الكار حلاوة 3 كغم سادة 1*6,4/12/2026,150,26000979,1171022,حلاوة بلك سادة شيخ الكار,450,0.969,436.05,WIP
26000984,Closed (مغلق),1021064,شيخ الكار حلاوة 3 كغم سادة 1*6,4/12/2026,150,26000979,1181309,جاط شيخ الكار حلاوة 3 كغم سادة,150,0.534,80.1,PKGWH
26000985,Closed (مغلق),1021021,الموسم حلاوة 800 غم سادة 1*12,4/12/2026,1920,26000978,1171020,حلاوة بلك سادة ميار - موسم,1536,0.972,1492.992,WIP
26000985,Closed (مغلق),1021021,الموسم حلاوة 800 غم سادة 1*12,4/12/2026,1920,26000978,1181271,علب الموسم حلاوة 800 غم سادة دمعة,1920,0.111,213.12,PKGWH
26000985,Closed (مغلق),1021021,الموسم حلاوة 800 غم سادة 1*12,4/12/2026,1920,26000978,1181024,كرتون متعدد حلاوة 800 غم دمعة,160,0.203,32.48,PKGWH
26000986,Closed (مغلق),1021020,ميار حلاوة 2200 غم برش فستق 1*4,4/12/2026,27,26000977,1171028,حلاوة بلك فستق ميار,56.025,1.12,62.748,WIP
26000986,Closed (مغلق),1021020,ميار حلاوة 2200 غم برش فستق 1*4,4/12/2026,27,26000977,1181375,علب ميار حلاوة 2300 غم رشة فستق,27,0.306,8.262,WIP
26000987,Closed (مغلق),1171031,حلاوة بلك فستق شيخ الكار,4/10/2026,82,26000987,1171022,حلاوة بلك سادة شيخ الكار,81,0.969,78.489,WIP
26000987,Closed (مغلق),1171031,حلاوة بلك فستق شيخ الكار,4/10/2026,82,26000987,1171011,فستق حلبي,1,19.239,19.239,RMWH
26000988,Closed (مغلق),1171022,حلاوة بلك سادة شيخ الكار,4/12/2026,3160,26000989,1171010,جلوكوز,525,0.36,189,RMWH
26000988,Closed (مغلق),1171022,حلاوة بلك سادة شيخ الكار,4/12/2026,3160,26000989,1171014,عرق حلاوة,14,1.503,21.042,RMWH
26000988,Closed (مغلق),1171022,حلاوة بلك سادة شيخ الكار,4/12/2026,3160,26000989,1081001,سكر 50 كعم 20*50,1.05,375.091,393.846,RMWH
26000988,Closed (مغلق),1171022,حلاوة بلك سادة شيخ الكار,4/12/2026,3160,26000989,1171008,مثبت,56,1.473,82.488,WIP
26000988,Closed (مغلق),1171022,حلاوة بلك سادة شيخ الكار,4/12/2026,3160,26000989,1171005,فانيلا,1.05,14.666,15.399,RMWH
26000988,Closed (مغلق),1171022,حلاوة بلك سادة شيخ الكار,4/12/2026,3160,26000989,1171015,طحينية بلك شيخ الكار حجر,1600,1.475,2360,WIP
26000988,Closed (مغلق),1171022,حلاوة بلك سادة شيخ الكار,4/12/2026,3160,26000989,1171001,ملح ليمون,1.75,0.736,1.288,RMWH
26000989,Closed (مغلق),1011027,شيخ الكار طحينية 18 كغم تنك 1*1,4/12/2026,100,26000990,1181301,تنك شيخ الكار طحينية 18 كغم -فارغ,100,1.386,138.6,PKGWH
26000989,Closed (مغلق),1011027,شيخ الكار طحينية 18 كغم تنك 1*1,4/12/2026,100,26000990,1171015,طحينية بلك شيخ الكار حجر,1800,1.475,2655,WIP
26000990,Closed (مغلق),1021003,شيخ الكار حلاوة 5 كغم سادة (الولاء) 1*1,4/12/2026,740,26000991,1171022,حلاوة بلك سادة شيخ الكار,3700,0.969,3585.3,WIP
26000990,Closed (مغلق),1021003,شيخ الكار حلاوة 5 كغم سادة (الولاء) 1*1,4/12/2026,740,26000991,1181349,جاط شيخ الكار حلاوة 5 كغم سادة (الولاء) غطاء احمر,740,0.645,477.3,WIP
26000990,Closed (مغلق),1021003,شيخ الكار حلاوة 5 كغم سادة (الولاء) 1*1,4/12/2026,740,26000991,1181029,كرتون متعدد حلاوة 5 كغم تبروير ولاء,185,0.36,66.6,WIP
26000991,Closed (مغلق),1171022,حلاوة بلك سادة شيخ الكار,4/13/2026,4086,26000994,1171010,جلوكوز,675,0.36,243,RMWH
26000991,Closed (مغلق),1171022,حلاوة بلك سادة شيخ الكار,4/13/2026,4086,26000994,1171014,عرق حلاوة,18,1.503,27.054,RMWH
26000991,Closed (مغلق),1171022,حلاوة بلك سادة شيخ الكار,4/13/2026,4086,26000994,1081001,سكر 50 كعم 20*50,1.35,375.091,506.373,RMWH
26000991,Closed (مغلق),1171022,حلاوة بلك سادة شيخ الكار,4/13/2026,4086,26000994,1171008,مثبت,72,1.473,106.056,WIP
26000991,Closed (مغلق),1171022,حلاوة بلك سادة شيخ الكار,4/13/2026,4086,26000994,1171005,فانيلا,1.35,14.666,19.799,RMWH
26000991,Closed (مغلق),1171022,حلاوة بلك سادة شيخ الكار,4/13/2026,4086,26000994,1171015,طحينية بلك شيخ الكار حجر,2038,1.539,3136.482,WIP
26000991,Closed (مغلق),1171022,حلاوة بلك سادة شيخ الكار,4/13/2026,4086,26000994,1171001,ملح ليمون,2.25,0.736,1.656,RMWH
26000992,Closed (مغلق),1171015,طحينية بلك شيخ الكار حجر,4/13/2026,30000,26000992,1141002,سمسم خام,26,1278.024,33228.624,RMWH
26000992,Closed (مغلق),1171015,طحينية بلك شيخ الكار حجر,4/13/2026,30000,26000993,1141002,سمسم خام,10,1278.024,12780.24,RMWH
26000992,Closed (مغلق),1171015,طحينية بلك شيخ الكار حجر,4/13/2026,30000,26000992,1171006,ملح,7000,0.025,175,RMWH
26000993,Closed (مغلق),1171029,حلاوة بلك رشة شيخ الكار,4/13/2026,477,26000995,1171022,حلاوة بلك سادة شيخ الكار,473,0.982,464.486,WIP
26000993,Closed (مغلق),1171029,حلاوة بلك رشة شيخ الكار,4/13/2026,477,26000995,1171011,فستق حلبي,4,19.201,76.804,RMWH
26000994,Closed (مغلق),1171031,حلاوة بلك فستق شيخ الكار,4/13/2026,1342,26000996,1171022,حلاوة بلك سادة شيخ الكار,1321,0.982,1297.222,WIP
26000994,Closed (مغلق),1171031,حلاوة بلك فستق شيخ الكار,4/13/2026,1342,26000996,1171011,فستق حلبي,21,19.201,403.221,RMWH
26000995,Closed (مغلق),1171026,حلاوة بلك شوكولاته شيخ الكار,4/13/2026,965,26000997,1171022,حلاوة بلك سادة شيخ الكار,897,0.982,880.854,WIP
26000995,Closed (مغلق),1171026,حلاوة بلك شوكولاته شيخ الكار,4/13/2026,965,26000997,1171003,كاكاو,28,6,168,WIP
26000995,Closed (مغلق),1171026,حلاوة بلك شوكولاته شيخ الكار,4/13/2026,965,26000997,1171015,طحينية بلك شيخ الكار حجر,40,1.539,61.56,WIP
26000996,Closed (مغلق),1021043,شيخ الكار حلاوة 300 غم رشة فستق 1*12,4/13/2026,1800,26000998,1181022,"كرتون متعدد حلاوة 300 غم (فستق،سادة،شوكولاتة) مستطيل",150,0.157,23.55,PKGWH
26000996,Closed (مغلق),1021043,شيخ الكار حلاوة 300 غم رشة فستق 1*12,4/13/2026,1800,26000998,1171029,حلاوة بلك رشة شيخ الكار,477,1.135,541.395,WIP
26000996,Closed (مغلق),1021043,شيخ الكار حلاوة 300 غم رشة فستق 1*12,4/13/2026,1800,26000998,1181431,علب شيخ الكار حلاوة 300 غم رشة فستق,1800,0.099,178.2,PKGWH
26000997,Closed (مغلق),1021048,شيخ الكار حلاوة 300 غم سادة 1*12,4/13/2026,1200,26000999,1181022,"كرتون متعدد حلاوة 300 غم (فستق،سادة،شوكولاتة) مستطيل",99.6,0.157,15.637,PKGWH
26000997,Closed (مغلق),1021048,شيخ الكار حلاوة 300 غم سادة 1*12,4/13/2026,1200,26000999,1171022,حلاوة بلك سادة شيخ الكار,318,0.982,312.276,WIP
26000997,Closed (مغلق),1021048,شيخ الكار حلاوة 300 غم سادة 1*12,4/13/2026,1200,26000999,1181440,علب شيخ الكار حلاوة 300 غم سادة,1200,0.098,117.6,PKGWH
26000998,Closed (مغلق),1171030,حلاوة بلك ملوكي شيخ الكار,4/13/2026,159,26001000,1171022,حلاوة بلك سادة شيخ الكار,156,0.982,153.192,WIP
26000998,Closed (مغلق),1171030,حلاوة بلك ملوكي شيخ الكار,4/13/2026,159,26001000,1171012,مكسرات مشكلة,3,13.271,39.813,RMWH
26000999,Closed (مغلق),1021046,شيخ الكار حلاوة 300 غم كاجو 1*12,4/13/2026,600,26001001,1181022,"كرتون متعدد حلاوة 300 غم (فستق،سادة،شوكولاتة) مستطيل",50,0.157,7.85,WIP
26000999,Closed (مغلق),1021046,شيخ الكار حلاوة 300 غم كاجو 1*12,4/13/2026,600,26001001,1171030,حلاوة بلك ملوكي شيخ الكار,160,1.22,195.2,WIP
26000999,Closed (مغلق),1021046,شيخ الكار حلاوة 300 غم كاجو 1*12,4/13/2026,600,26001001,1181436,علب شيخ الكار حلاوة 300 غم كاجو,600,0.095,57,PKGWH
26001000,Closed (مغلق),1021049,شيخ الكار حلاوة 300 غم شوكولاته 1*12,4/13/2026,1200,26001002,1181022,"كرتون متعدد حلاوة 300 غم (فستق،سادة،شوكولاتة) مستطيل",100,0.157,15.7,PKGWH
26001000,Closed (مغلق),1021049,شيخ الكار حلاوة 300 غم شوكولاته 1*12,4/13/2026,1200,26001002,1171026,حلاوة بلك شوكولاته شيخ الكار,324,1.149,372.276,WIP
26001000,Closed (مغلق),1021049,شيخ الكار حلاوة 300 غم شوكولاته 1*12,4/13/2026,1200,26001002,1181442,علب شيخ الكار حلاوة 300 غم شوكولاتة,1200,0.101,121.2,PKGWH
26001001,Closed (مغلق),1021003,شيخ الكار حلاوة 5 كغم سادة (الولاء) 1*1,4/13/2026,14,26001003,1171020,حلاوة بلك سادة ميار - موسم,70,0.972,68.04,WIP
26001001,Closed (مغلق),1021003,شيخ الكار حلاوة 5 كغم سادة (الولاء) 1*1,4/13/2026,14,26001003,1181349,جاط شيخ الكار حلاوة 5 كغم سادة (الولاء) غطاء احمر,14,0.645,9.03,WIP
26001001,Closed (مغلق),1021003,شيخ الكار حلاوة 5 كغم سادة (الولاء) 1*1,4/13/2026,14,26001003,1181029,كرتون متعدد حلاوة 5 كغم تبروير ولاء,3.5,0.36,1.26,WIP
26001002,Closed (مغلق),1021039,شيخ الكار حلاوة 700 غم فستق 1*12,4/13/2026,145,26001004,1181113,"كرتون شيخ الكار حلاوة 700/800 غم (فستق،سادة،شوكولاتة،ملوكي) دمعة",12.035,0.197,2.371,PKGWH
26001002,Closed (مغلق),1021039,شيخ الكار حلاوة 700 غم فستق 1*12,4/13/2026,145,26001004,1171031,حلاوة بلك فستق شيخ الكار,92.8,1.267,117.578,WIP
26001002,Closed (مغلق),1021039,شيخ الكار حلاوة 700 غم فستق 1*12,4/13/2026,145,26001004,1181423,علب شيخ الكار حلاوة 700 غم فستق,145,0.156,22.62,PKGWH
26001003,Closed (مغلق),1021039,شيخ الكار حلاوة 700 غم فستق 1*12,4/13/2026,1595,26001005,1181113,"كرتون شيخ الكار حلاوة 700/800 غم (فستق،سادة،شوكولاتة،ملوكي) دمعة",133,0.197,26.201,PKGWH
26001003,Closed (مغلق),1021039,شيخ الكار حلاوة 700 غم فستق 1*12,4/13/2026,1595,26001005,1171031,حلاوة بلك فستق شيخ الكار,1020.8,1.267,1293.354,WIP
26001003,Closed (مغلق),1021039,شيخ الكار حلاوة 700 غم فستق 1*12,4/13/2026,1595,26001005,1181423,علب شيخ الكار حلاوة 700 غم فستق,1595,0.156,248.82,PKGWH
26001004,Closed (مغلق),1171022,حلاوة بلك سادة شيخ الكار,4/14/2026,3556,26001006,1171010,جلوكوز,600,0.36,216,RMWH
26001004,Closed (مغلق),1171022,حلاوة بلك سادة شيخ الكار,4/14/2026,3556,26001006,1171014,عرق حلاوة,16,1.503,24.048,RMWH
26001004,Closed (مغلق),1171022,حلاوة بلك سادة شيخ الكار,4/14/2026,3556,26001006,1081001,سكر 50 كعم 20*50,1.2,375.091,450.109,RMWH
26001004,Closed (مغلق),1171022,حلاوة بلك سادة شيخ الكار,4/14/2026,3556,26001006,1171008,مثبت,64,1.473,94.272,WIP
26001004,Closed (مغلق),1171022,حلاوة بلك سادة شيخ الكار,4/14/2026,3556,26001006,1171005,فانيلا,1.2,14.666,17.599,RMWH
26001004,Closed (مغلق),1171022,حلاوة بلك سادة شيخ الكار,4/14/2026,3556,26001006,1171015,طحينية بلك شيخ الكار حجر,1786,1.539,2748.654,WIP
26001004,Closed (مغلق),1171022,حلاوة بلك سادة شيخ الكار,4/14/2026,3556,26001006,1171001,ملح ليمون,2,0.736,1.472,RMWH
26001005,Closed (مغلق),1171031,حلاوة بلك فستق شيخ الكار,4/14/2026,2333,26001008,1171022,حلاوة بلك سادة شيخ الكار,2301,0.991,2280.291,WIP
26001005,Closed (مغلق),1171031,حلاوة بلك فستق شيخ الكار,4/14/2026,2333,26001008,1171011,فستق حلبي,31,16.442,509.702,RMWH
26001006,Closed (مغلق),1171030,حلاوة بلك ملوكي شيخ الكار,4/14/2026,342,26001016,1171022,حلاوة بلك سادة شيخ الكار,324,0.991,321.084,WIP
26001006,Closed (مغلق),1171030,حلاوة بلك ملوكي شيخ الكار,4/14/2026,342,26001016,1171012,مكسرات مشكلة,18,5.862,105.516,RMWH
26001007,Closed (مغلق),1171026,حلاوة بلك شوكولاته شيخ الكار,4/14/2026,484,26001007,1171022,حلاوة بلك سادة شيخ الكار,450,0.991,445.95,WIP
26001007,Closed (مغلق),1171026,حلاوة بلك شوكولاته شيخ الكار,4/14/2026,484,26001007,1171003,كاكاو,14,6,84,WIP
26001007,Closed (مغلق),1171026,حلاوة بلك شوكولاته شيخ الكار,4/14/2026,484,26001007,1171015,طحينية بلك شيخ الكار حجر,20,1.539,30.78,WIP
26001008,Closed (مغلق),1011050,سيلك رود طحينية 1 كغم مطرة 1*12,4/14/2026,1200,26001009,1181225,مطرة سيلك رود طحينية 1 كغم,1200,0.105,126,PKGWH
26001008,Closed (مغلق),1011050,سيلك رود طحينية 1 كغم مطرة 1*12,4/14/2026,1200,26001009,1181007,كرتون متعدد طحينية 1 كغم مطرة,100,0.284,28.4,PKGWH
26001008,Closed (مغلق),1011050,سيلك رود طحينية 1 كغم مطرة 1*12,4/14/2026,1200,26001009,1171015,طحينية بلك شيخ الكار حجر,1200,1.539,1846.8,WIP
26001009,Closed (مغلق),1011029,شيخ الكار طحينية 8 كغم تنك 1*1,4/14/2026,400,26001010,1181555,تنك شيخ الكار طحينية 8 كغم -جديد (برتقالي),400,0.912,364.8,PKGWH
26001009,Closed (مغلق),1011029,شيخ الكار طحينية 8 كغم تنك 1*1,4/14/2026,400,26001010,1181143,كرتون شيخ الكار طحينية 8 كغم تنك,400,0.145,58,PKGWH
26001009,Closed (مغلق),1011029,شيخ الكار طحينية 8 كغم تنك 1*1,4/14/2026,400,26001010,1171015,طحينية بلك شيخ الكار حجر,2972,1.539,4573.908,WIP
26001010,Closed (مغلق),1011025,شيخ الكار طحينية 600 غم 1*12,4/14/2026,1800,26001011,1181116,كرتون شيخ الكار طحينية 600 غم,150,0.199,29.85,PKGWH
26001010,Closed (مغلق),1011025,شيخ الكار طحينية 600 غم 1*12,4/14/2026,1800,26001011,1181190,مرتبان شيخ الكار طحينية 600 غم,1800,0.119,214.2,PKGWH
26001010,Closed (مغلق),1011025,شيخ الكار طحينية 600 غم 1*12,4/14/2026,1800,26001011,1171015,طحينية بلك شيخ الكار حجر,1080,1.539,1662.12,WIP
26001011,Closed (مغلق),1011091,شيخ الكار طحينية 700 غم 1*12,4/14/2026,767,26001012,1171015,طحينية بلك شيخ الكار حجر,498.55,1.539,767.268,WIP
26001011,Closed (مغلق),1011091,شيخ الكار طحينية 700 غم 1*12,4/14/2026,767,26001012,1181191,مرتبان طحينية  شيخ الكار 700 غم  جديد قارورة,767,0.094,72.098,PKGWH
26001011,Closed (مغلق),1011091,شيخ الكار طحينية 700 غم 1*12,4/14/2026,767,26001012,1181066,كرتون شيخ الكار 700 غم قاروة أبيض جديد,64,0.19,12.16,PKGWH
26001012,Closed (مغلق),1021039,شيخ الكار حلاوة 700 غم فستق 1*12,4/14/2026,1498,26001013,1181113,"كرتون شيخ الكار حلاوة 700/800 غم (فستق،سادة،شوكولاتة،ملوكي) دمعة",125,0.197,24.625,PKGWH
26001012,Closed (مغلق),1021039,شيخ الكار حلاوة 700 غم فستق 1*12,4/14/2026,1498,26001013,1171031,حلاوة بلك فستق شيخ الكار,958.72,1.203,1153.34,WIP
26001012,Closed (مغلق),1021039,شيخ الكار حلاوة 700 غم فستق 1*12,4/14/2026,1498,26001013,1181423,علب شيخ الكار حلاوة 700 غم فستق,1498,0.156,233.688,PKGWH
26001013,Closed (مغلق),1021038,شيخ الكار حلاوة 700 غم شوكولاته 1*12,4/14/2026,1399,26001014,1181113,"كرتون شيخ الكار حلاوة 700/800 غم (فستق،سادة،شوكولاتة،ملوكي) دمعة",116.117,0.197,22.875,PKGWH
26001013,Closed (مغلق),1021038,شيخ الكار حلاوة 700 غم شوكولاته 1*12,4/14/2026,1399,26001014,1171026,حلاوة بلك شوكولاته شيخ الكار,895.36,1.153,1032.35,WIP
26001013,Closed (مغلق),1021038,شيخ الكار حلاوة 700 غم شوكولاته 1*12,4/14/2026,1399,26001014,1181422,علب شيخ الكار حلاوة 700 غم شوكولاتة,1399,0.167,233.633,PKGWH
26001014,Closed (مغلق),1021041,شيخ الكار حلاوة 700 غم سادة 1*12,4/14/2026,1201,26001015,1181113,"كرتون شيخ الكار حلاوة 700/800 غم (فستق،سادة،شوكولاتة،ملوكي) دمعة",100,0.197,19.7,PKGWH
26001014,Closed (مغلق),1021041,شيخ الكار حلاوة 700 غم سادة 1*12,4/14/2026,1201,26001015,1171022,حلاوة بلك سادة شيخ الكار,768.64,0.991,761.722,WIP
26001014,Closed (مغلق),1021041,شيخ الكار حلاوة 700 غم سادة 1*12,4/14/2026,1201,26001015,1181425,علب شيخ الكار حلاوة 700 غم سادة,1201,0.15,180.15,PKGWH
26001015,Closed (مغلق),1021059,شيخ الكار حلاوة 800 غم ملوكية بالمكسرات 1*12,4/14/2026,121,26001017,1171030,حلاوة بلك ملوكي شيخ الكار,96.8,1.248,120.806,WIP
26001015,Closed (مغلق),1021059,شيخ الكار حلاوة 800 غم ملوكية بالمكسرات 1*12,4/14/2026,121,26001017,1181460,علب شيخ الكار حلاوة 800 غم ملوكي,120,0.15,18,WIP
26001015,Closed (مغلق),1021059,شيخ الكار حلاوة 800 غم ملوكية بالمكسرات 1*12,4/14/2026,121,26001017,1181109,كرتون شيخ الكار حلاوة 900 غم ملوكي قديم,10,0.673,6.73,WIP
26001016,Closed (مغلق),1021024,الموسم حلاوة 6 كغم فستق 1*4,4/14/2026,195,26001020,1171031,حلاوة بلك فستق شيخ الكار,1170,1.203,1407.51,WIP
26001016,Closed (مغلق),1021024,الموسم حلاوة 6 كغم فستق 1*4,4/14/2026,195,26001020,1181344,جاط مربع حلاوة 5 كغم شفاف متعدد,195,0.606,118.17,WIP
26001016,Closed (مغلق),1021024,الموسم حلاوة 6 كغم فستق 1*4,4/14/2026,195,26001020,1181030,كرتون متعدد حلاوة 5 كغم مربع قديم,49,0.48,23.52,WIP
26001017,Closed (مغلق),1021037,شيخ الكار حلاوة 400 غم فستق 1*12,4/14/2026,660,26001019,1181006,"كرتون متعدد شيخ الكار حلاوة 400 غم (فستق،سادة،شوكولاتة) دمعة",55,0.093,5.115,WIP
26001017,Closed (مغلق),1021037,شيخ الكار حلاوة 400 غم فستق 1*12,4/14/2026,660,26001019,1171031,حلاوة بلك فستق شيخ الكار,264,1.203,317.592,WIP
26001017,Closed (مغلق),1021037,شيخ الكار حلاوة 400 غم فستق 1*12,4/14/2026,660,26001019,1181359,علبة حلاوة شيخ الكار 400 غ فستق دمعة,660,0.088,58.08,PKGWH
26001018,Closed (مغلق),1171031,حلاوة بلك فستق شيخ الكار,4/15/2026,20,26001028,1171022,حلاوة بلك سادة شيخ الكار,19.64,0.991,19.463,WIP
26001018,Closed (مغلق),1171031,حلاوة بلك فستق شيخ الكار,4/15/2026,20,26001028,1171011,فستق حلبي,0.36,16.442,5.919,WIP
26001019,Closed (مغلق),1011021,شيخ الكار طحينية 5 كغم 1*4,4/15/2026,100,26001030,1181002,كرتون متعدد طحينية 5 كغم بدون طباعة,25,2.489,62.225,PKGWH
26001019,Closed (مغلق),1011021,شيخ الكار طحينية 5 كغم 1*4,4/15/2026,100,26001030,1181185,مرتبان شيخ الكار طحينية 5 كغم,100,0.565,56.5,PKGWH
26001019,Closed (مغلق),1011021,شيخ الكار طحينية 5 كغم 1*4,4/15/2026,100,26001030,1171015,طحينية بلك شيخ الكار حجر,500,1.539,769.5,WIP
26001020,Closed (مغلق),1011022,شيخ الكار طحينية 3500 غم 1*4,4/15/2026,100,26001031,1171015,طحينية بلك شيخ الكار حجر,350,1.539,538.65,WIP
26001020,Closed (مغلق),1011022,شيخ الكار طحينية 3500 غم 1*4,4/15/2026,100,26001031,1181241,مرتبان متعدد طحينية 3500 غم,100,0.389,38.9,PKGWH
26001020,Closed (مغلق),1011022,شيخ الكار طحينية 3500 غم 1*4,4/15/2026,100,26001031,1181119,كرتون شيخ الكار طحينية 3500 غم,25,1.578,39.45,PKGWH
26001021,Closed (مغلق),1011033,شيخ الكار طحينية 15 كغم تنك 1*1,4/16/2026,400,26001032,1171015,طحينية بلك شيخ الكار حجر,5700,1.539,8772.3,WIP
26001021,Closed (مغلق),1011033,شيخ الكار طحينية 15 كغم تنك 1*1,4/16/2026,400,26001032,1181304,تنك شيخ الكار طحينية 15 كغم -فارغ,400,1.202,480.8,PKGWH
26001022,Closed (مغلق),1011028,شيخ الكار طحينية 9 كغم تنك 1*1,4/16/2026,600,26001033,1181312,تنك شيخ الكار طحينية 9 كغم -فارغ,600,0.962,577.2,PKGWH
26001022,Closed (مغلق),1011028,شيخ الكار طحينية 9 كغم تنك 1*1,4/16/2026,600,26001033,1171015,طحينية بلك شيخ الكار حجر,4980,1.539,7664.22,WIP
26001023,Closed (مغلق),1011035,شيخ الكار طحينية 18 كغم سطل 1*1,4/16/2026,288,26001034,1181357,"سطل متعدد طحينية 18 كغم سادة (زيدان،الوادي،نابت)",288,0.639,184.032,PKGWH
26001023,Closed (مغلق),1011035,شيخ الكار طحينية 18 كغم سطل 1*1,4/16/2026,288,26001034,1181004,كرتون متعدد طحينية 18 كغم متعدد,288,0.372,107.136,PKGWH
26001023,Closed (مغلق),1011035,شيخ الكار طحينية 18 كغم سطل 1*1,4/16/2026,288,26001034,1171015,طحينية بلك شيخ الكار حجر,5184,1.539,7978.176,WIP
26001024,Closed (مغلق),1011017,الموسم طحينية 10 كغ تنك 1*1,4/19/2026,360,26001035,1171017,طحينية بلك ميار - موسم  كروما,3348,1.496,5008.608,WIP
26001024,Closed (مغلق),1011017,الموسم طحينية 10 كغ تنك 1*1,4/19/2026,360,26001035,1181317,تنك الموسم طحينية 10 كغم -فارغ,360,1.1,396,WIP
26001025,Closed (مغلق),1011035,شيخ الكار طحينية 18 كغم سطل 1*1,4/19/2026,192,26001036,1181357,"سطل متعدد طحينية 18 كغم سادة (زيدان،الوادي،نابت)",192,0.639,122.688,PKGWH
26001025,Closed (مغلق),1011035,شيخ الكار طحينية 18 كغم سطل 1*1,4/19/2026,192,26001036,1171015,طحينية بلك شيخ الكار حجر,3456,1.539,5318.784,WIP
26001026,Closed (مغلق),1011022,شيخ الكار طحينية 3500 غم 1*4,4/19/2026,1,26001037,1171015,طحينية بلك شيخ الكار حجر,3.5,1.539,5.387,WIP
26001026,Closed (مغلق),1011022,شيخ الكار طحينية 3500 غم 1*4,4/19/2026,1,26001037,1181241,مرتبان متعدد طحينية 3500 غم,1,0.389,0.389,PKGWH
26001026,Closed (مغلق),1011022,شيخ الكار طحينية 3500 غم 1*4,4/19/2026,1,26001037,1181119,كرتون شيخ الكار طحينية 3500 غم,0.25,1.578,0.395,PKGWH
26001027,Closed (مغلق),1011090,شيخ الكار طحينية 900 غم 1*12 جديد,4/19/2026,3732,26001040,1171015,طحينية بلك شيخ الكار حجر,3172.2,1.13,3584.586,WIP
26001027,Closed (مغلق),1011090,شيخ الكار طحينية 900 غم 1*12 جديد,4/19/2026,3732,26001040,1181097,كرتون شيخ الكار طحينية 900 غم جديد ابيض,311,0.191,59.401,PKGWH
26001027,Closed (مغلق),1011090,شيخ الكار طحينية 900 غم 1*12 جديد,4/19/2026,3732,26001040,1181192,قارورة طحينية  شيخ الكار 900 غم  جديد,3732,0.127,473.964,PKGWH
26001028,Closed (مغلق),1011094,شيخ الكار طحينية 500 غم 1*12,4/19/2026,2064,26001039,1171015,طحينية بلك شيخ الكار حجر,928.8,1.13,1049.544,WIP
26001028,Closed (مغلق),1011094,شيخ الكار طحينية 500 غم 1*12,4/19/2026,2064,26001039,1181194,مرتبان طحينية  شيخ الكار 500 غم  جديد قاروره,2064,0.079,163.056,PKGWH
26001028,Closed (مغلق),1011094,شيخ الكار طحينية 500 غم 1*12,4/19/2026,2064,26001039,1181087,كرتون شيخ الكار 500 غم قارورة  أبيض جديد,172,0.164,28.208,PKGWH
26001029,Closed (مغلق),1011006,شيخ الكار طحينية 300 غم 1*12 جديد,4/19/2026,1499,26001041,1171015,طحينية بلك شيخ الكار حجر,397.235,1.13,448.876,WIP
26001029,Closed (مغلق),1011006,شيخ الكار طحينية 300 غم 1*12 جديد,4/19/2026,1499,26001041,1181086,كرتون شيخ الكار طحينية 300 غم قارورة ابيض,125,0.13,16.25,PKGWH
26001029,Closed (مغلق),1011006,شيخ الكار طحينية 300 غم 1*12 جديد,4/19/2026,1499,26001041,1181189,مرتبان شيخ الكار طحينية 300 غم جديد قارورة,1499,0.08,119.92,PKGWH
26001030,Closed (مغلق),1171015,طحينية بلك شيخ الكار حجر,4/19/2026,30000,26001038,1141002,سمسم خام,36,930.107,33483.852,RMWH
26001030,Closed (مغلق),1171015,طحينية بلك شيخ الكار حجر,4/19/2026,30000,26001038,1171006,ملح,6750,0.025,168.75,RMWH
26001031,Closed (مغلق),1171016,حلاوة بلك دايت,4/20/2026,602,26001042,1171008,مثبت,10,1.473,14.73,WIP
26001031,Closed (مغلق),1171016,حلاوة بلك دايت,4/20/2026,602,26001042,1171005,فانيلا,0.2,14.666,2.933,RMWH
26001031,Closed (مغلق),1171016,حلاوة بلك دايت,4/20/2026,602,26001042,1171014,عرق حلاوة,3,1.503,4.509,RMWH
26001031,Closed (مغلق),1171016,حلاوة بلك دايت,4/20/2026,602,26001042,1171015,طحينية بلك شيخ الكار حجر,295,1.13,333.35,WIP
26001031,Closed (مغلق),1171016,حلاوة بلك دايت,4/20/2026,602,26001042,1171007,قطر دايت,21,1.43,30.03,RMWH
26001031,Closed (مغلق),1171016,حلاوة بلك دايت,4/20/2026,602,26001042,1171009,بديل السكر,300,2.737,821.1,RMWH
26001032,Closed (مغلق),1171022,حلاوة بلك سادة شيخ الكار,4/20/2026,443.5,26001043,1171010,جلوكوز,75,0.36,27,RMWH
26001032,Closed (مغلق),1171022,حلاوة بلك سادة شيخ الكار,4/20/2026,443.5,26001043,1171014,عرق حلاوة,2,1.503,3.006,RMWH
26001032,Closed (مغلق),1171022,حلاوة بلك سادة شيخ الكار,4/20/2026,443.5,26001043,1081001,سكر 50 كعم 20*50,0.15,375.091,56.264,RMWH
26001032,Closed (مغلق),1171022,حلاوة بلك سادة شيخ الكار,4/20/2026,443.5,26001043,1171008,مثبت,8,1.473,11.784,RMWH
26001032,Closed (مغلق),1171022,حلاوة بلك سادة شيخ الكار,4/20/2026,443.5,26001043,1171005,فانيلا,0.15,14.666,2.2,RMWH
26001032,Closed (مغلق),1171022,حلاوة بلك سادة شيخ الكار,4/20/2026,443.5,26001043,1171015,طحينية بلك شيخ الكار حجر,219,1.13,247.47,WIP
26001032,Closed (مغلق),1171022,حلاوة بلك سادة شيخ الكار,4/20/2026,443.5,26001043,1171001,ملح ليمون,0.25,0.736,0.184,RMWH
26001033,Closed (مغلق),1171026,حلاوة بلك شوكولاته شيخ الكار,4/20/2026,98.5,26001044,1171022,حلاوة بلك سادة شيخ الكار,92.5,0.955,88.338,WIP
26001033,Closed (مغلق),1171026,حلاوة بلك شوكولاته شيخ الكار,4/20/2026,98.5,26001044,1171003,كاكاو,3,6,18,WIP
26001033,Closed (مغلق),1171026,حلاوة بلك شوكولاته شيخ الكار,4/20/2026,98.5,26001044,1171015,طحينية بلك شيخ الكار حجر,3,1.13,3.39,WIP
26001034,Closed (مغلق),1171031,حلاوة بلك فستق شيخ الكار,4/20/2026,257.5,26001045,1171022,حلاوة بلك سادة شيخ الكار,255,0.955,243.525,WIP
26001034,Closed (مغلق),1171031,حلاوة بلك فستق شيخ الكار,4/20/2026,257.5,26001045,1171011,فستق حلبي,2.5,16.442,41.105,RMWH
26001035,Closed (مغلق),1021047,شيخ الكار حلاوة 400 غم سادة دايت 1*12,4/20/2026,1757,26001051,1181006,"كرتون متعدد شيخ الكار حلاوة 400 غم (فستق،سادة،شوكولاتة) دمعة",146,0.093,13.578,PKGWH
26001035,Closed (مغلق),1021047,شيخ الكار حلاوة 400 غم سادة دايت 1*12,4/20/2026,1757,26001051,1171016,حلاوة بلك دايت,702.8,1.933,1358.512,WIP
26001035,Closed (مغلق),1021047,شيخ الكار حلاوة 400 غم سادة دايت 1*12,4/20/2026,1757,26001051,1181438,علب شيخ الكار حلاوة 400 غم دايت,1757,0.099,173.943,SAHABWH
26001036,Closed (مغلق),1021050,شيخ الكار حلاوة 800 غم سادة 1*12,4/20/2026,120,26001050,1181113,"كرتون شيخ الكار حلاوة 700/800 غم (فستق،سادة،شوكولاتة،ملوكي) دمعة",10,0.197,1.97,PKGWH
26001036,Closed (مغلق),1021050,شيخ الكار حلاوة 800 غم سادة 1*12,4/20/2026,120,26001050,1171022,حلاوة بلك سادة شيخ الكار,96,0.955,91.68,WIP
26001036,Closed (مغلق),1021050,شيخ الكار حلاوة 800 غم سادة 1*12,4/20/2026,120,26001050,1181462,علب شيخ الكار حلاوة 800 غم سادة,120,0.15,18,PKGWH
26001037,Closed (مغلق),1021061,شيخ الكار حلاوة 800 غم شوكولاته 1*12,4/20/2026,120,26001049,1181113,"كرتون شيخ الكار حلاوة 700/800 غم (فستق،سادة،شوكولاتة،ملوكي) دمعة",10,0.197,1.97,PKGWH
26001037,Closed (مغلق),1021061,شيخ الكار حلاوة 800 غم شوكولاته 1*12,4/20/2026,120,26001049,1171026,حلاوة بلك شوكولاته شيخ الكار,96,1.13,108.48,WIP
26001037,Closed (مغلق),1021061,شيخ الكار حلاوة 800 غم شوكولاته 1*12,4/20/2026,120,26001049,1181464,علب شيخ الكار حلاوة 800 غم شوكولاتة,120,0.15,18,PKGWH
26001038,Closed (مغلق),1021062,شيخ الكار حلاوة 800 غم فستق 1*12,4/20/2026,180,26001048,1181113,"كرتون شيخ الكار حلاوة 700/800 غم (فستق،سادة،شوكولاتة،ملوكي) دمعة",15,0.197,2.955,PKGWH
26001038,Closed (مغلق),1021062,شيخ الكار حلاوة 800 غم فستق 1*12,4/20/2026,180,26001048,1171031,حلاوة بلك فستق شيخ الكار,144,1.105,159.12,WIP
26001038,Closed (مغلق),1021062,شيخ الكار حلاوة 800 غم فستق 1*12,4/20/2026,180,26001048,1181458,علب شيخ الكار حلاوة 800 غم فستق,180,0.15,27,PKGWH
26001039,Closed (مغلق),1021063,شيخ الكار حلاوة 2300 غم فستق 1*4,4/20/2026,51,26001047,1181065,كرتون شيخ الكار حلاوة 2300 غم فستق,13,0.166,2.158,PKGWH
26001039,Closed (مغلق),1021063,شيخ الكار حلاوة 2300 غم فستق 1*4,4/20/2026,51,26001047,1171031,حلاوة بلك فستق شيخ الكار,110.925,1.105,122.572,WIP
26001039,Closed (مغلق),1021063,شيخ الكار حلاوة 2300 غم فستق 1*4,4/20/2026,51,26001047,1181435,علب شيخ الكار حلاوة 2300 غم فستق,51,0.32,16.32,PKGWH
26001040,Closed (مغلق),1021039,شيخ الكار حلاوة 700 غم فستق 1*12,4/20/2026,4,26001046,1171031,حلاوة بلك فستق شيخ الكار,2.56,1.105,2.829,WIP
26001040,Closed (مغلق),1021039,شيخ الكار حلاوة 700 غم فستق 1*12,4/20/2026,4,26001046,1181423,علب شيخ الكار حلاوة 700 غم فستق,4,0.156,0.624,PKGWH
26001041,Closed (مغلق),1171020,حلاوة بلك سادة ميار - موسم,4/21/2026,5035,26001052,1171010,جلوكوز,825,0.36,297,RMWH
26001041,Closed (مغلق),1171020,حلاوة بلك سادة ميار - موسم,4/21/2026,5035,26001052,1171014,عرق حلاوة,22,1.503,33.066,RMWH
26001041,Closed (مغلق),1171020,حلاوة بلك سادة ميار - موسم,4/21/2026,5035,26001052,1081001,سكر 50 كعم 20*50,1.65,375.091,618.9,RMWH
26001041,Closed (مغلق),1171020,حلاوة بلك سادة ميار - موسم,4/21/2026,5035,26001052,1171008,مثبت,88,1.473,129.624,RMWH
26001041,Closed (مغلق),1171020,حلاوة بلك سادة ميار - موسم,4/21/2026,5035,26001052,1171005,فانيلا,1.65,14.666,24.199,RMWH
26001041,Closed (مغلق),1171020,حلاوة بلك سادة ميار - موسم,4/21/2026,5035,26001052,1171017,طحينية بلك ميار - موسم  كروما,2513,1.496,3759.448,WIP
26001041,Closed (مغلق),1171020,حلاوة بلك سادة ميار - موسم,4/21/2026,5035,26001052,1171001,ملح ليمون,2.75,0.736,2.024,RMWH
26001042,Closed (مغلق),1171020,حلاوة بلك سادة ميار - موسم,4/22/2026,5550,26001053,1171010,جلوكوز,900,0.36,324,RMWH
26001042,Closed (مغلق),1171020,حلاوة بلك سادة ميار - موسم,4/22/2026,5550,26001053,1171014,عرق حلاوة,26.4,1.503,39.679,RMWH
26001042,Closed (مغلق),1171020,حلاوة بلك سادة ميار - موسم,4/22/2026,5550,26001053,1081001,سكر 50 كعم 20*50,1.8,375.091,675.164,RMWH
26001042,Closed (مغلق),1171020,حلاوة بلك سادة ميار - موسم,4/22/2026,5550,26001053,1171008,مثبت,96,1.473,141.408,RMWH
26001042,Closed (مغلق),1171020,حلاوة بلك سادة ميار - موسم,4/22/2026,5550,26001053,1171005,فانيلا,1.8,14.666,26.399,RMWH
26001042,Closed (مغلق),1171020,حلاوة بلك سادة ميار - موسم,4/22/2026,5550,26001053,1171017,طحينية بلك ميار - موسم  كروما,2756,1.496,4122.976,WIP
26001042,Closed (مغلق),1171020,حلاوة بلك سادة ميار - موسم,4/22/2026,5550,26001053,1171001,ملح ليمون,3,0.736,2.208,RMWH
26001043,Closed (مغلق),1011063,النور طحينية 500 غم 1*12,4/22/2026,12000,26001054,1181043,مرتبان النور طحينية 500 غم,12000,0.145,1740,PKGWH
26001043,Closed (مغلق),1011063,النور طحينية 500 غم 1*12,4/22/2026,12000,26001054,1181390,كرتون النور طحينية 500 غم,1000,0.19,190,PKGWH
26001043,Closed (مغلق),1011063,النور طحينية 500 غم 1*12,4/22/2026,12000,26001054,1171015,طحينية بلك شيخ الكار حجر,6000,1.13,6780,WIP
26001044,Closed (مغلق),1011027,شيخ الكار طحينية 18 كغم تنك 1*1,4/22/2026,10,26001055,1181301,تنك شيخ الكار طحينية 18 كغم -فارغ,10,1.386,13.86,PKGWH
26001044,Closed (مغلق),1011027,شيخ الكار طحينية 18 كغم تنك 1*1,4/22/2026,10,26001055,1171015,طحينية بلك شيخ الكار حجر,180,1.13,203.4,WIP
26001045,Closed (مغلق),1011027,شيخ الكار طحينية 18 كغم تنك 1*1,4/22/2026,10,26001056,1011027,شيخ الكار طحينية 18 كغم تنك 1*1,10,27.745,277.45,FGWH
26001046,Closed (مغلق),1011063,النور طحينية 500 غم 1*12,4/22/2026,12000,26001057,1011063,النور طحينية 500 غم 1*12,12000,0.806,9672,FGWH
26001047,Canceled (ملغي),1171015,طحينية بلك شيخ الكار حجر,4/22/2026,0,26001058,1141002,سمسم خام,36,710.45,25576.2,WIP
26001047,Canceled (ملغي),1171015,طحينية بلك شيخ الكار حجر,4/22/2026,0,26001058,1171006,ملح,6750,0.025,168.75,WIP
26001048,Closed (مغلق),1171015,طحينية بلك شيخ الكار حجر,4/22/2026,25589.293,26001059,1171015,طحينية بلك شيخ الكار حجر,25589.293,1.13,28915.901,WIP
26001049,Closed (مغلق),1171015,طحينية بلك شيخ الكار حجر,4/22/2026,30000,26001061,1141002,سمسم خام,36,871.143,31361.148,RMWH
26001049,Closed (مغلق),1171015,طحينية بلك شيخ الكار حجر,4/22/2026,30000,26001061,1171006,ملح,6750,0.025,168.75,RMWH
26001050,Closed (مغلق),1011027,شيخ الكار طحينية 18 كغم تنك 1*1,4/22/2026,10,26001062,1181301,تنك شيخ الكار طحينية 18 كغم -فارغ,10,1.386,13.86,WIP
26001050,Closed (مغلق),1011027,شيخ الكار طحينية 18 كغم تنك 1*1,4/22/2026,10,26001062,1171015,طحينية بلك شيخ الكار حجر,180,1.051,189.18,WIP
26001051,Closed (مغلق),1011063,النور طحينية 500 غم 1*12,4/22/2026,12000,26001063,1181043,مرتبان النور طحينية 500 غم,12000,0.145,1740,WIP
26001051,Closed (مغلق),1011063,النور طحينية 500 غم 1*12,4/22/2026,12000,26001063,1181390,كرتون النور طحينية 500 غم,1000,0.19,190,PKGWH
26001051,Closed (مغلق),1011063,النور طحينية 500 غم 1*12,4/22/2026,12000,26001063,1171015,طحينية بلك شيخ الكار حجر,6000,1.051,6306,WIP
26001052,Closed (مغلق),1021003,شيخ الكار حلاوة 5 كغم سادة (الولاء) 1*1,4/22/2026,562,26001064,1171020,حلاوة بلك سادة ميار - موسم,2810,0.964,2708.84,WIP
26001052,Closed (مغلق),1021003,شيخ الكار حلاوة 5 كغم سادة (الولاء) 1*1,4/22/2026,562,26001064,1181349,جاط شيخ الكار حلاوة 5 كغم سادة (الولاء) غطاء احمر,562,0.683,383.846,PKGWH
26001052,Closed (مغلق),1021003,شيخ الكار حلاوة 5 كغم سادة (الولاء) 1*1,4/22/2026,562,26001064,1181029,كرتون متعدد حلاوة 5 كغم تبروير ولاء,140.5,0.36,50.58,PKGWH
26001053,Closed (مغلق),1011059,النور طحينية 1 كغم 1*12,4/22/2026,7392,26001065,1171015,طحينية بلك شيخ الكار حجر,7392,1.051,7768.992,WIP
26001053,Closed (مغلق),1011059,النور طحينية 1 كغم 1*12,4/22/2026,7392,26001065,1181393,كرتون النور طحينية 1 كغم,616,0.308,189.728,PKGWH
26001053,Closed (مغلق),1011059,النور طحينية 1 كغم 1*12,4/22/2026,7392,26001065,1181038,مرتبان النور طحينية 1 كغم,7392,0.203,1500.576,PKGWH
26001054,Closed (مغلق),1011027,شيخ الكار طحينية 18 كغم تنك 1*1,4/23/2026,200,26001066,1181301,تنك شيخ الكار طحينية 18 كغم -فارغ,200,1.386,277.2,PKGWH
26001054,Closed (مغلق),1011027,شيخ الكار طحينية 18 كغم تنك 1*1,4/23/2026,200,26001066,1171015,طحينية بلك شيخ الكار حجر,3600,1.051,3783.6,WIP
26001055,Closed (مغلق),1171022,حلاوة بلك سادة شيخ الكار,4/23/2026,4156,26001067,1171010,جلوكوز,675,0.36,243,RMWH
26001055,Closed (مغلق),1171022,حلاوة بلك سادة شيخ الكار,4/23/2026,4156,26001067,1171014,عرق حلاوة,18,1.503,27.054,RMWH
26001055,Closed (مغلق),1171022,حلاوة بلك سادة شيخ الكار,4/23/2026,4156,26001067,1081001,سكر 50 كعم 20*50,1.35,381.076,514.453,RMWH
26001055,Closed (مغلق),1171022,حلاوة بلك سادة شيخ الكار,4/23/2026,4156,26001067,1171008,مثبت,72,1.473,106.056,RMWH
26001055,Closed (مغلق),1171022,حلاوة بلك سادة شيخ الكار,4/23/2026,4156,26001067,1171005,فانيلا,1.35,14.666,19.799,RMWH
26001055,Closed (مغلق),1171022,حلاوة بلك سادة شيخ الكار,4/23/2026,4156,26001067,1171015,طحينية بلك شيخ الكار حجر,2080,1.051,2186.08,WIP
26001055,Closed (مغلق),1171022,حلاوة بلك سادة شيخ الكار,4/23/2026,4156,26001067,1171001,ملح ليمون,2.25,0.736,1.656,RMWH
26001056,Closed (مغلق),1171020,حلاوة بلك سادة ميار - موسم,4/23/2026,430,26001068,1171010,جلوكوز,69.66,0.36,25.078,RMWH
26001056,Closed (مغلق),1171020,حلاوة بلك سادة ميار - موسم,4/23/2026,430,26001068,1171014,عرق حلاوة,1.858,1.503,2.793,RMWH
26001056,Closed (مغلق),1171020,حلاوة بلك سادة ميار - موسم,4/23/2026,430,26001068,1081001,سكر 50 كعم 20*50,0.139,381.076,52.97,RMWH
26001056,Closed (مغلق),1171020,حلاوة بلك سادة ميار - موسم,4/23/2026,430,26001068,1171008,مثبت,7.43,1.473,10.944,WIP
26001056,Closed (مغلق),1171020,حلاوة بلك سادة ميار - موسم,4/23/2026,430,26001068,1171005,فانيلا,0.139,14.666,2.039,RMWH
26001056,Closed (مغلق),1171020,حلاوة بلك سادة ميار - موسم,4/23/2026,430,26001068,1171017,طحينية بلك ميار - موسم  كروما,211.216,1.496,315.979,WIP
26001056,Closed (مغلق),1171020,حلاوة بلك سادة ميار - موسم,4/23/2026,430,26001068,1171001,ملح ليمون,0.239,0.736,0.176,RMWH
26001057,Closed (مغلق),1171031,حلاوة بلك فستق شيخ الكار,4/23/2026,1285,26001069,1171022,حلاوة بلك سادة شيخ الكار,1267.5,0.815,1033.013,WIP
26001057,Closed (مغلق),1171031,حلاوة بلك فستق شيخ الكار,4/23/2026,1285,26001069,1171011,فستق حلبي,17.5,16.442,287.735,RMWH
26001058,Closed (مغلق),1171026,حلاوة بلك شوكولاته شيخ الكار,4/23/2026,968,26001070,1171022,حلاوة بلك سادة شيخ الكار,902,0.815,735.13,WIP
26001058,Closed (مغلق),1171026,حلاوة بلك شوكولاته شيخ الكار,4/23/2026,968,26001070,1171003,كاكاو,26,6,156,RMWH
26001058,Closed (مغلق),1171026,حلاوة بلك شوكولاته شيخ الكار,4/23/2026,968,26001070,1171015,طحينية بلك شيخ الكار حجر,40,1.051,42.04,WIP
26001059,Closed (مغلق),1021062,شيخ الكار حلاوة 800 غم فستق 1*12,4/23/2026,120,26001071,1181113,"كرتون شيخ الكار حلاوة 700/800 غم (فستق،سادة،شوكولاتة،ملوكي) دمعة",10,0.197,1.97,PKGWH
26001059,Closed (مغلق),1021062,شيخ الكار حلاوة 800 غم فستق 1*12,4/23/2026,120,26001071,1171031,حلاوة بلك فستق شيخ الكار,96,1.028,98.688,WIP
26001059,Closed (مغلق),1021062,شيخ الكار حلاوة 800 غم فستق 1*12,4/23/2026,120,26001071,1181458,علب شيخ الكار حلاوة 800 غم فستق,120,0.15,18,PKGWH
26001060,Closed (مغلق),1021050,شيخ الكار حلاوة 800 غم سادة 1*12,4/23/2026,120,26001072,1181113,"كرتون شيخ الكار حلاوة 700/800 غم (فستق،سادة،شوكولاتة،ملوكي) دمعة",10,0.197,1.97,PKGWH
26001060,Closed (مغلق),1021050,شيخ الكار حلاوة 800 غم سادة 1*12,4/23/2026,120,26001072,1171022,حلاوة بلك سادة شيخ الكار,96,0.815,78.24,WIP
26001060,Closed (مغلق),1021050,شيخ الكار حلاوة 800 غم سادة 1*12,4/23/2026,120,26001072,1181462,علب شيخ الكار حلاوة 800 غم سادة,120,0.15,18,PKGWH
26001061,Closed (مغلق),1021061,شيخ الكار حلاوة 800 غم شوكولاته 1*12,4/23/2026,120,26001073,1181113,"كرتون شيخ الكار حلاوة 700/800 غم (فستق،سادة،شوكولاتة،ملوكي) دمعة",10,0.197,1.97,PKGWH
26001061,Closed (مغلق),1021061,شيخ الكار حلاوة 800 غم شوكولاته 1*12,4/23/2026,120,26001073,1171026,حلاوة بلك شوكولاته شيخ الكار,96,0.976,93.696,WIP
26001061,Closed (مغلق),1021061,شيخ الكار حلاوة 800 غم شوكولاته 1*12,4/23/2026,120,26001073,1181464,علب شيخ الكار حلاوة 800 غم شوكولاتة,120,0.15,18,PKGWH
26001062,Closed (مغلق),1021037,شيخ الكار حلاوة 400 غم فستق 1*12,4/23/2026,24,26001074,1181006,"كرتون متعدد شيخ الكار حلاوة 400 غم (فستق،سادة،شوكولاتة) دمعة",2,0.093,0.186,WIP
26001062,Closed (مغلق),1021037,شيخ الكار حلاوة 400 غم فستق 1*12,4/23/2026,24,26001074,1171031,حلاوة بلك فستق شيخ الكار,9.6,1.028,9.869,WIP
26001062,Closed (مغلق),1021037,شيخ الكار حلاوة 400 غم فستق 1*12,4/23/2026,24,26001074,1181359,علبة حلاوة شيخ الكار 400 غ فستق دمعة,24,0.088,2.112,PKGWH
26001063,Closed (مغلق),1021060,شيخ الكار حلاوة 1300 غم فستق 1*6,4/23/2026,3,26001075,1171031,حلاوة بلك فستق شيخ الكار,3.63,1.028,3.732,WIP
26001063,Closed (مغلق),1021060,شيخ الكار حلاوة 1300 غم فستق 1*6,4/23/2026,3,26001075,1181280,علب شيخ الكار حلاوة 1300 غم فستق,3,0.308,0.924,WIP
26001064,Closed (مغلق),1011090,شيخ الكار طحينية 900 غم 1*12 جديد,4/23/2026,20,26001076,1171015,طحينية بلك شيخ الكار حجر,17,1.051,17.867,WIP
26001064,Closed (مغلق),1011090,شيخ الكار طحينية 900 غم 1*12 جديد,4/23/2026,20,26001076,1181192,قارورة طحينية  شيخ الكار 900 غم  جديد,20,0.127,2.54,WIP
26001065,Closed (مغلق),1171022,حلاوة بلك سادة شيخ الكار,4/26/2026,1298,26001077,1171010,جلوكوز,225,0.36,81,RMWH
26001065,Closed (مغلق),1171022,حلاوة بلك سادة شيخ الكار,4/26/2026,1298,26001077,1171014,عرق حلاوة,6,1.503,9.018,RMWH
26001065,Closed (مغلق),1171022,حلاوة بلك سادة شيخ الكار,4/26/2026,1298,26001077,1081001,سكر 50 كعم 20*50,0.45,381.076,171.484,RMWH
26001065,Closed (مغلق),1171022,حلاوة بلك سادة شيخ الكار,4/26/2026,1298,26001077,1171008,مثبت,24,1.473,35.352,WIP
26001065,Closed (مغلق),1171022,حلاوة بلك سادة شيخ الكار,4/26/2026,1298,26001077,1171005,فانيلا,0.45,14.666,6.6,RMWH
26001065,Closed (مغلق),1171022,حلاوة بلك سادة شيخ الكار,4/26/2026,1298,26001077,1171015,طحينية بلك شيخ الكار حجر,663,1.051,696.813,WIP
26001065,Closed (مغلق),1171022,حلاوة بلك سادة شيخ الكار,4/26/2026,1298,26001077,1171001,ملح ليمون,0.75,0.736,0.552,RMWH
26001066,Closed (مغلق),1171020,حلاوة بلك سادة ميار - موسم,4/26/2026,477,26001078,1171010,جلوكوز,75,0.36,27,RMWH
26001066,Closed (مغلق),1171020,حلاوة بلك سادة ميار - موسم,4/26/2026,477,26001078,1171014,عرق حلاوة,2,1.503,3.006,RMWH
26001066,Closed (مغلق),1171020,حلاوة بلك سادة ميار - موسم,4/26/2026,477,26001078,1081001,سكر 50 كعم 20*50,0.15,381.076,57.161,RMWH
26001066,Closed (مغلق),1171020,حلاوة بلك سادة ميار - موسم,4/26/2026,477,26001078,1171008,مثبت,8,1.473,11.784,WIP
26001066,Closed (مغلق),1171020,حلاوة بلك سادة ميار - موسم,4/26/2026,477,26001078,1171005,فانيلا,0.15,14.666,2.2,RMWH
26001066,Closed (مغلق),1171020,حلاوة بلك سادة ميار - موسم,4/26/2026,477,26001078,1171017,طحينية بلك ميار - موسم  كروما,235,1.496,351.56,WIP
26001066,Closed (مغلق),1171020,حلاوة بلك سادة ميار - موسم,4/26/2026,477,26001078,1171001,ملح ليمون,0.25,0.736,0.184,RMWH
26001067,Closed (مغلق),1171031,حلاوة بلك فستق شيخ الكار,4/26/2026,1135,26001079,1171022,حلاوة بلك سادة شيخ الكار,1120,0.804,900.48,WIP
26001067,Closed (مغلق),1171031,حلاوة بلك فستق شيخ الكار,4/26/2026,1135,26001079,1171011,فستق حلبي,15,16.442,246.63,RMWH
26001068,Closed (مغلق),1171030,حلاوة بلك ملوكي شيخ الكار,4/26/2026,96,26001080,1171022,حلاوة بلك سادة شيخ الكار,82,0.804,65.928,WIP
26001068,Closed (مغلق),1171030,حلاوة بلك ملوكي شيخ الكار,4/26/2026,96,26001080,1171012,مكسرات مشكلة,14,5.862,82.068,RMWH
26001069,Closed (مغلق),1171028,حلاوة بلك فستق ميار,4/26/2026,181,26001081,1171020,حلاوة بلك سادة ميار - موسم,179.5,0.963,172.859,WIP
26001069,Closed (مغلق),1171028,حلاوة بلك فستق ميار,4/26/2026,181,26001081,1171011,فستق حلبي,1.5,16.442,24.663,RMWH
26001070,Closed (مغلق),1171013,حلاوة بلك رشة فستق ميار,4/26/2026,300,26001082,1171020,حلاوة بلك سادة ميار - موسم,297.5,0.963,286.493,WIP
26001070,Closed (مغلق),1171013,حلاوة بلك رشة فستق ميار,4/26/2026,300,26001082,1171011,فستق حلبي,2.5,16.442,41.105,RMWH
26001071,Closed (مغلق),1021003,شيخ الكار حلاوة 5 كغم سادة (الولاء) 1*1,4/26/2026,1642,26001083,1171020,حلاوة بلك سادة ميار - موسم,8210,0.963,7906.23,WIP
26001071,Closed (مغلق),1021003,شيخ الكار حلاوة 5 كغم سادة (الولاء) 1*1,4/26/2026,1642,26001083,1181349,جاط شيخ الكار حلاوة 5 كغم سادة (الولاء) غطاء احمر,1642,0.683,1121.486,PKGWH
26001071,Closed (مغلق),1021003,شيخ الكار حلاوة 5 كغم سادة (الولاء) 1*1,4/26/2026,1642,26001083,1181029,كرتون متعدد حلاوة 5 كغم تبروير ولاء,410,0.391,160.31,PKGWH
26001072,Closed (مغلق),1021048,شيخ الكار حلاوة 300 غم سادة 1*12,4/26/2026,1200,26001084,1181022,"كرتون متعدد حلاوة 300 غم (فستق،سادة،شوكولاتة) مستطيل",100,0.157,15.7,PKGWH
26001072,Closed (مغلق),1021048,شيخ الكار حلاوة 300 غم سادة 1*12,4/26/2026,1200,26001084,1171022,حلاوة بلك سادة شيخ الكار,318,0.804,255.672,WIP
26001072,Closed (مغلق),1021048,شيخ الكار حلاوة 300 غم سادة 1*12,4/26/2026,1200,26001084,1181440,علب شيخ الكار حلاوة 300 غم سادة,1200,0.098,117.6,PKGWH
26001073,Closed (مغلق),1021049,شيخ الكار حلاوة 300 غم شوكولاته 1*12,4/26/2026,1200,26001085,1181022,"كرتون متعدد حلاوة 300 غم (فستق،سادة،شوكولاتة) مستطيل",100,0.157,15.7,PKGWH
26001073,Closed (مغلق),1021049,شيخ الكار حلاوة 300 غم شوكولاته 1*12,4/26/2026,1200,26001085,1171026,حلاوة بلك شوكولاته شيخ الكار,324,0.976,316.224,WIP
26001073,Closed (مغلق),1021049,شيخ الكار حلاوة 300 غم شوكولاته 1*12,4/26/2026,1200,26001085,1181442,علب شيخ الكار حلاوة 300 غم شوكولاتة,1200,0.101,121.2,PKGWH
26001074,Closed (مغلق),1021039,شيخ الكار حلاوة 700 غم فستق 1*12,4/26/2026,1200,26001086,1181113,"كرتون شيخ الكار حلاوة 700/800 غم (فستق،سادة،شوكولاتة،ملوكي) دمعة",100,0.197,19.7,PKGWH
26001074,Closed (مغلق),1021039,شيخ الكار حلاوة 700 غم فستق 1*12,4/26/2026,1200,26001086,1171031,حلاوة بلك فستق شيخ الكار,768,1.02,783.36,WIP
26001074,Closed (مغلق),1021039,شيخ الكار حلاوة 700 غم فستق 1*12,4/26/2026,1200,26001086,1181423,علب شيخ الكار حلاوة 700 غم فستق,1200,0.156,187.2,PKGWH
26001075,Closed (مغلق),1021060,شيخ الكار حلاوة 1300 غم فستق 1*6,4/26/2026,601,26001087,1181067,كرتون شيخ الكار حلاوة 1300 غم فستق,100,0.201,20.1,PKGWH
26001075,Closed (مغلق),1021060,شيخ الكار حلاوة 1300 غم فستق 1*6,4/26/2026,601,26001087,1171031,حلاوة بلك فستق شيخ الكار,727.21,1.02,741.754,WIP
26001075,Closed (مغلق),1021060,شيخ الكار حلاوة 1300 غم فستق 1*6,4/26/2026,601,26001087,1181280,علب شيخ الكار حلاوة 1300 غم فستق,601,0.308,185.108,PKGWH
26001076,Closed (مغلق),1021011,شيخ الكار حلاوة 6 كغم فستق 1*4,4/26/2026,212,26001089,1171031,حلاوة بلك فستق شيخ الكار,1272,1.02,1297.44,WIP
26001076,Closed (مغلق),1021011,شيخ الكار حلاوة 6 كغم فستق 1*4,4/26/2026,212,26001089,1181311,"جاط متعدد حلاوة 6 كغم (فستق،سادة،شوكولاتة) شفاف",212,0.487,103.244,PKGWH
26001076,Closed (مغلق),1021011,شيخ الكار حلاوة 6 كغم فستق 1*4,4/26/2026,212,26001089,1181111,"كرتون شيخ الكار حلاوة 6 كغم (فستق،سادة،شوكولاتة)",53,0.555,29.415,PKGWH
26001077,Closed (مغلق),1021055,شيخ الكار حلاوة 6 كغم سادة 1*4,4/26/2026,100,26001090,1181111,"كرتون شيخ الكار حلاوة 6 كغم (فستق،سادة،شوكولاتة)",25,0.555,13.875,PKGWH
26001077,Closed (مغلق),1021055,شيخ الكار حلاوة 6 كغم سادة 1*4,4/26/2026,100,26001090,1171022,حلاوة بلك سادة شيخ الكار,600,0.804,482.4,WIP
26001077,Closed (مغلق),1021055,شيخ الكار حلاوة 6 كغم سادة 1*4,4/26/2026,100,26001090,1181311,"جاط متعدد حلاوة 6 كغم (فستق،سادة،شوكولاتة) شفاف",100,0.487,48.7,PKGWH
26001078,Closed (مغلق),1021052,شيخ الكار حلاوة 4 كغم سادة تنك 1*1,4/26/2026,75,26001091,1171022,حلاوة بلك سادة شيخ الكار,300,0.804,241.2,WIP
26001078,Closed (مغلق),1021052,شيخ الكار حلاوة 4 كغم سادة تنك 1*1,4/26/2026,75,26001091,1181305,تنك شيخ الكار حلاوة 4 كغم سادة نصاصي,75,1.1,82.5,PKGWH
26001079,Closed (مغلق),1021030,ميار حلاوة 550 غم رشة فستق 1*12,4/26/2026,600,26001092,1171013,حلاوة بلك رشة فستق ميار,300,1.103,330.9,WIP
26001079,Closed (مغلق),1021030,ميار حلاوة 550 غم رشة فستق 1*12,4/26/2026,600,26001092,1181379,علب ميار حلاوة 550 غم رشة فستق أمنية,600,0.147,88.2,PKGWH
26001079,Closed (مغلق),1021030,ميار حلاوة 550 غم رشة فستق 1*12,4/26/2026,600,26001092,1181027,"كرتون متعدد حلاوة 550 غم (ميار،فاخرة) أمنية",50,0.233,11.65,PKGWH
26001080,Closed (مغلق),1021034,شيخ الكار حلاوة 600 غم سادة 1*12,4/26/2026,36,26001093,1171022,حلاوة بلك سادة شيخ الكار,21.6,0.804,17.366,WIP
26001080,Closed (مغلق),1021034,شيخ الكار حلاوة 600 غم سادة 1*12,4/26/2026,36,26001093,1181157,علب شيخ الكار حلاوة 700 غم سادة قديم,36,0.18,6.48,PKGWH
26001080,Closed (مغلق),1021034,شيخ الكار حلاوة 600 غم سادة 1*12,4/26/2026,36,26001093,1181112,"كرتون شيخ الكار حلاوة 600 غم (فستق،سادة،شوكولاتة،ملوكي) قديم",3,0.4,1.2,PKGWH
26001081,Closed (مغلق),1021059,شيخ الكار حلاوة 800 غم ملوكية بالمكسرات 1*12,4/26/2026,120,26001094,1171030,حلاوة بلك ملوكي شيخ الكار,96,1.525,146.4,WIP
26001081,Closed (مغلق),1021059,شيخ الكار حلاوة 800 غم ملوكية بالمكسرات 1*12,4/26/2026,120,26001094,1181460,علب شيخ الكار حلاوة 800 غم ملوكي,120,0.15,18,PKGWH
26001081,Closed (مغلق),1021059,شيخ الكار حلاوة 800 غم ملوكية بالمكسرات 1*12,4/26/2026,120,26001094,1181109,كرتون شيخ الكار حلاوة 900 غم ملوكي قديم,10,0.673,6.73,PKGWH
26001082,Closed (مغلق),1021039,شيخ الكار حلاوة 700 غم فستق 1*12,4/26/2026,1200,26001088,1021039,شيخ الكار حلاوة 700 غم فستق 1*12,1200,0.923,1107.6,FGWH
26001083,Closed (مغلق),1021041,شيخ الكار حلاوة 700 غم سادة 1*12,4/26/2026,1200,26001095,1181113,"كرتون شيخ الكار حلاوة 700/800 غم (فستق،سادة،شوكولاتة،ملوكي) دمعة",100,0.197,19.7,WIP
26001083,Closed (مغلق),1021041,شيخ الكار حلاوة 700 غم سادة 1*12,4/26/2026,1200,26001095,1171022,حلاوة بلك سادة شيخ الكار,768,0.804,617.472,WIP
26001083,Closed (مغلق),1021041,شيخ الكار حلاوة 700 غم سادة 1*12,4/26/2026,1200,26001095,1181425,علب شيخ الكار حلاوة 700 غم سادة,1200,0.15,180,PKGWH
26001084,Closed (مغلق),1011027,شيخ الكار طحينية 18 كغم تنك 1*1,4/26/2026,200,26001096,1181301,تنك شيخ الكار طحينية 18 كغم -فارغ,200,1.386,277.2,PKGWH
26001084,Closed (مغلق),1011027,شيخ الكار طحينية 18 كغم تنك 1*1,4/26/2026,200,26001096,1171015,طحينية بلك شيخ الكار حجر,3600,1.051,3783.6,WIP
26001085,Closed (مغلق),1011007,ميار طحينية 900 غم مطرة 1*12,4/26/2026,3024,26001098,1181221,مطرة ميار طحينية 900 غم,3024,0.105,317.52,PKGWH
26001085,Closed (مغلق),1011007,ميار طحينية 900 غم مطرة 1*12,4/26/2026,3024,26001098,1181142,كرتون شيخ الكار طحينية 900 غم مطرة,252,0.109,27.468,PKGWH
26001085,Closed (مغلق),1011007,ميار طحينية 900 غم مطرة 1*12,4/26/2026,3024,26001098,1171017,طحينية بلك ميار - موسم  كروما,2570.4,1.545,3971.268,WIP
26001086,Closed (مغلق),1171017,طحينية بلك ميار - موسم  كروما,4/26/2026,20000,26001097,1171025,سمسم خام برازيلي اناهي,24000,1.282,30768,RMWH
26001086,Closed (مغلق),1171017,طحينية بلك ميار - موسم  كروما,4/26/2026,20000,26001097,1171006,ملح,7000,0.025,175,RMWH
26001087,Closed (مغلق),1011020,شيخ الكار طحينية 800 غم 1*12,4/26/2026,1200,26001099,1181117,كرتون شيخ الكار طحينية 800 غم,100,0.247,24.7,PKGWH
26001087,Closed (مغلق),1011020,شيخ الكار طحينية 800 غم 1*12,4/26/2026,1200,26001099,1181196,مرتبان شيخ الكار طحينية 800 غم,1200,0.155,186,PKGWH
26001087,Closed (مغلق),1011020,شيخ الكار طحينية 800 غم 1*12,4/26/2026,1200,26001099,1171015,طحينية بلك شيخ الكار حجر,960,1.051,1008.96,WIP
26001088,Closed (مغلق),1141004,سمسم جاهز كعك 50 كغم,4/27/2026,1,26001100,1171021,سمسم نيجيري,50,1.282,64.1,RMWH
26001089,Closed (مغلق),1011005,ميار طحينية 250 غم 1*12,4/27/2026,3900,26001101,1181236,مرتبان ميار طحينية 250 غم,3900,0.141,549.9,PKGWH
26001089,Closed (مغلق),1011005,ميار طحينية 250 غم 1*12,4/27/2026,3900,26001101,1181012,كرتون ميار طحينية 250 غم صواني,325,0.078,25.35,PKGWH
26001089,Closed (مغلق),1011005,ميار طحينية 250 غم 1*12,4/27/2026,3900,26001101,1171017,طحينية بلك ميار - موسم  كروما,858,1.545,1325.61,WIP
26001090,Closed (مغلق),1171020,حلاوة بلك سادة ميار - موسم,4/27/2026,2793,26001102,1171010,جلوكوز,450,0.36,162,RMWH
26001090,Closed (مغلق),1171020,حلاوة بلك سادة ميار - موسم,4/27/2026,2793,26001102,1171014,عرق حلاوة,12,1.503,18.036,RMWH
26001090,Closed (مغلق),1171020,حلاوة بلك سادة ميار - موسم,4/27/2026,2793,26001102,1081001,سكر 50 كعم 20*50,0.9,381.076,342.968,RMWH
26001090,Closed (مغلق),1171020,حلاوة بلك سادة ميار - موسم,4/27/2026,2793,26001102,1171008,مثبت,48,1.473,70.704,WIP
26001090,Closed (مغلق),1171020,حلاوة بلك سادة ميار - موسم,4/27/2026,2793,26001102,1171005,فانيلا,0.9,14.666,13.199,RMWH
26001090,Closed (مغلق),1171020,حلاوة بلك سادة ميار - موسم,4/27/2026,2793,26001102,1171017,طحينية بلك ميار - موسم  كروما,1360,1.545,2101.2,WIP
26001090,Closed (مغلق),1171020,حلاوة بلك سادة ميار - موسم,4/27/2026,2793,26001102,1171001,ملح ليمون,1.5,0.736,1.104,RMWH
26001091,Closed (مغلق),1171028,حلاوة بلك فستق ميار,4/27/2026,2797,26001103,1171020,حلاوة بلك سادة ميار - موسم,2773,0.968,2684.264,WIP
26001091,Closed (مغلق),1171028,حلاوة بلك فستق ميار,4/27/2026,2797,26001103,1171011,فستق حلبي,24,16.442,394.608,RMWH
26001092,Closed (مغلق),1021031,ميار حلاوة 1200 غم برش فستق 1*6,4/27/2026,2628,26001104,1171028,حلاوة بلك فستق ميار,2917.08,1.1,3208.788,WIP
26001092,Closed (مغلق),1021031,ميار حلاوة 1200 غم برش فستق 1*6,4/27/2026,2628,26001104,1181378,علب ميار حلاوة 1300 غم رشة فستق,2628,0.28,735.84,PKGWH
26001092,Closed (مغلق),1021031,ميار حلاوة 1200 غم برش فستق 1*6,4/27/2026,2628,26001104,1181014,كرتون ميار حلاوة 1300 غم رشة فستق,447,0.223,99.681,PKGWH
26001093,Closed (مغلق),1021031,ميار حلاوة 1200 غم برش فستق 1*6,4/27/2026,54,26001105,1171028,حلاوة بلك فستق ميار,59.94,1.1,65.934,WIP
26001093,Closed (مغلق),1021031,ميار حلاوة 1200 غم برش فستق 1*6,4/27/2026,54,26001105,1181378,علب ميار حلاوة 1300 غم رشة فستق,54,0.28,15.12,PKGWH
26001093,Closed (مغلق),1021031,ميار حلاوة 1200 غم برش فستق 1*6,4/27/2026,54,26001105,1181014,كرتون ميار حلاوة 1300 غم رشة فستق,9,0.223,2.007,PKGWH
26001094,Closed (مغلق),1011035,شيخ الكار طحينية 18 كغم سطل 1*1,4/29/2026,336,26001108,1181357,"سطل متعدد طحينية 18 كغم سادة (زيدان،الوادي،نابت)",336,1.531,514.416,PKGWH
26001094,Closed (مغلق),1011035,شيخ الكار طحينية 18 كغم سطل 1*1,4/29/2026,336,26001108,1171015,طحينية بلك شيخ الكار حجر,6048,1.051,6356.448,WIP
26001095,Closed (مغلق),1011015,الموسم طحينية 9 كغم تنك 1*1,4/29/2026,210,26001106,1171017,طحينية بلك ميار - موسم  كروما,1743,1.545,2692.935,WIP
26001095,Closed (مغلق),1011015,الموسم طحينية 9 كغم تنك 1*1,4/29/2026,210,26001106,1181328,تنك الموسم طحينية 9 كغم -فارغ,210,1.15,241.5,PKGWH
26001096,Closed (مغلق),1171015,طحينية بلك شيخ الكار حجر,4/29/2026,15000,26001107,1141002,سمسم خام,18,871.143,15680.574,RMWH
26001096,Closed (مغلق),1171015,طحينية بلك شيخ الكار حجر,4/29/2026,15000,26001107,1171006,ملح,3375,0.025,84.375,RMWH
26001097,Closed (مغلق),1011020,شيخ الكار طحينية 800 غم 1*12,4/29/2026,2112,26001111,1181117,كرتون شيخ الكار طحينية 800 غم,176,0.247,43.472,PKGWH
26001097,Closed (مغلق),1011020,شيخ الكار طحينية 800 غم 1*12,4/29/2026,2112,26001111,1181196,مرتبان شيخ الكار طحينية 800 غم,2112,0.155,327.36,PKGWH
26001097,Closed (مغلق),1011020,شيخ الكار طحينية 800 غم 1*12,4/29/2026,2112,26001111,1171015,طحينية بلك شيخ الكار حجر,1689.6,1.051,1775.77,WIP
26001098,Closed (مغلق),1011088,الموسم طحينية 800 غم  1*12,4/29/2026,960,26001110,1171017,طحينية بلك ميار - موسم  كروما,700.8,1.545,1082.736,WIP
26001098,Closed (مغلق),1011088,الموسم طحينية 800 غم  1*12,4/29/2026,960,26001110,1181008,كرتون متعدد طحينية 800 غم اكسترا فاخرة,80,0.209,16.72,PKGWH
26001098,Closed (مغلق),1011088,الموسم طحينية 800 غم  1*12,4/29/2026,960,26001110,1181037,مرتبان الموسم طحينية 800 غم,960,0.118,113.28,PKGWH
26001099,Closed (مغلق),1011093,الموسم طحينية 250 غم 1*12,4/29/2026,2040,26001109,1171017,طحينية بلك ميار - موسم  كروما,459,1.545,709.155,WIP
26001099,Closed (مغلق),1011093,الموسم طحينية 250 غم 1*12,4/29/2026,2040,26001109,1181054,مرتبان الموسم طحينية 250 غم,2040,0.09,183.6,WIP
26001099,Closed (مغلق),1011093,الموسم طحينية 250 غم 1*12,4/29/2026,2040,26001109,1181001,كرتون متعدد طحينية 300 اكسترا,170,0.198,33.66,WIP
26001100,Closed (مغلق),1021062,شيخ الكار حلاوة 800 غم فستق 1*12,4/29/2026,8,26001115,1171031,حلاوة بلك فستق شيخ الكار,6.4,1.02,6.528,WIP
26001100,Closed (مغلق),1021062,شيخ الكار حلاوة 800 غم فستق 1*12,4/29/2026,8,26001115,1181458,علب شيخ الكار حلاوة 800 غم فستق,8,0.15,1.2,PKGWH
26001101,Closed (مغلق),1021052,شيخ الكار حلاوة 4 كغم سادة تنك 1*1,4/29/2026,1,26001114,1171022,حلاوة بلك سادة شيخ الكار,4,0.804,3.216,WIP
26001101,Closed (مغلق),1021052,شيخ الكار حلاوة 4 كغم سادة تنك 1*1,4/29/2026,1,26001114,1181305,تنك شيخ الكار حلاوة 4 كغم سادة نصاصي,1,1.1,1.1,PKGWH
26001102,Closed (مغلق),1021063,شيخ الكار حلاوة 2300 غم فستق 1*4,4/29/2026,1,26001113,1171031,حلاوة بلك فستق شيخ الكار,2.175,1.02,2.219,WIP
26001102,Closed (مغلق),1021063,شيخ الكار حلاوة 2300 غم فستق 1*4,4/29/2026,1,26001113,1181435,علب شيخ الكار حلاوة 2300 غم فستق,1,0.32,0.32,WIP
26001103,Closed (مغلق),1021059,شيخ الكار حلاوة 800 غم ملوكية بالمكسرات 1*12,4/29/2026,1,26001112,1171030,حلاوة بلك ملوكي شيخ الكار,0.8,1.525,1.22,WIP
26001103,Closed (مغلق),1021059,شيخ الكار حلاوة 800 غم ملوكية بالمكسرات 1*12,4/29/2026,1,26001112,1181460,علب شيخ الكار حلاوة 800 غم ملوكي,1,0.15,0.15,PKGWH
26001104,Closed (مغلق),1171022,حلاوة بلك سادة شيخ الكار,5/3/2026,4171,26001116,1171010,جلوكوز,675,0.36,243,RMWH
26001104,Closed (مغلق),1171022,حلاوة بلك سادة شيخ الكار,5/3/2026,4171,26001116,1171014,عرق حلاوة,18,1.503,27.054,RMWH
26001104,Closed (مغلق),1171022,حلاوة بلك سادة شيخ الكار,5/3/2026,4171,26001116,1081001,سكر 50 كعم 20*50,1.35,381.076,514.453,RMWH
26001104,Closed (مغلق),1171022,حلاوة بلك سادة شيخ الكار,5/3/2026,4171,26001116,1171008,مثبت,72,1.473,106.056,RMWH
26001104,Closed (مغلق),1171022,حلاوة بلك سادة شيخ الكار,5/3/2026,4171,26001116,1171005,فانيلا,1.35,14.666,19.799,RMWH
26001104,Closed (مغلق),1171022,حلاوة بلك سادة شيخ الكار,5/3/2026,4171,26001116,1171015,طحينية بلك شيخ الكار حجر,2082,1.051,2188.182,WIP
26001104,Closed (مغلق),1171022,حلاوة بلك سادة شيخ الكار,5/3/2026,4171,26001116,1171001,ملح ليمون,2.25,0.736,1.656,RMWH
26001105,Closed (مغلق),1021003,شيخ الكار حلاوة 5 كغم سادة (الولاء) 1*1,5/3/2026,15,26001117,1021003,شيخ الكار حلاوة 5 كغم سادة (الولاء) 1*1,15,5.598,83.97,FGWH
26001106,Closed (مغلق),1171031,حلاوة بلك فستق شيخ الكار,5/3/2026,1468,26001118,1171022,حلاوة بلك سادة شيخ الكار,1450,0.763,1106.35,WIP
26001106,Closed (مغلق),1171031,حلاوة بلك فستق شيخ الكار,5/3/2026,1468,26001118,1171011,فستق حلبي,18,16.442,295.956,RMWH
26001107,Closed (مغلق),1171026,حلاوة بلك شوكولاته شيخ الكار,5/3/2026,649,26001119,1171022,حلاوة بلك سادة شيخ الكار,617,0.763,470.771,WIP
26001107,Closed (مغلق),1171026,حلاوة بلك شوكولاته شيخ الكار,5/3/2026,649,26001119,1171003,كاكاو,14,6,84,RMWH
26001107,Closed (مغلق),1171026,حلاوة بلك شوكولاته شيخ الكار,5/3/2026,649,26001119,1171015,طحينية بلك شيخ الكار حجر,18,1.051,18.918,WIP
26001108,Closed (مغلق),1171030,حلاوة بلك ملوكي شيخ الكار,5/3/2026,31,26001120,1171022,حلاوة بلك سادة شيخ الكار,26,0.763,19.838,WIP
26001108,Closed (مغلق),1171030,حلاوة بلك ملوكي شيخ الكار,5/3/2026,31,26001120,1171012,مكسرات مشكلة,5,5.862,29.31,RMWH
26001109,Closed (مغلق),1011027,شيخ الكار طحينية 18 كغم تنك 1*1,5/3/2026,300,26001121,1181301,تنك شيخ الكار طحينية 18 كغم -فارغ,300,1.386,415.8,PKGWH
26001109,Closed (مغلق),1011027,شيخ الكار طحينية 18 كغم تنك 1*1,5/3/2026,300,26001121,1171015,طحينية بلك شيخ الكار حجر,5400,1.051,5675.4,WIP
26001110,Closed (مغلق),1021050,شيخ الكار حلاوة 800 غم سادة 1*12,5/3/2026,1704,26001132,1181113,"كرتون شيخ الكار حلاوة 700/800 غم (فستق،سادة،شوكولاتة،ملوكي) دمعة",142,0.197,27.974,PKGWH
26001110,Closed (مغلق),1021050,شيخ الكار حلاوة 800 غم سادة 1*12,5/3/2026,1704,26001132,1171022,حلاوة بلك سادة شيخ الكار,1363.2,0.763,1040.122,WIP
26001110,Closed (مغلق),1021050,شيخ الكار حلاوة 800 غم سادة 1*12,5/3/2026,1704,26001132,1181462,علب شيخ الكار حلاوة 800 غم سادة,1704,0.15,255.6,PKGWH
26001111,Closed (مغلق),1021062,شيخ الكار حلاوة 800 غم فستق 1*12,5/3/2026,600,26001131,1181113,"كرتون شيخ الكار حلاوة 700/800 غم (فستق،سادة،شوكولاتة،ملوكي) دمعة",50,0.197,9.85,PKGWH
26001111,Closed (مغلق),1021062,شيخ الكار حلاوة 800 غم فستق 1*12,5/3/2026,600,26001131,1171031,حلاوة بلك فستق شيخ الكار,480,0.967,464.16,WIP
26001111,Closed (مغلق),1021062,شيخ الكار حلاوة 800 غم فستق 1*12,5/3/2026,600,26001131,1181458,علب شيخ الكار حلاوة 800 غم فستق,600,0.15,90,PKGWH
26001112,Closed (مغلق),1021061,شيخ الكار حلاوة 800 غم شوكولاته 1*12,5/3/2026,600,26001128,1181110,"كرتون شيخ الكار حلاوة 800 غم (فستق،سادة،شوكولاتة) قديم",50,0.096,4.8,PKGWH
26001112,Closed (مغلق),1021061,شيخ الكار حلاوة 800 غم شوكولاته 1*12,5/3/2026,600,26001128,1171026,حلاوة بلك شوكولاته شيخ الكار,480,0.929,445.92,WIP
26001112,Closed (مغلق),1021061,شيخ الكار حلاوة 800 غم شوكولاته 1*12,5/3/2026,600,26001128,1181461,علب شيخ الكار حلاوة 800 غم شوكولاتة (قديم),600,0.15,90,PKGWH
26001113,Closed (مغلق),1021007,شيخ الكار حلاوة 1 كغم ملوكية بالمكسرات 1*8,5/3/2026,16,26001127,1171030,حلاوة بلك ملوكي شيخ الكار,16,1.577,25.232,WIP
26001113,Closed (مغلق),1021007,شيخ الكار حلاوة 1 كغم ملوكية بالمكسرات 1*8,5/3/2026,16,26001127,1181308,جاط شفاف حلاوة 1 كغم ملوكي تبروير دائري,16,0.064,1.024,PKGWH
26001113,Closed (مغلق),1021007,شيخ الكار حلاوة 1 كغم ملوكية بالمكسرات 1*8,5/3/2026,16,26001127,1181101,كرتون متعدد حلاوة 1 كغم دائري تبروي,2,0.594,1.188,PKGWH
26001114,Closed (مغلق),1021038,شيخ الكار حلاوة 700 غم شوكولاته 1*12,5/3/2026,864,26001126,1181113,"كرتون شيخ الكار حلاوة 700/800 غم (فستق،سادة،شوكولاتة،ملوكي) دمعة",72,0.197,14.184,PKGWH
26001114,Closed (مغلق),1021038,شيخ الكار حلاوة 700 غم شوكولاته 1*12,5/3/2026,864,26001126,1171026,حلاوة بلك شوكولاته شيخ الكار,552.96,0.929,513.7,WIP
26001114,Closed (مغلق),1021038,شيخ الكار حلاوة 700 غم شوكولاته 1*12,5/3/2026,864,26001126,1181422,علب شيخ الكار حلاوة 700 غم شوكولاتة,864,0.167,144.288,PKGWH
26001115,Closed (مغلق),1021039,شيخ الكار حلاوة 700 غم فستق 1*12,5/3/2026,489,26001125,1181113,"كرتون شيخ الكار حلاوة 700/800 غم (فستق،سادة،شوكولاتة،ملوكي) دمعة",41,0.197,8.077,PKGWH
26001115,Closed (مغلق),1021039,شيخ الكار حلاوة 700 غم فستق 1*12,5/3/2026,489,26001125,1171031,حلاوة بلك فستق شيخ الكار,312.96,0.967,302.632,WIP
26001115,Closed (مغلق),1021039,شيخ الكار حلاوة 700 غم فستق 1*12,5/3/2026,489,26001125,1181423,علب شيخ الكار حلاوة 700 غم فستق,489,0.156,76.284,PKGWH
26001116,Closed (مغلق),1021066,شيخ الكار حلاوة 1800 غم فستق 1*6,5/3/2026,420,26001124,1171031,حلاوة بلك فستق شيخ الكار,709.8,0.967,686.377,WIP
26001116,Closed (مغلق),1021066,شيخ الكار حلاوة 1800 غم فستق 1*6,5/3/2026,420,26001124,1181020,"كرتون متعدد حلاوة 1800 كغم (فستق،سادة،شوكولاتة)",70,0.157,10.99,PKGWH
26001116,Closed (مغلق),1021066,شيخ الكار حلاوة 1800 غم فستق 1*6,5/3/2026,420,26001124,1181433,علب شيخ الكار حلاوة 1800 غم فستق,420,0.134,56.28,PKGWH
26001117,Closed (مغلق),1021060,شيخ الكار حلاوة 1300 غم فستق 1*6,5/3/2026,480,26001122,1181067,كرتون شيخ الكار حلاوة 1300 غم فستق,80,0.201,16.08,PKGWH
26001117,Closed (مغلق),1021060,شيخ الكار حلاوة 1300 غم فستق 1*6,5/3/2026,480,26001122,1171031,حلاوة بلك فستق شيخ الكار,672,0.967,649.824,WIP
26001117,Closed (مغلق),1021060,شيخ الكار حلاوة 1300 غم فستق 1*6,5/3/2026,480,26001122,1181280,علب شيخ الكار حلاوة 1300 غم فستق,480,0.308,147.84,PKGWH
26001118,Closed (مغلق),1011015,الموسم طحينية 9 كغم تنك 1*1,5/3/2026,30,26001123,1171017,طحينية بلك ميار - موسم  كروما,249,1.545,384.705,WIP
26001118,Closed (مغلق),1011015,الموسم طحينية 9 كغم تنك 1*1,5/3/2026,30,26001123,1181328,تنك الموسم طحينية 9 كغم -فارغ,30,1.25,37.5,PKGWH
26001119,Closed (مغلق),1021066,شيخ الكار حلاوة 1800 غم فستق 1*6,5/4/2026,420,26001129,1021066,شيخ الكار حلاوة 1800 غم فستق 1*6,420,2.09,877.8,FGWH
26001120,Closed (مغلق),1021009,شيخ الكار حلاوة 1800 غم سادة 1*6,5/4/2026,420,26001130,1171022,حلاوة بلك سادة شيخ الكار,714,0.763,544.782,WIP
26001120,Closed (مغلق),1021009,شيخ الكار حلاوة 1800 غم سادة 1*6,5/4/2026,420,26001130,1181433,علب شيخ الكار حلاوة 1800 غم فستق,420,0.134,56.28,PKGWH
26001120,Closed (مغلق),1021009,شيخ الكار حلاوة 1800 غم سادة 1*6,5/4/2026,420,26001130,1181020,"كرتون متعدد حلاوة 1800 كغم (فستق،سادة،شوكولاتة)",70,0.157,10.99,PKGWH
26001121,Closed (مغلق),1021002,شيخ الكار حلاوة 600 غم ملوكي 1*12,5/4/2026,24,26001133,1171030,حلاوة بلك ملوكي شيخ الكار,14.4,1.577,22.709,WIP
26001121,Closed (مغلق),1021002,شيخ الكار حلاوة 600 غم ملوكي 1*12,5/4/2026,24,26001133,1181428,علب شيخ الكار حلاوة 600 غم ملوكي (قديم),24,0.15,3.6,PKGWH
26001121,Closed (مغلق),1021002,شيخ الكار حلاوة 600 غم ملوكي 1*12,5/4/2026,24,26001133,1181112,"كرتون شيخ الكار حلاوة 600 غم (فستق،سادة،شوكولاتة،ملوكي) قديم",2,0.4,0.8,PKGWH
26001122,Closed (مغلق),1171022,حلاوة بلك سادة شيخ الكار,5/4/2026,2895,26001134,1171010,جلوكوز,450,0.36,162,RMWH
26001122,Closed (مغلق),1171022,حلاوة بلك سادة شيخ الكار,5/4/2026,2895,26001134,1171014,عرق حلاوة,12,1.503,18.036,RMWH
26001122,Closed (مغلق),1171022,حلاوة بلك سادة شيخ الكار,5/4/2026,2895,26001134,1081001,سكر 50 كعم 20*50,0.9,381.076,342.968,RMWH
26001122,Closed (مغلق),1171022,حلاوة بلك سادة شيخ الكار,5/4/2026,2895,26001134,1171008,مثبت,48,1.473,70.704,RMWH
26001122,Closed (مغلق),1171022,حلاوة بلك سادة شيخ الكار,5/4/2026,2895,26001134,1171005,فانيلا,0.9,14.666,13.199,RMWH
26001122,Closed (مغلق),1171022,حلاوة بلك سادة شيخ الكار,5/4/2026,2895,26001134,1171015,طحينية بلك شيخ الكار حجر,1364,1.051,1433.564,WIP
26001122,Closed (مغلق),1171022,حلاوة بلك سادة شيخ الكار,5/4/2026,2895,26001134,1171001,ملح ليمون,1.5,0.736,1.104,RMWH
26001123,Closed (مغلق),1171020,حلاوة بلك سادة ميار - موسم,5/4/2026,470,26001135,1171010,جلوكوز,76.14,0.36,27.41,RMWH
26001123,Closed (مغلق),1171020,حلاوة بلك سادة ميار - موسم,5/4/2026,470,26001135,1171014,عرق حلاوة,2.03,1.503,3.051,RMWH
26001123,Closed (مغلق),1171020,حلاوة بلك سادة ميار - موسم,5/4/2026,470,26001135,1081001,سكر 50 كعم 20*50,0.152,381.076,57.924,RMWH
26001123,Closed (مغلق),1171020,حلاوة بلك سادة ميار - موسم,5/4/2026,470,26001135,1171008,مثبت,8.122,1.473,11.964,RMWH
26001123,Closed (مغلق),1171020,حلاوة بلك سادة ميار - موسم,5/4/2026,470,26001135,1171005,فانيلا,0.152,14.666,2.229,RMWH
26001123,Closed (مغلق),1171020,حلاوة بلك سادة ميار - موسم,5/4/2026,470,26001135,1171017,طحينية بلك ميار - موسم  كروما,230.864,1.545,356.685,WIP
26001123,Closed (مغلق),1171020,حلاوة بلك سادة ميار - موسم,5/4/2026,470,26001135,1171001,ملح ليمون,0.261,0.736,0.192,RMWH
26001124,Closed (مغلق),1171031,حلاوة بلك فستق شيخ الكار,5/4/2026,1396,26001136,1171022,حلاوة بلك سادة شيخ الكار,1372,0.729,1000.188,WIP
26001124,Closed (مغلق),1171031,حلاوة بلك فستق شيخ الكار,5/4/2026,1396,26001136,1171011,فستق حلبي,24,16.442,394.608,RMWH
26001125,Closed (مغلق),1171020,حلاوة بلك سادة ميار - موسم,5/6/2026,4106,26001137,1171010,جلوكوز,675,0.36,243,RMWH
26001125,Closed (مغلق),1171020,حلاوة بلك سادة ميار - موسم,5/6/2026,4106,26001137,1171014,عرق حلاوة,18,1.503,27.054,RMWH
26001125,Closed (مغلق),1171020,حلاوة بلك سادة ميار - موسم,5/6/2026,4106,26001137,1081001,سكر 50 كعم 20*50,1.35,381.076,514.453,RMWH
26001125,Closed (مغلق),1171020,حلاوة بلك سادة ميار - موسم,5/6/2026,4106,26001137,1171008,مثبت,72,1.473,106.056,WIP
26001125,Closed (مغلق),1171020,حلاوة بلك سادة ميار - موسم,5/6/2026,4106,26001137,1171005,فانيلا,1.35,14.666,19.799,RMWH
26001125,Closed (مغلق),1171020,حلاوة بلك سادة ميار - موسم,5/6/2026,4106,26001137,1171017,طحينية بلك ميار - موسم  كروما,2079,1.545,3212.055,WIP
26001125,Closed (مغلق),1171020,حلاوة بلك سادة ميار - موسم,5/6/2026,4106,26001137,1171001,ملح ليمون,2.25,0.736,1.656,RMWH
26001126,Closed (مغلق),1021003,شيخ الكار حلاوة 5 كغم سادة (الولاء) 1*1,5/6/2026,43,26001138,1171020,حلاوة بلك سادة ميار - موسم,215,0.992,213.28,WIP
26001126,Closed (مغلق),1021003,شيخ الكار حلاوة 5 كغم سادة (الولاء) 1*1,5/6/2026,43,26001138,1181344,جاط مربع حلاوة 5 كغم شفاف متعدد,43,0.606,26.058,PKGWH
26001126,Closed (مغلق),1021003,شيخ الكار حلاوة 5 كغم سادة (الولاء) 1*1,5/6/2026,43,26001138,1181030,كرتون متعدد حلاوة 5 كغم مربع قديم,10,0.48,4.8,PKGWH
26001127,Closed (مغلق),1021003,شيخ الكار حلاوة 5 كغم سادة (الولاء) 1*1,5/6/2026,86,26001139,1021003,شيخ الكار حلاوة 5 كغم سادة (الولاء) 1*1,86,5.6,481.6,FGWH
26001128,Closed (مغلق),1171028,حلاوة بلك فستق ميار,5/6/2026,2816,26001140,1171020,حلاوة بلك سادة ميار - موسم,2766,0.992,2743.872,WIP
26001128,Closed (مغلق),1171028,حلاوة بلك فستق ميار,5/6/2026,2816,26001140,1171011,فستق حلبي,50,16.442,822.1,RMWH
26001129,Closed (مغلق),1171020,حلاوة بلك سادة ميار - موسم,5/6/2026,4091,26001141,1171010,جلوكوز,675,0.36,243,RMWH
26001129,Closed (مغلق),1171020,حلاوة بلك سادة ميار - موسم,5/6/2026,4091,26001141,1171014,عرق حلاوة,18,1.503,27.054,RMWH
26001129,Closed (مغلق),1171020,حلاوة بلك سادة ميار - موسم,5/6/2026,4091,26001141,1081001,سكر 50 كعم 20*50,1.35,381.076,514.453,RMWH
26001129,Closed (مغلق),1171020,حلاوة بلك سادة ميار - موسم,5/6/2026,4091,26001141,1171008,مثبت,72,1.473,106.056,WIP
26001129,Closed (مغلق),1171020,حلاوة بلك سادة ميار - موسم,5/6/2026,4091,26001141,1171005,فانيلا,1.35,14.666,19.799,RMWH
26001129,Closed (مغلق),1171020,حلاوة بلك سادة ميار - موسم,5/6/2026,4091,26001141,1171017,طحينية بلك ميار - موسم  كروما,2060,1.545,3182.7,WIP
26001129,Closed (مغلق),1171020,حلاوة بلك سادة ميار - موسم,5/6/2026,4091,26001141,1171001,ملح ليمون,2.25,0.736,1.656,RMWH
26001130,Closed (مغلق),1171022,حلاوة بلك سادة شيخ الكار,5/6/2026,443,26001142,1171010,جلوكوز,74.674,0.36,26.883,WIP
26001130,Closed (مغلق),1171022,حلاوة بلك سادة شيخ الكار,5/6/2026,443,26001142,1171014,عرق حلاوة,2,1.503,3.006,RMWH
26001130,Closed (مغلق),1171022,حلاوة بلك سادة شيخ الكار,5/6/2026,443,26001142,1081001,سكر 50 كعم 20*50,0.15,381.076,57.161,WIP
26001130,Closed (مغلق),1171022,حلاوة بلك سادة شيخ الكار,5/6/2026,443,26001142,1171008,مثبت,8,1.473,11.784,WIP
26001130,Closed (مغلق),1171022,حلاوة بلك سادة شيخ الكار,5/6/2026,443,26001142,1171005,فانيلا,0.15,14.666,2.2,RMWH
26001130,Closed (مغلق),1171022,حلاوة بلك سادة شيخ الكار,5/6/2026,443,26001142,1171015,طحينية بلك شيخ الكار حجر,228,1.051,239.628,WIP
26001130,Closed (مغلق),1171022,حلاوة بلك سادة شيخ الكار,5/6/2026,443,26001142,1171001,ملح ليمون,0.25,0.736,0.184,WIP
26001131,Closed (مغلق),1171028,حلاوة بلك فستق ميار,5/6/2026,1712,26001143,1171020,حلاوة بلك سادة ميار - موسم,1685,0.997,1679.945,WIP
26001131,Closed (مغلق),1171028,حلاوة بلك فستق ميار,5/6/2026,1712,26001143,1171011,فستق حلبي,27,16.233,438.291,RMWH
26001132,Closed (مغلق),1171031,حلاوة بلك فستق شيخ الكار,5/6/2026,450,26001144,1171022,حلاوة بلك سادة شيخ الكار,443,0.734,325.162,WIP
26001132,Closed (مغلق),1171031,حلاوة بلك فستق شيخ الكار,5/6/2026,450,26001144,1171011,فستق حلبي,7,16.233,113.631,RMWH
26001133,Closed (مغلق),1011045,عرفة طحينية 900 غم 1*12,5/6/2026,1080,26001145,1181227,مطرة عرفة طحينية 900 غم,1080,0.104,112.32,PKGWH
26001133,Closed (مغلق),1011045,عرفة طحينية 900 غم 1*12,5/6/2026,1080,26001145,1181142,كرتون شيخ الكار طحينية 900 غم مطرة,90,0.109,9.81,PKGWH
26001133,Closed (مغلق),1011045,عرفة طحينية 900 غم 1*12,5/6/2026,1080,26001145,1171017,طحينية بلك ميار - موسم  كروما,918,1.545,1418.31,WIP
26001134,Closed (مغلق),1011003,الموسم طحينية 18 كغم تنك 1*1,5/7/2026,50,26001146,1171017,طحينية بلك ميار - موسم  كروما,900,1.545,1390.5,WIP
26001134,Closed (مغلق),1011003,الموسم طحينية 18 كغم تنك 1*1,5/7/2026,50,26001146,1181327,تنك الموسم طحينية 18 كغم -فارغ,50,1.25,62.5,PKGWH
26001135,Closed (مغلق),1011077,كباتيلو طحينية 800 غم 1*12,5/7/2026,600,26001147,1171015,طحينية بلك شيخ الكار حجر,480,1.051,504.48,WIP
26001135,Closed (مغلق),1011077,كباتيلو طحينية 800 غم 1*12,5/7/2026,600,26001147,1181008,كرتون متعدد طحينية 800 غم اكسترا فاخرة,50,0.209,10.45,WIP
26001135,Closed (مغلق),1011077,كباتيلو طحينية 800 غم 1*12,5/7/2026,600,26001147,1181229,مرتبان كباتيلو طحينية 800 غم,600,0.14,84,PKGWH
26001136,Closed (مغلق),1011075,كباتيلو طحينية 400 غم 1*12,5/7/2026,480,26001148,1181370,كرتون اكسترا فاخرة طحينية 400 غم,40,0.171,6.84,WIP
26001136,Closed (مغلق),1011075,كباتيلو طحينية 400 غم 1*12,5/7/2026,480,26001148,1171015,طحينية بلك شيخ الكار حجر,192,1.051,201.792,WIP
26001136,Closed (مغلق),1011075,كباتيلو طحينية 400 غم 1*12,5/7/2026,480,26001148,1181045,مرتبان بلدي طحينية 400 غم,480,0.16,76.8,PKGWH
26001137,Closed (مغلق),1021063,شيخ الكار حلاوة 2300 غم فستق 1*4,5/7/2026,377,26001155,1181065,كرتون شيخ الكار حلاوة 2300 غم فستق,94,0.166,15.604,PKGWH
26001137,Closed (مغلق),1021063,شيخ الكار حلاوة 2300 غم فستق 1*4,5/7/2026,377,26001155,1171031,حلاوة بلك فستق شيخ الكار,819.975,0.99,811.775,WIP
26001137,Closed (مغلق),1021063,شيخ الكار حلاوة 2300 غم فستق 1*4,5/7/2026,377,26001155,1181435,علب شيخ الكار حلاوة 2300 غم فستق,377,0.32,120.64,PKGWH
26001138,Closed (مغلق),1021072,كباتيلو حلاوة 350 غم فستق 1*12,5/7/2026,300,26001154,1171031,حلاوة بلك فستق شيخ الكار,105,0.99,103.95,WIP
26001138,Closed (مغلق),1021072,كباتيلو حلاوة 350 غم فستق 1*12,5/7/2026,300,26001154,1181026,كرتون متعدد حلاوة بيضوي صغير,25,0.154,3.85,PKGWH
26001138,Closed (مغلق),1021072,كباتيلو حلاوة 350 غم فستق 1*12,5/7/2026,300,26001154,1181450,علب كباتيلو حلاوة 450 غم فستق,300,0.105,31.5,PKGWH
26001139,Closed (مغلق),1021072,كباتيلو حلاوة 350 غم فستق 1*12,5/7/2026,300,26001153,1171031,حلاوة بلك فستق شيخ الكار,105,0.99,103.95,WIP
26001139,Closed (مغلق),1021072,كباتيلو حلاوة 350 غم فستق 1*12,5/7/2026,300,26001153,1181026,كرتون متعدد حلاوة بيضوي صغير,25,0.154,3.85,PKGWH
26001139,Closed (مغلق),1021072,كباتيلو حلاوة 350 غم فستق 1*12,5/7/2026,300,26001153,1181450,علب كباتيلو حلاوة 450 غم فستق,300,0.105,31.5,PKGWH
26001140,Closed (مغلق),1021073,كباتيلو حلاوة 350 غم سادة 1*12,5/7/2026,300,26001152,1171022,حلاوة بلك سادة شيخ الكار,105,0.734,77.07,WIP
26001140,Closed (مغلق),1021073,كباتيلو حلاوة 350 غم سادة 1*12,5/7/2026,300,26001152,1181026,كرتون متعدد حلاوة بيضوي صغير,25,0.154,3.85,PKGWH
26001140,Closed (مغلق),1021073,كباتيلو حلاوة 350 غم سادة 1*12,5/7/2026,300,26001152,1181448,علب كباتيلو حلاوة 450 غم سادة,300,0.11,33,PKGWH
26001141,Closed (مغلق),1021071,كباتيلو حلاوة 700 غم سادة 1*12,5/7/2026,300,26001151,1171022,حلاوة بلك سادة شيخ الكار,210,0.734,154.14,WIP
26001141,Closed (مغلق),1021071,كباتيلو حلاوة 700 غم سادة 1*12,5/7/2026,300,26001151,1181005,كرتون متعدد حلاوة بيضوي كبير,25,0.185,4.625,PKGWH
26001141,Closed (مغلق),1021071,كباتيلو حلاوة 700 غم سادة 1*12,5/7/2026,300,26001151,1181447,علب كباتيلو حلاوة 800 غم سادة,300,0.153,45.9,PKGWH
26001142,Closed (مغلق),1021060,شيخ الكار حلاوة 1300 غم فستق 1*6,5/7/2026,221,26001150,1181067,كرتون شيخ الكار حلاوة 1300 غم فستق,37,0.201,7.437,PKGWH
26001142,Closed (مغلق),1021060,شيخ الكار حلاوة 1300 غم فستق 1*6,5/7/2026,221,26001150,1171031,حلاوة بلك فستق شيخ الكار,267.41,0.99,264.736,WIP
26001142,Closed (مغلق),1021060,شيخ الكار حلاوة 1300 غم فستق 1*6,5/7/2026,221,26001150,1181280,علب شيخ الكار حلاوة 1300 غم فستق,221,0.308,68.068,PKGWH
26001143,Closed (مغلق),1021031,ميار حلاوة 1200 غم برش فستق 1*6,5/7/2026,72,26001149,1171028,حلاوة بلك فستق ميار,79.92,1.255,100.3,WIP
26001143,Closed (مغلق),1021031,ميار حلاوة 1200 غم برش فستق 1*6,5/7/2026,72,26001149,1181378,علب ميار حلاوة 1300 غم رشة فستق,72,0.305,21.96,WIP
26001143,Closed (مغلق),1021031,ميار حلاوة 1200 غم برش فستق 1*6,5/7/2026,72,26001149,1181014,كرتون ميار حلاوة 1300 غم رشة فستق,12,0.223,2.676,PKGWH
26001144,Closed (مغلق),1021072,كباتيلو حلاوة 350 غم فستق 1*12,5/7/2026,300,26001157,1021072,كباتيلو حلاوة 350 غم فستق 1*12,300,0.464,139.2,FGWH
26001145,Closed (مغلق),1021082,كباتيلو حلاوة 700 غم فستق 1*12,5/7/2026,300,26001156,1171031,حلاوة بلك فستق شيخ الكار,210,0.99,207.9,WIP
26001145,Closed (مغلق),1021082,كباتيلو حلاوة 700 غم فستق 1*12,5/7/2026,300,26001156,1181005,كرتون متعدد حلاوة بيضوي كبير,24.9,0.185,4.607,PKGWH
26001145,Closed (مغلق),1021082,كباتيلو حلاوة 700 غم فستق 1*12,5/7/2026,300,26001156,1181444,علب كباتيلو حلاوة 800 غم فستق,300,0.062,18.6,PKGWH
26001146,Closed (مغلق),1021097,لايت أند سويت حلاوة 400 غم دايت فستق 1*24,5/10/2026,143,26001158,1021097,لايت أند سويت حلاوة 400 غم دايت فستق 1*24,143,1.207,172.601,FGWH
26001147,Closed (مغلق),1171016,حلاوة بلك دايت,5/10/2026,289.5,26001159,1171008,مثبت,5,1.473,7.365,WIP
26001147,Closed (مغلق),1171016,حلاوة بلك دايت,5/10/2026,289.5,26001159,1171005,فانيلا,0.1,14.666,1.467,RMWH
26001147,Closed (مغلق),1171016,حلاوة بلك دايت,5/10/2026,289.5,26001159,1171014,عرق حلاوة,1.5,1.503,2.255,RMWH
26001147,Closed (مغلق),1171016,حلاوة بلك دايت,5/10/2026,289.5,26001159,1171015,طحينية بلك شيخ الكار حجر,144,1.051,151.344,WIP
26001147,Closed (مغلق),1171016,حلاوة بلك دايت,5/10/2026,289.5,26001159,1171007,قطر دايت,10,1.43,14.3,WIP
26001147,Closed (مغلق),1171016,حلاوة بلك دايت,5/10/2026,289.5,26001159,1171009,بديل السكر,150,2.737,410.55,WIP
26001148,Closed (مغلق),1171032,حلاوة بلك دايت فستق شيخ الكار,5/10/2026,310.8,26001160,1171016,حلاوة بلك دايت,304.3,1.996,607.383,WIP
26001148,Closed (مغلق),1171032,حلاوة بلك دايت فستق شيخ الكار,5/10/2026,310.8,26001160,1171011,فستق حلبي,6.5,16.233,105.515,RMWH
26001149,Closed (مغلق),1171022,حلاوة بلك سادة شيخ الكار,5/10/2026,1437,26001161,1171010,جلوكوز,225,0.36,81,RMWH
26001149,Closed (مغلق),1171022,حلاوة بلك سادة شيخ الكار,5/10/2026,1437,26001161,1171014,عرق حلاوة,6,1.503,9.018,RMWH
26001149,Closed (مغلق),1171022,حلاوة بلك سادة شيخ الكار,5/10/2026,1437,26001161,1081001,سكر 50 كعم 20*50,0.45,381.076,171.484,WIP
26001149,Closed (مغلق),1171022,حلاوة بلك سادة شيخ الكار,5/10/2026,1437,26001161,1171008,مثبت,24,1.473,35.352,WIP
26001149,Closed (مغلق),1171022,حلاوة بلك سادة شيخ الكار,5/10/2026,1437,26001161,1171005,فانيلا,0.45,14.666,6.6,RMWH
26001149,Closed (مغلق),1171022,حلاوة بلك سادة شيخ الكار,5/10/2026,1437,26001161,1171015,طحينية بلك شيخ الكار حجر,729,1.051,766.179,WIP
26001149,Closed (مغلق),1171022,حلاوة بلك سادة شيخ الكار,5/10/2026,1437,26001161,1171001,ملح ليمون,0.75,0.736,0.552,RMWH
26001150,Closed (مغلق),1171031,حلاوة بلك فستق شيخ الكار,5/10/2026,1135,26001162,1171022,حلاوة بلك سادة شيخ الكار,1122,0.737,826.914,WIP
26001150,Closed (مغلق),1171031,حلاوة بلك فستق شيخ الكار,5/10/2026,1135,26001162,1171011,فستق حلبي,13,16.233,211.029,RMWH
26001151,Closed (مغلق),1021163,شيخ الكار حلاوة 400 غم فستق دايت 1*12,5/10/2026,556,26001163,1171032,حلاوة بلك دايت فستق شيخ الكار,222.4,2.343,521.083,WIP
26001151,Closed (مغلق),1021163,شيخ الكار حلاوة 400 غم فستق دايت 1*12,5/10/2026,556,26001163,1181438,علب شيخ الكار حلاوة 400 غم دايت,556,0.099,55.044,SAHABWH
26001151,Closed (مغلق),1021163,شيخ الكار حلاوة 400 غم فستق دايت 1*12,5/10/2026,556,26001163,1181006,"كرتون متعدد شيخ الكار حلاوة 400 غم (فستق،سادة،شوكولاتة) دمعة",46,0.093,4.278,PKGWH
26001152,Closed (مغلق),1021168,شيخ الكار حلاوة 3 كغم دايت فستق 1*6,5/10/2026,6,26001164,1171032,حلاوة بلك دايت فستق شيخ الكار,18,2.343,42.174,WIP
26001152,Closed (مغلق),1021168,شيخ الكار حلاوة 3 كغم دايت فستق 1*6,5/10/2026,6,26001164,1181348,جاط متعدد حلاوة 3 كغم شفاف,6,0.55,3.3,PKGWH
26001152,Closed (مغلق),1021168,شيخ الكار حلاوة 3 كغم دايت فستق 1*6,5/10/2026,6,26001164,1181075,"كرتون شيخ الكار حلاوة 3 كغم (فستق،سادة،شوكولاتة)",1,2.3,2.3,PKGWH
26001153,Closed (مغلق),1021062,شيخ الكار حلاوة 800 غم فستق 1*12,5/10/2026,960,26001165,1181113,"كرتون شيخ الكار حلاوة 700/800 غم (فستق،سادة،شوكولاتة،ملوكي) دمعة",80,0.197,15.76,PKGWH
26001153,Closed (مغلق),1021062,شيخ الكار حلاوة 800 غم فستق 1*12,5/10/2026,960,26001165,1171031,حلاوة بلك فستق شيخ الكار,768,0.944,724.992,WIP
26001153,Closed (مغلق),1021062,شيخ الكار حلاوة 800 غم فستق 1*12,5/10/2026,960,26001165,1181458,علب شيخ الكار حلاوة 800 غم فستق,960,0.15,144,PKGWH
26001154,Closed (مغلق),1021050,شيخ الكار حلاوة 800 غم سادة 1*12,5/10/2026,960,26001166,1181113,"كرتون شيخ الكار حلاوة 700/800 غم (فستق،سادة،شوكولاتة،ملوكي) دمعة",80,0.197,15.76,PKGWH
26001154,Closed (مغلق),1021050,شيخ الكار حلاوة 800 غم سادة 1*12,5/10/2026,960,26001166,1171022,حلاوة بلك سادة شيخ الكار,768,0.737,566.016,WIP
26001154,Closed (مغلق),1021050,شيخ الكار حلاوة 800 غم سادة 1*12,5/10/2026,960,26001166,1181462,علب شيخ الكار حلاوة 800 غم سادة,960,0.15,144,PKGWH
26001155,Closed (مغلق),1021037,شيخ الكار حلاوة 400 غم فستق 1*12,5/10/2026,1728,26001173,1181006,"كرتون متعدد شيخ الكار حلاوة 400 غم (فستق،سادة،شوكولاتة) دمعة",144,0.093,13.392,PKGWH
26001155,Closed (مغلق),1021037,شيخ الكار حلاوة 400 غم فستق 1*12,5/10/2026,1728,26001173,1171031,حلاوة بلك فستق شيخ الكار,691.2,0.944,652.493,WIP
26001155,Closed (مغلق),1021037,شيخ الكار حلاوة 400 غم فستق 1*12,5/10/2026,1728,26001173,1181359,علبة حلاوة شيخ الكار 400 غ فستق دمعة,1728,0.096,165.888,PKGWH
26001156,Closed (مغلق),1021013,شيخ الكار حلاوة 400 غم سادة 1*12,5/10/2026,1728,26001167,1171022,حلاوة بلك سادة شيخ الكار,691.2,0.737,509.414,WIP
26001156,Closed (مغلق),1021013,شيخ الكار حلاوة 400 غم سادة 1*12,5/10/2026,1728,26001167,1181419,علب شيخ الكار حلاوة 400 غم سادة,1728,0.149,257.472,PKGWH
26001156,Closed (مغلق),1021013,شيخ الكار حلاوة 400 غم سادة 1*12,5/10/2026,1728,26001167,1181006,"كرتون متعدد شيخ الكار حلاوة 400 غم (فستق،سادة،شوكولاتة) دمعة",144,0.093,13.392,PKGWH
26001157,Closed (مغلق),1021129,الموسم حلاوة 400 غم سادة دمعة 1*12,5/10/2026,3456,26001168,1171020,حلاوة بلك سادة ميار - موسم,1382.4,0.997,1378.253,WIP
26001157,Closed (مغلق),1021129,الموسم حلاوة 400 غم سادة دمعة 1*12,5/10/2026,3456,26001168,1181261,علب الموسم حلاوة 400 غم سادة دمعة,3456,0.088,304.128,PKGWH
26001157,Closed (مغلق),1021129,الموسم حلاوة 400 غم سادة دمعة 1*12,5/10/2026,3456,26001168,1181023,كرتون متعدد حلاوة 400 غم غير مطبوع دمعة,288,0.171,49.248,PKGWH
26001158,Closed (مغلق),1021130,الموسم حلاوة 400 غم فستق دمعة 1*12,5/10/2026,3456,26001169,1171028,حلاوة بلك فستق ميار,1382.4,1.255,1734.912,WIP
26001158,Closed (مغلق),1021130,الموسم حلاوة 400 غم فستق دمعة 1*12,5/10/2026,3456,26001169,1181258,علب الموسم حلاوة 400 غم فستق دمعة,3456,0.079,273.024,PKGWH
26001158,Closed (مغلق),1021130,الموسم حلاوة 400 غم فستق دمعة 1*12,5/10/2026,3456,26001169,1181023,كرتون متعدد حلاوة 400 غم غير مطبوع دمعة,288,0.171,49.248,PKGWH
26001159,Closed (مغلق),1021137,الموسم حلاوة 800 غم فستق دمعة 1*12,5/10/2026,3840,26001170,1171028,حلاوة بلك فستق ميار,3072,1.255,3855.36,WIP
26001159,Closed (مغلق),1021137,الموسم حلاوة 800 غم فستق دمعة 1*12,5/10/2026,3840,26001170,1181265,علب الموسم حلاوة 800 غم فستق دمعة,3840,0.13,499.2,PKGWH
26001159,Closed (مغلق),1021137,الموسم حلاوة 800 غم فستق دمعة 1*12,5/10/2026,3840,26001170,1181024,كرتون متعدد حلاوة 800 غم دمعة,320,0.203,64.96,PKGWH
26001160,Closed (مغلق),1021138,الموسم حلاوة 800 غم سادة دمعة 1*12,5/10/2026,3840,26001171,1171020,حلاوة بلك سادة ميار - موسم,3072,0.997,3062.784,WIP
26001160,Closed (مغلق),1021138,الموسم حلاوة 800 غم سادة دمعة 1*12,5/10/2026,3840,26001171,1181271,علب الموسم حلاوة 800 غم سادة دمعة,3840,0.141,541.44,PKGWH
26001160,Closed (مغلق),1021138,الموسم حلاوة 800 غم سادة دمعة 1*12,5/10/2026,3840,26001171,1181024,كرتون متعدد حلاوة 800 غم دمعة,320,0.203,64.96,PKGWH
26001161,Closed (مغلق),1021044,شيخ الكار حلاوة 200 غم فستق 1*12,5/10/2026,480,26001172,1181069,كرتون شيخ الكار حلاوة 250 غم مثلث,20,0.169,3.38,PKGWH
26001161,Closed (مغلق),1021044,شيخ الكار حلاوة 200 غم فستق 1*12,5/10/2026,480,26001172,1171031,حلاوة بلك فستق شيخ الكار,96,0.944,90.624,WIP
26001161,Closed (مغلق),1021044,شيخ الكار حلاوة 200 غم فستق 1*12,5/10/2026,480,26001172,1181569,علب شيخ الكار حلاوة 200 غم فستق,480,0.088,42.24,PKGWH
26001162,Closed (مغلق),1011091,شيخ الكار طحينية 700 غم 1*12,5/13/2026,1204,26001174,1171015,طحينية بلك شيخ الكار حجر,782.6,1.051,822.513,WIP
26001162,Closed (مغلق),1011091,شيخ الكار طحينية 700 غم 1*12,5/13/2026,1204,26001174,1181191,مرتبان طحينية  شيخ الكار 700 غم  جديد قارورة,1204,0.094,113.176,PKGWH
26001162,Closed (مغلق),1011091,شيخ الكار طحينية 700 غم 1*12,5/13/2026,1204,26001174,1181066,كرتون شيخ الكار 700 غم قاروة أبيض جديد,100,0.19,19,PKGWH
26001163,Closed (مغلق),1011094,شيخ الكار طحينية 500 غم 1*12,5/13/2026,1200,26001175,1171015,طحينية بلك شيخ الكار حجر,540,1.051,567.54,WIP
26001163,Closed (مغلق),1011094,شيخ الكار طحينية 500 غم 1*12,5/13/2026,1200,26001175,1181194,مرتبان طحينية  شيخ الكار 500 غم  جديد قاروره,1200,0.079,94.8,PKGWH
26001163,Closed (مغلق),1011094,شيخ الكار طحينية 500 غم 1*12,5/13/2026,1200,26001175,1181087,كرتون شيخ الكار 500 غم قارورة  أبيض جديد,100,0.164,16.4,PKGWH
26001164,Closed (مغلق),1011007,ميار طحينية 900 غم مطرة 1*12,5/13/2026,1200,26001177,1181221,مطرة ميار طحينية 900 غم,1200,0.109,130.8,PKGWH
26001164,Closed (مغلق),1011007,ميار طحينية 900 غم مطرة 1*12,5/13/2026,1200,26001177,1181142,كرتون شيخ الكار طحينية 900 غم مطرة,100,0.109,10.9,PKGWH
26001164,Closed (مغلق),1011007,ميار طحينية 900 غم مطرة 1*12,5/13/2026,1200,26001177,1171017,طحينية بلك ميار - موسم  كروما,1020,1.545,1575.9,WIP
26001165,Closed (مغلق),1011022,شيخ الكار طحينية 3500 غم 1*4,5/13/2026,1,26001176,1171015,طحينية بلك شيخ الكار حجر,3.5,1.051,3.679,WIP
26001165,Closed (مغلق),1011022,شيخ الكار طحينية 3500 غم 1*4,5/13/2026,1,26001176,1181241,مرتبان متعدد طحينية 3500 غم,1,0.389,0.389,PKGWH
26001166,Closed (مغلق),1011098,الافندي طحينية 250 غم 1*12,5/14/2026,1200,26001179,1171017,طحينية بلك ميار - موسم  كروما,258,1.545,398.61,WIP
26001166,Closed (مغلق),1011098,الافندي طحينية 250 غم 1*12,5/14/2026,1200,26001179,1181561,مرتبان الأفندي طحينية 250 غم,1200,0.09,108,PKGWH
26001166,Closed (مغلق),1011098,الافندي طحينية 250 غم 1*12,5/14/2026,1200,26001179,1181001,كرتون متعدد طحينية 300 اكسترا,100,0.198,19.8,PKGWH
26001167,Closed (مغلق),1011095,الافندي طحينية 500 غم 1*12,5/14/2026,1200,26001178,1171017,طحينية بلك ميار - موسم  كروما,600,1.545,927,WIP
26001167,Closed (مغلق),1011095,الافندي طحينية 500 غم 1*12,5/14/2026,1200,26001178,1181488,مرتبان الأفندي طحينية 550 غم,1200,0.16,192,PKGWH
26001167,Closed (مغلق),1011095,الافندي طحينية 500 غم 1*12,5/14/2026,1200,26001178,1181009,كرتون ميار طحينية 550 غم صواني,100,0.184,18.4,PKGWH
26001168,Closed (مغلق),1011090,شيخ الكار طحينية 900 غم 1*12 جديد,5/14/2026,3600,26001182,1171015,طحينية بلك شيخ الكار حجر,3060,1.034,3164.04,WIP
26001168,Closed (مغلق),1011090,شيخ الكار طحينية 900 غم 1*12 جديد,5/14/2026,3600,26001182,1181097,كرتون شيخ الكار طحينية 900 غم جديد ابيض,300,0.191,57.3,PKGWH
26001168,Closed (مغلق),1011090,شيخ الكار طحينية 900 غم 1*12 جديد,5/14/2026,3600,26001182,1181192,قارورة طحينية  شيخ الكار 900 غم  جديد,3600,0.127,457.2,PKGWH
26001169,Closed (مغلق),1011050,سيلك رود طحينية 1 كغم مطرة 1*12,5/14/2026,1200,26001181,1181225,مطرة سيلك رود طحينية 1 كغم,1200,0.105,126,PKGWH
26001169,Closed (مغلق),1011050,سيلك رود طحينية 1 كغم مطرة 1*12,5/14/2026,1200,26001181,1181007,كرتون متعدد طحينية 1 كغم مطرة,99.6,0.284,28.286,PKGWH
26001169,Closed (مغلق),1011050,سيلك رود طحينية 1 كغم مطرة 1*12,5/14/2026,1200,26001181,1171015,طحينية بلك شيخ الكار حجر,1200,1.034,1240.8,WIP
26001170,Closed (مغلق),1171015,طحينية بلك شيخ الكار حجر,5/14/2026,40000,26001180,1141002,سمسم خام,46.4,886.146,41117.174,RMWH
26001170,Closed (مغلق),1171015,طحينية بلك شيخ الكار حجر,5/14/2026,40000,26001180,1171006,ملح,9000,0.025,225,RMWH
26001171,Closed (مغلق),1011090,شيخ الكار طحينية 900 غم 1*12 جديد,5/14/2026,12,26001183,1171015,طحينية بلك شيخ الكار حجر,10.2,1.034,10.547,WIP
26001171,Closed (مغلق),1011090,شيخ الكار طحينية 900 غم 1*12 جديد,5/14/2026,12,26001183,1181097,كرتون شيخ الكار طحينية 900 غم جديد ابيض,1,0.191,0.191,PKGWH
26001171,Closed (مغلق),1011090,شيخ الكار طحينية 900 غم 1*12 جديد,5/14/2026,12,26001183,1181192,قارورة طحينية  شيخ الكار 900 غم  جديد,12,0.127,1.524,PKGWH
26001172,Closed (مغلق),1171022,حلاوة بلك سادة شيخ الكار,5/18/2026,2623,26001184,1171010,جلوكوز,450,0.36,162,RMWH
26001172,Closed (مغلق),1171022,حلاوة بلك سادة شيخ الكار,5/18/2026,2623,26001184,1171014,عرق حلاوة,12,1.503,18.036,RMWH
26001172,Closed (مغلق),1171022,حلاوة بلك سادة شيخ الكار,5/18/2026,2623,26001184,1081001,سكر 50 كعم 20*50,0.9,381.566,343.409,RMWH
26001172,Closed (مغلق),1171022,حلاوة بلك سادة شيخ الكار,5/18/2026,2623,26001184,1171008,مثبت,48,1.473,70.704,WIP
26001172,Closed (مغلق),1171022,حلاوة بلك سادة شيخ الكار,5/18/2026,2623,26001184,1171005,فانيلا,0.9,14.666,13.199,RMWH
26001172,Closed (مغلق),1171022,حلاوة بلك سادة شيخ الكار,5/18/2026,2623,26001184,1171015,طحينية بلك شيخ الكار حجر,1331,1.034,1376.254,WIP
26001172,Closed (مغلق),1171022,حلاوة بلك سادة شيخ الكار,5/18/2026,2623,26001184,1171001,ملح ليمون,1.5,0.736,1.104,RMWH
26001173,Closed (مغلق),1171031,حلاوة بلك فستق شيخ الكار,5/18/2026,1597.5,26001185,1171022,حلاوة بلك سادة شيخ الكار,1571,0.748,1175.108,WIP
26001173,Closed (مغلق),1171031,حلاوة بلك فستق شيخ الكار,5/18/2026,1597.5,26001185,1171011,فستق حلبي,26.5,16.378,434.017,RMWH
26001174,Closed (مغلق),1171026,حلاوة بلك شوكولاته شيخ الكار,5/18/2026,486,26001186,1171022,حلاوة بلك سادة شيخ الكار,452,0.748,338.096,WIP
26001174,Closed (مغلق),1171026,حلاوة بلك شوكولاته شيخ الكار,5/18/2026,486,26001186,1171003,كاكاو,14,6,84,RMWH
26001174,Closed (مغلق),1171026,حلاوة بلك شوكولاته شيخ الكار,5/18/2026,486,26001186,1171015,طحينية بلك شيخ الكار حجر,20,1.034,20.68,WIP
26001176,Closed (مغلق),1011044,لوكسر طحينية 450 غم 1*12 اصفر,5/18/2026,10800,26001240,1181106,كرتون لوكسر طحينية 450 غم أصفر,900,0.188,169.2,PKGWH
26001176,Closed (مغلق),1011044,لوكسر طحينية 450 غم 1*12 اصفر,5/18/2026,10800,26001240,1181235,مرتبان لوكسر طحينية 450 غم أصفر,10800,0.115,1242,PKGWH
26001176,Closed (مغلق),1011044,لوكسر طحينية 450 غم 1*12 اصفر,5/18/2026,10800,26001240,1171017,طحينية بلك ميار - موسم  كروما,4860,1.514,7358.04,WIP
26001177,Closed (مغلق),1021063,شيخ الكار حلاوة 2300 غم فستق 1*4,5/18/2026,2,26001189,1171031,حلاوة بلك فستق شيخ الكار,4.35,0.996,4.333,WIP
26001177,Closed (مغلق),1021063,شيخ الكار حلاوة 2300 غم فستق 1*4,5/18/2026,2,26001189,1181435,علب شيخ الكار حلاوة 2300 غم فستق,2,0.358,0.716,WIP
26001178,Closed (مغلق),1021060,شيخ الكار حلاوة 1300 غم فستق 1*6,5/18/2026,5,26001188,1181067,كرتون شيخ الكار حلاوة 1300 غم فستق,1,0.201,0.201,WIP
26001178,Closed (مغلق),1021060,شيخ الكار حلاوة 1300 غم فستق 1*6,5/18/2026,5,26001188,1171031,حلاوة بلك فستق شيخ الكار,6.05,0.996,6.026,WIP
26001178,Closed (مغلق),1021060,شيخ الكار حلاوة 1300 غم فستق 1*6,5/18/2026,5,26001188,1181280,علب شيخ الكار حلاوة 1300 غم فستق,5,0.308,1.54,WIP
26001179,Closed (مغلق),1021007,شيخ الكار حلاوة 1 كغم ملوكية بالمكسرات 1*8,5/18/2026,3,26001187,1171030,حلاوة بلك ملوكي شيخ الكار,3,1.577,4.731,WIP
26001179,Closed (مغلق),1021007,شيخ الكار حلاوة 1 كغم ملوكية بالمكسرات 1*8,5/18/2026,3,26001187,1181308,جاط شفاف حلاوة 1 كغم ملوكي تبروير دائري,3,0.064,0.192,PKGWH
26001179,Closed (مغلق),1021007,شيخ الكار حلاوة 1 كغم ملوكية بالمكسرات 1*8,5/18/2026,3,26001187,1181101,كرتون متعدد حلاوة 1 كغم دائري تبروي,0.375,0.594,0.223,PKGWH
26001180,Closed (مغلق),1171022,حلاوة بلك سادة شيخ الكار,5/19/2026,3868,26001190,1171010,جلوكوز,675,0.36,243,RMWH
26001180,Closed (مغلق),1171022,حلاوة بلك سادة شيخ الكار,5/19/2026,3868,26001190,1171014,عرق حلاوة,18,1.503,27.054,RMWH
26001180,Closed (مغلق),1171022,حلاوة بلك سادة شيخ الكار,5/19/2026,3868,26001190,1081001,سكر 50 كعم 20*50,1.35,381.566,515.114,RMWH
26001180,Closed (مغلق),1171022,حلاوة بلك سادة شيخ الكار,5/19/2026,3868,26001190,1171008,مثبت,72,1.473,106.056,WIP
26001180,Closed (مغلق),1171022,حلاوة بلك سادة شيخ الكار,5/19/2026,3868,26001190,1171005,فانيلا,1.35,14.666,19.799,RMWH
26001180,Closed (مغلق),1171022,حلاوة بلك سادة شيخ الكار,5/19/2026,3868,26001190,1171015,طحينية بلك شيخ الكار حجر,2093,1.034,2164.162,WIP
26001180,Closed (مغلق),1171022,حلاوة بلك سادة شيخ الكار,5/19/2026,3868,26001190,1171001,ملح ليمون,2.25,0.736,1.656,RMWH
26001181,Closed (مغلق),1171031,حلاوة بلك فستق شيخ الكار,5/19/2026,1489,26001191,1171022,حلاوة بلك سادة شيخ الكار,1459,0.776,1132.184,WIP
26001181,Closed (مغلق),1171031,حلاوة بلك فستق شيخ الكار,5/19/2026,1489,26001191,1171011,فستق حلبي,30,16.68,500.4,RMWH
26001182,Closed (مغلق),1171026,حلاوة بلك شوكولاته شيخ الكار,5/19/2026,970,26001192,1171022,حلاوة بلك سادة شيخ الكار,902,0.776,699.952,WIP
26001182,Closed (مغلق),1171026,حلاوة بلك شوكولاته شيخ الكار,5/19/2026,970,26001192,1171003,كاكاو,28,6,168,RMWH
26001182,Closed (مغلق),1171026,حلاوة بلك شوكولاته شيخ الكار,5/19/2026,970,26001192,1171015,طحينية بلك شيخ الكار حجر,40,1.034,41.36,WIP
26001183,Closed (مغلق),1011044,لوكسر طحينية 450 غم 1*12 اصفر,5/19/2026,13860,26001194,1181106,كرتون لوكسر طحينية 450 غم أصفر,1155,0.188,217.14,WIP
26001183,Closed (مغلق),1011044,لوكسر طحينية 450 غم 1*12 اصفر,5/19/2026,13860,26001194,1181235,مرتبان لوكسر طحينية 450 غم أصفر,13860,0.115,1593.9,WIP
26001183,Closed (مغلق),1011044,لوكسر طحينية 450 غم 1*12 اصفر,5/19/2026,13860,26001194,1171017,طحينية بلك ميار - موسم  كروما,6237,1.514,9442.818,WIP
26001184,Closed (مغلق),1171017,طحينية بلك ميار - موسم  كروما,5/19/2026,30000,26001193,1171025,سمسم خام برازيلي اناهي,35100,1.282,44998.2,RMWH
26001184,Closed (مغلق),1171017,طحينية بلك ميار - موسم  كروما,5/19/2026,30000,26001193,1171006,ملح,10500,0.025,262.5,RMWH
26001185,Closed (مغلق),1011035,شيخ الكار طحينية 18 كغم سطل 1*1,5/19/2026,100,26001195,1181346,سطل دائري طحينية 18 كغم,100,1.737,173.7,PKGWH
26001185,Closed (مغلق),1011035,شيخ الكار طحينية 18 كغم سطل 1*1,5/19/2026,100,26001195,1171015,طحينية بلك شيخ الكار حجر,1800,1.034,1861.2,WIP
26001186,Closed (مغلق),1011035,شيخ الكار طحينية 18 كغم سطل 1*1,5/19/2026,288,26001196,1181357,"سطل متعدد طحينية 18 كغم سادة (زيدان،الوادي،نابت)",288,1.531,440.928,PKGWH
26001186,Closed (مغلق),1011035,شيخ الكار طحينية 18 كغم سطل 1*1,5/19/2026,288,26001196,1181004,كرتون متعدد طحينية 18 كغم متعدد,288,0.372,107.136,PKGWH
26001186,Closed (مغلق),1011035,شيخ الكار طحينية 18 كغم سطل 1*1,5/19/2026,288,26001196,1171015,طحينية بلك شيخ الكار حجر,5184,1.034,5360.256,WIP
26001187,Closed (مغلق),1021053,شيخ الكار حلاوة 3 كغم شوكولاته 1*6,5/19/2026,150,26001197,1181156,"كرتون متعدد 3 كغم (فستق،سادة،شوكولاتة)",25,0.5,12.5,PKGWH
26001187,Closed (مغلق),1021053,شيخ الكار حلاوة 3 كغم شوكولاته 1*6,5/19/2026,150,26001197,1171026,حلاوة بلك شوكولاته شيخ الكار,450,0.929,418.05,WIP
26001187,Closed (مغلق),1021053,شيخ الكار حلاوة 3 كغم شوكولاته 1*6,5/19/2026,150,26001197,1181310,جاط شيخ الكار حلاوة 3 كغم شوكولاتة,150,0.338,50.7,PKGWH
26001188,Closed (مغلق),1021054,شيخ الكار حلاوة 3 كغم فستق 1*6,5/19/2026,150,26001198,1181156,"كرتون متعدد 3 كغم (فستق،سادة،شوكولاتة)",25,0.5,12.5,PKGWH
26001188,Closed (مغلق),1021054,شيخ الكار حلاوة 3 كغم فستق 1*6,5/19/2026,150,26001198,1171031,حلاوة بلك فستق شيخ الكار,450,1.04,468,WIP
26001188,Closed (مغلق),1021054,شيخ الكار حلاوة 3 كغم فستق 1*6,5/19/2026,150,26001198,1181329,جاط شيخ الكار حلاوة 3 كغم فستق,150,0.55,82.5,PKGWH
26001189,Closed (مغلق),1021055,شيخ الكار حلاوة 6 كغم سادة 1*4,5/19/2026,100,26001203,1181111,"كرتون شيخ الكار حلاوة 6 كغم (فستق،سادة،شوكولاتة)",25,0.555,13.875,PKGWH
26001189,Closed (مغلق),1021055,شيخ الكار حلاوة 6 كغم سادة 1*4,5/19/2026,100,26001203,1171022,حلاوة بلك سادة شيخ الكار,600,0.776,465.6,WIP
26001189,Closed (مغلق),1021055,شيخ الكار حلاوة 6 كغم سادة 1*4,5/19/2026,100,26001203,1181311,"جاط متعدد حلاوة 6 كغم (فستق،سادة،شوكولاتة) شفاف",100,0.487,48.7,PKGWH
26001190,Closed (مغلق),1021011,شيخ الكار حلاوة 6 كغم فستق 1*4,5/19/2026,192,26001202,1171031,حلاوة بلك فستق شيخ الكار,1152,1.04,1198.08,WIP
26001190,Closed (مغلق),1021011,شيخ الكار حلاوة 6 كغم فستق 1*4,5/19/2026,192,26001202,1181311,"جاط متعدد حلاوة 6 كغم (فستق،سادة،شوكولاتة) شفاف",192,0.487,93.504,PKGWH
26001190,Closed (مغلق),1021011,شيخ الكار حلاوة 6 كغم فستق 1*4,5/19/2026,192,26001202,1181111,"كرتون شيخ الكار حلاوة 6 كغم (فستق،سادة،شوكولاتة)",48,0.555,26.64,PKGWH
26001191,Closed (مغلق),1021056,شيخ الكار حلاوة 6 كغم شوكولاته 1*4,5/19/2026,8,26001199,1181111,"كرتون شيخ الكار حلاوة 6 كغم (فستق،سادة،شوكولاتة)",2,0.555,1.11,WIP
26001191,Closed (مغلق),1021056,شيخ الكار حلاوة 6 كغم شوكولاته 1*4,5/19/2026,8,26001199,1171026,حلاوة بلك شوكولاته شيخ الكار,48,0.929,44.592,WIP
26001191,Closed (مغلق),1021056,شيخ الكار حلاوة 6 كغم شوكولاته 1*4,5/19/2026,8,26001199,1181311,"جاط متعدد حلاوة 6 كغم (فستق،سادة،شوكولاتة) شفاف",8,0.487,3.896,WIP
26001192,Closed (مغلق),1021009,شيخ الكار حلاوة 1800 غم سادة 1*6,5/19/2026,432,26001200,1171022,حلاوة بلك سادة شيخ الكار,734.4,0.776,569.894,WIP
26001192,Closed (مغلق),1021009,شيخ الكار حلاوة 1800 غم سادة 1*6,5/19/2026,432,26001200,1181281,علب شيخ الكار حلاوة 1500 غم سادة هرمي قديم,432,0.185,79.92,PKGWH
26001192,Closed (مغلق),1021009,شيخ الكار حلاوة 1800 غم سادة 1*6,5/19/2026,432,26001200,1181061,كرتون متعدد حلاوة 1500 غم هرمي,72,0.942,67.824,PKGWH
26001193,Closed (مغلق),1021044,شيخ الكار حلاوة 200 غم فستق 1*12,5/19/2026,2160,26001201,1181069,كرتون شيخ الكار حلاوة 250 غم مثلث,90,0.169,15.21,PKGWH
26001193,Closed (مغلق),1021044,شيخ الكار حلاوة 200 غم فستق 1*12,5/19/2026,2160,26001201,1171031,حلاوة بلك فستق شيخ الكار,432,1.04,449.28,WIP
26001193,Closed (مغلق),1021044,شيخ الكار حلاوة 200 غم فستق 1*12,5/19/2026,2160,26001201,1181569,علب شيخ الكار حلاوة 200 غم فستق,2160,0.1,216,PKGWH
26001194,Closed (مغلق),1021039,شيخ الكار حلاوة 700 غم فستق 1*12,5/19/2026,660,26001204,1181113,"كرتون شيخ الكار حلاوة 700/800 غم (فستق،سادة،شوكولاتة،ملوكي) دمعة",55,0.197,10.835,PKGWH
26001194,Closed (مغلق),1021039,شيخ الكار حلاوة 700 غم فستق 1*12,5/19/2026,660,26001204,1171031,حلاوة بلك فستق شيخ الكار,422.4,1.04,439.296,WIP
26001194,Closed (مغلق),1021039,شيخ الكار حلاوة 700 غم فستق 1*12,5/19/2026,660,26001204,1181423,علب شيخ الكار حلاوة 700 غم فستق,660,0.156,102.96,WIP
26001195,Closed (مغلق),1011022,شيخ الكار طحينية 3500 غم 1*4,5/19/2026,4,26001205,1171015,طحينية بلك شيخ الكار حجر,14,1.034,14.476,WIP
26001195,Closed (مغلق),1011022,شيخ الكار طحينية 3500 غم 1*4,5/19/2026,4,26001205,1181241,مرتبان متعدد طحينية 3500 غم,4,0.389,1.556,PKGWH
26001195,Closed (مغلق),1011022,شيخ الكار طحينية 3500 غم 1*4,5/19/2026,4,26001205,1181119,كرتون شيخ الكار طحينية 3500 غم,1,1.578,1.578,PKGWH
26001196,Closed (مغلق),1011044,لوكسر طحينية 450 غم 1*12 اصفر,5/20/2026,11340,26001206,1181106,كرتون لوكسر طحينية 450 غم أصفر,941.22,0.188,176.949,WIP
26001196,Closed (مغلق),1011044,لوكسر طحينية 450 غم 1*12 اصفر,5/20/2026,11340,26001206,1181235,مرتبان لوكسر طحينية 450 غم أصفر,11340,0.115,1304.1,PKGWH
26001196,Closed (مغلق),1011044,لوكسر طحينية 450 غم 1*12 اصفر,5/20/2026,11340,26001206,1171017,طحينية بلك ميار - موسم  كروما,5103,1.514,7725.942,WIP
26001197,Closed (مغلق),1011035,شيخ الكار طحينية 18 كغم سطل 1*1,5/20/2026,288,26001207,1181357,"سطل متعدد طحينية 18 كغم سادة (زيدان،الوادي،نابت)",288,1.531,440.928,PKGWH
26001197,Closed (مغلق),1011035,شيخ الكار طحينية 18 كغم سطل 1*1,5/20/2026,288,26001207,1171015,طحينية بلك شيخ الكار حجر,5184,1.034,5360.256,WIP
26001198,Closed (مغلق),1011036,قاسيون طحينية 1كغم مطرة 1*12,5/20/2026,720,26001208,1181224,مطرة قاسيون طحينية 1 كغم,720,0.105,75.6,PKGWH
26001198,Closed (مغلق),1011036,قاسيون طحينية 1كغم مطرة 1*12,5/20/2026,720,26001208,1181007,كرتون متعدد طحينية 1 كغم مطرة,60,0.284,17.04,PKGWH
26001198,Closed (مغلق),1011036,قاسيون طحينية 1كغم مطرة 1*12,5/20/2026,720,26001208,1171015,طحينية بلك شيخ الكار حجر,720,1.034,744.48,WIP
26001199,Closed (مغلق),1011022,شيخ الكار طحينية 3500 غم 1*4,5/20/2026,1,26001209,1171015,طحينية بلك شيخ الكار حجر,3.5,1.034,3.619,WIP
26001199,Closed (مغلق),1011022,شيخ الكار طحينية 3500 غم 1*4,5/20/2026,1,26001209,1181241,مرتبان متعدد طحينية 3500 غم,1,0.389,0.389,PKGWH
26001200,Closed (مغلق),1011033,شيخ الكار طحينية 15 كغم تنك 1*1,5/20/2026,320,26001210,1171015,طحينية بلك شيخ الكار حجر,4560,1.034,4715.04,WIP
26001200,Closed (مغلق),1011033,شيخ الكار طحينية 15 كغم تنك 1*1,5/20/2026,320,26001210,1181304,تنك شيخ الكار طحينية 15 كغم -فارغ,320,1.202,384.64,PKGWH
26001201,Closed (مغلق),1011088,الموسم طحينية 800 غم  1*12,5/20/2026,2880,26001211,1171017,طحينية بلك ميار - موسم  كروما,2102.4,1.514,3183.034,WIP
26001201,Closed (مغلق),1011088,الموسم طحينية 800 غم  1*12,5/20/2026,2880,26001211,1181008,كرتون متعدد طحينية 800 غم اكسترا فاخرة,240,0.209,50.16,PKGWH
26001201,Closed (مغلق),1011088,الموسم طحينية 800 غم  1*12,5/20/2026,2880,26001211,1181037,مرتبان الموسم طحينية 800 غم,2880,0.118,339.84,PKGWH
26001202,Closed (مغلق),1011035,شيخ الكار طحينية 18 كغم سطل 1*1,5/20/2026,192,26001212,1181357,"سطل متعدد طحينية 18 كغم سادة (زيدان،الوادي،نابت)",192,1.531,293.952,PKGWH
26001202,Closed (مغلق),1011035,شيخ الكار طحينية 18 كغم سطل 1*1,5/20/2026,192,26001212,1181004,كرتون متعدد طحينية 18 كغم متعدد,192,0.372,71.424,PKGWH
26001202,Closed (مغلق),1011035,شيخ الكار طحينية 18 كغم سطل 1*1,5/20/2026,192,26001212,1171015,طحينية بلك شيخ الكار حجر,3456,1.034,3573.504,WIP
26001203,Closed (مغلق),1011101,الموسم طحينية 400 غم 1*12,5/20/2026,3600,26001213,1181056,مرتبان الموسم طحينية 400 غم,3600,0.155,558,PKGWH
26001203,Closed (مغلق),1011101,الموسم طحينية 400 غم 1*12,5/20/2026,3600,26001213,1181370,كرتون اكسترا فاخرة طحينية 400 غم,300,0.171,51.3,WIP
26001203,Closed (مغلق),1011101,الموسم طحينية 400 غم 1*12,5/20/2026,3600,26001213,1171017,طحينية بلك ميار - موسم  كروما,1296,1.514,1962.144,WIP
26001204,Closed (مغلق),1171020,حلاوة بلك سادة ميار - موسم,5/21/2026,5025,26001214,1171010,جلوكوز,825,0.36,297,RMWH
26001204,Closed (مغلق),1171020,حلاوة بلك سادة ميار - موسم,5/21/2026,5025,26001214,1171014,عرق حلاوة,22,1.503,33.066,RMWH
26001204,Closed (مغلق),1171020,حلاوة بلك سادة ميار - موسم,5/21/2026,5025,26001214,1081001,سكر 50 كعم 20*50,1.65,381.566,629.584,RMWH
26001204,Closed (مغلق),1171020,حلاوة بلك سادة ميار - موسم,5/21/2026,5025,26001214,1171008,مثبت,88,1.473,129.624,WIP
26001204,Closed (مغلق),1171020,حلاوة بلك سادة ميار - موسم,5/21/2026,5025,26001214,1171005,فانيلا,1.65,14.666,24.199,RMWH
26001204,Closed (مغلق),1171020,حلاوة بلك سادة ميار - موسم,5/21/2026,5025,26001214,1171017,طحينية بلك ميار - موسم  كروما,2523,1.514,3819.822,WIP
26001204,Closed (مغلق),1171020,حلاوة بلك سادة ميار - موسم,5/21/2026,5025,26001214,1171001,ملح ليمون,2.75,0.736,2.024,RMWH
26001205,Closed (مغلق),1011044,لوكسر طحينية 450 غم 1*12 اصفر,5/21/2026,3600,26001215,1181106,كرتون لوكسر طحينية 450 غم أصفر,300,0.188,56.4,WIP
26001205,Closed (مغلق),1011044,لوكسر طحينية 450 غم 1*12 اصفر,5/21/2026,3600,26001215,1181235,مرتبان لوكسر طحينية 450 غم أصفر,3600,0.115,414,WIP
26001205,Closed (مغلق),1011044,لوكسر طحينية 450 غم 1*12 اصفر,5/21/2026,3600,26001215,1171017,طحينية بلك ميار - موسم  كروما,1620,1.514,2452.68,WIP
26001206,Closed (مغلق),1011101,الموسم طحينية 400 غم 1*12,5/21/2026,1800,26001216,1181056,مرتبان الموسم طحينية 400 غم,1800,0.155,279,PKGWH
26001206,Closed (مغلق),1011101,الموسم طحينية 400 غم 1*12,5/21/2026,1800,26001216,1181370,كرتون اكسترا فاخرة طحينية 400 غم,150,0.171,25.65,WIP
26001206,Closed (مغلق),1011101,الموسم طحينية 400 غم 1*12,5/21/2026,1800,26001216,1171017,طحينية بلك ميار - موسم  كروما,648,1.514,981.072,WIP
26001207,Closed (مغلق),1011003,الموسم طحينية 18 كغم تنك 1*1,5/21/2026,3,26001217,1171017,طحينية بلك ميار - موسم  كروما,54,1.514,81.756,WIP
26001207,Closed (مغلق),1011003,الموسم طحينية 18 كغم تنك 1*1,5/21/2026,3,26001217,1181327,تنك الموسم طحينية 18 كغم -فارغ,3,1.25,3.75,WIP
26001208,Closed (مغلق),1021039,شيخ الكار حلاوة 700 غم فستق 1*12,5/21/2026,988,26001218,1181113,"كرتون شيخ الكار حلاوة 700/800 غم (فستق،سادة،شوكولاتة،ملوكي) دمعة",82,0.197,16.154,PKGWH
26001208,Closed (مغلق),1021039,شيخ الكار حلاوة 700 غم فستق 1*12,5/21/2026,988,26001218,1171031,حلاوة بلك فستق شيخ الكار,632.32,1.04,657.613,WIP
26001208,Closed (مغلق),1021039,شيخ الكار حلاوة 700 غم فستق 1*12,5/21/2026,988,26001218,1181423,علب شيخ الكار حلاوة 700 غم فستق,988,0.156,154.128,PKGWH
26001209,Closed (مغلق),1021038,شيخ الكار حلاوة 700 غم شوكولاته 1*12,5/21/2026,1517,26001219,1181113,"كرتون شيخ الكار حلاوة 700/800 غم (فستق،سادة،شوكولاتة،ملوكي) دمعة",126,0.197,24.822,PKGWH
26001209,Closed (مغلق),1021038,شيخ الكار حلاوة 700 غم شوكولاته 1*12,5/21/2026,1517,26001219,1171026,حلاوة بلك شوكولاته شيخ الكار,970.88,0.929,901.948,WIP
26001209,Closed (مغلق),1021038,شيخ الكار حلاوة 700 غم شوكولاته 1*12,5/21/2026,1517,26001219,1181422,علب شيخ الكار حلاوة 700 غم شوكولاتة,1517,0.167,253.339,PKGWH
26001210,Closed (مغلق),1021050,شيخ الكار حلاوة 800 غم سادة 1*12,5/31/2026,1260,26001220,1181113,"كرتون شيخ الكار حلاوة 700/800 غم (فستق،سادة،شوكولاتة،ملوكي) دمعة",105,0.197,20.685,PKGWH
26001210,Closed (مغلق),1021050,شيخ الكار حلاوة 800 غم سادة 1*12,5/31/2026,1260,26001220,1171022,حلاوة بلك سادة شيخ الكار,1008,0.776,782.208,WIP
26001210,Closed (مغلق),1021050,شيخ الكار حلاوة 800 غم سادة 1*12,5/31/2026,1260,26001220,1181462,علب شيخ الكار حلاوة 800 غم سادة,1260,0.15,189,PKGWH
26001211,Closed (مغلق),1011027,شيخ الكار طحينية 18 كغم تنك 1*1,5/31/2026,15,26001221,1181301,تنك شيخ الكار طحينية 18 كغم -فارغ,15,1.395,20.925,PKGWH
26001211,Closed (مغلق),1011027,شيخ الكار طحينية 18 كغم تنك 1*1,5/31/2026,15,26001221,1171015,طحينية بلك شيخ الكار حجر,270,1.034,279.18,WIP
26001212,Closed (مغلق),1171020,حلاوة بلك سادة ميار - موسم,5/31/2026,2730,26001222,1171010,جلوكوز,450,0.36,162,RMWH
26001212,Closed (مغلق),1171020,حلاوة بلك سادة ميار - موسم,5/31/2026,2730,26001222,1171014,عرق حلاوة,12,1.503,18.036,RMWH
26001212,Closed (مغلق),1171020,حلاوة بلك سادة ميار - موسم,5/31/2026,2730,26001222,1081001,سكر 50 كعم 20*50,0.9,381.566,343.409,RMWH
26001212,Closed (مغلق),1171020,حلاوة بلك سادة ميار - موسم,5/31/2026,2730,26001222,1171008,مثبت,48,1.473,70.704,WIP
26001212,Closed (مغلق),1171020,حلاوة بلك سادة ميار - موسم,5/31/2026,2730,26001222,1171005,فانيلا,0.9,14.666,13.199,RMWH
26001212,Closed (مغلق),1171020,حلاوة بلك سادة ميار - موسم,5/31/2026,2730,26001222,1171017,طحينية بلك ميار - موسم  كروما,1374,1.514,2080.236,WIP
26001212,Closed (مغلق),1171020,حلاوة بلك سادة ميار - موسم,5/31/2026,2730,26001222,1171001,ملح ليمون,1.5,0.736,1.104,RMWH
26001213,Closed (مغلق),1011091,شيخ الكار طحينية 700 غم 1*12,5/31/2026,4,26001223,1171015,طحينية بلك شيخ الكار حجر,2.6,1.034,2.688,WIP
26001213,Closed (مغلق),1011091,شيخ الكار طحينية 700 غم 1*12,5/31/2026,4,26001223,1181191,مرتبان طحينية  شيخ الكار 700 غم  جديد قارورة,4,0.094,0.376,PKGWH
26001214,Closed (مغلق),1021003,شيخ الكار حلاوة 5 كغم سادة (الولاء) 1*1,6/1/2026,640,26001224,1171020,حلاوة بلك سادة ميار - موسم,3200,0.986,3155.2,WIP
26001214,Closed (مغلق),1021003,شيخ الكار حلاوة 5 كغم سادة (الولاء) 1*1,6/1/2026,640,26001224,1181349,جاط شيخ الكار حلاوة 5 كغم سادة (الولاء) غطاء احمر,640,0.683,437.12,PKGWH
26001214,Closed (مغلق),1021003,شيخ الكار حلاوة 5 كغم سادة (الولاء) 1*1,6/1/2026,640,26001224,1181029,كرتون متعدد حلاوة 5 كغم تبروير ولاء,160,0.391,62.56,PKGWH
26001215,Closed (مغلق),1011027,شيخ الكار طحينية 18 كغم تنك 1*1,6/1/2026,223,26001225,1181301,تنك شيخ الكار طحينية 18 كغم -فارغ,223,1.395,311.085,PKGWH
26001215,Closed (مغلق),1011027,شيخ الكار طحينية 18 كغم تنك 1*1,6/1/2026,223,26001225,1171017,طحينية بلك ميار - موسم  كروما,4014,1.514,6077.196,WIP
26001216,Closed (مغلق),1011003,الموسم طحينية 18 كغم تنك 1*1,6/1/2026,50,26001226,1171017,طحينية بلك ميار - موسم  كروما,900,1.514,1362.6,WIP
26001216,Closed (مغلق),1011003,الموسم طحينية 18 كغم تنك 1*1,6/1/2026,50,26001226,1181327,تنك الموسم طحينية 18 كغم -فارغ,50,1.25,62.5,PKGWH
26001217,Closed (مغلق),1011090,شيخ الكار طحينية 900 غم 1*12 جديد,6/1/2026,3608,26001229,1171015,طحينية بلك شيخ الكار حجر,3066.8,1.034,3171.071,WIP
26001217,Closed (مغلق),1011090,شيخ الكار طحينية 900 غم 1*12 جديد,6/1/2026,3608,26001229,1181097,كرتون شيخ الكار طحينية 900 غم جديد ابيض,300,0.191,57.3,PKGWH
26001217,Closed (مغلق),1011090,شيخ الكار طحينية 900 غم 1*12 جديد,6/1/2026,3608,26001229,1181192,قارورة طحينية  شيخ الكار 900 غم  جديد,3608,0.15,541.2,PKGWH
26001218,Closed (مغلق),1011021,شيخ الكار طحينية 5 كغم 1*4,6/1/2026,100,26001227,1181002,كرتون متعدد طحينية 5 كغم بدون طباعة,25,2.489,62.225,PKGWH
26001218,Closed (مغلق),1011021,شيخ الكار طحينية 5 كغم 1*4,6/1/2026,100,26001227,1181549,سطل شيخ الكار طحينية 5 كغم,100,0.91,91,PKGWH
26001218,Closed (مغلق),1011021,شيخ الكار طحينية 5 كغم 1*4,6/1/2026,100,26001227,1171015,طحينية بلك شيخ الكار حجر,500,1.034,517,WIP
26001219,Closed (مغلق),1011004,الموسم طحينية 900 غم 1*12,6/1/2026,600,26001228,1171017,طحينية بلك ميار - موسم  كروما,510,1.514,772.14,WIP
26001219,Closed (مغلق),1011004,الموسم طحينية 900 غم 1*12,6/1/2026,600,26001228,1181037,مرتبان الموسم طحينية 800 غم,600,0.118,70.8,PKGWH
26001219,Closed (مغلق),1011004,الموسم طحينية 900 غم 1*12,6/1/2026,600,26001228,1181008,كرتون متعدد طحينية 800 غم اكسترا فاخرة,50,0.209,10.45,PKGWH
26001220,Closed (مغلق),1171016,حلاوة بلك دايت,6/2/2026,280,26001230,1171008,مثبت,5,1.473,7.365,WIP
26001220,Closed (مغلق),1171016,حلاوة بلك دايت,6/2/2026,280,26001230,1171005,فانيلا,0.1,14.666,1.467,RMWH
26001220,Closed (مغلق),1171016,حلاوة بلك دايت,6/2/2026,280,26001230,1171014,عرق حلاوة,1.5,1.503,2.255,RMWH
26001220,Closed (مغلق),1171016,حلاوة بلك دايت,6/2/2026,280,26001230,1171015,طحينية بلك شيخ الكار حجر,142,1.034,146.828,WIP
26001220,Closed (مغلق),1171016,حلاوة بلك دايت,6/2/2026,280,26001230,1171007,قطر دايت,10.5,1.43,15.015,RMWH
26001220,Closed (مغلق),1171016,حلاوة بلك دايت,6/2/2026,280,26001230,1171009,بديل السكر,150,2.737,410.55,RMWH
26001221,Closed (مغلق),1171022,حلاوة بلك سادة شيخ الكار,6/2/2026,4099,26001231,1171010,جلوكوز,675,0.36,243,RMWH
26001221,Closed (مغلق),1171022,حلاوة بلك سادة شيخ الكار,6/2/2026,4099,26001231,1171014,عرق حلاوة,18,1.503,27.054,RMWH
26001221,Closed (مغلق),1171022,حلاوة بلك سادة شيخ الكار,6/2/2026,4099,26001231,1081001,سكر 50 كعم 20*50,1.35,381.566,515.114,RMWH
26001221,Closed (مغلق),1171022,حلاوة بلك سادة شيخ الكار,6/2/2026,4099,26001231,1171008,مثبت,72,1.473,106.056,WIP
26001221,Closed (مغلق),1171022,حلاوة بلك سادة شيخ الكار,6/2/2026,4099,26001231,1171005,فانيلا,1.35,14.666,19.799,RMWH
26001221,Closed (مغلق),1171022,حلاوة بلك سادة شيخ الكار,6/2/2026,4099,26001231,1171015,طحينية بلك شيخ الكار حجر,2034,1.034,2103.156,WIP
26001221,Closed (مغلق),1171022,حلاوة بلك سادة شيخ الكار,6/2/2026,4099,26001231,1171001,ملح ليمون,2.25,0.736,1.656,RMWH
26001222,Closed (مغلق),1171029,حلاوة بلك رشة شيخ الكار,6/2/2026,339,26001232,1171022,حلاوة بلك سادة شيخ الكار,335,0.748,250.58,WIP
26001222,Closed (مغلق),1171029,حلاوة بلك رشة شيخ الكار,6/2/2026,339,26001232,1171011,فستق حلبي,4,16.68,66.72,RMWH
26001223,Closed (مغلق),1171031,حلاوة بلك فستق شيخ الكار,6/2/2026,3807,26001233,1171022,حلاوة بلك سادة شيخ الكار,3764,0.748,2815.472,WIP
26001223,Closed (مغلق),1171031,حلاوة بلك فستق شيخ الكار,6/2/2026,3807,26001233,1171011,فستق حلبي,43,16.68,717.24,RMWH
26001224,Closed (مغلق),1171022,حلاوة بلك سادة شيخ الكار,6/2/2026,1315,26001234,1171010,جلوكوز,225,0.36,81,RMWH
26001224,Closed (مغلق),1171022,حلاوة بلك سادة شيخ الكار,6/2/2026,1315,26001234,1171014,عرق حلاوة,6,1.503,9.018,RMWH
26001224,Closed (مغلق),1171022,حلاوة بلك سادة شيخ الكار,6/2/2026,1315,26001234,1081001,سكر 50 كعم 20*50,0.45,381.566,171.705,RMWH
26001224,Closed (مغلق),1171022,حلاوة بلك سادة شيخ الكار,6/2/2026,1315,26001234,1171008,مثبت,24,1.473,35.352,WIP
26001224,Closed (مغلق),1171022,حلاوة بلك سادة شيخ الكار,6/2/2026,1315,26001234,1171005,فانيلا,0.45,14.666,6.6,RMWH
26001224,Closed (مغلق),1171022,حلاوة بلك سادة شيخ الكار,6/2/2026,1315,26001234,1171015,طحينية بلك شيخ الكار حجر,663,1.034,685.542,WIP
26001224,Closed (مغلق),1171022,حلاوة بلك سادة شيخ الكار,6/2/2026,1315,26001234,1171001,ملح ليمون,0.75,0.736,0.552,RMWH
26001225,Closed (مغلق),1171031,حلاوة بلك فستق شيخ الكار,6/2/2026,1325,26001235,1171022,حلاوة بلك سادة شيخ الكار,1315,0.75,986.25,WIP
26001225,Closed (مغلق),1171031,حلاوة بلك فستق شيخ الكار,6/2/2026,1325,26001235,1171011,فستق حلبي,10,16.68,166.8,RMWH
26001226,Closed (مغلق),1171020,حلاوة بلك سادة ميار - موسم,6/2/2026,3183,26001236,1171010,جلوكوز,525,0.36,189,RMWH
26001226,Closed (مغلق),1171020,حلاوة بلك سادة ميار - موسم,6/2/2026,3183,26001236,1171014,عرق حلاوة,14,1.503,21.042,RMWH
26001226,Closed (مغلق),1171020,حلاوة بلك سادة ميار - موسم,6/2/2026,3183,26001236,1081001,سكر 50 كعم 20*50,1.05,381.566,400.644,RMWH
26001226,Closed (مغلق),1171020,حلاوة بلك سادة ميار - موسم,6/2/2026,3183,26001236,1171008,مثبت,56,1.473,82.488,WIP
26001226,Closed (مغلق),1171020,حلاوة بلك سادة ميار - موسم,6/2/2026,3183,26001236,1171005,فانيلا,10.5,14.666,153.993,RMWH
26001226,Closed (مغلق),1171020,حلاوة بلك سادة ميار - موسم,6/2/2026,3183,26001236,1171017,طحينية بلك ميار - موسم  كروما,1589,1.514,2405.746,WIP
26001226,Closed (مغلق),1171020,حلاوة بلك سادة ميار - موسم,6/2/2026,3183,26001236,1171001,ملح ليمون,1.75,0.736,1.288,RMWH
26001227,Closed (مغلق),1171013,حلاوة بلك رشة فستق ميار,6/2/2026,324,26001237,1171020,حلاوة بلك سادة ميار - موسم,321,0.998,320.358,WIP
26001227,Closed (مغلق),1171013,حلاوة بلك رشة فستق ميار,6/2/2026,324,26001237,1171011,فستق حلبي,3,16.68,50.04,RMWH
26001228,Closed (مغلق),1171028,حلاوة بلك فستق ميار,6/2/2026,834,26001238,1171020,حلاوة بلك سادة ميار - موسم,827,0.998,825.346,WIP
26001228,Closed (مغلق),1171028,حلاوة بلك فستق ميار,6/2/2026,834,26001238,1171011,فستق حلبي,7,16.68,116.76,RMWH
26001229,Closed (مغلق),1021003,شيخ الكار حلاوة 5 كغم سادة (الولاء) 1*1,6/2/2026,17,26001239,1021003,شيخ الكار حلاوة 5 كغم سادة (الولاء) 1*1,17,5.628,95.676,FGWH
26001230,Closed (مغلق),1021003,شيخ الكار حلاوة 5 كغم سادة (الولاء) 1*1,6/2/2026,940,26001241,1171020,حلاوة بلك سادة ميار - موسم,4700,0.998,4690.6,WIP
26001230,Closed (مغلق),1021003,شيخ الكار حلاوة 5 كغم سادة (الولاء) 1*1,6/2/2026,940,26001241,1181349,جاط شيخ الكار حلاوة 5 كغم سادة (الولاء) غطاء احمر,940,0.716,673.04,PKGWH
26001230,Closed (مغلق),1021003,شيخ الكار حلاوة 5 كغم سادة (الولاء) 1*1,6/2/2026,940,26001241,1181029,كرتون متعدد حلاوة 5 كغم تبروير ولاء,235,0.391,91.885,PKGWH
26001231,Closed (مغلق),1021024,الموسم حلاوة 6 كغم فستق 1*4,6/2/2026,413,26001242,1171031,حلاوة بلك فستق شيخ الكار,2478,0.921,2282.238,WIP
26001231,Closed (مغلق),1021024,الموسم حلاوة 6 كغم فستق 1*4,6/2/2026,413,26001242,1181344,جاط مربع حلاوة 5 كغم شفاف متعدد,413,0.606,250.278,PKGWH
26001231,Closed (مغلق),1021024,الموسم حلاوة 6 كغم فستق 1*4,6/2/2026,413,26001242,1181029,كرتون متعدد حلاوة 5 كغم تبروير ولاء,103,0.391,40.273,PKGWH
26001232,Closed (مغلق),1021039,شيخ الكار حلاوة 700 غم فستق 1*12,6/2/2026,1420,26001243,1181113,"كرتون شيخ الكار حلاوة 700/800 غم (فستق،سادة،شوكولاتة،ملوكي) دمعة",118,0.197,23.246,PKGWH
26001232,Closed (مغلق),1021039,شيخ الكار حلاوة 700 غم فستق 1*12,6/2/2026,1420,26001243,1171031,حلاوة بلك فستق شيخ الكار,908.8,0.921,837.005,WIP
26001232,Closed (مغلق),1021039,شيخ الكار حلاوة 700 غم فستق 1*12,6/2/2026,1420,26001243,1181423,علب شيخ الكار حلاوة 700 غم فستق,1420,0.156,221.52,PKGWH
26001233,Closed (مغلق),1021011,شيخ الكار حلاوة 6 كغم فستق 1*4,6/2/2026,140,26001248,1171031,حلاوة بلك فستق شيخ الكار,840,0.921,773.64,WIP
26001233,Closed (مغلق),1021011,شيخ الكار حلاوة 6 كغم فستق 1*4,6/2/2026,140,26001248,1181311,"جاط متعدد حلاوة 6 كغم (فستق،سادة،شوكولاتة) شفاف",140,0.487,68.18,PKGWH
26001233,Closed (مغلق),1021011,شيخ الكار حلاوة 6 كغم فستق 1*4,6/2/2026,140,26001248,1181111,"كرتون شيخ الكار حلاوة 6 كغم (فستق،سادة،شوكولاتة)",35,0.555,19.425,PKGWH
26001234,Closed (مغلق),1021063,شيخ الكار حلاوة 2300 غم فستق 1*4,6/2/2026,416,26001247,1181065,كرتون شيخ الكار حلاوة 2300 غم فستق,104,0.166,17.264,PKGWH
26001234,Closed (مغلق),1021063,شيخ الكار حلاوة 2300 غم فستق 1*4,6/2/2026,416,26001247,1171031,حلاوة بلك فستق شيخ الكار,904.8,0.921,833.321,WIP
26001234,Closed (مغلق),1021063,شيخ الكار حلاوة 2300 غم فستق 1*4,6/2/2026,416,26001247,1181435,علب شيخ الكار حلاوة 2300 غم فستق,416,0.358,148.928,PKGWH
26001235,Closed (مغلق),1021005,ميار حلاوة 300 غم رشة فستق 1*12,6/2/2026,1200,26001246,1171013,حلاوة بلك رشة فستق ميار,324,1.129,365.796,WIP
26001235,Closed (مغلق),1021005,ميار حلاوة 300 غم رشة فستق 1*12,6/2/2026,1200,26001246,1181019,"كرتون متعدد حلاوة 300 غم (ميار،شتلة،فاخرة) أمنية",100,0.106,10.6,WIP
26001235,Closed (مغلق),1021005,ميار حلاوة 300 غم رشة فستق 1*12,6/2/2026,1200,26001246,1181373,علب ميار حلاوة 300 غم رشة فستق أمنية,1200,0.1,120,PKGWH
26001236,Closed (مغلق),1021043,شيخ الكار حلاوة 300 غم رشة فستق 1*12,6/2/2026,1200,26001245,1181022,"كرتون متعدد حلاوة 300 غم (فستق،سادة،شوكولاتة) مستطيل",100,0.162,16.2,PKGWH
26001236,Closed (مغلق),1021043,شيخ الكار حلاوة 300 غم رشة فستق 1*12,6/2/2026,1200,26001245,1171029,حلاوة بلك رشة شيخ الكار,318,0.937,297.966,WIP
26001236,Closed (مغلق),1021043,شيخ الكار حلاوة 300 غم رشة فستق 1*12,6/2/2026,1200,26001245,1181431,علب شيخ الكار حلاوة 300 غم رشة فستق,1200,0.099,118.8,PKGWH
26001237,Closed (مغلق),1021047,شيخ الكار حلاوة 400 غم سادة دايت 1*12,6/2/2026,695,26001244,1181006,"كرتون متعدد شيخ الكار حلاوة 400 غم (فستق،سادة،شوكولاتة) دمعة",57,0.093,5.301,PKGWH
26001237,Closed (مغلق),1021047,شيخ الكار حلاوة 400 غم سادة دايت 1*12,6/2/2026,695,26001244,1171016,حلاوة بلك دايت,278,2.056,571.568,WIP
26001237,Closed (مغلق),1021047,شيخ الكار حلاوة 400 غم سادة دايت 1*12,6/2/2026,695,26001244,1181438,علب شيخ الكار حلاوة 400 غم دايت,695,0.099,68.805,WIP
26001238,Closed (مغلق),1011088,الموسم طحينية 800 غم  1*12,6/2/2026,960,26001249,1171017,طحينية بلك ميار - موسم  كروما,700.8,1.514,1061.011,WIP
26001238,Closed (مغلق),1011088,الموسم طحينية 800 غم  1*12,6/2/2026,960,26001249,1181008,كرتون متعدد طحينية 800 غم اكسترا فاخرة,80,0.209,16.72,PKGWH
26001238,Closed (مغلق),1011088,الموسم طحينية 800 غم  1*12,6/2/2026,960,26001249,1181037,مرتبان الموسم طحينية 800 غم,960,0.118,113.28,PKGWH
26001239,Closed (مغلق),1011033,شيخ الكار طحينية 15 كغم تنك 1*1,6/2/2026,80,26001250,1171015,طحينية بلك شيخ الكار حجر,1140,1.034,1178.76,WIP
26001239,Closed (مغلق),1011033,شيخ الكار طحينية 15 كغم تنك 1*1,6/2/2026,80,26001250,1181304,تنك شيخ الكار طحينية 15 كغم -فارغ,80,1.202,96.16,PKGWH
26001240,Closed (مغلق),1171022,حلاوة بلك سادة شيخ الكار,6/3/2026,4913,26001251,1171010,جلوكوز,825,0.36,297,RMWH
26001240,Closed (مغلق),1171022,حلاوة بلك سادة شيخ الكار,6/3/2026,4913,26001251,1171014,عرق حلاوة,22,1.503,33.066,RMWH
26001240,Closed (مغلق),1171022,حلاوة بلك سادة شيخ الكار,6/3/2026,4913,26001251,1081001,سكر 50 كعم 20*50,1.65,381.566,629.584,RMWH
26001240,Closed (مغلق),1171022,حلاوة بلك سادة شيخ الكار,6/3/2026,4913,26001251,1171008,مثبت,88,1.473,129.624,WIP
26001240,Closed (مغلق),1171022,حلاوة بلك سادة شيخ الكار,6/3/2026,4913,26001251,1171005,فانيلا,1.65,14.666,24.199,RMWH
26001240,Closed (مغلق),1171022,حلاوة بلك سادة شيخ الكار,6/3/2026,4913,26001251,1171015,طحينية بلك شيخ الكار حجر,2503,1.034,2588.102,WIP
26001240,Closed (مغلق),1171022,حلاوة بلك سادة شيخ الكار,6/3/2026,4913,26001251,1171001,ملح ليمون,2.75,0.736,2.024,RMWH
26001241,Closed (مغلق),1171031,حلاوة بلك فستق شيخ الكار,6/3/2026,3862,26001252,1171022,حلاوة بلك سادة شيخ الكار,3824,0.753,2879.472,WIP
26001241,Closed (مغلق),1171031,حلاوة بلك فستق شيخ الكار,6/3/2026,3862,26001252,1171011,فستق حلبي,38,16.68,633.84,RMWH
26001242,Closed (مغلق),1171026,حلاوة بلك شوكولاته شيخ الكار,6/3/2026,90,26001253,1171022,حلاوة بلك سادة شيخ الكار,83,0.753,62.499,WIP
26001242,Closed (مغلق),1171026,حلاوة بلك شوكولاته شيخ الكار,6/3/2026,90,26001253,1171003,كاكاو,3,6,18,RMWH
26001242,Closed (مغلق),1171026,حلاوة بلك شوكولاته شيخ الكار,6/3/2026,90,26001253,1171015,طحينية بلك شيخ الكار حجر,4,1.034,4.136,WIP
26001243,Closed (مغلق),1021149,الميلاد حلاوة 700 غم فستق 1*12,6/3/2026,1200,26001261,1171031,حلاوة بلك فستق شيخ الكار,840,0.91,764.4,WIP
26001243,Closed (مغلق),1021149,الميلاد حلاوة 700 غم فستق 1*12,6/3/2026,1200,26001261,1181179,علب حلاوة الميلاد  700 غ فستق,1200,0.15,180,PKGWH
26001243,Closed (مغلق),1021149,الميلاد حلاوة 700 غم فستق 1*12,6/3/2026,1200,26001261,1181024,كرتون متعدد حلاوة 800 غم دمعة,100,0.203,20.3,PKGWH
26001244,Closed (مغلق),1021142,الميلاد حلاوة 1500 غم فستق 1*6,6/3/2026,600,26001260,1171031,حلاوة بلك فستق شيخ الكار,900,0.91,819,WIP
26001244,Closed (مغلق),1021142,الميلاد حلاوة 1500 غم فستق 1*6,6/3/2026,600,26001260,1181061,كرتون متعدد حلاوة 1500 غم هرمي,100,0.942,94.2,PKGWH
26001244,Closed (مغلق),1021142,الميلاد حلاوة 1500 غم فستق 1*6,6/3/2026,600,26001260,1181267,علب الميلاد حلاوة 1500 غم,600,0.247,148.2,PKGWH
26001245,Closed (مغلق),1021085,الميلاد حلاوة 1300 غم فستق 1*6,6/3/2026,600,26001259,1171031,حلاوة بلك فستق شيخ الكار,726,0.91,660.66,WIP
26001245,Closed (مغلق),1021085,الميلاد حلاوة 1300 غم فستق 1*6,6/3/2026,600,26001259,1181067,كرتون شيخ الكار حلاوة 1300 غم فستق,100,0.201,20.1,PKGWH
26001245,Closed (مغلق),1021085,الميلاد حلاوة 1300 غم فستق 1*6,6/3/2026,600,26001259,1181175,علب حلاوة الميلاد 1300 غ فستق,600,0.151,90.6,PKGWH
26001246,Closed (مغلق),1021084,الميلاد حلاوة 2300 غم فستق 1*4,6/3/2026,200,26001258,1171031,حلاوة بلك فستق شيخ الكار,435,0.91,395.85,WIP
26001246,Closed (مغلق),1021084,الميلاد حلاوة 2300 غم فستق 1*4,6/3/2026,200,26001258,1181065,كرتون شيخ الكار حلاوة 2300 غم فستق,50,0.166,8.3,PKGWH
26001246,Closed (مغلق),1021084,الميلاد حلاوة 2300 غم فستق 1*4,6/3/2026,200,26001258,1181248,علب الميلاد حلاوة 2300 غم,200,0.32,64,PKGWH
26001247,Closed (مغلق),1021064,شيخ الكار حلاوة 3 كغم سادة 1*6,6/3/2026,60,26001257,1181156,"كرتون متعدد 3 كغم (فستق،سادة،شوكولاتة)",10,0.5,5,PKGWH
26001247,Closed (مغلق),1021064,شيخ الكار حلاوة 3 كغم سادة 1*6,6/3/2026,60,26001257,1171022,حلاوة بلك سادة شيخ الكار,180,0.753,135.54,WIP
26001247,Closed (مغلق),1021064,شيخ الكار حلاوة 3 كغم سادة 1*6,6/3/2026,60,26001257,1181309,جاط شيخ الكار حلاوة 3 كغم سادة,60,0.534,32.04,PKGWH
26001248,Closed (مغلق),1021053,شيخ الكار حلاوة 3 كغم شوكولاته 1*6,6/3/2026,30,26001256,1181156,"كرتون متعدد 3 كغم (فستق،سادة،شوكولاتة)",5,0.5,2.5,PKGWH
26001248,Closed (مغلق),1021053,شيخ الكار حلاوة 3 كغم شوكولاته 1*6,6/3/2026,30,26001256,1171026,حلاوة بلك شوكولاته شيخ الكار,90,0.932,83.88,WIP
26001248,Closed (مغلق),1021053,شيخ الكار حلاوة 3 كغم شوكولاته 1*6,6/3/2026,30,26001256,1181310,جاط شيخ الكار حلاوة 3 كغم شوكولاتة,30,0.338,10.14,PKGWH
26001249,Closed (مغلق),1021054,شيخ الكار حلاوة 3 كغم فستق 1*6,6/3/2026,30,26001255,1181156,"كرتون متعدد 3 كغم (فستق،سادة،شوكولاتة)",5,0.5,2.5,PKGWH
26001249,Closed (مغلق),1021054,شيخ الكار حلاوة 3 كغم فستق 1*6,6/3/2026,30,26001255,1171031,حلاوة بلك فستق شيخ الكار,90,0.91,81.9,WIP
26001249,Closed (مغلق),1021054,شيخ الكار حلاوة 3 كغم فستق 1*6,6/3/2026,30,26001255,1181329,جاط شيخ الكار حلاوة 3 كغم فستق,30,0.55,16.5,PKGWH
26001250,Closed (مغلق),1011090,شيخ الكار طحينية 900 غم 1*12 جديد,6/3/2026,7,26001254,1171015,طحينية بلك شيخ الكار حجر,5.95,1.034,6.152,WIP
26001250,Closed (مغلق),1011090,شيخ الكار طحينية 900 غم 1*12 جديد,6/3/2026,7,26001254,1181192,قارورة طحينية  شيخ الكار 900 غم  جديد,7,0.15,1.05,WIP
26001251,Closed (مغلق),1171022,حلاوة بلك سادة شيخ الكار,6/7/2026,3889,26001263,1171010,جلوكوز,630.018,0.36,226.806,RMWH
26001251,Closed (مغلق),1171022,حلاوة بلك سادة شيخ الكار,6/7/2026,3889,26001263,1171014,عرق حلاوة,16.8,1.503,25.25,RMWH
26001251,Closed (مغلق),1171022,حلاوة بلك سادة شيخ الكار,6/7/2026,3889,26001263,1081001,سكر 50 كعم 20*50,1.26,381.566,480.773,RMWH
26001251,Closed (مغلق),1171022,حلاوة بلك سادة شيخ الكار,6/7/2026,3889,26001263,1171008,مثبت,67.202,1.473,98.989,WIP
26001251,Closed (مغلق),1171022,حلاوة بلك سادة شيخ الكار,6/7/2026,3889,26001263,1171005,فانيلا,1.26,14.666,18.479,RMWH
26001251,Closed (مغلق),1171022,حلاوة بلك سادة شيخ الكار,6/7/2026,3889,26001263,1171015,طحينية بلك شيخ الكار حجر,1911.482,1.003,1917.216,WIP
26001251,Closed (مغلق),1171022,حلاوة بلك سادة شيخ الكار,6/7/2026,3889,26001263,1171001,ملح ليمون,2.1,0.736,1.546,RMWH
26001252,Closed (مغلق),1171015,طحينية بلك شيخ الكار حجر,6/7/2026,40000,26001262,1141002,سمسم خام,47.2,840.001,39648.047,RMWH
26001252,Closed (مغلق),1171015,طحينية بلك شيخ الكار حجر,6/7/2026,40000,26001262,1171006,ملح,18000,0.024,432,RMWH
26001253,Closed (مغلق),1171031,حلاوة بلك فستق شيخ الكار,6/7/2026,2564,26001264,1171022,حلاوة بلك سادة شيخ الكار,2516,0.729,1834.164,WIP
26001253,Closed (مغلق),1171031,حلاوة بلك فستق شيخ الكار,6/7/2026,2564,26001264,1171011,فستق حلبي,48,16.68,800.64,RMWH
26001254,Closed (مغلق),1021045,شيخ الكار حلاوة 200 غم سادة 1*12,6/7/2026,4320,26001270,1181069,كرتون شيخ الكار حلاوة 250 غم مثلث,180,0.169,30.42,PKGWH
26001254,Closed (مغلق),1021045,شيخ الكار حلاوة 200 غم سادة 1*12,6/7/2026,4320,26001270,1171022,حلاوة بلك سادة شيخ الكار,864,0.729,629.856,WIP
26001254,Closed (مغلق),1021045,شيخ الكار حلاوة 200 غم سادة 1*12,6/7/2026,4320,26001270,1181568,علب شيخ الكار حلاوة 200 غم سادة,4320,0.097,419.04,PKGWH
26001255,Closed (مغلق),1021044,شيخ الكار حلاوة 200 غم فستق 1*12,6/7/2026,2160,26001269,1181069,كرتون شيخ الكار حلاوة 250 غم مثلث,90,0.169,15.21,PKGWH
26001255,Closed (مغلق),1021044,شيخ الكار حلاوة 200 غم فستق 1*12,6/7/2026,2160,26001269,1171031,حلاوة بلك فستق شيخ الكار,432,0.99,427.68,WIP
26001255,Closed (مغلق),1021044,شيخ الكار حلاوة 200 غم فستق 1*12,6/7/2026,2160,26001269,1181569,علب شيخ الكار حلاوة 200 غم فستق,2160,0.1,216,PKGWH
26001256,Closed (مغلق),1021062,شيخ الكار حلاوة 800 غم فستق 1*12,6/7/2026,828,26001268,1181113,"كرتون شيخ الكار حلاوة 700/800 غم (فستق،سادة،شوكولاتة،ملوكي) دمعة",69,0.197,13.593,PKGWH
26001256,Closed (مغلق),1021062,شيخ الكار حلاوة 800 غم فستق 1*12,6/7/2026,828,26001268,1171031,حلاوة بلك فستق شيخ الكار,662.4,0.99,655.776,WIP
26001256,Closed (مغلق),1021062,شيخ الكار حلاوة 800 غم فستق 1*12,6/7/2026,828,26001268,1181458,علب شيخ الكار حلاوة 800 غم فستق,828,0.156,129.168,PKGWH
26001257,Closed (مغلق),1021039,شيخ الكار حلاوة 700 غم فستق 1*12,6/7/2026,828,26001267,1181113,"كرتون شيخ الكار حلاوة 700/800 غم (فستق،سادة،شوكولاتة،ملوكي) دمعة",69,0.197,13.593,PKGWH
26001257,Closed (مغلق),1021039,شيخ الكار حلاوة 700 غم فستق 1*12,6/7/2026,828,26001267,1171031,حلاوة بلك فستق شيخ الكار,529.92,0.99,524.621,WIP
26001257,Closed (مغلق),1021039,شيخ الكار حلاوة 700 غم فستق 1*12,6/7/2026,828,26001267,1181423,علب شيخ الكار حلاوة 700 غم فستق,828,0.156,129.168,PKGWH
26001258,Closed (مغلق),1021024,الموسم حلاوة 6 كغم فستق 1*4,6/7/2026,132,26001265,1171031,حلاوة بلك فستق شيخ الكار,792,0.99,784.08,WIP
26001258,Closed (مغلق),1021024,الموسم حلاوة 6 كغم فستق 1*4,6/7/2026,132,26001265,1181311,"جاط متعدد حلاوة 6 كغم (فستق،سادة،شوكولاتة) شفاف",132,0.487,64.284,PKGWH
26001258,Closed (مغلق),1021024,الموسم حلاوة 6 كغم فستق 1*4,6/7/2026,132,26001265,1181111,"كرتون شيخ الكار حلاوة 6 كغم (فستق،سادة،شوكولاتة)",33,0.555,18.315,PKGWH
26001258,Closed (مغلق),1021024,الموسم حلاوة 6 كغم فستق 1*4,6/7/2026,132,26001265,1181567,قواطع كرتون 6 كغم,33,0.065,2.145,PKGWH
26001259,Closed (مغلق),1021020,ميار حلاوة 2200 غم برش فستق 1*4,6/7/2026,401,26001266,1171028,حلاوة بلك فستق ميار,832.075,1.13,940.245,WIP
26001259,Closed (مغلق),1021020,ميار حلاوة 2200 غم برش فستق 1*4,6/7/2026,401,26001266,1181375,علب ميار حلاوة 2300 غم رشة فستق,401,0.306,122.706,PKGWH
26001260,Closed (مغلق),1011007,ميار طحينية 900 غم مطرة 1*12,6/7/2026,3000,26001275,1181221,مطرة ميار طحينية 900 غم,3000,0.109,327,PKGWH
26001260,Closed (مغلق),1011007,ميار طحينية 900 غم مطرة 1*12,6/7/2026,3000,26001275,1181142,كرتون شيخ الكار طحينية 900 غم مطرة,250,0.109,27.25,PKGWH
26001260,Closed (مغلق),1011007,ميار طحينية 900 غم مطرة 1*12,6/7/2026,3000,26001275,1171017,طحينية بلك ميار - موسم  كروما,2550,1.523,3883.65,WIP
26001261,Closed (مغلق),1011020,شيخ الكار طحينية 800 غم 1*12,6/7/2026,66,26001271,1181117,كرتون شيخ الكار طحينية 800 غم,6,0.247,1.482,WIP
26001261,Closed (مغلق),1011020,شيخ الكار طحينية 800 غم 1*12,6/7/2026,66,26001271,1181196,مرتبان شيخ الكار طحينية 800 غم,66,0.155,10.23,WIP
26001261,Closed (مغلق),1011020,شيخ الكار طحينية 800 غم 1*12,6/7/2026,66,26001271,1171015,طحينية بلك شيخ الكار حجر,52.8,1.003,52.958,WIP
26001262,Closed (مغلق),1171017,طحينية بلك ميار - موسم  كروما,6/7/2026,40000,26001272,1171025,سمسم خام برازيلي اناهي,47200,190.827,9007034.4,RMWH
26001262,Closed (مغلق),1171017,طحينية بلك ميار - موسم  كروما,6/7/2026,40000,26001272,1171006,ملح,18000,0.024,432,RMWH
26001263,Closed (مغلق),1171017,طحينية بلك ميار - موسم  كروما,6/7/2026,40000,26001273,1171017,طحينية بلك ميار - موسم  كروما,40000,218.324,8732960,FGWH
26001264,Closed (مغلق),1171017,طحينية بلك ميار - موسم  كروما,6/7/2026,40000,26001274,1171024,سمسم خام برازيلي k3,47200,1.282,60510.4,RMWH
26001264,Closed (مغلق),1171017,طحينية بلك ميار - موسم  كروما,6/7/2026,40000,26001274,1171006,ملح,18000,0.024,432,RMWH
26001265,Closed (مغلق),1021037,شيخ الكار حلاوة 400 غم فستق 1*12,6/7/2026,24,26001281,1181006,"كرتون متعدد شيخ الكار حلاوة 400 غم (فستق،سادة،شوكولاتة) دمعة",2,0.093,0.186,WIP
26001265,Closed (مغلق),1021037,شيخ الكار حلاوة 400 غم فستق 1*12,6/7/2026,24,26001281,1171031,حلاوة بلك فستق شيخ الكار,9.6,0.99,9.504,WIP
26001265,Closed (مغلق),1021037,شيخ الكار حلاوة 400 غم فستق 1*12,6/7/2026,24,26001281,1181359,علبة حلاوة شيخ الكار 400 غ فستق دمعة,24,0.098,2.352,PKGWH
26001266,Closed (مغلق),1021163,شيخ الكار حلاوة 400 غم فستق دايت 1*12,6/7/2026,24,26001280,1171032,حلاوة بلك دايت فستق شيخ الكار,9.6,2.343,22.493,WIP
26001266,Closed (مغلق),1021163,شيخ الكار حلاوة 400 غم فستق دايت 1*12,6/7/2026,24,26001280,1181565,علب شيخ الكار حلاوة 400 غم دايت بالفستق الحلبي,24,0.1,2.4,PKGWH
26001266,Closed (مغلق),1021163,شيخ الكار حلاوة 400 غم فستق دايت 1*12,6/7/2026,24,26001280,1181006,"كرتون متعدد شيخ الكار حلاوة 400 غم (فستق،سادة،شوكولاتة) دمعة",2,0.093,0.186,WIP
26001267,Closed (مغلق),1021060,شيخ الكار حلاوة 1300 غم فستق 1*6,6/7/2026,3,26001279,1171031,حلاوة بلك فستق شيخ الكار,3.63,0.99,3.594,WIP
26001267,Closed (مغلق),1021060,شيخ الكار حلاوة 1300 غم فستق 1*6,6/7/2026,3,26001279,1181280,علب شيخ الكار حلاوة 1300 غم فستق,3,0.308,0.924,WIP
26001268,Closed (مغلق),1021063,شيخ الكار حلاوة 2300 غم فستق 1*4,6/7/2026,1,26001278,1171031,حلاوة بلك فستق شيخ الكار,2.175,0.99,2.153,WIP
26001268,Closed (مغلق),1021063,شيخ الكار حلاوة 2300 غم فستق 1*4,6/7/2026,1,26001278,1181435,علب شيخ الكار حلاوة 2300 غم فستق,1,0.358,0.358,WIP
26001269,Closed (مغلق),1011090,شيخ الكار طحينية 900 غم 1*12 جديد,6/7/2026,25,26001277,1171015,طحينية بلك شيخ الكار حجر,21.25,1.003,21.314,WIP
26001269,Closed (مغلق),1011090,شيخ الكار طحينية 900 غم 1*12 جديد,6/7/2026,25,26001277,1181097,كرتون شيخ الكار طحينية 900 غم جديد ابيض,2,0.191,0.382,WIP
26001269,Closed (مغلق),1011090,شيخ الكار طحينية 900 غم 1*12 جديد,6/7/2026,25,26001277,1181192,قارورة طحينية  شيخ الكار 900 غم  جديد,25,0.15,3.75,WIP
26001270,Closed (مغلق),1141003,سمسم محمص 50 كغم,6/7/2026,500,26001276,1141002,سمسم خام,0.58,840.001,487.201,RMWH
26001270,Closed (مغلق),1141003,سمسم محمص 50 كغم,6/7/2026,500,26001276,1171006,ملح,112.5,0.024,2.7,RMWH
26001271,Closed (مغلق),1011101,الموسم طحينية 400 غم 1*12,6/7/2026,1800,26001282,1181199,مرتبان زعتر 400 غم طحينية,1800,0.13,234,PKGWH
26001271,Closed (مغلق),1011101,الموسم طحينية 400 غم 1*12,6/7/2026,1800,26001282,1181370,كرتون اكسترا فاخرة طحينية 400 غم,150,0.171,25.65,PKGWH
26001271,Closed (مغلق),1011101,الموسم طحينية 400 غم 1*12,6/7/2026,1800,26001282,1171017,طحينية بلك ميار - موسم  كروما,648,1.523,986.904,WIP
26001272,Closed (مغلق),1011020,شيخ الكار طحينية 800 غم 1*12,6/7/2026,1056,26001283,1181117,كرتون شيخ الكار طحينية 800 غم,88,0.247,21.736,PKGWH
26001272,Closed (مغلق),1011020,شيخ الكار طحينية 800 غم 1*12,6/7/2026,1056,26001283,1181196,مرتبان شيخ الكار طحينية 800 غم,1056,0.155,163.68,PKGWH
26001272,Closed (مغلق),1011020,شيخ الكار طحينية 800 غم 1*12,6/7/2026,1056,26001283,1171015,طحينية بلك شيخ الكار حجر,844.8,1.003,847.334,WIP
26001273,Closed (مغلق),1011036,قاسيون طحينية 1كغم مطرة 1*12,6/7/2026,300,26001284,1181224,مطرة قاسيون طحينية 1 كغم,300,0.105,31.5,PKGWH
26001273,Closed (مغلق),1011036,قاسيون طحينية 1كغم مطرة 1*12,6/7/2026,300,26001284,1181007,كرتون متعدد طحينية 1 كغم مطرة,25,0.284,7.1,PKGWH
26001273,Closed (مغلق),1011036,قاسيون طحينية 1كغم مطرة 1*12,6/7/2026,300,26001284,1171015,طحينية بلك شيخ الكار حجر,300,1.003,300.9,WIP
26001274,Closed (مغلق),1021003,شيخ الكار حلاوة 5 كغم سادة (الولاء) 1*1,6/8/2026,392,26001285,1171020,حلاوة بلك سادة ميار - موسم,1960,0.998,1956.08,WIP
26001274,Closed (مغلق),1021003,شيخ الكار حلاوة 5 كغم سادة (الولاء) 1*1,6/8/2026,392,26001285,1181349,جاط شيخ الكار حلاوة 5 كغم سادة (الولاء) غطاء احمر,392,0.716,280.672,WIP
26001274,Closed (مغلق),1021003,شيخ الكار حلاوة 5 كغم سادة (الولاء) 1*1,6/8/2026,392,26001285,1181029,كرتون متعدد حلاوة 5 كغم تبروير ولاء,98,0.391,38.318,WIP
26001275,Closed (مغلق),1171020,حلاوة بلك سادة ميار - موسم,6/8/2026,1391,26001286,1171010,جلوكوز,225,0.36,81,RMWH
26001275,Closed (مغلق),1171020,حلاوة بلك سادة ميار - موسم,6/8/2026,1391,26001286,1171014,عرق حلاوة,6,1.503,9.018,RMWH
26001275,Closed (مغلق),1171020,حلاوة بلك سادة ميار - موسم,6/8/2026,1391,26001286,1081001,سكر 50 كعم 20*50,0.45,381.566,171.705,RMWH
26001275,Closed (مغلق),1171020,حلاوة بلك سادة ميار - موسم,6/8/2026,1391,26001286,1171008,مثبت,24,1.473,35.352,WIP
26001275,Closed (مغلق),1171020,حلاوة بلك سادة ميار - موسم,6/8/2026,1391,26001286,1171005,فانيلا,0.45,14.666,6.6,RMWH
26001275,Closed (مغلق),1171020,حلاوة بلك سادة ميار - موسم,6/8/2026,1391,26001286,1171017,طحينية بلك ميار - موسم  كروما,674,1.523,1026.502,WIP
26001275,Closed (مغلق),1171020,حلاوة بلك سادة ميار - موسم,6/8/2026,1391,26001286,1171001,ملح ليمون,0.75,0.736,0.552,RMWH
26001275,Closed (مغلق),1171020,حلاوة بلك سادة ميار - موسم,6/8/2026,1391,26001286,1171016,حلاوة بلك دايت,63,2.056,129.528,WIP
26001276,Closed (مغلق),1171028,حلاوة بلك فستق ميار,6/8/2026,730,26001287,1171020,حلاوة بلك سادة ميار - موسم,718,1.021,733.078,WIP
26001276,Closed (مغلق),1171028,حلاوة بلك فستق ميار,6/8/2026,730,26001287,1171011,فستق حلبي,12,16.68,200.16,RMWH
26001277,Closed (مغلق),1171022,حلاوة بلك سادة شيخ الكار,6/8/2026,2657,26001288,1171010,جلوكوز,430.434,0.36,154.956,RMWH
26001277,Closed (مغلق),1171022,حلاوة بلك سادة شيخ الكار,6/8/2026,2657,26001288,1171014,عرق حلاوة,11.478,1.503,17.251,RMWH
26001277,Closed (مغلق),1171022,حلاوة بلك سادة شيخ الكار,6/8/2026,2657,26001288,1081001,سكر 50 كعم 20*50,0.861,381.566,328.528,RMWH
26001277,Closed (مغلق),1171022,حلاوة بلك سادة شيخ الكار,6/8/2026,2657,26001288,1171008,مثبت,45.913,1.473,67.63,WIP
26001277,Closed (مغلق),1171022,حلاوة بلك سادة شيخ الكار,6/8/2026,2657,26001288,1171005,فانيلا,0.861,14.666,12.627,RMWH
26001277,Closed (مغلق),1171022,حلاوة بلك سادة شيخ الكار,6/8/2026,2657,26001288,1171015,طحينية بلك شيخ الكار حجر,1305.942,1.003,1309.86,WIP
26001277,Closed (مغلق),1171022,حلاوة بلك سادة شيخ الكار,6/8/2026,2657,26001288,1171001,ملح ليمون,1.435,0.736,1.056,RMWH
26001278,Closed (مغلق),1171031,حلاوة بلك فستق شيخ الكار,6/8/2026,252,26001289,1171022,حلاوة بلك سادة شيخ الكار,247,0.721,178.087,WIP
26001278,Closed (مغلق),1171031,حلاوة بلك فستق شيخ الكار,6/8/2026,252,26001289,1171011,فستق حلبي,5,16.68,83.4,RMWH
26001279,Closed (مغلق),1171030,حلاوة بلك ملوكي شيخ الكار,6/8/2026,47,26001290,1171022,حلاوة بلك سادة شيخ الكار,40,0.721,28.84,WIP
26001279,Closed (مغلق),1171030,حلاوة بلك ملوكي شيخ الكار,6/8/2026,47,26001290,1171012,مكسرات مشكلة,7,6.16,43.12,RMWH
26001280,Closed (مغلق),1171016,حلاوة بلك دايت,6/8/2026,298,26001291,1171008,مثبت,5,1.473,7.365,WIP
26001280,Closed (مغلق),1171016,حلاوة بلك دايت,6/8/2026,298,26001291,1171005,فانيلا,0.1,14.666,1.467,RMWH
26001280,Closed (مغلق),1171016,حلاوة بلك دايت,6/8/2026,298,26001291,1171014,عرق حلاوة,1.5,1.503,2.255,RMWH
26001280,Closed (مغلق),1171016,حلاوة بلك دايت,6/8/2026,298,26001291,1171015,طحينية بلك شيخ الكار حجر,147,1.003,147.441,WIP
26001280,Closed (مغلق),1171016,حلاوة بلك دايت,6/8/2026,298,26001291,1171007,قطر دايت,9.5,1.43,13.585,RMWH
26001280,Closed (مغلق),1171016,حلاوة بلك دايت,6/8/2026,298,26001291,1171009,بديل السكر,150,2.737,410.55,RMWH
26001281,Closed (مغلق),1171032,حلاوة بلك دايت فستق شيخ الكار,6/8/2026,320,26001292,1171016,حلاوة بلك دايت,313.5,1.975,619.163,WIP
26001281,Closed (مغلق),1171032,حلاوة بلك دايت فستق شيخ الكار,6/8/2026,320,26001292,1171011,فستق حلبي,6.5,16.68,108.42,RMWH
26001282,Closed (مغلق),1021060,شيخ الكار حلاوة 1300 غم فستق 1*6,6/8/2026,77,26001293,1171031,حلاوة بلك فستق شيخ الكار,93.17,0.998,92.984,WIP
26001282,Closed (مغلق),1021060,شيخ الكار حلاوة 1300 غم فستق 1*6,6/8/2026,77,26001293,1181280,علب شيخ الكار حلاوة 1300 غم فستق,77,0.308,23.716,PKGWH
26001283,Closed (مغلق),1011087,تمور البركة طحينية 400 غم *12,6/9/2026,3600,26001294,1171015,طحينية بلك شيخ الكار حجر,1440,1.003,1444.32,WIP
26001283,Closed (مغلق),1011087,تمور البركة طحينية 400 غم *12,6/9/2026,3600,26001294,1181039,مرتبان تمور البركة طحينية 400 غم,3600,0.153,550.8,PKGWH
26001283,Closed (مغلق),1011087,تمور البركة طحينية 400 غم *12,6/9/2026,3600,26001294,1181370,كرتون اكسترا فاخرة طحينية 400 غم,300,0.171,51.3,PKGWH
26001284,Closed (مغلق),1011028,شيخ الكار طحينية 9 كغم تنك 1*1,6/9/2026,840,26001295,1181312,تنك شيخ الكار طحينية 9 كغم -فارغ,840,0.962,808.08,PKGWH
26001284,Closed (مغلق),1011028,شيخ الكار طحينية 9 كغم تنك 1*1,6/9/2026,840,26001295,1171015,طحينية بلك شيخ الكار حجر,6972,1.003,6992.916,WIP
26001285,Closed (مغلق),1011033,شيخ الكار طحينية 15 كغم تنك 1*1,6/9/2026,240,26001296,1171015,طحينية بلك شيخ الكار حجر,3420,1.003,3430.26,WIP
26001285,Closed (مغلق),1011033,شيخ الكار طحينية 15 كغم تنك 1*1,6/9/2026,240,26001296,1181304,تنك شيخ الكار طحينية 15 كغم -فارغ,240,1.202,288.48,PKGWH
26001286,Closed (مغلق),1021039,شيخ الكار حلاوة 700 غم فستق 1*12,6/9/2026,2316,26001297,1181113,"كرتون شيخ الكار حلاوة 700/800 غم (فستق،سادة،شوكولاتة،ملوكي) دمعة",193,0.197,38.021,PKGWH
26001286,Closed (مغلق),1021039,شيخ الكار حلاوة 700 غم فستق 1*12,6/9/2026,2316,26001297,1171031,حلاوة بلك فستق شيخ الكار,1479,0.998,1476.042,WIP
26001286,Closed (مغلق),1021039,شيخ الكار حلاوة 700 غم فستق 1*12,6/9/2026,2316,26001297,1181423,علب شيخ الكار حلاوة 700 غم فستق,2316,0.156,361.296,PKGWH
26001287,Closed (مغلق),1171020,حلاوة بلك سادة ميار - موسم,6/9/2026,424,26001298,1171010,جلوكوز,75,0.36,27,RMWH
26001287,Closed (مغلق),1171020,حلاوة بلك سادة ميار - موسم,6/9/2026,424,26001298,1171014,عرق حلاوة,2,1.503,3.006,RMWH
26001287,Closed (مغلق),1171020,حلاوة بلك سادة ميار - موسم,6/9/2026,424,26001298,1081001,سكر 50 كعم 20*50,0.15,381.566,57.235,RMWH
26001287,Closed (مغلق),1171020,حلاوة بلك سادة ميار - موسم,6/9/2026,424,26001298,1171008,مثبت,8,1.473,11.784,WIP
26001287,Closed (مغلق),1171020,حلاوة بلك سادة ميار - موسم,6/9/2026,424,26001298,1171005,فانيلا,0.15,14.666,2.2,RMWH
26001287,Closed (مغلق),1171020,حلاوة بلك سادة ميار - موسم,6/9/2026,424,26001298,1171017,طحينية بلك ميار - موسم  كروما,210,1.523,319.83,WIP
26001287,Closed (مغلق),1171020,حلاوة بلك سادة ميار - موسم,6/9/2026,424,26001298,1171001,ملح ليمون,0.25,0.736,0.184,RMWH
26001287,Closed (مغلق),1171020,حلاوة بلك سادة ميار - موسم,6/9/2026,424,26001298,1171016,حلاوة بلك دايت,15,1.975,29.625,WIP
26001288,Closed (مغلق),1171022,حلاوة بلك سادة شيخ الكار,6/9/2026,4533,26001299,1171010,جلوكوز,750,0.36,270,RMWH
26001288,Closed (مغلق),1171022,حلاوة بلك سادة شيخ الكار,6/9/2026,4533,26001299,1171014,عرق حلاوة,20,1.503,30.06,RMWH
26001288,Closed (مغلق),1171022,حلاوة بلك سادة شيخ الكار,6/9/2026,4533,26001299,1081001,سكر 50 كعم 20*50,1.5,381.566,572.349,RMWH
26001288,Closed (مغلق),1171022,حلاوة بلك سادة شيخ الكار,6/9/2026,4533,26001299,1171008,مثبت,80,1.473,117.84,WIP
26001288,Closed (مغلق),1171022,حلاوة بلك سادة شيخ الكار,6/9/2026,4533,26001299,1171005,فانيلا,1.5,14.666,21.999,RMWH
26001288,Closed (مغلق),1171022,حلاوة بلك سادة شيخ الكار,6/9/2026,4533,26001299,1171015,طحينية بلك شيخ الكار حجر,2282,1.003,2288.846,WIP
26001288,Closed (مغلق),1171022,حلاوة بلك سادة شيخ الكار,6/9/2026,4533,26001299,1171001,ملح ليمون,2.5,0.736,1.84,RMWH
26001289,Closed (مغلق),1171031,حلاوة بلك فستق شيخ الكار,6/9/2026,4593,26001300,1171022,حلاوة بلك سادة شيخ الكار,4533,0.725,3286.425,WIP
26001289,Closed (مغلق),1171031,حلاوة بلك فستق شيخ الكار,6/9/2026,4593,26001300,1171011,فستق حلبي,60,16.68,1000.8,RMWH
26001290,Closed (مغلق),1021062,شيخ الكار حلاوة 800 غم فستق 1*12,6/9/2026,132,26001301,1181113,"كرتون شيخ الكار حلاوة 700/800 غم (فستق،سادة،شوكولاتة،ملوكي) دمعة",11,0.197,2.167,PKGWH
26001290,Closed (مغلق),1021062,شيخ الكار حلاوة 800 غم فستق 1*12,6/9/2026,132,26001301,1171031,حلاوة بلك فستق شيخ الكار,105.6,0.933,98.525,WIP
26001290,Closed (مغلق),1021062,شيخ الكار حلاوة 800 غم فستق 1*12,6/9/2026,132,26001301,1181458,علب شيخ الكار حلاوة 800 غم فستق,132,0.156,20.592,PKGWH
26001291,Closed (مغلق),1021037,شيخ الكار حلاوة 400 غم فستق 1*12,6/9/2026,3456,26001307,1181006,"كرتون متعدد شيخ الكار حلاوة 400 غم (فستق،سادة،شوكولاتة) دمعة",288,0.147,42.336,PKGWH
26001291,Closed (مغلق),1021037,شيخ الكار حلاوة 400 غم فستق 1*12,6/9/2026,3456,26001307,1171031,حلاوة بلك فستق شيخ الكار,1382.4,0.933,1289.779,WIP
26001291,Closed (مغلق),1021037,شيخ الكار حلاوة 400 غم فستق 1*12,6/9/2026,3456,26001307,1181359,علبة حلاوة شيخ الكار 400 غ فستق دمعة,3456,0.098,338.688,PKGWH
26001292,Closed (مغلق),1021137,الموسم حلاوة 800 غم فستق دمعة 1*12,6/9/2026,960,26001306,1171028,حلاوة بلك فستق ميار,768,1.286,987.648,WIP
26001292,Closed (مغلق),1021137,الموسم حلاوة 800 غم فستق دمعة 1*12,6/9/2026,960,26001306,1181265,علب الموسم حلاوة 800 غم فستق دمعة,960,0.153,146.88,PKGWH
26001292,Closed (مغلق),1021137,الموسم حلاوة 800 غم فستق دمعة 1*12,6/9/2026,960,26001306,1181024,كرتون متعدد حلاوة 800 غم دمعة,80,0.203,16.24,PKGWH
26001293,Closed (مغلق),1021138,الموسم حلاوة 800 غم سادة دمعة 1*12,6/9/2026,960,26001304,1171020,حلاوة بلك سادة ميار - موسم,768,1.027,788.736,WIP
26001293,Closed (مغلق),1021138,الموسم حلاوة 800 غم سادة دمعة 1*12,6/9/2026,960,26001304,1181271,علب الموسم حلاوة 800 غم سادة دمعة,960,0.141,135.36,PKGWH
26001293,Closed (مغلق),1021138,الموسم حلاوة 800 غم سادة دمعة 1*12,6/9/2026,960,26001304,1181024,كرتون متعدد حلاوة 800 غم دمعة,80,0.203,16.24,PKGWH
26001294,Closed (مغلق),1021050,شيخ الكار حلاوة 800 غم سادة 1*12,6/9/2026,1960,26001303,1181113,"كرتون شيخ الكار حلاوة 700/800 غم (فستق،سادة،شوكولاتة،ملوكي) دمعة",160,0.197,31.52,PKGWH
26001294,Closed (مغلق),1021050,شيخ الكار حلاوة 800 غم سادة 1*12,6/9/2026,1960,26001303,1171022,حلاوة بلك سادة شيخ الكار,1568,0.725,1136.8,WIP
26001294,Closed (مغلق),1021050,شيخ الكار حلاوة 800 غم سادة 1*12,6/9/2026,1960,26001303,1181462,علب شيخ الكار حلاوة 800 غم سادة,1960,0.159,311.64,PKGWH
26001295,Closed (مغلق),1021052,شيخ الكار حلاوة 4 كغم سادة تنك 1*1,6/9/2026,210,26001302,1171022,حلاوة بلك سادة شيخ الكار,840,0.725,609,WIP
26001295,Closed (مغلق),1021052,شيخ الكار حلاوة 4 كغم سادة تنك 1*1,6/9/2026,210,26001302,1181305,تنك شيخ الكار حلاوة 4 كغم سادة نصاصي,210,1.1,231,PKGWH
26001296,Closed (مغلق),1171028,حلاوة بلك فستق ميار,6/9/2026,36,26001305,1171020,حلاوة بلك سادة ميار - موسم,35,1.027,35.945,WIP
26001296,Closed (مغلق),1171028,حلاوة بلك فستق ميار,6/9/2026,36,26001305,1171011,فستق حلبي,1,16.68,16.68,RMWH
26001297,Closed (مغلق),1021003,شيخ الكار حلاوة 5 كغم سادة (الولاء) 1*1,6/9/2026,35,26001308,1171020,حلاوة بلك سادة ميار - موسم,175,1.027,179.725,WIP
26001297,Closed (مغلق),1021003,شيخ الكار حلاوة 5 كغم سادة (الولاء) 1*1,6/9/2026,35,26001308,1181349,جاط شيخ الكار حلاوة 5 كغم سادة (الولاء) غطاء احمر,35,0.716,25.06,WIP
26001297,Closed (مغلق),1021003,شيخ الكار حلاوة 5 كغم سادة (الولاء) 1*1,6/9/2026,35,26001308,1181029,كرتون متعدد حلاوة 5 كغم تبروير ولاء,9,0.391,3.519,WIP
26001298,Closed (مغلق),1021063,شيخ الكار حلاوة 2300 غم فستق 1*4,6/9/2026,4,26001309,1181065,كرتون شيخ الكار حلاوة 2300 غم فستق,1,0.166,0.166,WIP
26001298,Closed (مغلق),1021063,شيخ الكار حلاوة 2300 غم فستق 1*4,6/9/2026,4,26001309,1171031,حلاوة بلك فستق شيخ الكار,8.7,0.933,8.117,WIP
26001298,Closed (مغلق),1021063,شيخ الكار حلاوة 2300 غم فستق 1*4,6/9/2026,4,26001309,1181435,علب شيخ الكار حلاوة 2300 غم فستق,4,0.358,1.432,WIP
26001299,Closed (مغلق),1171022,حلاوة بلك سادة شيخ الكار,6/10/2026,4010,26001310,1171010,جلوكوز,675,0.36,243,RMWH
26001299,Closed (مغلق),1171022,حلاوة بلك سادة شيخ الكار,6/10/2026,4010,26001310,1171014,عرق حلاوة,18,1.503,27.054,RMWH
26001299,Closed (مغلق),1171022,حلاوة بلك سادة شيخ الكار,6/10/2026,4010,26001310,1081001,سكر 50 كعم 20*50,1.35,381.566,515.114,RMWH
26001299,Closed (مغلق),1171022,حلاوة بلك سادة شيخ الكار,6/10/2026,4010,26001310,1171008,مثبت,72,1.473,106.056,WIP
26001299,Closed (مغلق),1171022,حلاوة بلك سادة شيخ الكار,6/10/2026,4010,26001310,1171005,فانيلا,1.35,14.666,19.799,RMWH
26001299,Closed (مغلق),1171022,حلاوة بلك سادة شيخ الكار,6/10/2026,4010,26001310,1171015,طحينية بلك شيخ الكار حجر,2038,1.003,2044.114,WIP
26001299,Closed (مغلق),1171022,حلاوة بلك سادة شيخ الكار,6/10/2026,4010,26001310,1171001,ملح ليمون,2.25,0.736,1.656,RMWH
26001300,Closed (مغلق),1171020,حلاوة بلك سادة ميار - موسم,6/10/2026,523,26001311,1171010,جلوكوز,75,0.36,27,RMWH
26001300,Closed (مغلق),1171020,حلاوة بلك سادة ميار - موسم,6/10/2026,523,26001311,1171014,عرق حلاوة,2,1.503,3.006,RMWH
26001300,Closed (مغلق),1171020,حلاوة بلك سادة ميار - موسم,6/10/2026,523,26001311,1081001,سكر 50 كعم 20*50,0.15,381.566,57.235,RMWH
26001300,Closed (مغلق),1171020,حلاوة بلك سادة ميار - موسم,6/10/2026,523,26001311,1171008,مثبت,8,1.473,11.784,WIP
26001300,Closed (مغلق),1171020,حلاوة بلك سادة ميار - موسم,6/10/2026,523,26001311,1171005,فانيلا,0.15,14.666,2.2,RMWH
26001300,Closed (مغلق),1171020,حلاوة بلك سادة ميار - موسم,6/10/2026,523,26001311,1171017,طحينية بلك ميار - موسم  كروما,230,1.523,350.29,WIP
26001300,Closed (مغلق),1171020,حلاوة بلك سادة ميار - موسم,6/10/2026,523,26001311,1171001,ملح ليمون,0.25,0.736,0.184,RMWH
26001300,Closed (مغلق),1171020,حلاوة بلك سادة ميار - موسم,6/10/2026,523,26001311,1171016,حلاوة بلك دايت,41,1.975,80.975,WIP
26001301,Closed (مغلق),1011087,تمور البركة طحينية 400 غم *12,6/10/2026,10476,26001312,1171015,طحينية بلك شيخ الكار حجر,4190.4,1.003,4202.971,WIP
26001301,Closed (مغلق),1011087,تمور البركة طحينية 400 غم *12,6/10/2026,10476,26001312,1181039,مرتبان تمور البركة طحينية 400 غم,10476,0.153,1602.828,PKGWH
26001301,Closed (مغلق),1011087,تمور البركة طحينية 400 غم *12,6/10/2026,10476,26001312,1181370,كرتون اكسترا فاخرة طحينية 400 غم,873,0.171,149.283,PKGWH
26001302,Closed (مغلق),1171016,حلاوة بلك دايت,6/11/2026,577,26001313,1171008,مثبت,10,1.473,14.73,WIP
26001302,Closed (مغلق),1171016,حلاوة بلك دايت,6/11/2026,577,26001313,1171005,فانيلا,0.2,14.666,2.933,RMWH
26001302,Closed (مغلق),1171016,حلاوة بلك دايت,6/11/2026,577,26001313,1171014,عرق حلاوة,3,1.503,4.509,RMWH
26001302,Closed (مغلق),1171016,حلاوة بلك دايت,6/11/2026,577,26001313,1171015,طحينية بلك شيخ الكار حجر,290,1.003,290.87,WIP
26001302,Closed (مغلق),1171016,حلاوة بلك دايت,6/11/2026,577,26001313,1171007,قطر دايت,20,1.43,28.6,RMWH
26001302,Closed (مغلق),1171016,حلاوة بلك دايت,6/11/2026,577,26001313,1171009,بديل السكر,300,2.737,821.1,RMWH
26001303,Closed (مغلق),1171032,حلاوة بلك دايت فستق شيخ الكار,6/11/2026,182,26001314,1171016,حلاوة بلك دايت,176,2.015,354.64,WIP
26001303,Closed (مغلق),1171032,حلاوة بلك دايت فستق شيخ الكار,6/11/2026,182,26001314,1171011,فستق حلبي,6,16.68,100.08,RMWH
26001304,Closed (مغلق),1011036,قاسيون طحينية 1كغم مطرة 1*12,6/14/2026,1200,26001315,1181224,مطرة قاسيون طحينية 1 كغم,1200,0.107,128.4,PKGWH
26001304,Closed (مغلق),1011036,قاسيون طحينية 1كغم مطرة 1*12,6/14/2026,1200,26001315,1181007,كرتون متعدد طحينية 1 كغم مطرة,100,0.284,28.4,PKGWH
26001304,Closed (مغلق),1011036,قاسيون طحينية 1كغم مطرة 1*12,6/14/2026,1200,26001315,1171015,طحينية بلك شيخ الكار حجر,1200,1.003,1203.6,WIP
26001305,Closed (مغلق),1011015,الموسم طحينية 9 كغم تنك 1*1,6/14/2026,120,26001316,1171017,طحينية بلك ميار - موسم  كروما,996,1.523,1516.908,WIP
26001305,Closed (مغلق),1011015,الموسم طحينية 9 كغم تنك 1*1,6/14/2026,120,26001316,1181328,تنك الموسم طحينية 9 كغم -فارغ,120,1.25,150,PKGWH
26001306,Closed (مغلق),1011027,شيخ الكار طحينية 18 كغم تنك 1*1,6/14/2026,250,26001317,1181301,تنك شيخ الكار طحينية 18 كغم -فارغ,250,1.395,348.75,SAHABWH
26001306,Closed (مغلق),1011027,شيخ الكار طحينية 18 كغم تنك 1*1,6/14/2026,250,26001317,1171015,طحينية بلك شيخ الكار حجر,4500,1.003,4513.5,WIP
26001307,Closed (مغلق),1021003,شيخ الكار حلاوة 5 كغم سادة (الولاء) 1*1,6/14/2026,80,26001318,1171020,حلاوة بلك سادة ميار - موسم,400,1.025,410,WIP
26001307,Closed (مغلق),1021003,شيخ الكار حلاوة 5 كغم سادة (الولاء) 1*1,6/14/2026,80,26001318,1181349,جاط شيخ الكار حلاوة 5 كغم سادة (الولاء) غطاء احمر,80,0.716,57.28,PKGWH
26001307,Closed (مغلق),1021003,شيخ الكار حلاوة 5 كغم سادة (الولاء) 1*1,6/14/2026,80,26001318,1181029,كرتون متعدد حلاوة 5 كغم تبروير ولاء,20,0.391,7.82,PKGWH
26001308,Closed (مغلق),1021011,شيخ الكار حلاوة 6 كغم فستق 1*4,6/14/2026,80,26001319,1171031,حلاوة بلك فستق شيخ الكار,480,0.933,447.84,WIP
26001308,Closed (مغلق),1021011,شيخ الكار حلاوة 6 كغم فستق 1*4,6/14/2026,80,26001319,1181311,"جاط متعدد حلاوة 6 كغم (فستق،سادة،شوكولاتة) شفاف",80,0.487,38.96,PKGWH
26001308,Closed (مغلق),1021011,شيخ الكار حلاوة 6 كغم فستق 1*4,6/14/2026,80,26001319,1181111,"كرتون شيخ الكار حلاوة 6 كغم (فستق،سادة،شوكولاتة)",20,0.558,11.16,PKGWH
26001308,Closed (مغلق),1021011,شيخ الكار حلاوة 6 كغم فستق 1*4,6/14/2026,80,26001319,1181567,قواطع كرتون 6 كغم,20,0.065,1.3,PKGWH
26001309,Closed (مغلق),1021050,شيخ الكار حلاوة 800 غم سادة 1*12,6/14/2026,1800,26001320,1181113,"كرتون شيخ الكار حلاوة 700/800 غم (فستق،سادة،شوكولاتة،ملوكي) دمعة",150,0.197,29.55,PKGWH
26001309,Closed (مغلق),1021050,شيخ الكار حلاوة 800 غم سادة 1*12,6/14/2026,1800,26001320,1171022,حلاوة بلك سادة شيخ الكار,1440,0.732,1054.08,WIP
26001309,Closed (مغلق),1021050,شيخ الكار حلاوة 800 غم سادة 1*12,6/14/2026,1800,26001320,1181462,علب شيخ الكار حلاوة 800 غم سادة,1800,0.159,286.2,PKGWH
26001310,Closed (مغلق),1021011,شيخ الكار حلاوة 6 كغم فستق 1*4,6/14/2026,72,26001321,1171031,حلاوة بلك فستق شيخ الكار,432,0.933,403.056,WIP
26001310,Closed (مغلق),1021011,شيخ الكار حلاوة 6 كغم فستق 1*4,6/14/2026,72,26001321,1181311,"جاط متعدد حلاوة 6 كغم (فستق،سادة،شوكولاتة) شفاف",72,0.487,35.064,PKGWH
26001310,Closed (مغلق),1021011,شيخ الكار حلاوة 6 كغم فستق 1*4,6/14/2026,72,26001321,1181111,"كرتون شيخ الكار حلاوة 6 كغم (فستق،سادة،شوكولاتة)",18,0.558,10.044,PKGWH
26001310,Closed (مغلق),1021011,شيخ الكار حلاوة 6 كغم فستق 1*4,6/14/2026,72,26001321,1181567,قواطع كرتون 6 كغم,18,0.065,1.17,PKGWH
26001311,Closed (مغلق),1021039,شيخ الكار حلاوة 700 غم فستق 1*12,6/14/2026,372,26001322,1181113,"كرتون شيخ الكار حلاوة 700/800 غم (فستق،سادة،شوكولاتة،ملوكي) دمعة",31,0.197,6.107,PKGWH
26001311,Closed (مغلق),1021039,شيخ الكار حلاوة 700 غم فستق 1*12,6/14/2026,372,26001322,1171031,حلاوة بلك فستق شيخ الكار,238.08,0.933,222.129,WIP
26001311,Closed (مغلق),1021039,شيخ الكار حلاوة 700 غم فستق 1*12,6/14/2026,372,26001322,1181423,علب شيخ الكار حلاوة 700 غم فستق,372,0.165,61.38,WIP
26001312,Closed (مغلق),1141003,سمسم محمص 50 كغم,6/14/2026,4480.5,26001323,1141002,سمسم خام,5.197,840.001,4365.485,RMWH
26001312,Closed (مغلق),1141003,سمسم محمص 50 كغم,6/14/2026,4480.5,26001323,1171006,ملح,1008.113,0.025,25.203,RMWH
26001313,Closed (مغلق),1171015,طحينية بلك شيخ الكار حجر,6/14/2026,8961,26001324,1141003,سمسم محمص 50 كغم,8961,1.449,12984.489,FGWH
26001314,Closed (مغلق),1021095,لايت أند سويت حلاوة 400 غم دايت سادة 1*24,6/15/2026,194,26001327,1171016,حلاوة بلك دايت,77.6,2.015,156.364,WIP
26001314,Closed (مغلق),1021095,لايت أند سويت حلاوة 400 غم دايت سادة 1*24,6/15/2026,194,26001327,1181023,كرتون متعدد حلاوة 400 غم غير مطبوع دمعة,16,0.171,2.736,PKGWH
26001315,Closed (مغلق),1021096,لايت أند سويت حلاوة 400 غم دايت شوكولاته 1*24,6/15/2026,204,26001326,1171016,حلاوة بلك دايت,75.888,2.015,152.914,WIP
26001315,Closed (مغلق),1021096,لايت أند سويت حلاوة 400 غم دايت شوكولاته 1*24,6/15/2026,204,26001326,1171003,كاكاو,2.448,6,14.688,RMWH
26001315,Closed (مغلق),1021096,لايت أند سويت حلاوة 400 غم دايت شوكولاته 1*24,6/15/2026,204,26001326,1171015,طحينية بلك شيخ الكار حجر,3.264,1.205,3.933,WIP
26001315,Closed (مغلق),1021096,لايت أند سويت حلاوة 400 غم دايت شوكولاته 1*24,6/15/2026,204,26001326,1181023,كرتون متعدد حلاوة 400 غم غير مطبوع دمعة,17,0.171,2.907,PKGWH
26001316,Closed (مغلق),1021097,لايت أند سويت حلاوة 400 غم دايت فستق 1*24,6/15/2026,606,26001325,1171032,حلاوة بلك دايت فستق شيخ الكار,242.4,2.353,570.367,WIP
26001316,Closed (مغلق),1021097,لايت أند سويت حلاوة 400 غم دايت فستق 1*24,6/15/2026,606,26001325,1181023,كرتون متعدد حلاوة 400 غم غير مطبوع دمعة,51,0.171,8.721,PKGWH
26001317,Closed (مغلق),1021024,الموسم حلاوة 6 كغم فستق 1*4,6/15/2026,300,26001335,1171031,حلاوة بلك فستق شيخ الكار,1800,0.905,1629,WIP
26001317,Closed (مغلق),1021024,الموسم حلاوة 6 كغم فستق 1*4,6/15/2026,300,26001335,1181344,جاط مربع حلاوة 5 كغم شفاف متعدد,300,0.566,169.8,PKGWH
26001317,Closed (مغلق),1021024,الموسم حلاوة 6 كغم فستق 1*4,6/15/2026,300,26001335,1181029,كرتون متعدد حلاوة 5 كغم تبروير ولاء,300,0.391,117.3,PKGWH
26001318,Closed (مغلق),1021011,شيخ الكار حلاوة 6 كغم فستق 1*4,6/15/2026,80,26001330,1171031,حلاوة بلك فستق شيخ الكار,480,0.933,447.84,WIP
26001318,Closed (مغلق),1021011,شيخ الكار حلاوة 6 كغم فستق 1*4,6/15/2026,80,26001330,1181311,"جاط متعدد حلاوة 6 كغم (فستق،سادة،شوكولاتة) شفاف",80,0.487,38.96,PKGWH
26001318,Closed (مغلق),1021011,شيخ الكار حلاوة 6 كغم فستق 1*4,6/15/2026,80,26001330,1181111,"كرتون شيخ الكار حلاوة 6 كغم (فستق،سادة،شوكولاتة)",20,0.558,11.16,PKGWH
26001318,Closed (مغلق),1021011,شيخ الكار حلاوة 6 كغم فستق 1*4,6/15/2026,80,26001330,1181567,قواطع كرتون 6 كغم,20,0.065,1.3,PKGWH
26001319,Closed (مغلق),1021009,شيخ الكار حلاوة 1800 غم سادة 1*6,6/15/2026,840,26001329,1171022,حلاوة بلك سادة شيخ الكار,1428,0.732,1045.296,WIP
26001319,Closed (مغلق),1021009,شيخ الكار حلاوة 1800 غم سادة 1*6,6/15/2026,840,26001329,1181433,علب شيخ الكار حلاوة 1800 غم فستق,840,0.134,112.56,PKGWH
26001319,Closed (مغلق),1021009,شيخ الكار حلاوة 1800 غم سادة 1*6,6/15/2026,840,26001329,1181020,"كرتون متعدد حلاوة 1800 كغم (فستق،سادة،شوكولاتة)",140,0.157,21.98,PKGWH
26001320,Closed (مغلق),1021045,شيخ الكار حلاوة 200 غم سادة 1*12,6/15/2026,2160,26001328,1181069,كرتون شيخ الكار حلاوة 250 غم مثلث,90,0.169,15.21,PKGWH
26001320,Closed (مغلق),1021045,شيخ الكار حلاوة 200 غم سادة 1*12,6/15/2026,2160,26001328,1171022,حلاوة بلك سادة شيخ الكار,432,0.732,316.224,WIP
26001320,Closed (مغلق),1021045,شيخ الكار حلاوة 200 غم سادة 1*12,6/15/2026,2160,26001328,1181568,علب شيخ الكار حلاوة 200 غم سادة,2160,0.097,209.52,PKGWH
26001321,Closed (مغلق),1171022,حلاوة بلك سادة شيخ الكار,6/15/2026,1780,26001331,1171010,جلوكوز,288.36,0.36,103.81,RMWH
26001321,Closed (مغلق),1171022,حلاوة بلك سادة شيخ الكار,6/15/2026,1780,26001331,1171014,عرق حلاوة,7.69,1.503,11.558,RMWH
26001321,Closed (مغلق),1171022,حلاوة بلك سادة شيخ الكار,6/15/2026,1780,26001331,1081001,سكر 50 كعم 20*50,0.577,381.566,220.164,RMWH
26001321,Closed (مغلق),1171022,حلاوة بلك سادة شيخ الكار,6/15/2026,1780,26001331,1171008,مثبت,30.758,1.473,45.307,WIP
26001321,Closed (مغلق),1171022,حلاوة بلك سادة شيخ الكار,6/15/2026,1780,26001331,1171005,فانيلا,0.577,14.666,8.462,RMWH
26001321,Closed (مغلق),1171022,حلاوة بلك سادة شيخ الكار,6/15/2026,1780,26001331,1171015,طحينية بلك شيخ الكار حجر,874.888,1.205,1054.24,WIP
26001321,Closed (مغلق),1171022,حلاوة بلك سادة شيخ الكار,6/15/2026,1780,26001331,1171001,ملح ليمون,0.961,0.736,0.707,RMWH
26001322,Closed (مغلق),1171031,حلاوة بلك فستق شيخ الكار,6/15/2026,1671,26001332,1171022,حلاوة بلك سادة شيخ الكار,1658,0.757,1255.106,WIP
26001322,Closed (مغلق),1171031,حلاوة بلك فستق شيخ الكار,6/15/2026,1671,26001332,1171011,فستق حلبي,13,16.68,216.84,RMWH
26001323,Closed (مغلق),1171020,حلاوة بلك سادة ميار - موسم,6/15/2026,2286,26001333,1171010,جلوكوز,375,0.36,135,RMWH
26001323,Closed (مغلق),1171020,حلاوة بلك سادة ميار - موسم,6/15/2026,2286,26001333,1171014,عرق حلاوة,10,1.503,15.03,RMWH
26001323,Closed (مغلق),1171020,حلاوة بلك سادة ميار - موسم,6/15/2026,2286,26001333,1081001,سكر 50 كعم 20*50,0.75,381.566,286.175,RMWH
26001323,Closed (مغلق),1171020,حلاوة بلك سادة ميار - موسم,6/15/2026,2286,26001333,1171008,مثبت,40,1.473,58.92,WIP
26001323,Closed (مغلق),1171020,حلاوة بلك سادة ميار - موسم,6/15/2026,2286,26001333,1171005,فانيلا,0.75,14.666,11,RMWH
26001323,Closed (مغلق),1171020,حلاوة بلك سادة ميار - موسم,6/15/2026,2286,26001333,1171017,طحينية بلك ميار - موسم  كروما,1123,1.523,1710.329,WIP
26001323,Closed (مغلق),1171020,حلاوة بلك سادة ميار - موسم,6/15/2026,2286,26001333,1171001,ملح ليمون,1.25,0.736,0.92,RMWH
26001323,Closed (مغلق),1171020,حلاوة بلك سادة ميار - موسم,6/15/2026,2286,26001333,1171016,حلاوة بلك دايت,111,2.015,223.665,WIP
26001324,Closed (مغلق),1171028,حلاوة بلك فستق ميار,6/15/2026,1819,26001334,1171020,حلاوة بلك سادة ميار - موسم,1798,1.048,1884.304,WIP
26001324,Closed (مغلق),1171028,حلاوة بلك فستق ميار,6/15/2026,1819,26001334,1171011,فستق حلبي,21,16.68,350.28,RMWH
26001325,Closed (مغلق),1021063,شيخ الكار حلاوة 2300 غم فستق 1*4,6/15/2026,600,26001337,1181065,كرتون شيخ الكار حلاوة 2300 غم فستق,150,0.166,24.9,PKGWH
26001325,Closed (مغلق),1021063,شيخ الكار حلاوة 2300 غم فستق 1*4,6/15/2026,600,26001337,1171031,حلاوة بلك فستق شيخ الكار,1305,0.905,1181.025,WIP
26001325,Closed (مغلق),1021063,شيخ الكار حلاوة 2300 غم فستق 1*4,6/15/2026,600,26001337,1181435,علب شيخ الكار حلاوة 2300 غم فستق,600,0.358,214.8,PKGWH
26001326,Closed (مغلق),1021031,ميار حلاوة 1200 غم برش فستق 1*6,6/15/2026,480,26001336,1171028,حلاوة بلك فستق ميار,532.8,1.228,654.278,WIP
26001326,Closed (مغلق),1021031,ميار حلاوة 1200 غم برش فستق 1*6,6/15/2026,480,26001336,1181378,علب ميار حلاوة 1300 غم رشة فستق,480,0.305,146.4,PKGWH
26001326,Closed (مغلق),1021031,ميار حلاوة 1200 غم برش فستق 1*6,6/15/2026,480,26001336,1181014,كرتون ميار حلاوة 1300 غم رشة فستق,80,0.223,17.84,PKGWH
26001327,Closed (مغلق),1011093,الموسم طحينية 250 غم 1*12,6/15/2026,4080,26001338,1171017,طحينية بلك ميار - موسم  كروما,918,1.523,1398.114,WIP
26001327,Closed (مغلق),1011093,الموسم طحينية 250 غم 1*12,6/15/2026,4080,26001338,1181054,مرتبان الموسم طحينية 250 غم,4080,0.09,367.2,PKGWH
26001327,Closed (مغلق),1011093,الموسم طحينية 250 غم 1*12,6/15/2026,4080,26001338,1181001,كرتون متعدد طحينية 300 اكسترا,340,0.198,67.32,PKGWH
26001328,Closed (مغلق),1021163,شيخ الكار حلاوة 400 غم فستق دايت 1*12,6/15/2026,780,26001339,1171032,حلاوة بلك دايت فستق شيخ الكار,312,2.353,734.136,WIP
26001328,Closed (مغلق),1021163,شيخ الكار حلاوة 400 غم فستق دايت 1*12,6/15/2026,780,26001339,1181565,علب شيخ الكار حلاوة 400 غم دايت بالفستق الحلبي,780,0.1,78,PKGWH
26001328,Closed (مغلق),1021163,شيخ الكار حلاوة 400 غم فستق دايت 1*12,6/15/2026,780,26001339,1181006,"كرتون متعدد شيخ الكار حلاوة 400 غم (فستق،سادة،شوكولاتة) دمعة",65,0.147,9.555,PKGWH
26001329,Closed (مغلق),1021037,شيخ الكار حلاوة 400 غم فستق 1*12,6/16/2026,1728,26001340,1021037,شيخ الكار حلاوة 400 غم فستق 1*12,1728,0.484,836.352,HOSAM
26001330,Closed (مغلق),1021013,شيخ الكار حلاوة 400 غم سادة 1*12,6/16/2026,3456,26001341,1171022,حلاوة بلك سادة شيخ الكار,1382.4,0.757,1046.477,WIP
26001330,Closed (مغلق),1021013,شيخ الكار حلاوة 400 غم سادة 1*12,6/16/2026,3456,26001341,1181419,علب شيخ الكار حلاوة 400 غم سادة,3456,0.157,542.592,PKGWH
26001330,Closed (مغلق),1021013,شيخ الكار حلاوة 400 غم سادة 1*12,6/16/2026,3456,26001341,1181006,"كرتون متعدد شيخ الكار حلاوة 400 غم (فستق،سادة،شوكولاتة) دمعة",288,0.147,42.336,PKGWH
26001331,Closed (مغلق),1011035,شيخ الكار طحينية 18 كغم سطل 1*1,6/16/2026,384,26001342,1181357,"سطل متعدد طحينية 18 كغم سادة (زيدان،الوادي،نابت)",384,1.596,612.864,PKGWH
26001331,Closed (مغلق),1011035,شيخ الكار طحينية 18 كغم سطل 1*1,6/16/2026,384,26001342,1171015,طحينية بلك شيخ الكار حجر,6912,1.205,8328.96,WIP
26001332,Closed (مغلق),1171016,حلاوة بلك دايت,6/16/2026,290,26001343,1171008,مثبت,5,1.473,7.365,WIP
26001332,Closed (مغلق),1171016,حلاوة بلك دايت,6/16/2026,290,26001343,1171005,فانيلا,0.1,14.666,1.467,RMWH
26001332,Closed (مغلق),1171016,حلاوة بلك دايت,6/16/2026,290,26001343,1171014,عرق حلاوة,1.5,1.503,2.255,RMWH
26001332,Closed (مغلق),1171016,حلاوة بلك دايت,6/16/2026,290,26001343,1171015,طحينية بلك شيخ الكار حجر,140,1.205,168.7,WIP
26001332,Closed (مغلق),1171016,حلاوة بلك دايت,6/16/2026,290,26001343,1171007,قطر دايت,9.5,1.43,13.585,RMWH
26001332,Closed (مغلق),1171016,حلاوة بلك دايت,6/16/2026,290,26001343,1171009,بديل السكر,150,2.737,410.55,RMWH
26001333,Closed (مغلق),1021137,الموسم حلاوة 800 غم فستق دمعة 1*12,6/17/2026,960,26001344,1171028,حلاوة بلك فستق ميار,768,1.228,943.104,WIP
26001333,Closed (مغلق),1021137,الموسم حلاوة 800 غم فستق دمعة 1*12,6/17/2026,960,26001344,1181265,علب الموسم حلاوة 800 غم فستق دمعة,960,0.153,146.88,PKGWH
26001333,Closed (مغلق),1021137,الموسم حلاوة 800 غم فستق دمعة 1*12,6/17/2026,960,26001344,1181024,كرتون متعدد حلاوة 800 غم دمعة,80,0.203,16.24,PKGWH
26001334,Closed (مغلق),1021047,شيخ الكار حلاوة 400 غم سادة دايت 1*12,6/17/2026,12,26001345,1181006,"كرتون متعدد شيخ الكار حلاوة 400 غم (فستق،سادة،شوكولاتة) دمعة",1,0.147,0.147,WIP
26001334,Closed (مغلق),1021047,شيخ الكار حلاوة 400 غم سادة دايت 1*12,6/17/2026,12,26001345,1171016,حلاوة بلك دايت,4.8,2.061,9.893,WIP
26001334,Closed (مغلق),1021047,شيخ الكار حلاوة 400 غم سادة دايت 1*12,6/17/2026,12,26001345,1181438,علب شيخ الكار حلاوة 400 غم دايت,12,0.099,1.188,WIP
26001335,Closed (مغلق),1021034,شيخ الكار حلاوة 600 غم سادة 1*12,6/17/2026,48,26001351,1171022,حلاوة بلك سادة شيخ الكار,28.8,0.757,21.802,WIP
26001335,Closed (مغلق),1021034,شيخ الكار حلاوة 600 غم سادة 1*12,6/17/2026,48,26001351,1181157,علب شيخ الكار حلاوة 700 غم سادة قديم,48,0.18,8.64,PKGWH
26001335,Closed (مغلق),1021034,شيخ الكار حلاوة 600 غم سادة 1*12,6/17/2026,48,26001351,1181112,"كرتون شيخ الكار حلاوة 600 غم (فستق،سادة،شوكولاتة،ملوكي) قديم",4,0.4,1.6,PKGWH
26001336,Closed (مغلق),1021013,شيخ الكار حلاوة 400 غم سادة 1*12,6/17/2026,1728,26001350,1171022,حلاوة بلك سادة شيخ الكار,691.2,0.757,523.238,WIP
26001336,Closed (مغلق),1021013,شيخ الكار حلاوة 400 غم سادة 1*12,6/17/2026,1728,26001350,1181419,علب شيخ الكار حلاوة 400 غم سادة,1728,0.157,271.296,PKGWH
26001336,Closed (مغلق),1021013,شيخ الكار حلاوة 400 غم سادة 1*12,6/17/2026,1728,26001350,1181006,"كرتون متعدد شيخ الكار حلاوة 400 غم (فستق،سادة،شوكولاتة) دمعة",144,0.147,21.168,WIP
26001337,Closed (مغلق),1021138,الموسم حلاوة 800 غم سادة دمعة 1*12,6/17/2026,960,26001349,1171020,حلاوة بلك سادة ميار - موسم,768,1.048,804.864,WIP
26001337,Closed (مغلق),1021138,الموسم حلاوة 800 غم سادة دمعة 1*12,6/17/2026,960,26001349,1181271,علب الموسم حلاوة 800 غم سادة دمعة,960,0.141,135.36,PKGWH
26001337,Closed (مغلق),1021138,الموسم حلاوة 800 غم سادة دمعة 1*12,6/17/2026,960,26001349,1181024,كرتون متعدد حلاوة 800 غم دمعة,80,0.203,16.24,PKGWH
26001338,Closed (مغلق),1021062,شيخ الكار حلاوة 800 غم فستق 1*12,6/17/2026,120,26001348,1181113,"كرتون شيخ الكار حلاوة 700/800 غم (فستق،سادة،شوكولاتة،ملوكي) دمعة",10,0.197,1.97,PKGWH
26001338,Closed (مغلق),1021062,شيخ الكار حلاوة 800 غم فستق 1*12,6/17/2026,120,26001348,1171031,حلاوة بلك فستق شيخ الكار,96,0.905,86.88,WIP
26001338,Closed (مغلق),1021062,شيخ الكار حلاوة 800 غم فستق 1*12,6/17/2026,120,26001348,1181458,علب شيخ الكار حلاوة 800 غم فستق,120,0.156,18.72,PKGWH
26001339,Closed (مغلق),1021024,الموسم حلاوة 6 كغم فستق 1*4,6/17/2026,63,26001347,1171031,حلاوة بلك فستق شيخ الكار,378,0.905,342.09,WIP
26001339,Closed (مغلق),1021024,الموسم حلاوة 6 كغم فستق 1*4,6/17/2026,63,26001347,1181344,جاط مربع حلاوة 5 كغم شفاف متعدد,63,0.566,35.658,WIP
26001339,Closed (مغلق),1021024,الموسم حلاوة 6 كغم فستق 1*4,6/17/2026,63,26001347,1181029,كرتون متعدد حلاوة 5 كغم تبروير ولاء,16,0.391,6.256,PKGWH
26001340,Closed (مغلق),1021031,ميار حلاوة 1200 غم برش فستق 1*6,6/17/2026,470,26001346,1171028,حلاوة بلك فستق ميار,518,1.228,636.104,WIP
26001340,Closed (مغلق),1021031,ميار حلاوة 1200 غم برش فستق 1*6,6/17/2026,470,26001346,1181378,علب ميار حلاوة 1300 غم رشة فستق,470,0.305,143.35,PKGWH
26001340,Closed (مغلق),1021031,ميار حلاوة 1200 غم برش فستق 1*6,6/17/2026,470,26001346,1181014,كرتون ميار حلاوة 1300 غم رشة فستق,78,0.223,17.394,PKGWH
26001341,Closed (مغلق),1021145,شيخ الكار حلاوة 6 كغم سادة دايت 1*4,6/17/2026,47,26001352,1181311,"جاط متعدد حلاوة 6 كغم (فستق،سادة،شوكولاتة) شفاف",47,0.487,22.889,PKGWH
26001341,Closed (مغلق),1021145,شيخ الكار حلاوة 6 كغم سادة دايت 1*4,6/17/2026,47,26001352,1171016,حلاوة بلك دايت,282,2.061,581.202,WIP
26001341,Closed (مغلق),1021145,شيخ الكار حلاوة 6 كغم سادة دايت 1*4,6/17/2026,47,26001352,1181111,"كرتون شيخ الكار حلاوة 6 كغم (فستق،سادة،شوكولاتة)",12,0.558,6.696,PKGWH
26001342,Closed (مغلق),1021142,الميلاد حلاوة 1500 غم فستق 1*6,6/17/2026,140,26001353,1171031,حلاوة بلك فستق شيخ الكار,210,0.905,190.05,WIP
26001342,Closed (مغلق),1021142,الميلاد حلاوة 1500 غم فستق 1*6,6/17/2026,140,26001353,1181061,كرتون متعدد حلاوة 1500 غم هرمي,23,0.942,21.666,PKGWH
26001342,Closed (مغلق),1021142,الميلاد حلاوة 1500 غم فستق 1*6,6/17/2026,140,26001353,1181267,علب الميلاد حلاوة 1500 غم,140,0.247,34.58,PKGWH
26001343,Closed (مغلق),1021142,الميلاد حلاوة 1500 غم فستق 1*6,6/21/2026,140,26001354,1021142,الميلاد حلاوة 1500 غم فستق 1*6,140,1.76,246.4,FGWH
26001344,Closed (مغلق),1021169,شيخ الكار حلاوة 1.5 كغم 1*6 فستق,6/21/2026,140,26001355,1181347,جاط مربع حلاوة 1 كغم شفاف (قديم),140,0.28,39.2,PKGWH
26001344,Closed (مغلق),1021169,شيخ الكار حلاوة 1.5 كغم 1*6 فستق,6/21/2026,140,26001355,1171031,حلاوة بلك فستق شيخ الكار,210,0.905,190.05,WIP
26001344,Closed (مغلق),1021169,شيخ الكار حلاوة 1.5 كغم 1*6 فستق,6/21/2026,140,26001355,1181512,كرتون حلاوة متعدد 1 كغم أخضر قديم,23,0.23,5.29,PKGWH
26001345,Closed (مغلق),1011063,النور طحينية 500 غم 1*12,6/21/2026,13202,26001356,1181043,مرتبان النور طحينية 500 غم,13202,0.154,2033.108,PKGWH
26001345,Closed (مغلق),1011063,النور طحينية 500 غم 1*12,6/21/2026,13202,26001356,1181390,كرتون النور طحينية 500 غم,1100,0.19,209,SAHABWH
26001345,Closed (مغلق),1011063,النور طحينية 500 غم 1*12,6/21/2026,13202,26001356,1171015,طحينية بلك شيخ الكار حجر,6601,1.205,7954.205,WIP
26001346,Closed (مغلق),1011035,شيخ الكار طحينية 18 كغم سطل 1*1,6/21/2026,240,26001357,1181357,"سطل متعدد طحينية 18 كغم سادة (زيدان،الوادي،نابت)",240,1.596,383.04,PKGWH
26001346,Closed (مغلق),1011035,شيخ الكار طحينية 18 كغم سطل 1*1,6/21/2026,240,26001357,1181004,كرتون متعدد طحينية 18 كغم متعدد,240,0.372,89.28,PKGWH
26001346,Closed (مغلق),1011035,شيخ الكار طحينية 18 كغم سطل 1*1,6/21/2026,240,26001357,1171015,طحينية بلك شيخ الكار حجر,4320,1.205,5205.6,WIP
26001347,Closed (مغلق),1011059,النور طحينية 1 كغم 1*12,6/21/2026,6722,26001359,1171015,طحينية بلك شيخ الكار حجر,6722,1.012,6802.664,WIP
26001347,Closed (مغلق),1011059,النور طحينية 1 كغم 1*12,6/21/2026,6722,26001359,1181393,كرتون النور طحينية 1 كغم,560,0.313,175.28,SAHABWH
26001347,Closed (مغلق),1011059,النور طحينية 1 كغم 1*12,6/21/2026,6722,26001359,1181038,مرتبان النور طحينية 1 كغم,6722,0.21,1411.62,PKGWH
26001348,Closed (مغلق),1171015,طحينية بلك شيخ الكار حجر,6/21/2026,20000,26001358,1141002,سمسم خام,23.6,840.001,19824.024,RMWH
26001348,Closed (مغلق),1171015,طحينية بلك شيخ الكار حجر,6/21/2026,20000,26001358,1171006,ملح,9000,0.025,225,RMWH
26001349,Closed (مغلق),1171016,حلاوة بلك دايت,6/21/2026,264,26001360,1171008,مثبت,5,1.473,7.365,WIP
26001349,Closed (مغلق),1171016,حلاوة بلك دايت,6/21/2026,264,26001360,1171005,فانيلا,0.1,14.666,1.467,RMWH
26001349,Closed (مغلق),1171016,حلاوة بلك دايت,6/21/2026,264,26001360,1171014,عرق حلاوة,1.5,1.503,2.255,RMWH
26001349,Closed (مغلق),1171016,حلاوة بلك دايت,6/21/2026,264,26001360,1171015,طحينية بلك شيخ الكار حجر,129,1.012,130.548,WIP
26001349,Closed (مغلق),1171016,حلاوة بلك دايت,6/21/2026,264,26001360,1171007,قطر دايت,7,1.43,10.01,RMWH
26001349,Closed (مغلق),1171016,حلاوة بلك دايت,6/21/2026,264,26001360,1171009,بديل السكر,150,2.737,410.55,RMWH
26001350,Closed (مغلق),1171022,حلاوة بلك سادة شيخ الكار,6/21/2026,1841,26001361,1171010,جلوكوز,300,0.36,108,RMWH
26001350,Closed (مغلق),1171022,حلاوة بلك سادة شيخ الكار,6/21/2026,1841,26001361,1171014,عرق حلاوة,8,1.503,12.024,RMWH
26001350,Closed (مغلق),1171022,حلاوة بلك سادة شيخ الكار,6/21/2026,1841,26001361,1081001,سكر 50 كعم 20*50,0.6,381.566,228.94,RMWH
26001350,Closed (مغلق),1171022,حلاوة بلك سادة شيخ الكار,6/21/2026,1841,26001361,1171008,مثبت,32,1.473,47.136,WIP
26001350,Closed (مغلق),1171022,حلاوة بلك سادة شيخ الكار,6/21/2026,1841,26001361,1171005,فانيلا,0.6,14.666,8.8,RMWH
26001350,Closed (مغلق),1171022,حلاوة بلك سادة شيخ الكار,6/21/2026,1841,26001361,1171015,طحينية بلك شيخ الكار حجر,915,1.012,925.98,WIP
26001350,Closed (مغلق),1171022,حلاوة بلك سادة شيخ الكار,6/21/2026,1841,26001361,1171001,ملح ليمون,1,0.736,0.736,RMWH
26001351,Closed (مغلق),1171020,حلاوة بلك سادة ميار - موسم,6/21/2026,456,26001362,1171010,جلوكوز,75,0.36,27,RMWH
26001351,Closed (مغلق),1171020,حلاوة بلك سادة ميار - موسم,6/21/2026,456,26001362,1171014,عرق حلاوة,2,1.503,3.006,RMWH
26001351,Closed (مغلق),1171020,حلاوة بلك سادة ميار - موسم,6/21/2026,456,26001362,1081001,سكر 50 كعم 20*50,0.15,381.566,57.235,RMWH
26001351,Closed (مغلق),1171020,حلاوة بلك سادة ميار - موسم,6/21/2026,456,26001362,1171008,مثبت,8,1.473,11.784,WIP
26001351,Closed (مغلق),1171020,حلاوة بلك سادة ميار - موسم,6/21/2026,456,26001362,1171005,فانيلا,0.15,14.666,2.2,RMWH
26001351,Closed (مغلق),1171020,حلاوة بلك سادة ميار - موسم,6/21/2026,456,26001362,1171017,طحينية بلك ميار - موسم  كروما,229,1.523,348.767,WIP
26001351,Closed (مغلق),1171020,حلاوة بلك سادة ميار - موسم,6/21/2026,456,26001362,1171001,ملح ليمون,0.25,0.736,0.184,RMWH
26001352,Closed (مغلق),1171031,حلاوة بلك فستق شيخ الكار,6/21/2026,42,26001363,1171022,حلاوة بلك سادة شيخ الكار,41.5,0.74,30.71,WIP
26001352,Closed (مغلق),1171031,حلاوة بلك فستق شيخ الكار,6/21/2026,42,26001363,1171011,فستق حلبي,0.5,16.68,8.34,RMWH
26001353,Closed (مغلق),1021050,شيخ الكار حلاوة 800 غم سادة 1*12,6/21/2026,1152,26001369,1181113,"كرتون شيخ الكار حلاوة 700/800 غم (فستق،سادة،شوكولاتة،ملوكي) دمعة",96,0.197,18.912,PKGWH
26001353,Closed (مغلق),1021050,شيخ الكار حلاوة 800 غم سادة 1*12,6/21/2026,1152,26001369,1171022,حلاوة بلك سادة شيخ الكار,921.6,0.74,681.984,WIP
26001353,Closed (مغلق),1021050,شيخ الكار حلاوة 800 غم سادة 1*12,6/21/2026,1152,26001369,1181462,علب شيخ الكار حلاوة 800 غم سادة,1152,0.159,183.168,PKGWH
26001354,Closed (مغلق),1021032,ميار حلاوة 800غ سادة 1*12,6/21/2026,612,26001368,1171020,حلاوة بلك سادة ميار - موسم,489.6,1.035,506.736,WIP
26001354,Closed (مغلق),1021032,ميار حلاوة 800غ سادة 1*12,6/21/2026,612,26001368,1181380,علب ميار حلاوة 550 غم سادة  أمنية,612,0.15,91.8,PKGWH
26001354,Closed (مغلق),1021032,ميار حلاوة 800غ سادة 1*12,6/21/2026,612,26001368,1181027,"كرتون متعدد حلاوة 550 غم (ميار،فاخرة) أمنية",51,0.233,11.883,PKGWH
26001355,Closed (مغلق),1021052,شيخ الكار حلاوة 4 كغم سادة تنك 1*1,6/21/2026,220,26001367,1171022,حلاوة بلك سادة شيخ الكار,880,0.74,651.2,WIP
26001355,Closed (مغلق),1021052,شيخ الكار حلاوة 4 كغم سادة تنك 1*1,6/21/2026,220,26001367,1181305,تنك شيخ الكار حلاوة 4 كغم سادة نصاصي,220,1.1,242,PKGWH
26001356,Closed (مغلق),1021047,شيخ الكار حلاوة 400 غم سادة دايت 1*12,6/21/2026,766,26001366,1181006,"كرتون متعدد شيخ الكار حلاوة 400 غم (فستق،سادة،شوكولاتة) دمعة",64,0.147,9.408,PKGWH
26001356,Closed (مغلق),1021047,شيخ الكار حلاوة 400 غم سادة دايت 1*12,6/21/2026,766,26001366,1171016,حلاوة بلك دايت,306.4,2.105,644.972,WIP
26001356,Closed (مغلق),1021047,شيخ الكار حلاوة 400 غم سادة دايت 1*12,6/21/2026,766,26001366,1181438,علب شيخ الكار حلاوة 400 غم دايت,766,0.099,75.834,SAHABWH
26001357,Closed (مغلق),1011090,شيخ الكار طحينية 900 غم 1*12 جديد,6/22/2026,3600,26001365,1171015,طحينية بلك شيخ الكار حجر,3060,1.012,3096.72,WIP
26001357,Closed (مغلق),1011090,شيخ الكار طحينية 900 غم 1*12 جديد,6/22/2026,3600,26001365,1181097,كرتون شيخ الكار طحينية 900 غم جديد ابيض,300,0.191,57.3,PKGWH
26001357,Closed (مغلق),1011090,شيخ الكار طحينية 900 غم 1*12 جديد,6/22/2026,3600,26001365,1181192,قارورة طحينية  شيخ الكار 900 غم  جديد,3600,0.15,540,PKGWH
26001358,Closed (مغلق),1011036,قاسيون طحينية 1كغم مطرة 1*12,6/22/2026,1200,26001364,1181224,مطرة قاسيون طحينية 1 كغم,1200,0.107,128.4,SAHABWH
26001358,Closed (مغلق),1011036,قاسيون طحينية 1كغم مطرة 1*12,6/22/2026,1200,26001364,1181007,كرتون متعدد طحينية 1 كغم مطرة,100,0.284,28.4,PKGWH
26001358,Closed (مغلق),1011036,قاسيون طحينية 1كغم مطرة 1*12,6/22/2026,1200,26001364,1171015,طحينية بلك شيخ الكار حجر,1200,1.012,1214.4,WIP
26001359,Closed (مغلق),1011035,شيخ الكار طحينية 18 كغم سطل 1*1,6/22/2026,100,26001370,1181357,"سطل متعدد طحينية 18 كغم سادة (زيدان،الوادي،نابت)",100,1.596,159.6,PKGWH
26001359,Closed (مغلق),1011035,شيخ الكار طحينية 18 كغم سطل 1*1,6/22/2026,100,26001370,1171015,طحينية بلك شيخ الكار حجر,1800,1.012,1821.6,WIP
26001360,Closed (مغلق),1171022,حلاوة بلك سادة شيخ الكار,6/23/2026,3297,26001371,1171010,جلوكوز,525,0.36,189,RMWH
26001360,Closed (مغلق),1171022,حلاوة بلك سادة شيخ الكار,6/23/2026,3297,26001371,1171014,عرق حلاوة,14,1.503,21.042,RMWH
26001360,Closed (مغلق),1171022,حلاوة بلك سادة شيخ الكار,6/23/2026,3297,26001371,1081001,سكر 50 كعم 20*50,1.05,381.566,400.644,RMWH
26001360,Closed (مغلق),1171022,حلاوة بلك سادة شيخ الكار,6/23/2026,3297,26001371,1171008,مثبت,56,1.473,82.488,WIP
26001360,Closed (مغلق),1171022,حلاوة بلك سادة شيخ الكار,6/23/2026,3297,26001371,1171005,فانيلا,1.05,14.666,15.399,RMWH
26001360,Closed (مغلق),1171022,حلاوة بلك سادة شيخ الكار,6/23/2026,3297,26001371,1171015,طحينية بلك شيخ الكار حجر,1630,1.012,1649.56,WIP
26001360,Closed (مغلق),1171022,حلاوة بلك سادة شيخ الكار,6/23/2026,3297,26001371,1171001,ملح ليمون,1.75,0.736,1.288,RMWH
26001361,Closed (مغلق),1171031,حلاوة بلك فستق شيخ الكار,6/23/2026,1951,26001372,1171022,حلاوة بلك سادة شيخ الكار,1926,0.724,1394.424,WIP
26001361,Closed (مغلق),1171031,حلاوة بلك فستق شيخ الكار,6/23/2026,1951,26001372,1171011,فستق حلبي,25,16.68,417,RMWH
26001362,Closed (مغلق),1021039,شيخ الكار حلاوة 700 غم فستق 1*12,6/23/2026,1452,26001373,1181113,"كرتون شيخ الكار حلاوة 700/800 غم (فستق،سادة،شوكولاتة،ملوكي) دمعة",121,0.197,23.837,PKGWH
26001362,Closed (مغلق),1021039,شيخ الكار حلاوة 700 غم فستق 1*12,6/23/2026,1452,26001373,1171031,حلاوة بلك فستق شيخ الكار,929.28,0.928,862.372,WIP
26001362,Closed (مغلق),1021039,شيخ الكار حلاوة 700 غم فستق 1*12,6/23/2026,1452,26001373,1181423,علب شيخ الكار حلاوة 700 غم فستق,1452,0.165,239.58,PKGWH
26001363,Closed (مغلق),1171026,حلاوة بلك شوكولاته شيخ الكار,6/23/2026,498,26001374,1171022,حلاوة بلك سادة شيخ الكار,452,0.724,327.248,WIP
26001363,Closed (مغلق),1171026,حلاوة بلك شوكولاته شيخ الكار,6/23/2026,498,26001374,1171003,كاكاو,12,6,72,RMWH
26001363,Closed (مغلق),1171026,حلاوة بلك شوكولاته شيخ الكار,6/23/2026,498,26001374,1171015,طحينية بلك شيخ الكار حجر,22,1.012,22.264,WIP
26001363,Closed (مغلق),1171026,حلاوة بلك شوكولاته شيخ الكار,6/23/2026,498,26001374,1171016,حلاوة بلك دايت,12,2.105,25.26,WIP
26001364,Closed (مغلق),1171020,حلاوة بلك سادة ميار - موسم,6/23/2026,1378.5,26001375,1171010,جلوكوز,223.317,0.36,80.394,RMWH
26001364,Closed (مغلق),1171020,حلاوة بلك سادة ميار - موسم,6/23/2026,1378.5,26001375,1171014,عرق حلاوة,5.955,1.503,8.95,RMWH
26001364,Closed (مغلق),1171020,حلاوة بلك سادة ميار - موسم,6/23/2026,1378.5,26001375,1081001,سكر 50 كعم 20*50,0.447,381.566,170.56,RMWH
26001364,Closed (مغلق),1171020,حلاوة بلك سادة ميار - موسم,6/23/2026,1378.5,26001375,1171008,مثبت,23.82,1.473,35.087,WIP
26001364,Closed (مغلق),1171020,حلاوة بلك سادة ميار - موسم,6/23/2026,1378.5,26001375,1171005,فانيلا,0.447,14.666,6.556,RMWH
26001364,Closed (مغلق),1171020,حلاوة بلك سادة ميار - موسم,6/23/2026,1378.5,26001375,1171017,طحينية بلك ميار - موسم  كروما,677.119,1.523,1031.252,WIP
26001364,Closed (مغلق),1171020,حلاوة بلك سادة ميار - موسم,6/23/2026,1378.5,26001375,1171001,ملح ليمون,0.766,0.736,0.564,RMWH
26001365,Closed (مغلق),1171028,حلاوة بلك فستق ميار,6/23/2026,1390,26001376,1171020,حلاوة بلك سادة ميار - موسم,1378.5,1.005,1385.393,WIP
26001365,Closed (مغلق),1171028,حلاوة بلك فستق ميار,6/23/2026,1390,26001376,1171011,فستق حلبي,11.5,16.68,191.82,RMWH
26001366,Closed (مغلق),1021060,شيخ الكار حلاوة 1300 غم فستق 1*6,6/23/2026,850,26001387,1181067,كرتون شيخ الكار حلاوة 1300 غم فستق,142,0.201,28.542,PKGWH
26001366,Closed (مغلق),1021060,شيخ الكار حلاوة 1300 غم فستق 1*6,6/23/2026,850,26001387,1171031,حلاوة بلك فستق شيخ الكار,1028.5,0.928,954.448,WIP
26001366,Closed (مغلق),1021060,شيخ الكار حلاوة 1300 غم فستق 1*6,6/23/2026,850,26001387,1181280,علب شيخ الكار حلاوة 1300 غم فستق,850,0.308,261.8,PKGWH
26001367,Closed (مغلق),1021039,شيخ الكار حلاوة 700 غم فستق 1*12,6/23/2026,1428,26001383,1181113,"كرتون شيخ الكار حلاوة 700/800 غم (فستق،سادة،شوكولاتة،ملوكي) دمعة",119,0.197,23.443,PKGWH
26001367,Closed (مغلق),1021039,شيخ الكار حلاوة 700 غم فستق 1*12,6/23/2026,1428,26001384,1181423,علب شيخ الكار حلاوة 700 غم فستق,1428,0.165,235.62,PKGWH
26001367,Closed (مغلق),1021039,شيخ الكار حلاوة 700 غم فستق 1*12,6/23/2026,1428,26001383,1171031,حلاوة بلك فستق شيخ الكار,913.92,0.928,848.118,WIP
26001368,Closed (مغلق),1021038,شيخ الكار حلاوة 700 غم شوكولاته 1*12,6/23/2026,774,26001382,1181113,"كرتون شيخ الكار حلاوة 700/800 غم (فستق،سادة،شوكولاتة،ملوكي) دمعة",64,0.197,12.608,PKGWH
26001368,Closed (مغلق),1021038,شيخ الكار حلاوة 700 غم شوكولاته 1*12,6/23/2026,774,26001382,1171026,حلاوة بلك شوكولاته شيخ الكار,495.36,0.908,449.787,WIP
26001368,Closed (مغلق),1021038,شيخ الكار حلاوة 700 غم شوكولاته 1*12,6/23/2026,774,26001382,1181422,علب شيخ الكار حلاوة 700 غم شوكولاتة,774,0.167,129.258,WIP
26001369,Closed (مغلق),1021031,ميار حلاوة 1200 غم برش فستق 1*6,6/23/2026,823,26001390,1171028,حلاوة بلك فستق ميار,904,1.195,1080.28,WIP
26001369,Closed (مغلق),1021031,ميار حلاوة 1200 غم برش فستق 1*6,6/23/2026,823,26001392,1171028,حلاوة بلك فستق ميار,9.53,1.264,12.046,WIP
26001369,Closed (مغلق),1021031,ميار حلاوة 1200 غم برش فستق 1*6,6/23/2026,823,26001390,1181378,علب ميار حلاوة 1300 غم رشة فستق,823,0.305,251.015,PKGWH
26001369,Closed (مغلق),1021031,ميار حلاوة 1200 غم برش فستق 1*6,6/23/2026,823,26001390,1181014,كرتون ميار حلاوة 1300 غم رشة فستق,137,0.223,30.551,PKGWH
26001370,Closed (مغلق),1021020,ميار حلاوة 2200 غم برش فستق 1*4,6/23/2026,250,26001381,1171028,حلاوة بلك فستق ميار,518.75,1.135,588.781,WIP
26001370,Closed (مغلق),1021020,ميار حلاوة 2200 غم برش فستق 1*4,6/23/2026,250,26001381,1181375,علب ميار حلاوة 2300 غم رشة فستق,250,0.306,76.5,PKGWH
26001371,Closed (مغلق),1011021,شيخ الكار طحينية 5 كغم 1*4,6/23/2026,98,26001380,1181002,كرتون متعدد طحينية 5 كغم بدون طباعة,25,2.489,62.225,PKGWH
26001371,Closed (مغلق),1011021,شيخ الكار طحينية 5 كغم 1*4,6/23/2026,98,26001380,1181549,سطل شيخ الكار طحينية 5 كغم,98,0.91,89.18,PKGWH
26001371,Closed (مغلق),1011021,شيخ الكار طحينية 5 كغم 1*4,6/23/2026,98,26001380,1171015,طحينية بلك شيخ الكار حجر,490,1.002,490.98,WIP
26001372,Closed (مغلق),1011027,شيخ الكار طحينية 18 كغم تنك 1*1,6/23/2026,300,26001378,1181301,تنك شيخ الكار طحينية 18 كغم -فارغ,300,1.395,418.5,SAHABWH
26001372,Closed (مغلق),1011027,شيخ الكار طحينية 18 كغم تنك 1*1,6/23/2026,300,26001378,1171015,طحينية بلك شيخ الكار حجر,5400,1.012,5464.8,WIP
26001373,Closed (مغلق),1011090,شيخ الكار طحينية 900 غم 1*12 جديد,6/23/2026,12,26001377,1171015,طحينية بلك شيخ الكار حجر,10.2,1.012,10.322,WIP
26001373,Closed (مغلق),1011090,شيخ الكار طحينية 900 غم 1*12 جديد,6/23/2026,12,26001377,1181097,كرتون شيخ الكار طحينية 900 غم جديد ابيض,1,0.191,0.191,WIP
26001373,Closed (مغلق),1011090,شيخ الكار طحينية 900 غم 1*12 جديد,6/23/2026,12,26001377,1181192,قارورة طحينية  شيخ الكار 900 غم  جديد,12,0.15,1.8,WIP
26001374,Closed (مغلق),1171015,طحينية بلك شيخ الكار حجر,6/23/2026,25000,26001379,1141002,سمسم خام,29.5,840.001,24780.03,RMWH
26001374,Closed (مغلق),1171015,طحينية بلك شيخ الكار حجر,6/23/2026,25000,26001379,1171006,ملح,11250,0.025,281.25,RMWH
26001375,Closed (مغلق),1021039,شيخ الكار حلاوة 700 غم فستق 1*12,6/23/2026,1428,26001385,1021039,شيخ الكار حلاوة 700 غم فستق 1*12,1428,0.779,1112.412,HOSAM
26001376,Closed (مغلق),1021041,شيخ الكار حلاوة 700 غم سادة 1*12,6/23/2026,1428,26001386,1181113,"كرتون شيخ الكار حلاوة 700/800 غم (فستق،سادة،شوكولاتة،ملوكي) دمعة",119,0.197,23.443,WIP
26001376,Closed (مغلق),1021041,شيخ الكار حلاوة 700 غم سادة 1*12,6/23/2026,1428,26001386,1171022,حلاوة بلك سادة شيخ الكار,913.92,0.724,661.678,WIP
26001376,Closed (مغلق),1021041,شيخ الكار حلاوة 700 غم سادة 1*12,6/23/2026,1428,26001386,1181425,علب شيخ الكار حلاوة 700 غم سادة,1428,0.15,214.2,PKGWH
26001377,Closed (مغلق),1171028,حلاوة بلك فستق ميار,6/23/2026,45,26001388,1171032,حلاوة بلك دايت فستق شيخ الكار,45,2.353,105.885,WIP
26001378,Closed (مغلق),1021020,ميار حلاوة 2200 غم برش فستق 1*4,6/23/2026,6,26001389,1171028,حلاوة بلك فستق ميار,12.45,1.195,14.878,WIP
26001378,Closed (مغلق),1021020,ميار حلاوة 2200 غم برش فستق 1*4,6/23/2026,6,26001389,1181375,علب ميار حلاوة 2300 غم رشة فستق,6,0.306,1.836,WIP
26001379,Closed (مغلق),1171028,حلاوة بلك فستق ميار,6/23/2026,10,26001391,1171020,حلاوة بلك سادة ميار - موسم,9.82,1.005,9.869,WIP
26001379,Closed (مغلق),1171028,حلاوة بلك فستق ميار,6/23/2026,10,26001391,1171011,فستق حلبي,0.18,15.497,2.789,RMWH
26001380,Closed (مغلق),1171022,حلاوة بلك سادة شيخ الكار,6/24/2026,2274.5,26001393,1171010,جلوكوز,375,0.36,135,RMWH
26001380,Closed (مغلق),1171022,حلاوة بلك سادة شيخ الكار,6/24/2026,2274.5,26001393,1171014,عرق حلاوة,10,1.503,15.03,RMWH
26001380,Closed (مغلق),1171022,حلاوة بلك سادة شيخ الكار,6/24/2026,2274.5,26001393,1081001,سكر 50 كعم 20*50,0.35,381.566,133.548,RMWH
26001380,Closed (مغلق),1171022,حلاوة بلك سادة شيخ الكار,6/24/2026,2274.5,26001393,1171008,مثبت,40,1.473,58.92,WIP
26001380,Closed (مغلق),1171022,حلاوة بلك سادة شيخ الكار,6/24/2026,2274.5,26001393,1171005,فانيلا,0.75,14.666,11,RMWH
26001380,Closed (مغلق),1171022,حلاوة بلك سادة شيخ الكار,6/24/2026,2274.5,26001393,1171015,طحينية بلك شيخ الكار حجر,1131,1.002,1133.262,WIP
26001380,Closed (مغلق),1171022,حلاوة بلك سادة شيخ الكار,6/24/2026,2274.5,26001393,1171001,ملح ليمون,1.25,0.736,0.92,RMWH
26001381,Closed (مغلق),1171020,حلاوة بلك سادة ميار - موسم,6/24/2026,1435.5,26001394,1171010,جلوكوز,225,0.36,81,RMWH
26001381,Closed (مغلق),1171020,حلاوة بلك سادة ميار - موسم,6/24/2026,1435.5,26001394,1171014,عرق حلاوة,6,1.503,9.018,RMWH
26001381,Closed (مغلق),1171020,حلاوة بلك سادة ميار - موسم,6/24/2026,1435.5,26001394,1081001,سكر 50 كعم 20*50,0.45,381.566,171.705,RMWH
26001381,Closed (مغلق),1171020,حلاوة بلك سادة ميار - موسم,6/24/2026,1435.5,26001394,1171008,مثبت,24,1.473,35.352,WIP
26001381,Closed (مغلق),1171020,حلاوة بلك سادة ميار - موسم,6/24/2026,1435.5,26001394,1171005,فانيلا,0.45,14.666,6.6,RMWH
26001381,Closed (مغلق),1171020,حلاوة بلك سادة ميار - موسم,6/24/2026,1435.5,26001394,1171017,طحينية بلك ميار - موسم  كروما,698,1.523,1063.054,WIP
26001381,Closed (مغلق),1171020,حلاوة بلك سادة ميار - موسم,6/24/2026,1435.5,26001394,1171001,ملح ليمون,0.75,0.736,0.552,RMWH
26001381,Closed (مغلق),1171020,حلاوة بلك سادة ميار - موسم,6/24/2026,1435.5,26001394,1171032,حلاوة بلك دايت فستق شيخ الكار,20.6,2.353,48.472,WIP
26001381,Closed (مغلق),1171020,حلاوة بلك سادة ميار - موسم,6/24/2026,1435.5,26001394,1171016,حلاوة بلك دايت,54.4,2.105,114.512,WIP
26001382,Closed (مغلق),1171031,حلاوة بلك فستق شيخ الكار,6/24/2026,2302,26001395,1171022,حلاوة بلك سادة شيخ الكار,2274.5,0.686,1560.307,WIP
26001382,Closed (مغلق),1171031,حلاوة بلك فستق شيخ الكار,6/24/2026,2302,26001395,1171011,فستق حلبي,27.5,15.497,426.168,RMWH
26001383,Closed (مغلق),1171028,حلاوة بلك فستق ميار,6/24/2026,1448,26001396,1171020,حلاوة بلك سادة ميار - موسم,1435.5,1.033,1482.872,WIP
26001383,Closed (مغلق),1171028,حلاوة بلك فستق ميار,6/24/2026,1448,26001396,1171011,فستق حلبي,12.5,15.497,193.713,RMWH
26001384,Closed (مغلق),1011108,زيت سيرج 16 كغم تنك 1*1,6/25/2026,10,26001397,1171018,زيت سيرج بلك,110,6.81,749.1,WIP
26001384,Closed (مغلق),1011108,زيت سيرج 16 كغم تنك 1*1,6/25/2026,10,26001397,1181322,تنك سادة طحينية 18 كغم,7,1.238,8.666,PKGWH
26001384,Closed (مغلق),1011108,زيت سيرج 16 كغم تنك 1*1,6/25/2026,10,26001397,1011105,زيت سيرج 16.5 كغم تنك 1*1,3,113.71,341.13,HOSAM
26001385,Closed (مغلق),1021031,ميار حلاوة 1200 غم برش فستق 1*6,6/25/2026,893,26001398,1171028,حلاوة بلك فستق ميار,991.23,1.158,1147.844,WIP
26001385,Closed (مغلق),1021031,ميار حلاوة 1200 غم برش فستق 1*6,6/25/2026,893,26001398,1181378,علب ميار حلاوة 1300 غم رشة فستق,893,0.305,272.365,PKGWH
26001385,Closed (مغلق),1021031,ميار حلاوة 1200 غم برش فستق 1*6,6/25/2026,893,26001398,1181014,كرتون ميار حلاوة 1300 غم رشة فستق,149,0.223,33.227,PKGWH
26001386,Closed (مغلق),1021039,شيخ الكار حلاوة 700 غم فستق 1*12,6/25/2026,1441,26001404,1181113,"كرتون شيخ الكار حلاوة 700/800 غم (فستق،سادة،شوكولاتة،ملوكي) دمعة",120,0.197,23.64,PKGWH
26001386,Closed (مغلق),1021039,شيخ الكار حلاوة 700 غم فستق 1*12,6/25/2026,1441,26001404,1171031,حلاوة بلك فستق شيخ الكار,922.24,0.865,797.738,WIP
26001386,Closed (مغلق),1021039,شيخ الكار حلاوة 700 غم فستق 1*12,6/25/2026,1441,26001404,1181423,علب شيخ الكار حلاوة 700 غم فستق,1441,0.165,237.765,WIP
26001387,Closed (مغلق),1021041,شيخ الكار حلاوة 700 غم سادة 1*12,6/25/2026,12,26001403,1181113,"كرتون شيخ الكار حلاوة 700/800 غم (فستق،سادة،شوكولاتة،ملوكي) دمعة",1,0.197,0.197,WIP
26001387,Closed (مغلق),1021041,شيخ الكار حلاوة 700 غم سادة 1*12,6/25/2026,12,26001403,1171022,حلاوة بلك سادة شيخ الكار,7.68,0.686,5.268,WIP
26001387,Closed (مغلق),1021041,شيخ الكار حلاوة 700 غم سادة 1*12,6/25/2026,12,26001403,1181425,علب شيخ الكار حلاوة 700 غم سادة,12,0.15,1.8,WIP
26001388,Closed (مغلق),1011101,الموسم طحينية 400 غم 1*12,6/25/2026,2040,26001402,1181056,مرتبان الموسم طحينية 400 غم,2040,0.155,316.2,PKGWH
26001388,Closed (مغلق),1011101,الموسم طحينية 400 غم 1*12,6/25/2026,2040,26001402,1181370,كرتون اكسترا فاخرة طحينية 400 غم,170,0.171,29.07,PKGWH
26001388,Closed (مغلق),1011101,الموسم طحينية 400 غم 1*12,6/25/2026,2040,26001402,1171017,طحينية بلك ميار - موسم  كروما,734.4,1.523,1118.491,WIP
26001389,Closed (مغلق),1011093,الموسم طحينية 250 غم 1*12,6/25/2026,4080,26001401,1171017,طحينية بلك ميار - موسم  كروما,918,1.523,1398.114,WIP
26001389,Closed (مغلق),1011093,الموسم طحينية 250 غم 1*12,6/25/2026,4080,26001401,1181054,مرتبان الموسم طحينية 250 غم,4080,0.103,420.24,PKGWH
26001389,Closed (مغلق),1011093,الموسم طحينية 250 غم 1*12,6/25/2026,4080,26001401,1181001,كرتون متعدد طحينية 300 اكسترا,340,0.198,67.32,PKGWH
26001390,Closed (مغلق),1011045,عرفة طحينية 900 غم 1*12,6/25/2026,1800,26001400,1181227,مطرة عرفة طحينية 900 غم,1800,0.11,198,PKGWH
26001390,Closed (مغلق),1011045,عرفة طحينية 900 غم 1*12,6/25/2026,1800,26001400,1181142,كرتون شيخ الكار طحينية 900 غم مطرة,150,0.109,16.35,PKGWH
26001390,Closed (مغلق),1011045,عرفة طحينية 900 غم 1*12,6/25/2026,1800,26001400,1171017,طحينية بلك ميار - موسم  كروما,1530,1.523,2330.19,WIP
26001391,Closed (مغلق),1011088,الموسم طحينية 800 غم  1*12,6/25/2026,960,26001399,1171017,طحينية بلك ميار - موسم  كروما,700.8,1.523,1067.318,WIP
26001391,Closed (مغلق),1011088,الموسم طحينية 800 غم  1*12,6/25/2026,960,26001399,1181008,كرتون متعدد طحينية 800 غم اكسترا فاخرة,80,0.209,16.72,PKGWH
26001391,Closed (مغلق),1011088,الموسم طحينية 800 غم  1*12,6/25/2026,960,26001399,1181037,مرتبان الموسم طحينية 800 غم,960,0.118,113.28,PKGWH
26001392,Closed (مغلق),1011004,الموسم طحينية 900 غم 1*12,6/25/2026,600,26001405,1171017,طحينية بلك ميار - موسم  كروما,510,1.523,776.73,WIP
26001392,Closed (مغلق),1011004,الموسم طحينية 900 غم 1*12,6/25/2026,600,26001405,1181037,مرتبان الموسم طحينية 800 غم,600,0.118,70.8,WIP
26001392,Closed (مغلق),1011004,الموسم طحينية 900 غم 1*12,6/25/2026,600,26001405,1181008,كرتون متعدد طحينية 800 غم اكسترا فاخرة,50,0.209,10.45,PKGWH
26001393,Closed (مغلق),1171022,حلاوة بلك سادة شيخ الكار,6/25/2026,429,26001406,1171010,جلوكوز,69.498,0.36,25.019,RMWH
26001393,Closed (مغلق),1171022,حلاوة بلك سادة شيخ الكار,6/25/2026,429,26001406,1171014,عرق حلاوة,1.853,1.503,2.785,RMWH
26001393,Closed (مغلق),1171022,حلاوة بلك سادة شيخ الكار,6/25/2026,429,26001406,1081001,سكر 50 كعم 20*50,0.139,381.566,53.038,RMWH
26001393,Closed (مغلق),1171022,حلاوة بلك سادة شيخ الكار,6/25/2026,429,26001406,1171008,مثبت,7.413,1.473,10.919,WIP
26001393,Closed (مغلق),1171022,حلاوة بلك سادة شيخ الكار,6/25/2026,429,26001406,1171005,فانيلا,0.139,14.666,2.039,RMWH
26001393,Closed (مغلق),1171022,حلاوة بلك سادة شيخ الكار,6/25/2026,429,26001406,1171015,طحينية بلك شيخ الكار حجر,210.858,1.002,211.28,WIP
26001393,Closed (مغلق),1171022,حلاوة بلك سادة شيخ الكار,6/25/2026,429,26001406,1171001,ملح ليمون,0.232,0.736,0.171,RMWH
26001394,Closed (مغلق),1171020,حلاوة بلك سادة ميار - موسم,6/25/2026,2724.5,26001407,1171010,جلوكوز,450,0.36,162,RMWH
26001394,Closed (مغلق),1171020,حلاوة بلك سادة ميار - موسم,6/25/2026,2724.5,26001407,1171014,عرق حلاوة,12,1.503,18.036,RMWH
26001394,Closed (مغلق),1171020,حلاوة بلك سادة ميار - موسم,6/25/2026,2724.5,26001407,1081001,سكر 50 كعم 20*50,0.9,381.566,343.409,RMWH
26001394,Closed (مغلق),1171020,حلاوة بلك سادة ميار - موسم,6/25/2026,2724.5,26001407,1171008,مثبت,48,1.473,70.704,WIP
26001394,Closed (مغلق),1171020,حلاوة بلك سادة ميار - موسم,6/25/2026,2724.5,26001407,1171005,فانيلا,0.9,14.666,13.199,RMWH
26001394,Closed (مغلق),1171020,حلاوة بلك سادة ميار - موسم,6/25/2026,2724.5,26001407,1171017,طحينية بلك ميار - موسم  كروما,1361,1.523,2072.803,WIP
26001394,Closed (مغلق),1171020,حلاوة بلك سادة ميار - موسم,6/25/2026,2724.5,26001407,1171001,ملح ليمون,1.5,0.736,1.104,RMWH
26001394,Closed (مغلق),1171020,حلاوة بلك سادة ميار - موسم,6/25/2026,2724.5,26001407,1171016,حلاوة بلك دايت,10,2.105,21.05,WIP
26001395,Closed (مغلق),1171031,حلاوة بلك فستق شيخ الكار,6/25/2026,438,26001408,1171022,حلاوة بلك سادة شيخ الكار,429,0.691,296.439,HOSAM
26001395,Closed (مغلق),1171031,حلاوة بلك فستق شيخ الكار,6/25/2026,438,26001408,1171011,فستق حلبي,9,15.497,139.473,RMWH
26001396,Closed (مغلق),1171028,حلاوة بلك فستق ميار,6/25/2026,692,26001409,1171020,حلاوة بلك سادة ميار - موسم,677.5,1.008,682.92,WIP
26001396,Closed (مغلق),1171028,حلاوة بلك فستق ميار,6/25/2026,692,26001409,1171011,فستق حلبي,14.5,15.497,224.707,RMWH
26001397,Closed (مغلق),1021024,الموسم حلاوة 6 كغم فستق 1*4,6/25/2026,237,26001412,1171031,حلاوة بلك فستق شيخ الكار,1422,0.895,1272.69,WIP
26001397,Closed (مغلق),1021024,الموسم حلاوة 6 كغم فستق 1*4,6/25/2026,237,26001412,1181344,جاط مربع حلاوة 5 كغم شفاف متعدد,237,0.566,134.142,PKGWH
26001397,Closed (مغلق),1021024,الموسم حلاوة 6 كغم فستق 1*4,6/25/2026,237,26001412,1181029,كرتون متعدد حلاوة 5 كغم تبروير ولاء,59,0.391,23.069,SAHABWH
26001398,Closed (مغلق),1021129,الموسم حلاوة 400 غم سادة دمعة 1*12,6/25/2026,3456,26001411,1171020,حلاوة بلك سادة ميار - موسم,1382.4,1.008,1393.459,WIP
26001398,Closed (مغلق),1021129,الموسم حلاوة 400 غم سادة دمعة 1*12,6/25/2026,3456,26001411,1181261,علب الموسم حلاوة 400 غم سادة دمعة,3456,0.089,307.584,PKGWH
26001398,Closed (مغلق),1021129,الموسم حلاوة 400 غم سادة دمعة 1*12,6/25/2026,3456,26001411,1181023,كرتون متعدد حلاوة 400 غم غير مطبوع دمعة,288,0.159,45.792,PKGWH
26001399,Closed (مغلق),1021130,الموسم حلاوة 400 غم فستق دمعة 1*12,6/25/2026,1728,26001410,1171028,حلاوة بلك فستق ميار,691.2,1.25,864,WIP
26001399,Closed (مغلق),1021130,الموسم حلاوة 400 غم فستق دمعة 1*12,6/25/2026,1728,26001410,1181258,علب الموسم حلاوة 400 غم فستق دمعة,1728,0.091,157.248,PKGWH
26001399,Closed (مغلق),1021130,الموسم حلاوة 400 غم فستق دمعة 1*12,6/25/2026,1728,26001410,1181023,كرتون متعدد حلاوة 400 غم غير مطبوع دمعة,144,0.159,22.896,PKGWH
26001400,Closed (مغلق),1021020,ميار حلاوة 2200 غم برش فستق 1*4,6/25/2026,220,26001413,1171028,حلاوة بلك فستق ميار,456.5,1.25,570.625,WIP
26001400,Closed (مغلق),1021020,ميار حلاوة 2200 غم برش فستق 1*4,6/25/2026,220,26001413,1181375,علب ميار حلاوة 2300 غم رشة فستق,220,0.306,67.32,PKGWH
26001401,Closed (مغلق),1141003,سمسم محمص 50 كغم,6/25/2026,30,26001414,1141002,سمسم خام,0.035,840.001,29.4,RMWH
26001401,Closed (مغلق),1141003,سمسم محمص 50 كغم,6/25/2026,30,26001414,1171006,ملح,6.75,0.025,0.169,RMWH
26001402,Closed (مغلق),1011088,الموسم طحينية 800 غم  1*12,6/25/2026,2880,26001415,1171017,طحينية بلك ميار - موسم  كروما,2102.4,1.523,3201.955,WIP
26001402,Closed (مغلق),1011088,الموسم طحينية 800 غم  1*12,6/25/2026,2880,26001415,1181008,كرتون متعدد طحينية 800 غم اكسترا فاخرة,240,0.209,50.16,PKGWH
26001402,Closed (مغلق),1011088,الموسم طحينية 800 غم  1*12,6/25/2026,2880,26001415,1181239,مرتبان مريم طحينية 800 غم,1375,0.118,162.25,PKGWH
26001402,Closed (مغلق),1011088,الموسم طحينية 800 غم  1*12,6/25/2026,2880,26001415,1181210,مرتبان زيدان طحينية 800 غم,1505,0.165,248.325,PKGWH
26001403,Closed (مغلق),1011020,شيخ الكار طحينية 800 غم 1*12,6/29/2026,1116,26001426,1181117,كرتون شيخ الكار طحينية 800 غم,93,0.259,24.087,PKGWH
26001403,Closed (مغلق),1011020,شيخ الكار طحينية 800 غم 1*12,6/29/2026,1116,26001426,1181196,مرتبان شيخ الكار طحينية 800 غم,1116,0.155,172.98,PKGWH
26001403,Closed (مغلق),1011020,شيخ الكار طحينية 800 غم 1*12,6/29/2026,1116,26001426,1171015,طحينية بلك شيخ الكار حجر,892.8,1.002,894.586,WIP
26001404,Closed (مغلق),1011026,شيخ الكار طحينية 400 غم 1*12,6/29/2026,2040,26001416,1181186,مرتبان شيخ الكار طحينية 400 غم,2040,0.126,257.04,PKGWH
26001404,Closed (مغلق),1011026,شيخ الكار طحينية 400 غم 1*12,6/29/2026,2040,26001416,1181120,كرتون شيخ الكار طحينية 400 غم,170,0.15,25.5,PKGWH
26001404,Closed (مغلق),1011026,شيخ الكار طحينية 400 غم 1*12,6/29/2026,2040,26001416,1171015,طحينية بلك شيخ الكار حجر,816,1.002,817.632,WIP
26001405,Closed (مغلق),1141003,سمسم محمص 50 كغم,6/29/2026,50,26001417,1141002,سمسم خام,0.058,840.001,48.72,RMWH
26001405,Closed (مغلق),1141003,سمسم محمص 50 كغم,6/29/2026,50,26001417,1171006,ملح,11.25,0.025,0.281,RMWH
26001406,Closed (مغلق),1171022,حلاوة بلك سادة شيخ الكار,6/29/2026,2705,26001418,1171010,جلوكوز,450,0.36,162,RMWH
26001406,Closed (مغلق),1171022,حلاوة بلك سادة شيخ الكار,6/29/2026,2705,26001418,1171014,عرق حلاوة,12,1.503,18.036,RMWH
26001406,Closed (مغلق),1171022,حلاوة بلك سادة شيخ الكار,6/29/2026,2705,26001418,1081001,سكر 50 كعم 20*50,0.9,381.566,343.409,RMWH
26001406,Closed (مغلق),1171022,حلاوة بلك سادة شيخ الكار,6/29/2026,2705,26001418,1171008,مثبت,48,1.473,70.704,WIP
26001406,Closed (مغلق),1171022,حلاوة بلك سادة شيخ الكار,6/29/2026,2705,26001418,1171005,فانيلا,0.9,14.666,13.199,RMWH
26001406,Closed (مغلق),1171022,حلاوة بلك سادة شيخ الكار,6/29/2026,2705,26001418,1171015,طحينية بلك شيخ الكار حجر,1365,1.002,1367.73,WIP
26001406,Closed (مغلق),1171022,حلاوة بلك سادة شيخ الكار,6/29/2026,2705,26001418,1171001,ملح ليمون,1.5,0.736,1.104,RMWH
26001407,Closed (مغلق),1171020,حلاوة بلك سادة ميار - موسم,6/29/2026,863,26001419,1171010,جلوكوز,150,0.36,54,RMWH
26001407,Closed (مغلق),1171020,حلاوة بلك سادة ميار - موسم,6/29/2026,863,26001419,1171014,عرق حلاوة,4,1.503,6.012,RMWH
26001407,Closed (مغلق),1171020,حلاوة بلك سادة ميار - موسم,6/29/2026,863,26001419,1081001,سكر 50 كعم 20*50,0.3,381.566,114.47,RMWH
26001407,Closed (مغلق),1171020,حلاوة بلك سادة ميار - موسم,6/29/2026,863,26001419,1171008,مثبت,16,1.473,23.568,WIP
26001407,Closed (مغلق),1171020,حلاوة بلك سادة ميار - موسم,6/29/2026,863,26001419,1171005,فانيلا,0.3,14.666,4.4,RMWH
26001407,Closed (مغلق),1171020,حلاوة بلك سادة ميار - موسم,6/29/2026,863,26001419,1171017,طحينية بلك ميار - موسم  كروما,439,1.523,668.597,WIP
26001407,Closed (مغلق),1171020,حلاوة بلك سادة ميار - موسم,6/29/2026,863,26001419,1171001,ملح ليمون,0.5,0.736,0.368,RMWH
26001408,Closed (مغلق),1171031,حلاوة بلك فستق شيخ الكار,6/29/2026,1868,26001420,1171022,حلاوة بلك سادة شيخ الكار,1838,0.714,1312.332,WIP
26001408,Closed (مغلق),1171031,حلاوة بلك فستق شيخ الكار,6/29/2026,1868,26001420,1171011,فستق حلبي,30,15.497,464.91,RMWH
26001409,Closed (مغلق),1011050,سيلك رود طحينية 1 كغم مطرة 1*12,6/30/2026,1200,26001421,1181225,مطرة سيلك رود طحينية 1 كغم,1200,0.105,126,PKGWH
26001409,Closed (مغلق),1011050,سيلك رود طحينية 1 كغم مطرة 1*12,6/30/2026,1200,26001421,1181007,كرتون متعدد طحينية 1 كغم مطرة,100,0.284,28.4,PKGWH
26001409,Closed (مغلق),1011050,سيلك رود طحينية 1 كغم مطرة 1*12,6/30/2026,1200,26001421,1171015,طحينية بلك شيخ الكار حجر,1200,1.002,1202.4,WIP
26001410,Closed (مغلق),1011035,شيخ الكار طحينية 18 كغم سطل 1*1,6/30/2026,48,26001422,1181357,"سطل متعدد طحينية 18 كغم سادة (زيدان،الوادي،نابت)",48,1.596,76.608,PKGWH
26001410,Closed (مغلق),1011035,شيخ الكار طحينية 18 كغم سطل 1*1,6/30/2026,48,26001422,1181004,كرتون متعدد طحينية 18 كغم متعدد,48,0.372,17.856,PKGWH
26001410,Closed (مغلق),1011035,شيخ الكار طحينية 18 كغم سطل 1*1,6/30/2026,48,26001422,1171015,طحينية بلك شيخ الكار حجر,864,1.002,865.728,WIP
26001411,Closed (مغلق),1011015,الموسم طحينية 9 كغم تنك 1*1,6/30/2026,120,26001423,1171017,طحينية بلك ميار - موسم  كروما,996,1.523,1516.908,WIP
26001411,Closed (مغلق),1011015,الموسم طحينية 9 كغم تنك 1*1,6/30/2026,120,26001423,1181328,تنك الموسم طحينية 9 كغم -فارغ,120,1.25,150,PKGWH
26001412,Closed (مغلق),1011024,شيخ الكار طحينية 250 غم 1*12,6/30/2026,2040,26001424,1181188,مرتبان شيخ الكار طحينية 250 غم,2040,0.112,228.48,WIP
26001412,Closed (مغلق),1011024,شيخ الكار طحينية 250 غم 1*12,6/30/2026,2040,26001424,1181114,كرتون شيخ الكار طحينية 250 غم,170,0.121,20.57,WIP
26001412,Closed (مغلق),1011024,شيخ الكار طحينية 250 غم 1*12,6/30/2026,2040,26001424,1171015,طحينية بلك شيخ الكار حجر,428.4,1.002,429.257,WIP
26001413,Closed (مغلق),1011026,شيخ الكار طحينية 400 غم 1*12,6/30/2026,2040,26001425,1181186,مرتبان شيخ الكار طحينية 400 غم,2040,0.126,257.04,SAHABWH
26001413,Closed (مغلق),1011026,شيخ الكار طحينية 400 غم 1*12,6/30/2026,2040,26001425,1181120,كرتون شيخ الكار طحينية 400 غم,170,0.15,25.5,PKGWH
26001413,Closed (مغلق),1011026,شيخ الكار طحينية 400 غم 1*12,6/30/2026,2040,26001425,1171015,طحينية بلك شيخ الكار حجر,816,1.002,817.632,WIP
26001414,Closed (مغلق),1021037,شيخ الكار حلاوة 400 غم فستق 1*12,6/30/2026,3964,26001435,1181006,"كرتون متعدد شيخ الكار حلاوة 400 غم (فستق،سادة،شوكولاتة) دمعة",330,0.147,48.51,PKGWH
26001414,Closed (مغلق),1021037,شيخ الكار حلاوة 400 غم فستق 1*12,6/30/2026,3964,26001435,1171031,حلاوة بلك فستق شيخ الكار,1585.6,0.955,1514.248,WIP
26001414,Closed (مغلق),1021037,شيخ الكار حلاوة 400 غم فستق 1*12,6/30/2026,3964,26001435,1181359,علبة حلاوة شيخ الكار 400 غ فستق دمعة,3964,0.098,388.472,PKGWH
26001415,Closed (مغلق),1021138,الموسم حلاوة 800 غم سادة دمعة 1*12,6/30/2026,960,26001430,1171020,حلاوة بلك سادة ميار - موسم,768,1.008,774.144,WIP
26001415,Closed (مغلق),1021138,الموسم حلاوة 800 غم سادة دمعة 1*12,6/30/2026,960,26001430,1181271,علب الموسم حلاوة 800 غم سادة دمعة,960,0.141,135.36,PKGWH
26001415,Closed (مغلق),1021138,الموسم حلاوة 800 غم سادة دمعة 1*12,6/30/2026,960,26001430,1181024,كرتون متعدد حلاوة 800 غم دمعة,80,0.2,16,PKGWH
26001416,Closed (مغلق),1021060,شيخ الكار حلاوة 1300 غم فستق 1*6,6/30/2026,480,26001429,1181067,كرتون شيخ الكار حلاوة 1300 غم فستق,80,0.201,16.08,PKGWH
26001416,Closed (مغلق),1021060,شيخ الكار حلاوة 1300 غم فستق 1*6,6/30/2026,480,26001429,1171031,حلاوة بلك فستق شيخ الكار,672,0.94,631.68,WIP
26001416,Closed (مغلق),1021060,شيخ الكار حلاوة 1300 غم فستق 1*6,6/30/2026,480,26001429,1181280,علب شيخ الكار حلاوة 1300 غم فستق,480,0.308,147.84,PKGWH
26001417,Closed (مغلق),1021044,شيخ الكار حلاوة 200 غم فستق 1*12,6/30/2026,2119,26001437,1181064,كرتون شيخ الكار حلاوة 250 غم شوكولاتة قديم,88,0.135,11.88,PKGWH
26001417,Closed (مغلق),1021044,شيخ الكار حلاوة 200 غم فستق 1*12,6/30/2026,2119,26001437,1171031,حلاوة بلك فستق شيخ الكار,423.8,0.955,404.729,WIP
26001417,Closed (مغلق),1021044,شيخ الكار حلاوة 200 غم فستق 1*12,6/30/2026,2119,26001437,1181569,علب شيخ الكار حلاوة 200 غم فستق,2119,0.1,211.9,PKGWH
26001418,Closed (مغلق),1021045,شيخ الكار حلاوة 200 غم سادة 1*12,6/30/2026,4320,26001436,1181064,كرتون شيخ الكار حلاوة 250 غم شوكولاتة قديم,180,0.135,24.3,PKGWH
26001418,Closed (مغلق),1021045,شيخ الكار حلاوة 200 غم سادة 1*12,6/30/2026,4320,26001436,1171022,حلاوة بلك سادة شيخ الكار,864,0.726,627.264,WIP
26001418,Closed (مغلق),1021045,شيخ الكار حلاوة 200 غم سادة 1*12,6/30/2026,4320,26001436,1181568,علب شيخ الكار حلاوة 200 غم سادة,4320,0.097,419.04,PKGWH
26001419,Closed (مغلق),1021060,شيخ الكار حلاوة 1300 غم فستق 1*6,6/30/2026,480,26001427,1181067,كرتون شيخ الكار حلاوة 1300 غم فستق,80,0.201,16.08,PKGWH
26001419,Closed (مغلق),1021060,شيخ الكار حلاوة 1300 غم فستق 1*6,6/30/2026,480,26001427,1171031,حلاوة بلك فستق شيخ الكار,672,0.94,631.68,WIP
26001419,Closed (مغلق),1021060,شيخ الكار حلاوة 1300 غم فستق 1*6,6/30/2026,480,26001427,1181280,علب شيخ الكار حلاوة 1300 غم فستق,480,0.308,147.84,PKGWH
26001420,Closed (مغلق),1021138,الموسم حلاوة 800 غم سادة دمعة 1*12,6/30/2026,960,26001428,1171020,حلاوة بلك سادة ميار - موسم,768,1.008,774.144,WIP
26001420,Closed (مغلق),1021138,الموسم حلاوة 800 غم سادة دمعة 1*12,6/30/2026,960,26001428,1181271,علب الموسم حلاوة 800 غم سادة دمعة,960,0.141,135.36,PKGWH
26001420,Closed (مغلق),1021138,الموسم حلاوة 800 غم سادة دمعة 1*12,6/30/2026,960,26001428,1181024,كرتون متعدد حلاوة 800 غم دمعة,80,0.2,16,PKGWH
26001421,Closed (مغلق),1171022,حلاوة بلك سادة شيخ الكار,6/30/2026,3110,26001431,1171010,جلوكوز,525,0.36,189,RMWH
26001421,Closed (مغلق),1171022,حلاوة بلك سادة شيخ الكار,6/30/2026,3110,26001431,1171014,عرق حلاوة,14,1.503,21.042,RMWH
26001421,Closed (مغلق),1171022,حلاوة بلك سادة شيخ الكار,6/30/2026,3110,26001431,1081001,سكر 50 كعم 20*50,1.05,381.566,400.644,RMWH
26001421,Closed (مغلق),1171022,حلاوة بلك سادة شيخ الكار,6/30/2026,3110,26001431,1171008,مثبت,56,1.473,82.488,WIP
26001421,Closed (مغلق),1171022,حلاوة بلك سادة شيخ الكار,6/30/2026,3110,26001431,1171005,فانيلا,1.05,14.666,15.399,RMWH
26001421,Closed (مغلق),1171022,حلاوة بلك سادة شيخ الكار,6/30/2026,3110,26001431,1171015,طحينية بلك شيخ الكار حجر,1575,1.002,1578.15,WIP
26001421,Closed (مغلق),1171022,حلاوة بلك سادة شيخ الكار,6/30/2026,3110,26001431,1171001,ملح ليمون,1.75,0.736,1.288,RMWH
26001422,Closed (مغلق),1171031,حلاوة بلك فستق شيخ الكار,6/30/2026,3159,26001432,1171022,حلاوة بلك سادة شيخ الكار,3110,0.726,2257.86,WIP
26001422,Closed (مغلق),1171031,حلاوة بلك فستق شيخ الكار,6/30/2026,3159,26001432,1171011,فستق حلبي,49,15.811,774.739,RMWH
26001423,Closed (مغلق),1171020,حلاوة بلك سادة ميار - موسم,6/30/2026,1327,26001433,1171010,جلوكوز,214.974,0.36,77.391,RMWH
26001423,Closed (مغلق),1171020,حلاوة بلك سادة ميار - موسم,6/30/2026,1327,26001433,1171014,عرق حلاوة,5.733,1.503,8.617,RMWH
26001423,Closed (مغلق),1171020,حلاوة بلك سادة ميار - موسم,6/30/2026,1327,26001433,1081001,سكر 50 كعم 20*50,0.43,381.566,164.073,RMWH
26001423,Closed (مغلق),1171020,حلاوة بلك سادة ميار - موسم,6/30/2026,1327,26001433,1171008,مثبت,22.931,1.473,33.777,WIP
26001423,Closed (مغلق),1171020,حلاوة بلك سادة ميار - موسم,6/30/2026,1327,26001433,1171005,فانيلا,0.43,14.666,6.306,RMWH
26001423,Closed (مغلق),1171020,حلاوة بلك سادة ميار - موسم,6/30/2026,1327,26001433,1171017,طحينية بلك ميار - موسم  كروما,651.822,1.523,992.725,WIP
26001423,Closed (مغلق),1171020,حلاوة بلك سادة ميار - موسم,6/30/2026,1327,26001433,1171001,ملح ليمون,0.738,0.736,0.543,RMWH
26001424,Closed (مغلق),1171028,حلاوة بلك فستق ميار,6/30/2026,885,26001434,1171020,حلاوة بلك سادة ميار - موسم,870,0.99,861.3,WIP
26001424,Closed (مغلق),1171028,حلاوة بلك فستق ميار,6/30/2026,885,26001434,1171011,فستق حلبي,15,15.811,237.165,RMWH
26001425,Closed (مغلق),1011050,سيلك رود طحينية 1 كغم مطرة 1*12,6/30/2026,1200,26001438,1181225,مطرة سيلك رود طحينية 1 كغم,1200,0.105,126,PKGWH
26001425,Closed (مغلق),1011050,سيلك رود طحينية 1 كغم مطرة 1*12,6/30/2026,1200,26001438,1181007,كرتون متعدد طحينية 1 كغم مطرة,100,0.284,28.4,PKGWH
26001425,Closed (مغلق),1011050,سيلك رود طحينية 1 كغم مطرة 1*12,6/30/2026,1200,26001438,1171015,طحينية بلك شيخ الكار حجر,1200,1.002,1202.4,WIP
26001426,Closed (مغلق),1171022,حلاوة بلك سادة شيخ الكار,7/1/2026,4480,26001440,1171010,جلوكوز,750,0.36,270,RMWH
26001426,Closed (مغلق),1171022,حلاوة بلك سادة شيخ الكار,7/1/2026,4480,26001440,1171014,عرق حلاوة,20,1.503,30.06,RMWH
26001426,Closed (مغلق),1171022,حلاوة بلك سادة شيخ الكار,7/1/2026,4480,26001440,1081001,سكر 50 كعم 20*50,1.5,381.566,572.349,RMWH
26001426,Closed (مغلق),1171022,حلاوة بلك سادة شيخ الكار,7/1/2026,4480,26001440,1171008,مثبت,80,1.473,117.84,WIP
26001426,Closed (مغلق),1171022,حلاوة بلك سادة شيخ الكار,7/1/2026,4480,26001440,1171005,فانيلا,1.5,14.666,21.999,RMWH
26001426,Closed (مغلق),1171022,حلاوة بلك سادة شيخ الكار,7/1/2026,4480,26001440,1171015,طحينية بلك شيخ الكار حجر,2259,1.002,2263.518,WIP
26001426,Closed (مغلق),1171022,حلاوة بلك سادة شيخ الكار,7/1/2026,4480,26001440,1171001,ملح ليمون,2.5,0.736,1.84,RMWH
26001427,Closed (مغلق),1171020,حلاوة بلك سادة ميار - موسم,7/1/2026,144,26001439,1021047,شيخ الكار حلاوة 400 غم سادة دايت 1*12,360,0.926,333.36,HOSAM
26001428,Closed (مغلق),1171028,حلاوة بلك فستق ميار,7/1/2026,1993,26001443,1171020,حلاوة بلك سادة ميار - موسم,1956,1.021,1997.076,WIP
26001428,Closed (مغلق),1171028,حلاوة بلك فستق ميار,7/1/2026,1993,26001443,1171011,فستق حلبي,37,15.811,585.007,RMWH
26001429,Closed (مغلق),1171022,حلاوة بلك سادة شيخ الكار,7/1/2026,4480,26001441,1171022,حلاوة بلك سادة شيخ الكار,4480,0.73,3270.4,WIP
26001430,Closed (مغلق),1171020,حلاوة بلك سادة ميار - موسم,7/1/2026,4480,26001442,1171010,جلوكوز,750,0.36,270,WIP
26001430,Closed (مغلق),1171020,حلاوة بلك سادة ميار - موسم,7/1/2026,4480,26001442,1171014,عرق حلاوة,20,1.503,30.06,WIP
26001430,Closed (مغلق),1171020,حلاوة بلك سادة ميار - موسم,7/1/2026,4480,26001442,1081001,سكر 50 كعم 20*50,1.5,381.566,572.349,WIP
26001430,Closed (مغلق),1171020,حلاوة بلك سادة ميار - موسم,7/1/2026,4480,26001442,1171008,مثبت,80,1.473,117.84,WIP
26001430,Closed (مغلق),1171020,حلاوة بلك سادة ميار - موسم,7/1/2026,4480,26001442,1171005,فانيلا,1.5,14.666,21.999,WIP
26001430,Closed (مغلق),1171020,حلاوة بلك سادة ميار - موسم,7/1/2026,4480,26001442,1171017,طحينية بلك ميار - موسم  كروما,2259,1.523,3440.457,WIP
26001430,Closed (مغلق),1171020,حلاوة بلك سادة ميار - موسم,7/1/2026,4480,26001442,1171001,ملح ليمون,2.5,0.736,1.84,WIP
26001431,Closed (مغلق),1021130,الموسم حلاوة 400 غم فستق دمعة 1*12,7/1/2026,3456,26001445,1171028,حلاوة بلك فستق ميار,1382.4,1.279,1768.09,WIP
26001431,Closed (مغلق),1021130,الموسم حلاوة 400 غم فستق دمعة 1*12,7/1/2026,3456,26001445,1181258,علب الموسم حلاوة 400 غم فستق دمعة,3456,0.091,314.496,PKGWH
26001431,Closed (مغلق),1021130,الموسم حلاوة 400 غم فستق دمعة 1*12,7/1/2026,3456,26001445,1181023,كرتون متعدد حلاوة 400 غم غير مطبوع دمعة,288,0.159,45.792,PKGWH
26001432,Closed (مغلق),1021129,الموسم حلاوة 400 غم سادة دمعة 1*12,7/1/2026,4680,26001444,1171020,حلاوة بلك سادة ميار - موسم,1872,1.021,1911.312,WIP
26001432,Closed (مغلق),1021129,الموسم حلاوة 400 غم سادة دمعة 1*12,7/1/2026,4680,26001444,1181261,علب الموسم حلاوة 400 غم سادة دمعة,4680,0.089,416.52,PKGWH
26001432,Closed (مغلق),1021129,الموسم حلاوة 400 غم سادة دمعة 1*12,7/1/2026,4680,26001444,1181023,كرتون متعدد حلاوة 400 غم غير مطبوع دمعة,390,0.159,62.01,PKGWH
26001433,Closed (مغلق),1011007,ميار طحينية 900 غم مطرة 1*12,7/1/2026,1793,26001446,1181221,مطرة ميار طحينية 900 غم,1793,0.118,211.574,PKGWH
26001433,Closed (مغلق),1011007,ميار طحينية 900 غم مطرة 1*12,7/1/2026,1793,26001446,1181142,كرتون شيخ الكار طحينية 900 غم مطرة,149,0.109,16.241,PKGWH
26001433,Closed (مغلق),1011007,ميار طحينية 900 غم مطرة 1*12,7/1/2026,1793,26001446,1171017,طحينية بلك ميار - موسم  كروما,1524.05,1.523,2321.128,WIP
26001434,Closed (مغلق),1011020,شيخ الكار طحينية 800 غم 1*12,7/1/2026,2112,26001447,1181117,كرتون شيخ الكار طحينية 800 غم,176,0.259,45.584,PKGWH
26001434,Closed (مغلق),1011020,شيخ الكار طحينية 800 غم 1*12,7/1/2026,2112,26001447,1181196,مرتبان شيخ الكار طحينية 800 غم,2112,0.155,327.36,PKGWH
26001434,Closed (مغلق),1011020,شيخ الكار طحينية 800 غم 1*12,7/1/2026,2112,26001447,1171015,طحينية بلك شيخ الكار حجر,1689.6,1.002,1692.979,WIP
26001435,Closed (مغلق),1011004,الموسم طحينية 900 غم 1*12,7/1/2026,600,26001448,1171017,طحينية بلك ميار - موسم  كروما,510,1.523,776.73,WIP
26001435,Closed (مغلق),1011004,الموسم طحينية 900 غم 1*12,7/1/2026,600,26001448,1181037,مرتبان الموسم طحينية 800 غم,600,0.118,70.8,PKGWH
26001435,Closed (مغلق),1011004,الموسم طحينية 900 غم 1*12,7/1/2026,600,26001448,1181008,كرتون متعدد طحينية 800 غم اكسترا فاخرة,50,0.209,10.45,PKGWH
26001436,Closed (مغلق),1011024,شيخ الكار طحينية 250 غم 1*12,7/1/2026,1800,26001449,1181188,مرتبان شيخ الكار طحينية 250 غم,1800,0.112,201.6,SAHABWH
26001436,Closed (مغلق),1011024,شيخ الكار طحينية 250 غم 1*12,7/1/2026,1800,26001449,1181114,كرتون شيخ الكار طحينية 250 غم,150,0.121,18.15,PKGWH
26001436,Closed (مغلق),1011024,شيخ الكار طحينية 250 غم 1*12,7/1/2026,1800,26001449,1171015,طحينية بلك شيخ الكار حجر,378,1.002,378.756,WIP
26001437,Closed (مغلق),1011022,شيخ الكار طحينية 3500 غم 1*4,7/1/2026,1,26001450,1171015,طحينية بلك شيخ الكار حجر,3.5,1.002,3.507,WIP
26001437,Closed (مغلق),1011022,شيخ الكار طحينية 3500 غم 1*4,7/1/2026,1,26001450,1181241,مرتبان متعدد طحينية 3500 غم,1,0.389,0.389,PKGWH
26001438,Closed (مغلق),1011007,ميار طحينية 900 غم مطرة 1*12,7/1/2026,1,26001451,1181221,مطرة ميار طحينية 900 غم,1,0.118,0.118,WIP
26001438,Closed (مغلق),1011007,ميار طحينية 900 غم مطرة 1*12,7/1/2026,1,26001451,1171017,طحينية بلك ميار - موسم  كروما,0.85,1.523,1.295,WIP
26001439,Closed (مغلق),1021138,الموسم حلاوة 800 غم سادة دمعة 1*12,7/1/2026,1920,26001453,1171020,حلاوة بلك سادة ميار - موسم,1536,1.021,1568.256,WIP
26001439,Closed (مغلق),1021138,الموسم حلاوة 800 غم سادة دمعة 1*12,7/1/2026,1920,26001453,1181271,علب الموسم حلاوة 800 غم سادة دمعة,1920,0.169,324.48,PKGWH
26001439,Closed (مغلق),1021138,الموسم حلاوة 800 غم سادة دمعة 1*12,7/1/2026,1920,26001453,1181024,كرتون متعدد حلاوة 800 غم دمعة,160,0.2,32,PKGWH
26001440,Closed (مغلق),1021137,الموسم حلاوة 800 غم فستق دمعة 1*12,7/1/2026,1920,26001455,1171028,حلاوة بلك فستق ميار,1536,1.279,1964.544,WIP
26001440,Closed (مغلق),1021137,الموسم حلاوة 800 غم فستق دمعة 1*12,7/1/2026,1920,26001455,1181265,علب الموسم حلاوة 800 غم فستق دمعة,1920,0.153,293.76,PKGWH
26001440,Closed (مغلق),1021137,الموسم حلاوة 800 غم فستق دمعة 1*12,7/1/2026,1920,26001455,1181024,كرتون متعدد حلاوة 800 غم دمعة,160,0.2,32,PKGWH
26001441,Closed (مغلق),1021062,شيخ الكار حلاوة 800 غم فستق 1*12,7/1/2026,1920,26001456,1181113,"كرتون شيخ الكار حلاوة 700/800 غم (فستق،سادة،شوكولاتة،ملوكي) دمعة",160,0.197,31.52,PKGWH
26001441,Closed (مغلق),1021062,شيخ الكار حلاوة 800 غم فستق 1*12,7/1/2026,1920,26001456,1171031,حلاوة بلك فستق شيخ الكار,1536,0.955,1466.88,WIP
26001441,Closed (مغلق),1021062,شيخ الكار حلاوة 800 غم فستق 1*12,7/1/2026,1920,26001456,1181458,علب شيخ الكار حلاوة 800 غم فستق,1920,0.156,299.52,PKGWH
26001442,Closed (مغلق),1021060,شيخ الكار حلاوة 1300 غم فستق 1*6,7/1/2026,1,26001457,1171031,حلاوة بلك فستق شيخ الكار,1.21,0.955,1.156,WIP
26001442,Closed (مغلق),1021060,شيخ الكار حلاوة 1300 غم فستق 1*6,7/1/2026,1,26001457,1181280,علب شيخ الكار حلاوة 1300 غم فستق,1,0.308,0.308,WIP
26001443,Closed (مغلق),1021053,شيخ الكار حلاوة 3 كغم شوكولاته 1*6,7/1/2026,1,26001458,1171026,حلاوة بلك شوكولاته شيخ الكار,3,0.908,2.724,WIP
26001443,Closed (مغلق),1021053,شيخ الكار حلاوة 3 كغم شوكولاته 1*6,7/1/2026,1,26001458,1181310,جاط شيخ الكار حلاوة 3 كغم شوكولاتة,1,0.338,0.338,PKGWH
26001444,Closed (مغلق),1021050,شيخ الكار حلاوة 800 غم سادة 1*12,7/1/2026,240,26001459,1181113,"كرتون شيخ الكار حلاوة 700/800 غم (فستق،سادة،شوكولاتة،ملوكي) دمعة",20,0.197,3.94,PKGWH
26001444,Closed (مغلق),1021050,شيخ الكار حلاوة 800 غم سادة 1*12,7/1/2026,240,26001459,1171022,حلاوة بلك سادة شيخ الكار,192,0.73,140.16,WIP
26001444,Closed (مغلق),1021050,شيخ الكار حلاوة 800 غم سادة 1*12,7/1/2026,240,26001459,1181462,علب شيخ الكار حلاوة 800 غم سادة,240,0.164,39.36,WIP
26001445,Closed (مغلق),1141003,سمسم محمص 50 كغم,7/1/2026,1000,26001452,1141002,سمسم خام,1.16,840.001,974.401,RMWH
26001445,Closed (مغلق),1141003,سمسم محمص 50 كغم,7/1/2026,1000,26001452,1171006,ملح,225,0.025,5.625,RMWH
26001446,Closed (مغلق),1171028,حلاوة بلك فستق ميار,7/1/2026,40,26001454,1171020,حلاوة بلك سادة ميار - موسم,39.28,1.021,40.105,WIP
26001446,Closed (مغلق),1171028,حلاوة بلك فستق ميار,7/1/2026,40,26001454,1171011,فستق حلبي,0.72,15.811,11.384,RMWH
26001447,Closed (مغلق),1171016,حلاوة بلك دايت,7/2/2026,565,26001460,1171008,مثبت,10,1.473,14.73,WIP
26001447,Closed (مغلق),1171016,حلاوة بلك دايت,7/2/2026,565,26001460,1171005,فانيلا,0.2,14.666,2.933,RMWH
26001447,Closed (مغلق),1171016,حلاوة بلك دايت,7/2/2026,565,26001460,1171014,عرق حلاوة,3,1.503,4.509,RMWH
26001447,Closed (مغلق),1171016,حلاوة بلك دايت,7/2/2026,565,26001460,1171015,طحينية بلك شيخ الكار حجر,280,1.002,280.56,WIP
26001447,Closed (مغلق),1171016,حلاوة بلك دايت,7/2/2026,565,26001460,1171007,قطر دايت,16,1.43,22.88,RMWH
26001447,Closed (مغلق),1171016,حلاوة بلك دايت,7/2/2026,565,26001460,1171009,بديل السكر,300,2.737,821.1,RMWH
26001448,Closed (مغلق),1171032,حلاوة بلك دايت فستق شيخ الكار,7/2/2026,277,26001461,1171016,حلاوة بلك دايت,271,2.033,550.943,WIP
26001448,Closed (مغلق),1171032,حلاوة بلك دايت فستق شيخ الكار,7/2/2026,277,26001461,1171011,فستق حلبي,6,15.811,94.866,RMWH
26001449,Closed (مغلق),1171020,حلاوة بلك سادة ميار - موسم,7/2/2026,460,26001462,1171010,جلوكوز,75,0.36,27,RMWH
26001449,Closed (مغلق),1171020,حلاوة بلك سادة ميار - موسم,7/2/2026,460,26001462,1171014,عرق حلاوة,2,1.503,3.006,RMWH
26001449,Closed (مغلق),1171020,حلاوة بلك سادة ميار - موسم,7/2/2026,460,26001462,1081001,سكر 50 كعم 20*50,0.15,381.566,57.235,RMWH
26001449,Closed (مغلق),1171020,حلاوة بلك سادة ميار - موسم,7/2/2026,460,26001462,1171008,مثبت,8,1.473,11.784,WIP
26001449,Closed (مغلق),1171020,حلاوة بلك سادة ميار - موسم,7/2/2026,460,26001462,1171005,فانيلا,0.15,14.666,2.2,RMWH
26001449,Closed (مغلق),1171020,حلاوة بلك سادة ميار - موسم,7/2/2026,460,26001462,1171017,طحينية بلك ميار - موسم  كروما,226,1.523,344.198,WIP
26001449,Closed (مغلق),1171020,حلاوة بلك سادة ميار - موسم,7/2/2026,460,26001462,1171001,ملح ليمون,0.25,0.736,0.184,RMWH
26001450,Closed (مغلق),1171022,حلاوة بلك سادة شيخ الكار,7/2/2026,1349,26001463,1171010,جلوكوز,225,0.36,81,RMWH
26001450,Closed (مغلق),1171022,حلاوة بلك سادة شيخ الكار,7/2/2026,1349,26001463,1171014,عرق حلاوة,6,1.503,9.018,RMWH
26001450,Closed (مغلق),1171022,حلاوة بلك سادة شيخ الكار,7/2/2026,1349,26001463,1081001,سكر 50 كعم 20*50,0.45,381.566,171.705,RMWH
26001450,Closed (مغلق),1171022,حلاوة بلك سادة شيخ الكار,7/2/2026,1349,26001463,1171008,مثبت,24,1.473,35.352,WIP
26001450,Closed (مغلق),1171022,حلاوة بلك سادة شيخ الكار,7/2/2026,1349,26001463,1171005,فانيلا,0.45,14.666,6.6,RMWH
26001450,Closed (مغلق),1171022,حلاوة بلك سادة شيخ الكار,7/2/2026,1349,26001463,1171015,طحينية بلك شيخ الكار حجر,682,1.002,683.364,WIP
26001450,Closed (مغلق),1171022,حلاوة بلك سادة شيخ الكار,7/2/2026,1349,26001463,1171001,ملح ليمون,0.75,0.736,0.552,RMWH
26001451,Closed (مغلق),1171031,حلاوة بلك فستق شيخ الكار,7/2/2026,20,26001464,1171022,حلاوة بلك سادة شيخ الكار,19.5,0.731,14.255,WIP
26001451,Closed (مغلق),1171031,حلاوة بلك فستق شيخ الكار,7/2/2026,20,26001464,1171011,فستق حلبي,0.5,15.811,7.906,RMWH
26001452,Closed (مغلق),1021050,شيخ الكار حلاوة 800 غم سادة 1*12,7/2/2026,1212,26001465,1181113,"كرتون شيخ الكار حلاوة 700/800 غم (فستق،سادة،شوكولاتة،ملوكي) دمعة",101,0.197,19.897,PKGWH
26001452,Closed (مغلق),1021050,شيخ الكار حلاوة 800 غم سادة 1*12,7/2/2026,1212,26001465,1171022,حلاوة بلك سادة شيخ الكار,969.6,0.731,708.778,WIP
26001452,Closed (مغلق),1021050,شيخ الكار حلاوة 800 غم سادة 1*12,7/2/2026,1212,26001465,1181462,علب شيخ الكار حلاوة 800 غم سادة,1212,0.164,198.768,PKGWH
26001453,Closed (مغلق),1011022,شيخ الكار طحينية 3500 غم 1*4,7/2/2026,100,26001466,1171015,طحينية بلك شيخ الكار حجر,350,1.002,350.7,WIP
26001453,Closed (مغلق),1011022,شيخ الكار طحينية 3500 غم 1*4,7/2/2026,100,26001466,1181241,مرتبان متعدد طحينية 3500 غم,100,0.389,38.9,PKGWH
26001453,Closed (مغلق),1011022,شيخ الكار طحينية 3500 غم 1*4,7/2/2026,100,26001466,1181119,كرتون شيخ الكار طحينية 3500 غم,25,1.578,39.45,PKGWH
26001454,Closed (مغلق),1011035,شيخ الكار طحينية 18 كغم سطل 1*1,7/2/2026,10,26001467,1181357,"سطل متعدد طحينية 18 كغم سادة (زيدان،الوادي،نابت)",10,1.596,15.96,PKGWH
26001454,Closed (مغلق),1011035,شيخ الكار طحينية 18 كغم سطل 1*1,7/2/2026,10,26001467,1181004,كرتون متعدد طحينية 18 كغم متعدد,10,0.372,3.72,PKGWH
26001454,Closed (مغلق),1011035,شيخ الكار طحينية 18 كغم سطل 1*1,7/2/2026,10,26001467,1171015,طحينية بلك شيخ الكار حجر,180,1.002,180.36,WIP
26001455,Closed (مغلق),1011090,شيخ الكار طحينية 900 غم 1*12 جديد,7/2/2026,6,26001468,1171015,طحينية بلك شيخ الكار حجر,5.1,1.002,5.11,WIP
26001455,Closed (مغلق),1011090,شيخ الكار طحينية 900 غم 1*12 جديد,7/2/2026,6,26001468,1181192,قارورة طحينية  شيخ الكار 900 غم  جديد,6,0.152,0.912,WIP
26001456,Closed (مغلق),1021050,شيخ الكار حلاوة 800 غم سادة 1*12,7/2/2026,216,26001469,1181113,"كرتون شيخ الكار حلاوة 700/800 غم (فستق،سادة،شوكولاتة،ملوكي) دمعة",18,0.197,3.546,PKGWH
26001456,Closed (مغلق),1021050,شيخ الكار حلاوة 800 غم سادة 1*12,7/2/2026,216,26001469,1171022,حلاوة بلك سادة شيخ الكار,172.8,0.731,126.317,WIP
26001456,Closed (مغلق),1021050,شيخ الكار حلاوة 800 غم سادة 1*12,7/2/2026,216,26001469,1181462,علب شيخ الكار حلاوة 800 غم سادة,216,0.164,35.424,PKGWH
26001457,Closed (مغلق),1021047,شيخ الكار حلاوة 400 غم سادة دايت 1*12,7/2/2026,633,26001470,1181006,"كرتون متعدد شيخ الكار حلاوة 400 غم (فستق،سادة،شوكولاتة) دمعة",61,0.164,10.004,PKGWH
26001457,Closed (مغلق),1021047,شيخ الكار حلاوة 400 غم سادة دايت 1*12,7/2/2026,633,26001470,1171016,حلاوة بلك دايت,253.2,2.033,514.756,WIP
26001457,Closed (مغلق),1021047,شيخ الكار حلاوة 400 غم سادة دايت 1*12,7/2/2026,633,26001470,1181438,علب شيخ الكار حلاوة 400 غم دايت,633,0.099,62.667,SAHABWH
26001458,Closed (مغلق),1021163,شيخ الكار حلاوة 400 غم فستق دايت 1*12,7/2/2026,691,26001471,1171032,حلاوة بلك دايت فستق شيخ الكار,276.4,2.331,644.288,WIP
26001458,Closed (مغلق),1021163,شيخ الكار حلاوة 400 غم فستق دايت 1*12,7/2/2026,691,26001471,1181565,علب شيخ الكار حلاوة 400 غم دايت بالفستق الحلبي,691,0.1,69.1,PKGWH
26001458,Closed (مغلق),1021163,شيخ الكار حلاوة 400 غم فستق دايت 1*12,7/2/2026,691,26001471,1181006,"كرتون متعدد شيخ الكار حلاوة 400 غم (فستق،سادة،شوكولاتة) دمعة",58,0.164,9.512,PKGWH
26001459,Closed (مغلق),1021032,ميار حلاوة 800غ سادة 1*12,7/2/2026,252,26001472,1171020,حلاوة بلك سادة ميار - موسم,201.6,1.008,203.213,WIP
26001459,Closed (مغلق),1021032,ميار حلاوة 800غ سادة 1*12,7/2/2026,252,26001472,1181380,علب ميار حلاوة 550 غم سادة  أمنية,252,0.114,28.728,PKGWH
26001459,Closed (مغلق),1021032,ميار حلاوة 800غ سادة 1*12,7/2/2026,252,26001472,1181027,"كرتون متعدد حلاوة 550 غم (ميار،فاخرة) أمنية",21,0.233,4.893,PKGWH
26001460,Closed (مغلق),1021014,شيخ الكار حلاوة 400 غم ملوكية بالمكسرات 1*12,7/2/2026,13,26001473,1171030,حلاوة بلك ملوكي شيخ الكار,5.2,1.534,7.977,WIP
26001460,Closed (مغلق),1021014,شيخ الكار حلاوة 400 غم ملوكية بالمكسرات 1*12,7/2/2026,13,26001473,1181416,علب شيخ الكار حلاوة 400 غم ملوكي,13,0.095,1.235,WIP
26001460,Closed (مغلق),1021014,شيخ الكار حلاوة 400 غم ملوكية بالمكسرات 1*12,7/2/2026,13,26001473,1181006,"كرتون متعدد شيخ الكار حلاوة 400 غم (فستق،سادة،شوكولاتة) دمعة",1,0.164,0.164,WIP
26001461,Closed (مغلق),1021061,شيخ الكار حلاوة 800 غم شوكولاته 1*12,7/2/2026,4,26001474,1171026,حلاوة بلك شوكولاته شيخ الكار,3.2,0.908,2.906,WIP
26001461,Closed (مغلق),1021061,شيخ الكار حلاوة 800 غم شوكولاته 1*12,7/2/2026,4,26001474,1181464,علب شيخ الكار حلاوة 800 غم شوكولاتة,4,0.15,0.6,PKGWH
26001462,Closed (مغلق),1021036,شيخ الكار حلاوة 400 غم شوكولاته 1*12,7/2/2026,15,26001475,1181006,"كرتون متعدد شيخ الكار حلاوة 400 غم (فستق،سادة،شوكولاتة) دمعة",1,0.164,0.164,WIP
26001462,Closed (مغلق),1021036,شيخ الكار حلاوة 400 غم شوكولاته 1*12,7/2/2026,15,26001475,1171026,حلاوة بلك شوكولاته شيخ الكار,6,0.908,5.448,WIP
26001462,Closed (مغلق),1021036,شيخ الكار حلاوة 400 غم شوكولاته 1*12,7/2/2026,15,26001475,1181421,علب شيخ الكار حلاوة 400 غم شوكولاتة,15,0.094,1.41,WIP
26001463,Closed (مغلق),1021062,شيخ الكار حلاوة 800 غم فستق 1*12,7/2/2026,15,26001476,1181113,"كرتون شيخ الكار حلاوة 700/800 غم (فستق،سادة،شوكولاتة،ملوكي) دمعة",1,0.197,0.197,WIP
26001463,Closed (مغلق),1021062,شيخ الكار حلاوة 800 غم فستق 1*12,7/2/2026,15,26001476,1171031,حلاوة بلك فستق شيخ الكار,12,0.96,11.52,WIP
26001463,Closed (مغلق),1021062,شيخ الكار حلاوة 800 غم فستق 1*12,7/2/2026,15,26001476,1181458,علب شيخ الكار حلاوة 800 غم فستق,15,0.156,2.34,PKGWH
26001464,Closed (مغلق),1021161,الموسم حلاوة 1200 غم برش فستق 1*6,7/2/2026,3,26001478,1171028,حلاوة بلك فستق ميار,1.33,1.279,1.701,WIP
26001464,Closed (مغلق),1021161,الموسم حلاوة 1200 غم برش فستق 1*6,7/2/2026,3,26001478,1181557,علب الموسم حلاوة 1300 غم رشة فستق,3,0.306,0.918,WIP
26001464,Closed (مغلق),1021161,الموسم حلاوة 1200 غم برش فستق 1*6,7/2/2026,3,26001478,1171020,حلاوة بلك سادة ميار - موسم,2,1.008,2.016,WIP
26001465,Closed (مغلق),1021024,الموسم حلاوة 6 كغم فستق 1*4,7/2/2026,98,26001477,1171031,حلاوة بلك فستق شيخ الكار,588,0.96,564.48,WIP
26001465,Closed (مغلق),1021024,الموسم حلاوة 6 كغم فستق 1*4,7/2/2026,98,26001477,1181344,جاط مربع حلاوة 5 كغم شفاف متعدد,98,0.566,55.468,PKGWH
26001465,Closed (مغلق),1021024,الموسم حلاوة 6 كغم فستق 1*4,7/2/2026,98,26001477,1181029,كرتون متعدد حلاوة 5 كغم تبروير ولاء,25,0.391,9.775,SAHABWH
26001466,Closed (مغلق),1011027,شيخ الكار طحينية 18 كغم تنك 1*1,7/2/2026,200,26001479,1181301,تنك شيخ الكار طحينية 18 كغم -فارغ,200,1.395,279,SAHABWH
26001466,Closed (مغلق),1011027,شيخ الكار طحينية 18 كغم تنك 1*1,7/2/2026,200,26001479,1171015,طحينية بلك شيخ الكار حجر,3600,1.002,3607.2,WIP
26001468,Closed (مغلق),1011025,شيخ الكار طحينية 600 غم 1*12,7/2/2026,1800,26001480,1181116,كرتون شيخ الكار طحينية 600 غم,150,0.199,29.85,PKGWH
26001468,Closed (مغلق),1011025,شيخ الكار طحينية 600 غم 1*12,7/2/2026,1800,26001480,1181190,مرتبان شيخ الكار طحينية 600 غم,1800,0.134,241.2,PKGWH
26001468,Closed (مغلق),1011025,شيخ الكار طحينية 600 غم 1*12,7/2/2026,1800,26001480,1171015,طحينية بلك شيخ الكار حجر,1080,1.002,1082.16,WIP
26001469,Closed (مغلق),1011026,شيخ الكار طحينية 400 غم 1*12,7/2/2026,1200,26001481,1181186,مرتبان شيخ الكار طحينية 400 غم,1200,0.126,151.2,WIP
26001469,Closed (مغلق),1011026,شيخ الكار طحينية 400 غم 1*12,7/2/2026,1200,26001481,1181120,كرتون شيخ الكار طحينية 400 غم,100,0.15,15,WIP
26001469,Closed (مغلق),1011026,شيخ الكار طحينية 400 غم 1*12,7/2/2026,1200,26001481,1171015,طحينية بلك شيخ الكار حجر,480,1.002,480.96,WIP
